ISO-10303-21;
HEADER;
/* Generated by software containing ST-Developer
 * from STEP Tools, Inc. (www.steptools.com) 
 */
/* OPTION: using custom renumber hook */

FILE_DESCRIPTION(
/* description */ ('STEP AP242',
'CAx-IF Rec.Pracs.---Representation and Presentation of Product Manufa
cturing Information (PMI)---4.0---2014-10-13',
'CAx-IF Rec.Pracs.---3D Tessellated Geometry---0.4---2014-09-14','2;1'),

/* implementation_level */ '2;1');

FILE_NAME(
/* name */ '68dd1e29e47e3990940096f8',
/* time_stamp */ '2025-10-01T12:27:22Z',
/* author */ (''),
/* organization */ (''),
/* preprocessor_version */ 'ST-DEVELOPER v20',
/* originating_system */ 'ONSHAPE BY PTC INC, 1.204',
/* authorisation */ '  ');

FILE_SCHEMA (('AP242_MANAGED_MODEL_BASED_3D_ENGINEERING_MIM_LF { 1 0 10303 442 1 1 4 }'));
ENDSEC;

DATA;
#10=SHAPE_REPRESENTATION_RELATIONSHIP('','',#4509,#11);
#11=ADVANCED_BREP_SHAPE_REPRESENTATION('',(#4507),#11649);
#12=CONICAL_SURFACE('',#5113,0.00125,0.785398163397449);
#13=CONICAL_SURFACE('',#5114,0.000775,0.523598775598299);
#14=B_SPLINE_SURFACE_WITH_KNOTS('',3,3,((#7983,#7984,#7985,#7986,#7987,
#7988,#7989,#7990,#7991,#7992,#7993),(#7994,#7995,#7996,#7997,#7998,#7999,
#8000,#8001,#8002,#8003,#8004),(#8005,#8006,#8007,#8008,#8009,#8010,#8011,
#8012,#8013,#8014,#8015),(#8016,#8017,#8018,#8019,#8020,#8021,#8022,#8023,
#8024,#8025,#8026),(#8027,#8028,#8029,#8030,#8031,#8032,#8033,#8034,#8035,
#8036,#8037),(#8038,#8039,#8040,#8041,#8042,#8043,#8044,#8045,#8046,#8047,
#8048),(#8049,#8050,#8051,#8052,#8053,#8054,#8055,#8056,#8057,#8058,#8059),
(#8060,#8061,#8062,#8063,#8064,#8065,#8066,#8067,#8068,#8069,#8070),(#8071,
#8072,#8073,#8074,#8075,#8076,#8077,#8078,#8079,#8080,#8081),(#8082,#8083,
#8084,#8085,#8086,#8087,#8088,#8089,#8090,#8091,#8092),(#8093,#8094,#8095,
#8096,#8097,#8098,#8099,#8100,#8101,#8102,#8103),(#8104,#8105,#8106,#8107,
#8108,#8109,#8110,#8111,#8112,#8113,#8114),(#8115,#8116,#8117,#8118,#8119,
#8120,#8121,#8122,#8123,#8124,#8125),(#8126,#8127,#8128,#8129,#8130,#8131,
#8132,#8133,#8134,#8135,#8136),(#8137,#8138,#8139,#8140,#8141,#8142,#8143,
#8144,#8145,#8146,#8147),(#8148,#8149,#8150,#8151,#8152,#8153,#8154,#8155,
#8156,#8157,#8158),(#8159,#8160,#8161,#8162,#8163,#8164,#8165,#8166,#8167,
#8168,#8169),(#8170,#8171,#8172,#8173,#8174,#8175,#8176,#8177,#8178,#8179,
#8180),(#8181,#8182,#8183,#8184,#8185,#8186,#8187,#8188,#8189,#8190,#8191),
(#8192,#8193,#8194,#8195,#8196,#8197,#8198,#8199,#8200,#8201,#8202)),
 .UNSPECIFIED.,.F.,.F.,.F.,(4,2,2,2,2,2,2,2,2,4),(4,2,1,2,2,4),(0.,0.015625,
0.0625,0.125,0.25,0.375,0.5,0.625,0.75,1.),(0.,0.03125,0.25,0.5,0.75,1.),
 .UNSPECIFIED.);
#15=B_SPLINE_SURFACE_WITH_KNOTS('',3,3,((#8208,#8209,#8210,#8211,#8212,
#8213,#8214,#8215,#8216,#8217,#8218),(#8219,#8220,#8221,#8222,#8223,#8224,
#8225,#8226,#8227,#8228,#8229),(#8230,#8231,#8232,#8233,#8234,#8235,#8236,
#8237,#8238,#8239,#8240),(#8241,#8242,#8243,#8244,#8245,#8246,#8247,#8248,
#8249,#8250,#8251),(#8252,#8253,#8254,#8255,#8256,#8257,#8258,#8259,#8260,
#8261,#8262),(#8263,#8264,#8265,#8266,#8267,#8268,#8269,#8270,#8271,#8272,
#8273),(#8274,#8275,#8276,#8277,#8278,#8279,#8280,#8281,#8282,#8283,#8284),
(#8285,#8286,#8287,#8288,#8289,#8290,#8291,#8292,#8293,#8294,#8295),(#8296,
#8297,#8298,#8299,#8300,#8301,#8302,#8303,#8304,#8305,#8306),(#8307,#8308,
#8309,#8310,#8311,#8312,#8313,#8314,#8315,#8316,#8317),(#8318,#8319,#8320,
#8321,#8322,#8323,#8324,#8325,#8326,#8327,#8328),(#8329,#8330,#8331,#8332,
#8333,#8334,#8335,#8336,#8337,#8338,#8339),(#8340,#8341,#8342,#8343,#8344,
#8345,#8346,#8347,#8348,#8349,#8350),(#8351,#8352,#8353,#8354,#8355,#8356,
#8357,#8358,#8359,#8360,#8361),(#8362,#8363,#8364,#8365,#8366,#8367,#8368,
#8369,#8370,#8371,#8372),(#8373,#8374,#8375,#8376,#8377,#8378,#8379,#8380,
#8381,#8382,#8383),(#8384,#8385,#8386,#8387,#8388,#8389,#8390,#8391,#8392,
#8393,#8394),(#8395,#8396,#8397,#8398,#8399,#8400,#8401,#8402,#8403,#8404,
#8405),(#8406,#8407,#8408,#8409,#8410,#8411,#8412,#8413,#8414,#8415,#8416),
(#8417,#8418,#8419,#8420,#8421,#8422,#8423,#8424,#8425,#8426,#8427)),
 .UNSPECIFIED.,.F.,.F.,.F.,(4,2,2,2,2,2,2,2,2,4),(4,2,2,1,2,4),(0.,0.015625,
0.0625,0.125,0.25,0.375,0.5,0.625,0.75,1.),(0.,0.25,0.5,0.75,0.96875,1.),
 .UNSPECIFIED.);
#16=B_SPLINE_SURFACE_WITH_KNOTS('',3,3,((#8510,#8511,#8512,#8513,#8514,
#8515,#8516,#8517,#8518,#8519,#8520),(#8521,#8522,#8523,#8524,#8525,#8526,
#8527,#8528,#8529,#8530,#8531),(#8532,#8533,#8534,#8535,#8536,#8537,#8538,
#8539,#8540,#8541,#8542),(#8543,#8544,#8545,#8546,#8547,#8548,#8549,#8550,
#8551,#8552,#8553),(#8554,#8555,#8556,#8557,#8558,#8559,#8560,#8561,#8562,
#8563,#8564),(#8565,#8566,#8567,#8568,#8569,#8570,#8571,#8572,#8573,#8574,
#8575),(#8576,#8577,#8578,#8579,#8580,#8581,#8582,#8583,#8584,#8585,#8586),
(#8587,#8588,#8589,#8590,#8591,#8592,#8593,#8594,#8595,#8596,#8597),(#8598,
#8599,#8600,#8601,#8602,#8603,#8604,#8605,#8606,#8607,#8608),(#8609,#8610,
#8611,#8612,#8613,#8614,#8615,#8616,#8617,#8618,#8619),(#8620,#8621,#8622,
#8623,#8624,#8625,#8626,#8627,#8628,#8629,#8630),(#8631,#8632,#8633,#8634,
#8635,#8636,#8637,#8638,#8639,#8640,#8641),(#8642,#8643,#8644,#8645,#8646,
#8647,#8648,#8649,#8650,#8651,#8652),(#8653,#8654,#8655,#8656,#8657,#8658,
#8659,#8660,#8661,#8662,#8663),(#8664,#8665,#8666,#8667,#8668,#8669,#8670,
#8671,#8672,#8673,#8674),(#8675,#8676,#8677,#8678,#8679,#8680,#8681,#8682,
#8683,#8684,#8685),(#8686,#8687,#8688,#8689,#8690,#8691,#8692,#8693,#8694,
#8695,#8696),(#8697,#8698,#8699,#8700,#8701,#8702,#8703,#8704,#8705,#8706,
#8707),(#8708,#8709,#8710,#8711,#8712,#8713,#8714,#8715,#8716,#8717,#8718),
(#8719,#8720,#8721,#8722,#8723,#8724,#8725,#8726,#8727,#8728,#8729)),
 .UNSPECIFIED.,.F.,.F.,.F.,(4,2,2,2,2,2,2,2,2,4),(4,2,2,1,2,4),(0.,0.015625,
0.0625,0.125,0.25,0.375,0.5,0.625,0.75,1.),(0.,0.25,0.5,0.75,0.96875,1.),
 .UNSPECIFIED.);
#17=B_SPLINE_SURFACE_WITH_KNOTS('',3,3,((#8764,#8765,#8766,#8767,#8768,
#8769,#8770,#8771,#8772,#8773,#8774),(#8775,#8776,#8777,#8778,#8779,#8780,
#8781,#8782,#8783,#8784,#8785),(#8786,#8787,#8788,#8789,#8790,#8791,#8792,
#8793,#8794,#8795,#8796),(#8797,#8798,#8799,#8800,#8801,#8802,#8803,#8804,
#8805,#8806,#8807),(#8808,#8809,#8810,#8811,#8812,#8813,#8814,#8815,#8816,
#8817,#8818),(#8819,#8820,#8821,#8822,#8823,#8824,#8825,#8826,#8827,#8828,
#8829),(#8830,#8831,#8832,#8833,#8834,#8835,#8836,#8837,#8838,#8839,#8840),
(#8841,#8842,#8843,#8844,#8845,#8846,#8847,#8848,#8849,#8850,#8851),(#8852,
#8853,#8854,#8855,#8856,#8857,#8858,#8859,#8860,#8861,#8862),(#8863,#8864,
#8865,#8866,#8867,#8868,#8869,#8870,#8871,#8872,#8873),(#8874,#8875,#8876,
#8877,#8878,#8879,#8880,#8881,#8882,#8883,#8884),(#8885,#8886,#8887,#8888,
#8889,#8890,#8891,#8892,#8893,#8894,#8895),(#8896,#8897,#8898,#8899,#8900,
#8901,#8902,#8903,#8904,#8905,#8906),(#8907,#8908,#8909,#8910,#8911,#8912,
#8913,#8914,#8915,#8916,#8917),(#8918,#8919,#8920,#8921,#8922,#8923,#8924,
#8925,#8926,#8927,#8928),(#8929,#8930,#8931,#8932,#8933,#8934,#8935,#8936,
#8937,#8938,#8939),(#8940,#8941,#8942,#8943,#8944,#8945,#8946,#8947,#8948,
#8949,#8950),(#8951,#8952,#8953,#8954,#8955,#8956,#8957,#8958,#8959,#8960,
#8961),(#8962,#8963,#8964,#8965,#8966,#8967,#8968,#8969,#8970,#8971,#8972),
(#8973,#8974,#8975,#8976,#8977,#8978,#8979,#8980,#8981,#8982,#8983)),
 .UNSPECIFIED.,.F.,.F.,.F.,(4,2,2,2,2,2,2,2,2,4),(4,2,1,2,2,4),(0.,0.015625,
0.0625,0.125,0.25,0.375,0.5,0.625,0.75,1.),(0.,0.03125,0.25,0.5,0.75,1.),
 .UNSPECIFIED.);
#18=B_SPLINE_SURFACE_WITH_KNOTS('',3,3,((#9101,#9102,#9103,#9104,#9105,
#9106,#9107,#9108,#9109,#9110,#9111),(#9112,#9113,#9114,#9115,#9116,#9117,
#9118,#9119,#9120,#9121,#9122),(#9123,#9124,#9125,#9126,#9127,#9128,#9129,
#9130,#9131,#9132,#9133),(#9134,#9135,#9136,#9137,#9138,#9139,#9140,#9141,
#9142,#9143,#9144),(#9145,#9146,#9147,#9148,#9149,#9150,#9151,#9152,#9153,
#9154,#9155),(#9156,#9157,#9158,#9159,#9160,#9161,#9162,#9163,#9164,#9165,
#9166),(#9167,#9168,#9169,#9170,#9171,#9172,#9173,#9174,#9175,#9176,#9177),
(#9178,#9179,#9180,#9181,#9182,#9183,#9184,#9185,#9186,#9187,#9188),(#9189,
#9190,#9191,#9192,#9193,#9194,#9195,#9196,#9197,#9198,#9199),(#9200,#9201,
#9202,#9203,#9204,#9205,#9206,#9207,#9208,#9209,#9210),(#9211,#9212,#9213,
#9214,#9215,#9216,#9217,#9218,#9219,#9220,#9221),(#9222,#9223,#9224,#9225,
#9226,#9227,#9228,#9229,#9230,#9231,#9232),(#9233,#9234,#9235,#9236,#9237,
#9238,#9239,#9240,#9241,#9242,#9243),(#9244,#9245,#9246,#9247,#9248,#9249,
#9250,#9251,#9252,#9253,#9254),(#9255,#9256,#9257,#9258,#9259,#9260,#9261,
#9262,#9263,#9264,#9265),(#9266,#9267,#9268,#9269,#9270,#9271,#9272,#9273,
#9274,#9275,#9276),(#9277,#9278,#9279,#9280,#9281,#9282,#9283,#9284,#9285,
#9286,#9287),(#9288,#9289,#9290,#9291,#9292,#9293,#9294,#9295,#9296,#9297,
#9298),(#9299,#9300,#9301,#9302,#9303,#9304,#9305,#9306,#9307,#9308,#9309),
(#9310,#9311,#9312,#9313,#9314,#9315,#9316,#9317,#9318,#9319,#9320)),
 .UNSPECIFIED.,.F.,.F.,.F.,(4,2,2,2,2,2,2,2,2,4),(4,2,2,1,2,4),(0.,0.015625,
0.0625,0.125,0.25,0.375,0.5,0.625,0.75,1.),(0.,0.25,0.5,0.75,0.96875,1.),
 .UNSPECIFIED.);
#19=B_SPLINE_SURFACE_WITH_KNOTS('',3,3,((#9355,#9356,#9357,#9358,#9359,
#9360,#9361,#9362,#9363,#9364,#9365),(#9366,#9367,#9368,#9369,#9370,#9371,
#9372,#9373,#9374,#9375,#9376),(#9377,#9378,#9379,#9380,#9381,#9382,#9383,
#9384,#9385,#9386,#9387),(#9388,#9389,#9390,#9391,#9392,#9393,#9394,#9395,
#9396,#9397,#9398),(#9399,#9400,#9401,#9402,#9403,#9404,#9405,#9406,#9407,
#9408,#9409),(#9410,#9411,#9412,#9413,#9414,#9415,#9416,#9417,#9418,#9419,
#9420),(#9421,#9422,#9423,#9424,#9425,#9426,#9427,#9428,#9429,#9430,#9431),
(#9432,#9433,#9434,#9435,#9436,#9437,#9438,#9439,#9440,#9441,#9442),(#9443,
#9444,#9445,#9446,#9447,#9448,#9449,#9450,#9451,#9452,#9453),(#9454,#9455,
#9456,#9457,#9458,#9459,#9460,#9461,#9462,#9463,#9464),(#9465,#9466,#9467,
#9468,#9469,#9470,#9471,#9472,#9473,#9474,#9475),(#9476,#9477,#9478,#9479,
#9480,#9481,#9482,#9483,#9484,#9485,#9486),(#9487,#9488,#9489,#9490,#9491,
#9492,#9493,#9494,#9495,#9496,#9497),(#9498,#9499,#9500,#9501,#9502,#9503,
#9504,#9505,#9506,#9507,#9508),(#9509,#9510,#9511,#9512,#9513,#9514,#9515,
#9516,#9517,#9518,#9519),(#9520,#9521,#9522,#9523,#9524,#9525,#9526,#9527,
#9528,#9529,#9530),(#9531,#9532,#9533,#9534,#9535,#9536,#9537,#9538,#9539,
#9540,#9541),(#9542,#9543,#9544,#9545,#9546,#9547,#9548,#9549,#9550,#9551,
#9552),(#9553,#9554,#9555,#9556,#9557,#9558,#9559,#9560,#9561,#9562,#9563),
(#9564,#9565,#9566,#9567,#9568,#9569,#9570,#9571,#9572,#9573,#9574)),
 .UNSPECIFIED.,.F.,.F.,.F.,(4,2,2,2,2,2,2,2,2,4),(4,2,1,2,2,4),(0.,0.015625,
0.0625,0.125,0.25,0.375,0.5,0.625,0.75,1.),(0.,0.03125,0.25,0.5,0.75,1.),
 .UNSPECIFIED.);
#20=B_SPLINE_SURFACE_WITH_KNOTS('',3,3,((#9692,#9693,#9694,#9695,#9696,
#9697,#9698,#9699,#9700,#9701,#9702),(#9703,#9704,#9705,#9706,#9707,#9708,
#9709,#9710,#9711,#9712,#9713),(#9714,#9715,#9716,#9717,#9718,#9719,#9720,
#9721,#9722,#9723,#9724),(#9725,#9726,#9727,#9728,#9729,#9730,#9731,#9732,
#9733,#9734,#9735),(#9736,#9737,#9738,#9739,#9740,#9741,#9742,#9743,#9744,
#9745,#9746),(#9747,#9748,#9749,#9750,#9751,#9752,#9753,#9754,#9755,#9756,
#9757),(#9758,#9759,#9760,#9761,#9762,#9763,#9764,#9765,#9766,#9767,#9768),
(#9769,#9770,#9771,#9772,#9773,#9774,#9775,#9776,#9777,#9778,#9779),(#9780,
#9781,#9782,#9783,#9784,#9785,#9786,#9787,#9788,#9789,#9790),(#9791,#9792,
#9793,#9794,#9795,#9796,#9797,#9798,#9799,#9800,#9801),(#9802,#9803,#9804,
#9805,#9806,#9807,#9808,#9809,#9810,#9811,#9812),(#9813,#9814,#9815,#9816,
#9817,#9818,#9819,#9820,#9821,#9822,#9823),(#9824,#9825,#9826,#9827,#9828,
#9829,#9830,#9831,#9832,#9833,#9834),(#9835,#9836,#9837,#9838,#9839,#9840,
#9841,#9842,#9843,#9844,#9845),(#9846,#9847,#9848,#9849,#9850,#9851,#9852,
#9853,#9854,#9855,#9856),(#9857,#9858,#9859,#9860,#9861,#9862,#9863,#9864,
#9865,#9866,#9867),(#9868,#9869,#9870,#9871,#9872,#9873,#9874,#9875,#9876,
#9877,#9878),(#9879,#9880,#9881,#9882,#9883,#9884,#9885,#9886,#9887,#9888,
#9889),(#9890,#9891,#9892,#9893,#9894,#9895,#9896,#9897,#9898,#9899,#9900),
(#9901,#9902,#9903,#9904,#9905,#9906,#9907,#9908,#9909,#9910,#9911)),
 .UNSPECIFIED.,.F.,.F.,.F.,(4,2,2,2,2,2,2,2,2,4),(4,2,2,1,2,4),(0.,0.015625,
0.0625,0.125,0.25,0.375,0.5,0.625,0.75,1.),(0.,0.25,0.5,0.75,0.96875,1.),
 .UNSPECIFIED.);
#21=B_SPLINE_SURFACE_WITH_KNOTS('',3,3,((#9946,#9947,#9948,#9949,#9950,
#9951,#9952,#9953,#9954,#9955,#9956),(#9957,#9958,#9959,#9960,#9961,#9962,
#9963,#9964,#9965,#9966,#9967),(#9968,#9969,#9970,#9971,#9972,#9973,#9974,
#9975,#9976,#9977,#9978),(#9979,#9980,#9981,#9982,#9983,#9984,#9985,#9986,
#9987,#9988,#9989),(#9990,#9991,#9992,#9993,#9994,#9995,#9996,#9997,#9998,
#9999,#10000),(#10001,#10002,#10003,#10004,#10005,#10006,#10007,#10008,
#10009,#10010,#10011),(#10012,#10013,#10014,#10015,#10016,#10017,#10018,
#10019,#10020,#10021,#10022),(#10023,#10024,#10025,#10026,#10027,#10028,
#10029,#10030,#10031,#10032,#10033),(#10034,#10035,#10036,#10037,#10038,
#10039,#10040,#10041,#10042,#10043,#10044),(#10045,#10046,#10047,#10048,
#10049,#10050,#10051,#10052,#10053,#10054,#10055),(#10056,#10057,#10058,
#10059,#10060,#10061,#10062,#10063,#10064,#10065,#10066),(#10067,#10068,
#10069,#10070,#10071,#10072,#10073,#10074,#10075,#10076,#10077),(#10078,
#10079,#10080,#10081,#10082,#10083,#10084,#10085,#10086,#10087,#10088),
(#10089,#10090,#10091,#10092,#10093,#10094,#10095,#10096,#10097,#10098,
#10099),(#10100,#10101,#10102,#10103,#10104,#10105,#10106,#10107,#10108,
#10109,#10110),(#10111,#10112,#10113,#10114,#10115,#10116,#10117,#10118,
#10119,#10120,#10121),(#10122,#10123,#10124,#10125,#10126,#10127,#10128,
#10129,#10130,#10131,#10132),(#10133,#10134,#10135,#10136,#10137,#10138,
#10139,#10140,#10141,#10142,#10143),(#10144,#10145,#10146,#10147,#10148,
#10149,#10150,#10151,#10152,#10153,#10154),(#10155,#10156,#10157,#10158,
#10159,#10160,#10161,#10162,#10163,#10164,#10165)),.UNSPECIFIED.,.F.,.F.,
 .F.,(4,2,2,2,2,2,2,2,2,4),(4,2,1,2,2,4),(0.,0.015625,0.0625,0.125,0.25,
0.375,0.5,0.625,0.75,1.),(0.,0.03125,0.25,0.5,0.75,1.),.UNSPECIFIED.);
#22=B_SPLINE_SURFACE_WITH_KNOTS('',3,3,((#10283,#10284,#10285,#10286,#10287,
#10288,#10289,#10290,#10291,#10292,#10293),(#10294,#10295,#10296,#10297,
#10298,#10299,#10300,#10301,#10302,#10303,#10304),(#10305,#10306,#10307,
#10308,#10309,#10310,#10311,#10312,#10313,#10314,#10315),(#10316,#10317,
#10318,#10319,#10320,#10321,#10322,#10323,#10324,#10325,#10326),(#10327,
#10328,#10329,#10330,#10331,#10332,#10333,#10334,#10335,#10336,#10337),
(#10338,#10339,#10340,#10341,#10342,#10343,#10344,#10345,#10346,#10347,
#10348),(#10349,#10350,#10351,#10352,#10353,#10354,#10355,#10356,#10357,
#10358,#10359),(#10360,#10361,#10362,#10363,#10364,#10365,#10366,#10367,
#10368,#10369,#10370),(#10371,#10372,#10373,#10374,#10375,#10376,#10377,
#10378,#10379,#10380,#10381),(#10382,#10383,#10384,#10385,#10386,#10387,
#10388,#10389,#10390,#10391,#10392),(#10393,#10394,#10395,#10396,#10397,
#10398,#10399,#10400,#10401,#10402,#10403),(#10404,#10405,#10406,#10407,
#10408,#10409,#10410,#10411,#10412,#10413,#10414),(#10415,#10416,#10417,
#10418,#10419,#10420,#10421,#10422,#10423,#10424,#10425),(#10426,#10427,
#10428,#10429,#10430,#10431,#10432,#10433,#10434,#10435,#10436),(#10437,
#10438,#10439,#10440,#10441,#10442,#10443,#10444,#10445,#10446,#10447),
(#10448,#10449,#10450,#10451,#10452,#10453,#10454,#10455,#10456,#10457,
#10458),(#10459,#10460,#10461,#10462,#10463,#10464,#10465,#10466,#10467,
#10468,#10469),(#10470,#10471,#10472,#10473,#10474,#10475,#10476,#10477,
#10478,#10479,#10480),(#10481,#10482,#10483,#10484,#10485,#10486,#10487,
#10488,#10489,#10490,#10491),(#10492,#10493,#10494,#10495,#10496,#10497,
#10498,#10499,#10500,#10501,#10502)),.UNSPECIFIED.,.F.,.F.,.F.,(4,2,2,2,
2,2,2,2,2,4),(4,2,2,1,2,4),(0.,0.015625,0.0625,0.125,0.25,0.375,0.5,0.625,
0.75,1.),(0.,0.25,0.5,0.75,0.96875,1.),.UNSPECIFIED.);
#23=B_SPLINE_SURFACE_WITH_KNOTS('',3,3,((#10537,#10538,#10539,#10540,#10541,
#10542,#10543,#10544,#10545,#10546,#10547),(#10548,#10549,#10550,#10551,
#10552,#10553,#10554,#10555,#10556,#10557,#10558),(#10559,#10560,#10561,
#10562,#10563,#10564,#10565,#10566,#10567,#10568,#10569),(#10570,#10571,
#10572,#10573,#10574,#10575,#10576,#10577,#10578,#10579,#10580),(#10581,
#10582,#10583,#10584,#10585,#10586,#10587,#10588,#10589,#10590,#10591),
(#10592,#10593,#10594,#10595,#10596,#10597,#10598,#10599,#10600,#10601,
#10602),(#10603,#10604,#10605,#10606,#10607,#10608,#10609,#10610,#10611,
#10612,#10613),(#10614,#10615,#10616,#10617,#10618,#10619,#10620,#10621,
#10622,#10623,#10624),(#10625,#10626,#10627,#10628,#10629,#10630,#10631,
#10632,#10633,#10634,#10635),(#10636,#10637,#10638,#10639,#10640,#10641,
#10642,#10643,#10644,#10645,#10646),(#10647,#10648,#10649,#10650,#10651,
#10652,#10653,#10654,#10655,#10656,#10657),(#10658,#10659,#10660,#10661,
#10662,#10663,#10664,#10665,#10666,#10667,#10668),(#10669,#10670,#10671,
#10672,#10673,#10674,#10675,#10676,#10677,#10678,#10679),(#10680,#10681,
#10682,#10683,#10684,#10685,#10686,#10687,#10688,#10689,#10690),(#10691,
#10692,#10693,#10694,#10695,#10696,#10697,#10698,#10699,#10700,#10701),
(#10702,#10703,#10704,#10705,#10706,#10707,#10708,#10709,#10710,#10711,
#10712),(#10713,#10714,#10715,#10716,#10717,#10718,#10719,#10720,#10721,
#10722,#10723),(#10724,#10725,#10726,#10727,#10728,#10729,#10730,#10731,
#10732,#10733,#10734),(#10735,#10736,#10737,#10738,#10739,#10740,#10741,
#10742,#10743,#10744,#10745),(#10746,#10747,#10748,#10749,#10750,#10751,
#10752,#10753,#10754,#10755,#10756)),.UNSPECIFIED.,.F.,.F.,.F.,(4,2,2,2,
2,2,2,2,2,4),(4,2,1,2,2,4),(0.,0.015625,0.0625,0.125,0.25,0.375,0.5,0.625,
0.75,1.),(0.,0.03125,0.25,0.5,0.75,1.),.UNSPECIFIED.);
#24=B_SPLINE_SURFACE_WITH_KNOTS('',3,3,((#10938,#10939,#10940,#10941,#10942,
#10943,#10944,#10945,#10946,#10947,#10948),(#10949,#10950,#10951,#10952,
#10953,#10954,#10955,#10956,#10957,#10958,#10959),(#10960,#10961,#10962,
#10963,#10964,#10965,#10966,#10967,#10968,#10969,#10970),(#10971,#10972,
#10973,#10974,#10975,#10976,#10977,#10978,#10979,#10980,#10981),(#10982,
#10983,#10984,#10985,#10986,#10987,#10988,#10989,#10990,#10991,#10992),
(#10993,#10994,#10995,#10996,#10997,#10998,#10999,#11000,#11001,#11002,
#11003),(#11004,#11005,#11006,#11007,#11008,#11009,#11010,#11011,#11012,
#11013,#11014),(#11015,#11016,#11017,#11018,#11019,#11020,#11021,#11022,
#11023,#11024,#11025),(#11026,#11027,#11028,#11029,#11030,#11031,#11032,
#11033,#11034,#11035,#11036),(#11037,#11038,#11039,#11040,#11041,#11042,
#11043,#11044,#11045,#11046,#11047),(#11048,#11049,#11050,#11051,#11052,
#11053,#11054,#11055,#11056,#11057,#11058),(#11059,#11060,#11061,#11062,
#11063,#11064,#11065,#11066,#11067,#11068,#11069),(#11070,#11071,#11072,
#11073,#11074,#11075,#11076,#11077,#11078,#11079,#11080),(#11081,#11082,
#11083,#11084,#11085,#11086,#11087,#11088,#11089,#11090,#11091),(#11092,
#11093,#11094,#11095,#11096,#11097,#11098,#11099,#11100,#11101,#11102),
(#11103,#11104,#11105,#11106,#11107,#11108,#11109,#11110,#11111,#11112,
#11113),(#11114,#11115,#11116,#11117,#11118,#11119,#11120,#11121,#11122,
#11123,#11124),(#11125,#11126,#11127,#11128,#11129,#11130,#11131,#11132,
#11133,#11134,#11135),(#11136,#11137,#11138,#11139,#11140,#11141,#11142,
#11143,#11144,#11145,#11146),(#11147,#11148,#11149,#11150,#11151,#11152,
#11153,#11154,#11155,#11156,#11157)),.UNSPECIFIED.,.F.,.F.,.F.,(4,2,2,2,
2,2,2,2,2,4),(4,2,1,2,2,4),(0.,0.015625,0.0625,0.125,0.25,0.375,0.5,0.625,
0.75,1.),(0.,0.03125,0.25,0.5,0.75,1.),.UNSPECIFIED.);
#25=B_SPLINE_SURFACE_WITH_KNOTS('',3,3,((#11163,#11164,#11165,#11166,#11167,
#11168,#11169,#11170,#11171,#11172,#11173),(#11174,#11175,#11176,#11177,
#11178,#11179,#11180,#11181,#11182,#11183,#11184),(#11185,#11186,#11187,
#11188,#11189,#11190,#11191,#11192,#11193,#11194,#11195),(#11196,#11197,
#11198,#11199,#11200,#11201,#11202,#11203,#11204,#11205,#11206),(#11207,
#11208,#11209,#11210,#11211,#11212,#11213,#11214,#11215,#11216,#11217),
(#11218,#11219,#11220,#11221,#11222,#11223,#11224,#11225,#11226,#11227,
#11228),(#11229,#11230,#11231,#11232,#11233,#11234,#11235,#11236,#11237,
#11238,#11239),(#11240,#11241,#11242,#11243,#11244,#11245,#11246,#11247,
#11248,#11249,#11250),(#11251,#11252,#11253,#11254,#11255,#11256,#11257,
#11258,#11259,#11260,#11261),(#11262,#11263,#11264,#11265,#11266,#11267,
#11268,#11269,#11270,#11271,#11272),(#11273,#11274,#11275,#11276,#11277,
#11278,#11279,#11280,#11281,#11282,#11283),(#11284,#11285,#11286,#11287,
#11288,#11289,#11290,#11291,#11292,#11293,#11294),(#11295,#11296,#11297,
#11298,#11299,#11300,#11301,#11302,#11303,#11304,#11305),(#11306,#11307,
#11308,#11309,#11310,#11311,#11312,#11313,#11314,#11315,#11316),(#11317,
#11318,#11319,#11320,#11321,#11322,#11323,#11324,#11325,#11326,#11327),
(#11328,#11329,#11330,#11331,#11332,#11333,#11334,#11335,#11336,#11337,
#11338),(#11339,#11340,#11341,#11342,#11343,#11344,#11345,#11346,#11347,
#11348,#11349),(#11350,#11351,#11352,#11353,#11354,#11355,#11356,#11357,
#11358,#11359,#11360),(#11361,#11362,#11363,#11364,#11365,#11366,#11367,
#11368,#11369,#11370,#11371),(#11372,#11373,#11374,#11375,#11376,#11377,
#11378,#11379,#11380,#11381,#11382)),.UNSPECIFIED.,.F.,.F.,.F.,(4,2,2,2,
2,2,2,2,2,4),(4,2,2,1,2,4),(0.,0.015625,0.0625,0.125,0.25,0.375,0.5,0.625,
0.75,1.),(0.,0.25,0.5,0.75,0.96875,1.),.UNSPECIFIED.);
#26=(
BOUNDED_SURFACE()
B_SPLINE_SURFACE(1,3,((#7341,#7342,#7343,#7344),(#7345,#7346,#7347,#7348)),
 .SURF_OF_REVOLUTION.,.F.,.F.,.F.)
B_SPLINE_SURFACE_WITH_KNOTS((2,2),(4,4),(0.,1.),(0.,1.),
 .PIECEWISE_BEZIER_KNOTS.)
GEOMETRIC_REPRESENTATION_ITEM()
RATIONAL_B_SPLINE_SURFACE(((1.,0.996604791622314,0.996604791622314,1.),
(1.,0.996604791622314,0.996604791622314,1.)))
REPRESENTATION_ITEM('')
SURFACE()
);
#27=(
BOUNDED_SURFACE()
B_SPLINE_SURFACE(1,3,((#7363,#7364,#7365,#7366),(#7367,#7368,#7369,#7370)),
 .SURF_OF_REVOLUTION.,.F.,.F.,.F.)
B_SPLINE_SURFACE_WITH_KNOTS((2,2),(4,4),(0.,1.),(0.,1.),
 .PIECEWISE_BEZIER_KNOTS.)
GEOMETRIC_REPRESENTATION_ITEM()
RATIONAL_B_SPLINE_SURFACE(((1.,0.996604791622313,0.996604791622313,1.),
(1.,0.996604791622313,0.996604791622313,1.)))
REPRESENTATION_ITEM('')
SURFACE()
);
#28=(
BOUNDED_SURFACE()
B_SPLINE_SURFACE(1,3,((#7385,#7386,#7387,#7388),(#7389,#7390,#7391,#7392)),
 .SURF_OF_REVOLUTION.,.F.,.F.,.F.)
B_SPLINE_SURFACE_WITH_KNOTS((2,2),(4,4),(0.,1.),(0.,1.),
 .PIECEWISE_BEZIER_KNOTS.)
GEOMETRIC_REPRESENTATION_ITEM()
RATIONAL_B_SPLINE_SURFACE(((1.,0.996604791622313,0.996604791622313,1.),
(1.,0.996604791622313,0.996604791622313,1.)))
REPRESENTATION_ITEM('')
SURFACE()
);
#29=(
BOUNDED_SURFACE()
B_SPLINE_SURFACE(1,3,((#7407,#7408,#7409,#7410),(#7411,#7412,#7413,#7414)),
 .SURF_OF_REVOLUTION.,.F.,.F.,.F.)
B_SPLINE_SURFACE_WITH_KNOTS((2,2),(4,4),(0.,1.),(0.,1.),
 .PIECEWISE_BEZIER_KNOTS.)
GEOMETRIC_REPRESENTATION_ITEM()
RATIONAL_B_SPLINE_SURFACE(((1.,0.996604791622313,0.996604791622313,1.),
(1.,0.996604791622313,0.996604791622313,1.)))
REPRESENTATION_ITEM('')
SURFACE()
);
#30=(
BOUNDED_SURFACE()
B_SPLINE_SURFACE(1,3,((#7429,#7430,#7431,#7432),(#7433,#7434,#7435,#7436)),
 .SURF_OF_REVOLUTION.,.F.,.F.,.F.)
B_SPLINE_SURFACE_WITH_KNOTS((2,2),(4,4),(0.,1.),(0.,1.),
 .PIECEWISE_BEZIER_KNOTS.)
GEOMETRIC_REPRESENTATION_ITEM()
RATIONAL_B_SPLINE_SURFACE(((1.,0.996604791622313,0.996604791622313,1.),
(1.,0.996604791622313,0.996604791622313,1.)))
REPRESENTATION_ITEM('')
SURFACE()
);
#31=(
BOUNDED_SURFACE()
B_SPLINE_SURFACE(1,3,((#7451,#7452,#7453,#7454),(#7455,#7456,#7457,#7458)),
 .SURF_OF_REVOLUTION.,.F.,.F.,.F.)
B_SPLINE_SURFACE_WITH_KNOTS((2,2),(4,4),(0.,1.),(0.,1.),
 .PIECEWISE_BEZIER_KNOTS.)
GEOMETRIC_REPRESENTATION_ITEM()
RATIONAL_B_SPLINE_SURFACE(((1.,0.996604791622313,0.996604791622313,1.),
(1.,0.996604791622313,0.996604791622313,1.)))
REPRESENTATION_ITEM('')
SURFACE()
);
#32=(
BOUNDED_SURFACE()
B_SPLINE_SURFACE(3,2,((#7857,#7858,#7859),(#7860,#7861,#7862),(#7863,#7864,
#7865),(#7866,#7867,#7868),(#7869,#7870,#7871),(#7872,#7873,#7874),(#7875,
#7876,#7877)),.UNSPECIFIED.,.F.,.F.,.F.)
B_SPLINE_SURFACE_WITH_KNOTS((4,1,1,1,4),(3,3),(-4.82415756647425E-16,0.000689634100361858,
0.0013792682007242,0.00206890230108654,0.00275853640144888),(0.,1.),
 .UNSPECIFIED.)
GEOMETRIC_REPRESENTATION_ITEM()
RATIONAL_B_SPLINE_SURFACE(((1.,0.70710678118653,1.),(1.,0.710132427473987,
1.),(1.,0.77717675865404,1.),(1.,0.903045743781482,1.),(1.,0.981893475782865,
1.),(1.,0.999999999989255,1.),(1.,1.,1.)))
REPRESENTATION_ITEM('')
SURFACE()
);
#33=(
BOUNDED_SURFACE()
B_SPLINE_SURFACE(3,2,((#7879,#7880,#7881),(#7882,#7883,#7884),(#7885,#7886,
#7887),(#7888,#7889,#7890),(#7891,#7892,#7893),(#7894,#7895,#7896),(#7897,
#7898,#7899)),.UNSPECIFIED.,.F.,.F.,.F.)
B_SPLINE_SURFACE_WITH_KNOTS((4,1,1,1,4),(3,3),(-9.21571846612679E-18,0.000689634100362174,
0.00137926820072436,0.00206890230108654,0.00275853640144872),(0.,1.),
 .UNSPECIFIED.)
GEOMETRIC_REPRESENTATION_ITEM()
RATIONAL_B_SPLINE_SURFACE(((1.,0.707106781186547,1.),(1.,0.710132427472082,
1.),(1.,0.777176758655046,1.),(1.,0.903045743781287,1.),(1.,0.981893475782941,
1.),(1.,0.999999999989255,1.),(1.,1.,1.)))
REPRESENTATION_ITEM('')
SURFACE()
);
#34=(
BOUNDED_SURFACE()
B_SPLINE_SURFACE(3,2,((#7914,#7915,#7916),(#7917,#7918,#7919),(#7920,#7921,
#7922),(#7923,#7924,#7925)),.UNSPECIFIED.,.F.,.F.,.F.)
B_SPLINE_SURFACE_WITH_KNOTS((4,4),(3,3),(4.87890977618477E-19,0.00111270669873993),
(0.,1.),.PIECEWISE_BEZIER_KNOTS.)
GEOMETRIC_REPRESENTATION_ITEM()
RATIONAL_B_SPLINE_SURFACE(((1.,0.728388253370923,1.),(1.,0.722353375934329,
1.),(1.,0.714474768989256,1.),(1.,0.707106781186539,1.)))
REPRESENTATION_ITEM('')
SURFACE()
);
#35=(
BOUNDED_SURFACE()
B_SPLINE_SURFACE(3,2,((#7927,#7928,#7929),(#7930,#7931,#7932),(#7933,#7934,
#7935),(#7936,#7937,#7938)),.UNSPECIFIED.,.F.,.F.,.F.)
B_SPLINE_SURFACE_WITH_KNOTS((4,4),(3,3),(-6.45100292628875E-18,0.00111268004352325),
(0.,1.),.PIECEWISE_BEZIER_KNOTS.)
GEOMETRIC_REPRESENTATION_ITEM()
RATIONAL_B_SPLINE_SURFACE(((1.,0.707106781186548,1.),(1.,0.714474632444891,
1.),(1.,0.722353461041053,1.),(1.,0.728388253370942,1.)))
REPRESENTATION_ITEM('')
SURFACE()
);
#36=(
BOUNDED_SURFACE()
B_SPLINE_SURFACE(3,2,((#7944,#7945,#7946),(#7947,#7948,#7949),(#7950,#7951,
#7952),(#7953,#7954,#7955)),.UNSPECIFIED.,.F.,.F.,.F.)
B_SPLINE_SURFACE_WITH_KNOTS((4,4),(3,3),(-9.36377830466515E-6,0.00156062971744303),
(0.,1.),.PIECEWISE_BEZIER_KNOTS.)
GEOMETRIC_REPRESENTATION_ITEM()
RATIONAL_B_SPLINE_SURFACE(((1.,0.730953512435635,1.),(1.,0.729995686428186,
1.),(1.,0.729151588767648,1.),(1.,0.728388253370922,1.)))
REPRESENTATION_ITEM('')
SURFACE()
);
#37=(
BOUNDED_SURFACE()
B_SPLINE_SURFACE(3,2,((#7960,#7961,#7962),(#7963,#7964,#7965),(#7966,#7967,
#7968),(#7969,#7970,#7971)),.UNSPECIFIED.,.F.,.F.,.F.)
B_SPLINE_SURFACE_WITH_KNOTS((4,4),(3,3),(-1.21430643318376E-17,0.00156999349574771),
(0.,1.),.PIECEWISE_BEZIER_KNOTS.)
GEOMETRIC_REPRESENTATION_ITEM()
RATIONAL_B_SPLINE_SURFACE(((1.,0.728388253370942,1.),(1.,0.729151588751313,
1.),(1.,0.729995686431205,1.),(1.,0.730953512435633,1.)))
REPRESENTATION_ITEM('')
SURFACE()
);
#38=(
BOUNDED_SURFACE()
B_SPLINE_SURFACE(3,2,((#8448,#8449,#8450),(#8451,#8452,#8453),(#8454,#8455,
#8456),(#8457,#8458,#8459),(#8460,#8461,#8462),(#8463,#8464,#8465),(#8466,
#8467,#8468)),.UNSPECIFIED.,.F.,.F.,.F.)
B_SPLINE_SURFACE_WITH_KNOTS((4,1,1,1,4),(3,3),(2.0491421059976E-17,0.000689634100362209,
0.0013792682007244,0.00206890230108659,0.00275853640144878),(0.,1.),
 .UNSPECIFIED.)
GEOMETRIC_REPRESENTATION_ITEM()
RATIONAL_B_SPLINE_SURFACE(((1.,0.707106781186544,1.),(1.,0.710132427472014,
1.),(1.,0.777176758655072,1.),(1.,0.903045743781282,1.),(1.,0.981893475782943,
1.),(1.,0.999999999989255,1.),(1.,1.,1.)))
REPRESENTATION_ITEM('')
SURFACE()
);
#39=(
BOUNDED_SURFACE()
B_SPLINE_SURFACE(3,2,((#8474,#8475,#8476),(#8477,#8478,#8479),(#8480,#8481,
#8482),(#8483,#8484,#8485)),.UNSPECIFIED.,.F.,.F.,.F.)
B_SPLINE_SURFACE_WITH_KNOTS((4,4),(3,3),(-8.67361737988404E-18,0.00111268004352325),
(0.,1.),.PIECEWISE_BEZIER_KNOTS.)
GEOMETRIC_REPRESENTATION_ITEM()
RATIONAL_B_SPLINE_SURFACE(((1.,0.707106781186546,1.),(1.,0.714474632449568,
1.),(1.,0.722353461050456,1.),(1.,0.728388253370925,1.)))
REPRESENTATION_ITEM('')
SURFACE()
);
#40=(
BOUNDED_SURFACE()
B_SPLINE_SURFACE(3,2,((#8490,#8491,#8492),(#8493,#8494,#8495),(#8496,#8497,
#8498),(#8499,#8500,#8501)),.UNSPECIFIED.,.F.,.F.,.F.)
B_SPLINE_SURFACE_WITH_KNOTS((4,4),(3,3),(2.60208521396521E-18,0.0015699934957477),
(0.,1.),.PIECEWISE_BEZIER_KNOTS.)
GEOMETRIC_REPRESENTATION_ITEM()
RATIONAL_B_SPLINE_SURFACE(((1.,0.728388253370926,1.),(1.,0.729151588764312,
1.),(1.,0.729995686429697,1.),(1.,0.730953512435635,1.)))
REPRESENTATION_ITEM('')
SURFACE()
);
#41=(
BOUNDED_SURFACE()
B_SPLINE_SURFACE(3,2,((#8988,#8989,#8990),(#8991,#8992,#8993),(#8994,#8995,
#8996),(#8997,#8998,#8999)),.UNSPECIFIED.,.F.,.F.,.F.)
B_SPLINE_SURFACE_WITH_KNOTS((4,4),(3,3),(-9.36377830466793E-6,0.00156062971744306),
(0.,1.),.PIECEWISE_BEZIER_KNOTS.)
GEOMETRIC_REPRESENTATION_ITEM()
RATIONAL_B_SPLINE_SURFACE(((1.,0.730953512435634,1.),(1.,0.729995686430597,
1.),(1.,0.729151588766633,1.),(1.,0.728388253370923,1.)))
REPRESENTATION_ITEM('')
SURFACE()
);
#42=(
BOUNDED_SURFACE()
B_SPLINE_SURFACE(3,2,((#9001,#9002,#9003),(#9004,#9005,#9006),(#9007,#9008,
#9009),(#9010,#9011,#9012)),.UNSPECIFIED.,.F.,.F.,.F.)
B_SPLINE_SURFACE_WITH_KNOTS((4,4),(3,3),(3.08997619158369E-18,0.00111270669873994),
(0.,1.),.PIECEWISE_BEZIER_KNOTS.)
GEOMETRIC_REPRESENTATION_ITEM()
RATIONAL_B_SPLINE_SURFACE(((1.,0.728388253370924,1.),(1.,0.722353375933496,
1.),(1.,0.714474768991841,1.),(1.,0.707106781186534,1.)))
REPRESENTATION_ITEM('')
SURFACE()
);
#43=(
BOUNDED_SURFACE()
B_SPLINE_SURFACE(3,2,((#9018,#9019,#9020),(#9021,#9022,#9023),(#9024,#9025,
#9026),(#9027,#9028,#9029),(#9030,#9031,#9032),(#9033,#9034,#9035),(#9036,
#9037,#9038)),.UNSPECIFIED.,.F.,.F.,.F.)
B_SPLINE_SURFACE_WITH_KNOTS((4,1,1,1,4),(3,3),(-3.08997619158369E-18,0.000689634100362178,
0.00137926820072436,0.00206890230108654,0.00275853640144872),(0.,1.),
 .UNSPECIFIED.)
GEOMETRIC_REPRESENTATION_ITEM()
RATIONAL_B_SPLINE_SURFACE(((1.,0.707106781186566,1.),(1.,0.710132427462659,
1.),(1.,0.777176758659423,1.),(1.,0.903045743780104,1.),(1.,0.981893475783282,
1.),(1.,0.999999999989255,1.),(1.,1.,1.)))
REPRESENTATION_ITEM('')
SURFACE()
);
#44=(
BOUNDED_SURFACE()
B_SPLINE_SURFACE(3,2,((#9039,#9040,#9041),(#9042,#9043,#9044),(#9045,#9046,
#9047),(#9048,#9049,#9050),(#9051,#9052,#9053),(#9054,#9055,#9056),(#9057,
#9058,#9059)),.UNSPECIFIED.,.F.,.F.,.F.)
B_SPLINE_SURFACE_WITH_KNOTS((4,1,1,1,4),(3,3),(-1.30646361784503E-17,0.00068963410036217,
0.00137926820072435,0.00206890230108654,0.00275853640144872),(0.,1.),
 .UNSPECIFIED.)
GEOMETRIC_REPRESENTATION_ITEM()
RATIONAL_B_SPLINE_SURFACE(((1.,0.707106781186552,1.),(1.,0.710132427468671,
1.),(1.,0.77717675865662,1.),(1.,0.903045743780861,1.),(1.,0.981893475783062,
1.),(1.,0.999999999989255,1.),(1.,1.,1.)))
REPRESENTATION_ITEM('')
SURFACE()
);
#45=(
BOUNDED_SURFACE()
B_SPLINE_SURFACE(3,2,((#9065,#9066,#9067),(#9068,#9069,#9070),(#9071,#9072,
#9073),(#9074,#9075,#9076)),.UNSPECIFIED.,.F.,.F.,.F.)
B_SPLINE_SURFACE_WITH_KNOTS((4,4),(3,3),(-6.45100292628875E-18,0.00111268004352325),
(0.,1.),.PIECEWISE_BEZIER_KNOTS.)
GEOMETRIC_REPRESENTATION_ITEM()
RATIONAL_B_SPLINE_SURFACE(((1.,0.707106781186554,1.),(1.,0.714474632443603,
1.),(1.,0.722353461049247,1.),(1.,0.728388253370929,1.)))
REPRESENTATION_ITEM('')
SURFACE()
);
#46=(
BOUNDED_SURFACE()
B_SPLINE_SURFACE(3,2,((#9081,#9082,#9083),(#9084,#9085,#9086),(#9087,#9088,
#9089),(#9090,#9091,#9092)),.UNSPECIFIED.,.F.,.F.,.F.)
B_SPLINE_SURFACE_WITH_KNOTS((4,4),(3,3),(-1.21430643318376E-17,0.00156999349574771),
(0.,1.),.PIECEWISE_BEZIER_KNOTS.)
GEOMETRIC_REPRESENTATION_ITEM()
RATIONAL_B_SPLINE_SURFACE(((1.,0.728388253370929,1.),(1.,0.729151588761758,
1.),(1.,0.7299956864299,1.),(1.,0.730953512435635,1.)))
REPRESENTATION_ITEM('')
SURFACE()
);
#47=(
BOUNDED_SURFACE()
B_SPLINE_SURFACE(3,2,((#9579,#9580,#9581),(#9582,#9583,#9584),(#9585,#9586,
#9587),(#9588,#9589,#9590)),.UNSPECIFIED.,.F.,.F.,.F.)
B_SPLINE_SURFACE_WITH_KNOTS((4,4),(3,3),(-9.36377830467315E-6,0.00156062971744305),
(0.,1.),.PIECEWISE_BEZIER_KNOTS.)
GEOMETRIC_REPRESENTATION_ITEM()
RATIONAL_B_SPLINE_SURFACE(((1.,0.730953512435633,1.),(1.,0.729995686430073,
1.),(1.,0.729151588762979,1.),(1.,0.72838825337093,1.)))
REPRESENTATION_ITEM('')
SURFACE()
);
#48=(
BOUNDED_SURFACE()
B_SPLINE_SURFACE(3,2,((#9592,#9593,#9594),(#9595,#9596,#9597),(#9598,#9599,
#9600),(#9601,#9602,#9603)),.UNSPECIFIED.,.F.,.F.,.F.)
B_SPLINE_SURFACE_WITH_KNOTS((4,4),(3,3),(1.89735380184963E-18,0.00111270669873994),
(0.,1.),.PIECEWISE_BEZIER_KNOTS.)
GEOMETRIC_REPRESENTATION_ITEM()
RATIONAL_B_SPLINE_SURFACE(((1.,0.72838825337093,1.),(1.,0.722353375931727,
1.),(1.,0.714474768981455,1.),(1.,0.70710678118655,1.)))
REPRESENTATION_ITEM('')
SURFACE()
);
#49=(
BOUNDED_SURFACE()
B_SPLINE_SURFACE(3,2,((#9609,#9610,#9611),(#9612,#9613,#9614),(#9615,#9616,
#9617),(#9618,#9619,#9620),(#9621,#9622,#9623),(#9624,#9625,#9626),(#9627,
#9628,#9629)),.UNSPECIFIED.,.F.,.F.,.F.)
B_SPLINE_SURFACE_WITH_KNOTS((4,1,1,1,4),(3,3),(-1.62630325872826E-18,0.000689634100362177,
0.00137926820072436,0.00206890230108654,0.00275853640144871),(0.,1.),
 .UNSPECIFIED.)
GEOMETRIC_REPRESENTATION_ITEM()
RATIONAL_B_SPLINE_SURFACE(((1.,0.707106781186554,1.),(1.,0.71013242746927,
1.),(1.,0.777176758656353,1.),(1.,0.90304574378093,1.),(1.,0.981893475783041,
1.),(1.,0.999999999989255,1.),(1.,1.,1.)))
REPRESENTATION_ITEM('')
SURFACE()
);
#50=(
BOUNDED_SURFACE()
B_SPLINE_SURFACE(3,2,((#9630,#9631,#9632),(#9633,#9634,#9635),(#9636,#9637,
#9638),(#9639,#9640,#9641),(#9642,#9643,#9644),(#9645,#9646,#9647),(#9648,
#9649,#9650)),.UNSPECIFIED.,.F.,.F.,.F.)
B_SPLINE_SURFACE_WITH_KNOTS((4,1,1,1,4),(3,3),(-2.21177243187043E-17,0.000689634100362162,
0.00137926820072435,0.00206890230108653,0.00275853640144871),(0.,1.),
 .UNSPECIFIED.)
GEOMETRIC_REPRESENTATION_ITEM()
RATIONAL_B_SPLINE_SURFACE(((1.,0.70710678118653,1.),(1.,0.710132427476506,
1.),(1.,0.777176758652989,1.),(1.,0.903045743781842,1.),(1.,0.981893475782784,
1.),(1.,0.999999999989255,1.),(1.,1.,1.)))
REPRESENTATION_ITEM('')
SURFACE()
);
#51=(
BOUNDED_SURFACE()
B_SPLINE_SURFACE(3,2,((#9656,#9657,#9658),(#9659,#9660,#9661),(#9662,#9663,
#9664),(#9665,#9666,#9667)),.UNSPECIFIED.,.F.,.F.,.F.)
B_SPLINE_SURFACE_WITH_KNOTS((4,4),(3,3),(-7.15573433840433E-18,0.00111268004352325),
(0.,1.),.PIECEWISE_BEZIER_KNOTS.)
GEOMETRIC_REPRESENTATION_ITEM()
RATIONAL_B_SPLINE_SURFACE(((1.,0.707106781186532,1.),(1.,0.714474632454671,
1.),(1.,0.722353461063923,1.),(1.,0.728388253370901,1.)))
REPRESENTATION_ITEM('')
SURFACE()
);
#52=(
BOUNDED_SURFACE()
B_SPLINE_SURFACE(3,2,((#9672,#9673,#9674),(#9675,#9676,#9677),(#9678,#9679,
#9680),(#9681,#9682,#9683)),.UNSPECIFIED.,.F.,.F.,.F.)
B_SPLINE_SURFACE_WITH_KNOTS((4,4),(3,3),(-8.67361737988404E-19,0.00156999349574771),
(0.,1.),.PIECEWISE_BEZIER_KNOTS.)
GEOMETRIC_REPRESENTATION_ITEM()
RATIONAL_B_SPLINE_SURFACE(((1.,0.728388253370903,1.),(1.,0.729151588782503,
1.),(1.,0.729995686430334,1.),(1.,0.730953512435633,1.)))
REPRESENTATION_ITEM('')
SURFACE()
);
#53=(
BOUNDED_SURFACE()
B_SPLINE_SURFACE(3,2,((#10170,#10171,#10172),(#10173,#10174,#10175),(#10176,
#10177,#10178),(#10179,#10180,#10181)),.UNSPECIFIED.,.F.,.F.,.F.)
B_SPLINE_SURFACE_WITH_KNOTS((4,4),(3,3),(-9.36377830466004E-6,0.00156062971744305),
(0.,1.),.PIECEWISE_BEZIER_KNOTS.)
GEOMETRIC_REPRESENTATION_ITEM()
RATIONAL_B_SPLINE_SURFACE(((1.,0.730953512435637,1.),(1.,0.729995686428159,
1.),(1.,0.729151588756508,1.),(1.,0.728388253370937,1.)))
REPRESENTATION_ITEM('')
SURFACE()
);
#54=(
BOUNDED_SURFACE()
B_SPLINE_SURFACE(3,2,((#10183,#10184,#10185),(#10186,#10187,#10188),(#10189,
#10190,#10191),(#10192,#10193,#10194)),.UNSPECIFIED.,.F.,.F.,.F.)
B_SPLINE_SURFACE_WITH_KNOTS((4,4),(3,3),(-1.73472347597681E-18,0.00111270669873993),
(0.,1.),.PIECEWISE_BEZIER_KNOTS.)
GEOMETRIC_REPRESENTATION_ITEM()
RATIONAL_B_SPLINE_SURFACE(((1.,0.728388253370937,1.),(1.,0.722353375928914,
1.),(1.,0.714474768983606,1.),(1.,0.707106781186549,1.)))
REPRESENTATION_ITEM('')
SURFACE()
);
#55=(
BOUNDED_SURFACE()
B_SPLINE_SURFACE(3,2,((#10200,#10201,#10202),(#10203,#10204,#10205),(#10206,
#10207,#10208),(#10209,#10210,#10211),(#10212,#10213,#10214),(#10215,#10216,
#10217),(#10218,#10219,#10220)),.UNSPECIFIED.,.F.,.F.,.F.)
B_SPLINE_SURFACE_WITH_KNOTS((4,1,1,1,4),(3,3),(-1.70761842166467E-17,0.000689634100362165,
0.00137926820072435,0.00206890230108653,0.00275853640144871),(0.,1.),
 .UNSPECIFIED.)
GEOMETRIC_REPRESENTATION_ITEM()
RATIONAL_B_SPLINE_SURFACE(((1.,0.707106781186543,1.),(1.,0.71013242747152,
1.),(1.,0.777176758655308,1.),(1.,0.90304574378121,1.),(1.,0.981893475782964,
1.),(1.,0.999999999989255,1.),(1.,1.,1.)))
REPRESENTATION_ITEM('')
SURFACE()
);
#56=(
BOUNDED_SURFACE()
B_SPLINE_SURFACE(3,2,((#10221,#10222,#10223),(#10224,#10225,#10226),(#10227,
#10228,#10229),(#10230,#10231,#10232),(#10233,#10234,#10235),(#10236,#10237,
#10238),(#10239,#10240,#10241)),.UNSPECIFIED.,.F.,.F.,.F.)
B_SPLINE_SURFACE_WITH_KNOTS((4,1,1,1,4),(3,3),(-7.53520509877426E-18,0.000689634100362175,
0.00137926820072436,0.00206890230108654,0.00275853640144872),(0.,1.),
 .UNSPECIFIED.)
GEOMETRIC_REPRESENTATION_ITEM()
RATIONAL_B_SPLINE_SURFACE(((1.,0.707106781186544,1.),(1.,0.710132427471638,
1.),(1.,0.777176758655247,1.),(1.,0.903045743781231,1.),(1.,0.981893475782955,
1.),(1.,0.999999999989255,1.),(1.,1.,1.)))
REPRESENTATION_ITEM('')
SURFACE()
);
#57=(
BOUNDED_SURFACE()
B_SPLINE_SURFACE(3,2,((#10247,#10248,#10249),(#10250,#10251,#10252),(#10253,
#10254,#10255),(#10256,#10257,#10258)),.UNSPECIFIED.,.F.,.F.,.F.)
B_SPLINE_SURFACE_WITH_KNOTS((4,4),(3,3),(-6.45100292628875E-18,0.00111268004352325),
(0.,1.),.PIECEWISE_BEZIER_KNOTS.)
GEOMETRIC_REPRESENTATION_ITEM()
RATIONAL_B_SPLINE_SURFACE(((1.,0.707106781186548,1.),(1.,0.714474632447105,
1.),(1.,0.722353461046369,1.),(1.,0.728388253370933,1.)))
REPRESENTATION_ITEM('')
SURFACE()
);
#58=(
BOUNDED_SURFACE()
B_SPLINE_SURFACE(3,2,((#10263,#10264,#10265),(#10266,#10267,#10268),(#10269,
#10270,#10271),(#10272,#10273,#10274)),.UNSPECIFIED.,.F.,.F.,.F.)
B_SPLINE_SURFACE_WITH_KNOTS((4,4),(3,3),(-7.80625564189563E-18,0.00156999349574771),
(0.,1.),.PIECEWISE_BEZIER_KNOTS.)
GEOMETRIC_REPRESENTATION_ITEM()
RATIONAL_B_SPLINE_SURFACE(((1.,0.728388253370933,1.),(1.,0.729151588760223,
1.),(1.,0.729995686427837,1.),(1.,0.730953512435635,1.)))
REPRESENTATION_ITEM('')
SURFACE()
);
#59=(
BOUNDED_SURFACE()
B_SPLINE_SURFACE(3,2,((#10761,#10762,#10763),(#10764,#10765,#10766),(#10767,
#10768,#10769),(#10770,#10771,#10772)),.UNSPECIFIED.,.F.,.F.,.F.)
B_SPLINE_SURFACE_WITH_KNOTS((4,4),(3,3),(-9.36377830466004E-6,0.00156062971744305),
(0.,1.),.PIECEWISE_BEZIER_KNOTS.)
GEOMETRIC_REPRESENTATION_ITEM()
RATIONAL_B_SPLINE_SURFACE(((1.,0.730953512435633,1.),(1.,0.72999568643077,
1.),(1.,0.729151588761177,1.),(1.,0.728388253370929,1.)))
REPRESENTATION_ITEM('')
SURFACE()
);
#60=(
BOUNDED_SURFACE()
B_SPLINE_SURFACE(3,2,((#10774,#10775,#10776),(#10777,#10778,#10779),(#10780,
#10781,#10782),(#10783,#10784,#10785)),.UNSPECIFIED.,.F.,.F.,.F.)
B_SPLINE_SURFACE_WITH_KNOTS((4,4),(3,3),(-2.92734586571086E-18,0.00111270669873993),
(0.,1.),.PIECEWISE_BEZIER_KNOTS.)
GEOMETRIC_REPRESENTATION_ITEM()
RATIONAL_B_SPLINE_SURFACE(((1.,0.728388253370929,1.),(1.,0.722353375932101,
1.),(1.,0.714474768984525,1.),(1.,0.707106781186549,1.)))
REPRESENTATION_ITEM('')
SURFACE()
);
#61=(
BOUNDED_SURFACE()
B_SPLINE_SURFACE(3,2,((#10791,#10792,#10793),(#10794,#10795,#10796),(#10797,
#10798,#10799),(#10800,#10801,#10802),(#10803,#10804,#10805),(#10806,#10807,
#10808),(#10809,#10810,#10811)),.UNSPECIFIED.,.F.,.F.,.F.)
B_SPLINE_SURFACE_WITH_KNOTS((4,1,1,1,4),(3,3),(-4.11996825544492E-18,0.000689634100362178,
0.00137926820072436,0.00206890230108654,0.00275853640144872),(0.,1.),
 .UNSPECIFIED.)
GEOMETRIC_REPRESENTATION_ITEM()
RATIONAL_B_SPLINE_SURFACE(((1.,0.707106781186539,1.),(1.,0.710132427473555,
1.),(1.,0.777176758654366,1.),(1.,0.903045743781466,1.),(1.,0.981893475782891,
1.),(1.,0.999999999989255,1.),(1.,1.,1.)))
REPRESENTATION_ITEM('')
SURFACE()
);
#62=(
BOUNDED_SURFACE()
B_SPLINE_SURFACE(3,2,((#10812,#10813,#10814),(#10815,#10816,#10817),(#10818,
#10819,#10820),(#10821,#10822,#10823),(#10824,#10825,#10826),(#10827,#10828,
#10829),(#10830,#10831,#10832)),.UNSPECIFIED.,.F.,.F.,.F.)
B_SPLINE_SURFACE_WITH_KNOTS((4,1,1,1,4),(3,3),(4.71627945031194E-18,0.000689634100362188,
0.00137926820072437,0.00206890230108655,0.00275853640144874),(0.,1.),
 .UNSPECIFIED.)
GEOMETRIC_REPRESENTATION_ITEM()
RATIONAL_B_SPLINE_SURFACE(((1.,0.707106781186555,1.),(1.,0.710132427468401,
1.),(1.,0.777176758656758,1.),(1.,0.90304574378082,1.),(1.,0.981893475783076,
1.),(1.,0.999999999989255,1.),(1.,1.,1.)))
REPRESENTATION_ITEM('')
SURFACE()
);
#63=(
BOUNDED_SURFACE()
B_SPLINE_SURFACE(3,2,((#10834,#10835,#10836),(#10837,#10838,#10839),(#10840,
#10841,#10842),(#10843,#10844,#10845),(#10846,#10847,#10848),(#10849,#10850,
#10851),(#10852,#10853,#10854)),.UNSPECIFIED.,.F.,.F.,.F.)
B_SPLINE_SURFACE_WITH_KNOTS((4,1,1,1,4),(3,3),(-9.43255890062389E-18,0.000689634100362172,
0.00137926820072435,0.00206890230108653,0.00275853640144872),(0.,1.),
 .UNSPECIFIED.)
GEOMETRIC_REPRESENTATION_ITEM()
RATIONAL_B_SPLINE_SURFACE(((1.,0.70710678118656,1.),(1.,0.710132427466744,
1.),(1.,0.777176758657522,1.),(1.,0.903045743780624,1.),(1.,0.981893475783132,
1.),(1.,0.999999999989255,1.),(1.,1.,1.)))
REPRESENTATION_ITEM('')
SURFACE()
);
#64=(
BOUNDED_SURFACE()
B_SPLINE_SURFACE(3,2,((#10869,#10870,#10871),(#10872,#10873,#10874),(#10875,
#10876,#10877),(#10878,#10879,#10880)),.UNSPECIFIED.,.F.,.F.,.F.)
B_SPLINE_SURFACE_WITH_KNOTS((4,4),(3,3),(-2.33103467084383E-18,0.00111270669873993),
(0.,1.),.PIECEWISE_BEZIER_KNOTS.)
GEOMETRIC_REPRESENTATION_ITEM()
RATIONAL_B_SPLINE_SURFACE(((1.,0.728388253370917,1.),(1.,0.722353375938877,
1.),(1.,0.714474768983856,1.),(1.,0.707106781186549,1.)))
REPRESENTATION_ITEM('')
SURFACE()
);
#65=(
BOUNDED_SURFACE()
B_SPLINE_SURFACE(3,2,((#10882,#10883,#10884),(#10885,#10886,#10887),(#10888,
#10889,#10890),(#10891,#10892,#10893)),.UNSPECIFIED.,.F.,.F.,.F.)
B_SPLINE_SURFACE_WITH_KNOTS((4,4),(3,3),(1.09504419421036E-17,0.00111268004352327),
(0.,1.),.PIECEWISE_BEZIER_KNOTS.)
GEOMETRIC_REPRESENTATION_ITEM()
RATIONAL_B_SPLINE_SURFACE(((1.,0.707106781186556,1.),(1.,0.714474632441703,
1.),(1.,0.722353461051978,1.),(1.,0.728388253370923,1.)))
REPRESENTATION_ITEM('')
SURFACE()
);
#66=(
BOUNDED_SURFACE()
B_SPLINE_SURFACE(3,2,((#10899,#10900,#10901),(#10902,#10903,#10904),(#10905,
#10906,#10907),(#10908,#10909,#10910)),.UNSPECIFIED.,.F.,.F.,.F.)
B_SPLINE_SURFACE_WITH_KNOTS((4,4),(3,3),(-9.36377830466339E-6,0.00156062971744303),
(0.,1.),.PIECEWISE_BEZIER_KNOTS.)
GEOMETRIC_REPRESENTATION_ITEM()
RATIONAL_B_SPLINE_SURFACE(((1.,0.730953512435634,1.),(1.,0.729995686429347,
1.),(1.,0.729151588754128,1.),(1.,0.728388253370939,1.)))
REPRESENTATION_ITEM('')
SURFACE()
);
#67=(
BOUNDED_SURFACE()
B_SPLINE_SURFACE(3,2,((#10915,#10916,#10917),(#10918,#10919,#10920),(#10921,
#10922,#10923),(#10924,#10925,#10926)),.UNSPECIFIED.,.F.,.F.,.F.)
B_SPLINE_SURFACE_WITH_KNOTS((4,4),(3,3),(-6.93889390390723E-18,0.00156999349574771),
(0.,1.),.PIECEWISE_BEZIER_KNOTS.)
GEOMETRIC_REPRESENTATION_ITEM()
RATIONAL_B_SPLINE_SURFACE(((1.,0.728388253370924,1.),(1.,0.729151588765646,
1.),(1.,0.729995686429725,1.),(1.,0.730953512435634,1.)))
REPRESENTATION_ITEM('')
SURFACE()
);
#68=(
BOUNDED_SURFACE()
B_SPLINE_SURFACE(3,2,((#11446,#11447,#11448),(#11449,#11450,#11451),(#11452,
#11453,#11454),(#11455,#11456,#11457),(#11458,#11459,#11460),(#11461,#11462,
#11463),(#11464,#11465,#11466),(#11467,#11468,#11469),(#11470,#11471,#11472),
(#11473,#11474,#11475),(#11476,#11477,#11478)),.UNSPECIFIED.,.F.,.F.,.F.)
B_SPLINE_SURFACE_WITH_KNOTS((4,1,1,1,1,1,1,1,4),(3,3),(-2.87313575708659E-17,
0.000795847496175974,0.00159169499235198,0.00238754248852798,0.00318338998470398,
0.00397923748087999,0.00477508497705599,0.00557093247323199,0.006366779969408),
(0.,1.),.UNSPECIFIED.)
GEOMETRIC_REPRESENTATION_ITEM()
RATIONAL_B_SPLINE_SURFACE(((1.,0.70710678118655,1.),(1.,0.730068544017431,
1.),(1.,0.792826070958221,1.),(1.,0.885783353497972,1.),(1.,0.952748116845633,
1.),(1.,0.982751392537973,1.),(1.,0.953794073003744,1.),(1.,0.887270782306625,
1.),(1.,0.79361895241228,1.),(1.,0.730151705028241,1.),(1.,0.707106781186547,
1.)))
REPRESENTATION_ITEM('')
SURFACE()
);
#69=(
BOUNDED_SURFACE()
B_SPLINE_SURFACE(3,2,((#11483,#11484,#11485),(#11486,#11487,#11488),(#11489,
#11490,#11491),(#11492,#11493,#11494),(#11495,#11496,#11497),(#11498,#11499,
#11500),(#11501,#11502,#11503),(#11504,#11505,#11506),(#11507,#11508,#11509),
(#11510,#11511,#11512),(#11513,#11514,#11515)),.UNSPECIFIED.,.F.,.F.,.F.)
B_SPLINE_SURFACE_WITH_KNOTS((4,1,1,1,1,1,1,1,4),(3,3),(-4.33680868994202E-19,
0.000795847496176001,0.001591694992352,0.002387542488528,0.00318338998470401,
0.00397923748088001,0.00477508497705601,0.00557093247323201,0.00636677996940801),
(0.,1.),.UNSPECIFIED.)
GEOMETRIC_REPRESENTATION_ITEM()
RATIONAL_B_SPLINE_SURFACE(((1.,0.707106781186548,1.),(1.,0.730068544019182,
1.),(1.,0.792826070957417,1.),(1.,0.885783353498187,1.),(1.,0.952748116845587,
1.),(1.,0.982751392537955,1.),(1.,0.953794073003867,1.),(1.,0.887270782306148,
1.),(1.,0.793618952414051,1.),(1.,0.730151705024426,1.),(1.,0.707106781186551,
1.)))
REPRESENTATION_ITEM('')
SURFACE()
);
#70=(
BOUNDED_SURFACE()
B_SPLINE_SURFACE(3,2,((#11528,#11529,#11530),(#11531,#11532,#11533),(#11534,
#11535,#11536),(#11537,#11538,#11539),(#11540,#11541,#11542),(#11543,#11544,
#11545),(#11546,#11547,#11548),(#11549,#11550,#11551),(#11552,#11553,#11554),
(#11555,#11556,#11557),(#11558,#11559,#11560)),.UNSPECIFIED.,.F.,.F.,.F.)
B_SPLINE_SURFACE_WITH_KNOTS((4,1,1,1,1,1,1,1,4),(3,3),(-1.89735380184963E-17,
0.000795847496175987,0.00159169499235199,0.002387542488528,0.003183389984704,
0.00397923748088001,0.00477508497705602,0.00557093247323202,0.00636677996940803),
(0.,1.),.UNSPECIFIED.)
GEOMETRIC_REPRESENTATION_ITEM()
RATIONAL_B_SPLINE_SURFACE(((1.,0.707106781186542,1.),(1.,0.730068544020734,
1.),(1.,0.792826070956689,1.),(1.,0.885783353498385,1.),(1.,0.952748116845519,
1.),(1.,0.982751392538025,1.),(1.,0.953794073003654,1.),(1.,0.88727078230693,
1.),(1.,0.793618952411136,1.),(1.,0.730151705030708,1.),(1.,0.707106781186534,
1.)))
REPRESENTATION_ITEM('')
SURFACE()
);
#71=(
BOUNDED_SURFACE()
B_SPLINE_SURFACE(3,2,((#11565,#11566,#11567),(#11568,#11569,#11570),(#11571,
#11572,#11573),(#11574,#11575,#11576),(#11577,#11578,#11579),(#11580,#11581,
#11582),(#11583,#11584,#11585),(#11586,#11587,#11588),(#11589,#11590,#11591),
(#11592,#11593,#11594),(#11595,#11596,#11597)),.UNSPECIFIED.,.F.,.F.,.F.)
B_SPLINE_SURFACE_WITH_KNOTS((4,1,1,1,1,1,1,1,4),(3,3),(2.60208521396521E-18,
0.000795847496176013,0.00159169499235202,0.00238754248852803,0.00318338998470404,
0.00397923748088006,0.00477508497705607,0.00557093247323208,0.00636677996940809),
(0.,1.),.UNSPECIFIED.)
GEOMETRIC_REPRESENTATION_ITEM()
RATIONAL_B_SPLINE_SURFACE(((1.,0.707106781186551,1.),(1.,0.730068544017313,
1.),(1.,0.792826070958277,1.),(1.,0.88578335349796,1.),(1.,0.952748116845642,
1.),(1.,0.982751392537962,1.),(1.,0.953794073003782,1.),(1.,0.887270782306469,
1.),(1.,0.793618952412835,1.),(1.,0.730151705027033,1.),(1.,0.707106781186542,
1.)))
REPRESENTATION_ITEM('')
SURFACE()
);
#72=TOROIDAL_SURFACE('',#4541,0.015949563532307,0.00070929464057132);
#73=TOROIDAL_SURFACE('',#4698,0.0112016669258973,0.000699628173567489);
#74=TOROIDAL_SURFACE('',#4700,0.0112016669258972,0.000699628173567659);
#75=TOROIDAL_SURFACE('',#4702,0.0112016669258972,0.000699628173567672);
#76=TOROIDAL_SURFACE('',#4704,0.0112016669258973,0.000699628173567472);
#77=TOROIDAL_SURFACE('',#4706,0.0112016669258973,0.000699628173567494);
#78=TOROIDAL_SURFACE('',#4708,0.0112016669258973,0.000699628173567495);
#79=TOROIDAL_SURFACE('',#4734,0.0145304571740506,0.000709260412005617);
#80=TOROIDAL_SURFACE('',#4735,0.0145304571740506,0.000709260412005614);
#81=TOROIDAL_SURFACE('',#4736,0.0145304571740506,0.000709260412005614);
#82=TOROIDAL_SURFACE('',#4737,0.0145304571740511,0.000709260412005575);
#83=TOROIDAL_SURFACE('',#4738,0.0145304571740511,0.000709260412005581);
#84=TOROIDAL_SURFACE('',#4739,0.0145304571740506,0.000709260412005615);
#85=TOROIDAL_SURFACE('',#4740,0.00911289198612479,0.000696202443472329);
#86=TOROIDAL_SURFACE('',#4741,0.00911289198612426,0.000696202443471822);
#87=TOROIDAL_SURFACE('',#4742,0.00911289198612425,0.000696202443471841);
#88=TOROIDAL_SURFACE('',#4743,0.00911289198612426,0.000696202443471815);
#89=TOROIDAL_SURFACE('',#4744,0.00911289198612426,0.000696202443471819);
#90=TOROIDAL_SURFACE('',#4745,0.00911289198612479,0.000696202443472348);
#91=TOROIDAL_SURFACE('',#4784,0.0014224,0.0007112);
#92=TOROIDAL_SURFACE('',#4786,0.0014224,0.0007112);
#93=TOROIDAL_SURFACE('',#4792,0.0159512,0.0007112);
#94=TOROIDAL_SURFACE('',#4795,0.0014224,0.0007112);
#95=TOROIDAL_SURFACE('',#4799,0.0014224,0.0007112);
#96=TOROIDAL_SURFACE('',#4805,0.0043688,0.0007112);
#97=TOROIDAL_SURFACE('',#4808,0.0014224,0.0007112);
#98=TOROIDAL_SURFACE('',#4810,0.0014224,0.0007112);
#99=TOROIDAL_SURFACE('',#4820,0.0014224,0.0007112);
#100=TOROIDAL_SURFACE('',#4822,0.0014224,0.0007112);
#101=TOROIDAL_SURFACE('',#4824,0.0043688,0.0007112);
#102=TOROIDAL_SURFACE('',#4826,0.0014224,0.0007112);
#103=TOROIDAL_SURFACE('',#4831,0.0014224,0.0007112);
#104=TOROIDAL_SURFACE('',#4836,0.0159512,0.0007112);
#105=TOROIDAL_SURFACE('',#4838,0.0014224,0.0007112);
#106=TOROIDAL_SURFACE('',#4841,0.0014224,0.0007112);
#107=TOROIDAL_SURFACE('',#4847,0.0043688,0.0007112);
#108=TOROIDAL_SURFACE('',#4851,0.0014224,0.0007112);
#109=TOROIDAL_SURFACE('',#4853,0.0014224,0.0007112);
#110=TOROIDAL_SURFACE('',#4855,0.0043688,0.0007112);
#111=TOROIDAL_SURFACE('',#4859,0.0014224,0.0007112);
#112=TOROIDAL_SURFACE('',#4866,0.0014224,0.0007112);
#113=TOROIDAL_SURFACE('',#4869,0.0014224,0.0007112);
#114=TOROIDAL_SURFACE('',#4874,0.0014224,0.0007112);
#115=TOROIDAL_SURFACE('',#4879,0.0159512,0.0007112);
#116=TOROIDAL_SURFACE('',#4881,0.0014224,0.0007112);
#117=TOROIDAL_SURFACE('',#4884,0.0014224,0.0007112);
#118=TOROIDAL_SURFACE('',#4890,0.0043688,0.0007112);
#119=TOROIDAL_SURFACE('',#4894,0.0014224,0.0007112);
#120=TOROIDAL_SURFACE('',#4896,0.0014224,0.0007112);
#121=TOROIDAL_SURFACE('',#4898,0.0043688,0.0007112);
#122=TOROIDAL_SURFACE('',#4902,0.0014224,0.0007112);
#123=TOROIDAL_SURFACE('',#4909,0.0014224,0.0007112);
#124=TOROIDAL_SURFACE('',#4912,0.0014224,0.0007112);
#125=TOROIDAL_SURFACE('',#4917,0.0014224,0.0007112);
#126=TOROIDAL_SURFACE('',#4922,0.0159512,0.0007112);
#127=TOROIDAL_SURFACE('',#4924,0.0014224,0.0007112);
#128=TOROIDAL_SURFACE('',#4927,0.0014224,0.0007112);
#129=TOROIDAL_SURFACE('',#4933,0.0043688,0.0007112);
#130=TOROIDAL_SURFACE('',#4937,0.0014224,0.0007112);
#131=TOROIDAL_SURFACE('',#4939,0.0014224,0.0007112);
#132=TOROIDAL_SURFACE('',#4941,0.0043688,0.0007112);
#133=TOROIDAL_SURFACE('',#4945,0.0014224,0.0007112);
#134=TOROIDAL_SURFACE('',#4952,0.0014224,0.0007112);
#135=TOROIDAL_SURFACE('',#4955,0.0014224,0.0007112);
#136=TOROIDAL_SURFACE('',#4960,0.0014224,0.0007112);
#137=TOROIDAL_SURFACE('',#4965,0.0159512,0.0007112);
#138=TOROIDAL_SURFACE('',#4967,0.0014224,0.0007112);
#139=TOROIDAL_SURFACE('',#4970,0.0014224,0.0007112);
#140=TOROIDAL_SURFACE('',#4976,0.00436879999999995,0.0007112);
#141=TOROIDAL_SURFACE('',#4980,0.0014224,0.0007112);
#142=TOROIDAL_SURFACE('',#4982,0.0014224,0.0007112);
#143=TOROIDAL_SURFACE('',#4984,0.00436879999999995,0.0007112);
#144=TOROIDAL_SURFACE('',#4988,0.0014224,0.0007112);
#145=TOROIDAL_SURFACE('',#4995,0.0014224,0.0007112);
#146=TOROIDAL_SURFACE('',#4999,0.0014224,0.0007112);
#147=TOROIDAL_SURFACE('',#5001,0.0014224,0.0007112);
#148=TOROIDAL_SURFACE('',#5007,0.0159512,0.0007112);
#149=TOROIDAL_SURFACE('',#5010,0.0014224,0.0007112);
#150=TOROIDAL_SURFACE('',#5014,0.0014224,0.0007112);
#151=TOROIDAL_SURFACE('',#5020,0.00436879999999986,0.0007112);
#152=TOROIDAL_SURFACE('',#5023,0.0014224,0.0007112);
#153=TOROIDAL_SURFACE('',#5025,0.0014224,0.0007112);
#154=TOROIDAL_SURFACE('',#5035,0.0014224,0.0007112);
#155=TOROIDAL_SURFACE('',#5037,0.0014224,0.0007112);
#156=TOROIDAL_SURFACE('',#5039,0.00436879999999986,0.0007112);
#157=TOROIDAL_SURFACE('',#5040,0.00408,0.001);
#158=TOROIDAL_SURFACE('',#5047,0.00408,0.001);
#159=TOROIDAL_SURFACE('',#5049,0.00408,0.001);
#160=TOROIDAL_SURFACE('',#5055,0.00408,0.001);
#161=TOROIDAL_SURFACE('',#5056,0.00408,0.001);
#162=TOROIDAL_SURFACE('',#5063,0.00408,0.001);
#163=TOROIDAL_SURFACE('',#5065,0.00408,0.001);
#164=TOROIDAL_SURFACE('',#5071,0.00408,0.001);
#165=TOROIDAL_SURFACE('',#5075,0.003286,0.001);
#166=TOROIDAL_SURFACE('',#5079,0.003286,0.001);
#167=TOROIDAL_SURFACE('',#5086,0.003286,0.001);
#168=TOROIDAL_SURFACE('',#5090,0.003286,0.001);
#169=PLANE('',#4515);
#170=PLANE('',#4525);
#171=PLANE('',#4530);
#172=PLANE('',#4540);
#173=PLANE('',#4547);
#174=PLANE('',#4605);
#175=PLANE('',#4606);
#176=PLANE('',#4632);
#177=PLANE('',#4636);
#178=PLANE('',#4640);
#179=PLANE('',#4644);
#180=PLANE('',#4645);
#181=PLANE('',#4649);
#182=PLANE('',#4650);
#183=PLANE('',#4654);
#184=PLANE('',#4658);
#185=PLANE('',#4659);
#186=PLANE('',#4663);
#187=PLANE('',#4664);
#188=PLANE('',#4668);
#189=PLANE('',#4669);
#190=PLANE('',#4673);
#191=PLANE('',#4677);
#192=PLANE('',#4710);
#193=PLANE('',#4714);
#194=PLANE('',#4718);
#195=PLANE('',#4722);
#196=PLANE('',#4726);
#197=PLANE('',#4730);
#198=PLANE('',#5078);
#199=PLANE('',#5082);
#200=PLANE('',#5089);
#201=PLANE('',#5093);
#202=PLANE('',#5094);
#203=PLANE('',#5095);
#204=PLANE('',#5096);
#205=PLANE('',#5097);
#206=PLANE('',#5098);
#207=PLANE('',#5099);
#208=PLANE('',#5100);
#209=PLANE('',#5101);
#210=PLANE('',#5102);
#211=PLANE('',#5103);
#212=PLANE('',#5104);
#213=PLANE('',#5105);
#214=PLANE('',#5106);
#215=PLANE('',#5112);
#216=PLANE('',#5117);
#217=PLANE('',#5120);
#218=PLANE('',#5123);
#219=PLANE('',#5126);
#220=LINE('',#6553,#396);
#221=LINE('',#6558,#397);
#222=LINE('',#6565,#398);
#223=LINE('',#6566,#399);
#224=LINE('',#6582,#400);
#225=LINE('',#6587,#401);
#226=LINE('',#6596,#402);
#227=LINE('',#6600,#403);
#228=LINE('',#6602,#404);
#229=LINE('',#6603,#405);
#230=LINE('',#6619,#406);
#231=LINE('',#6624,#407);
#232=LINE('',#6628,#408);
#233=LINE('',#6632,#409);
#234=LINE('',#6648,#410);
#235=LINE('',#6653,#411);
#236=LINE('',#6662,#412);
#237=LINE('',#6666,#413);
#238=LINE('',#6668,#414);
#239=LINE('',#6669,#415);
#240=LINE('',#6730,#416);
#241=LINE('',#6735,#417);
#242=LINE('',#6739,#418);
#243=LINE('',#6743,#419);
#244=LINE('',#6753,#420);
#245=LINE('',#6761,#421);
#246=LINE('',#6769,#422);
#247=LINE('',#6777,#423);
#248=LINE('',#6785,#424);
#249=LINE('',#6793,#425);
#250=LINE('',#6801,#426);
#251=LINE('',#6809,#427);
#252=LINE('',#6817,#428);
#253=LINE('',#6825,#429);
#254=LINE('',#6833,#430);
#255=LINE('',#6841,#431);
#256=LINE('',#6843,#432);
#257=LINE('',#6848,#433);
#258=LINE('',#6852,#434);
#259=LINE('',#6856,#435);
#260=LINE('',#6860,#436);
#261=LINE('',#6864,#437);
#262=LINE('',#6868,#438);
#263=LINE('',#6872,#439);
#264=LINE('',#6876,#440);
#265=LINE('',#6880,#441);
#266=LINE('',#6884,#442);
#267=LINE('',#6888,#443);
#268=LINE('',#6892,#444);
#269=LINE('',#6895,#445);
#270=LINE('',#6907,#446);
#271=LINE('',#6909,#447);
#272=LINE('',#6911,#448);
#273=LINE('',#6918,#449);
#274=LINE('',#6922,#450);
#275=LINE('',#6930,#451);
#276=LINE('',#6934,#452);
#277=LINE('',#6942,#453);
#278=LINE('',#6946,#454);
#279=LINE('',#6954,#455);
#280=LINE('',#6958,#456);
#281=LINE('',#6966,#457);
#282=LINE('',#6970,#458);
#283=LINE('',#6978,#459);
#284=LINE('',#6982,#460);
#285=LINE('',#6988,#461);
#286=LINE('',#6991,#462);
#287=LINE('',#6993,#463);
#288=LINE('',#6995,#464);
#289=LINE('',#6999,#465);
#290=LINE('',#7003,#466);
#291=LINE('',#7005,#467);
#292=LINE('',#7007,#468);
#293=LINE('',#7011,#469);
#294=LINE('',#7015,#470);
#295=LINE('',#7017,#471);
#296=LINE('',#7019,#472);
#297=LINE('',#7023,#473);
#298=LINE('',#7027,#474);
#299=LINE('',#7029,#475);
#300=LINE('',#7031,#476);
#301=LINE('',#7039,#477);
#302=LINE('',#7041,#478);
#303=LINE('',#7043,#479);
#304=LINE('',#7045,#480);
#305=LINE('',#7047,#481);
#306=LINE('',#7057,#482);
#307=LINE('',#7061,#483);
#308=LINE('',#7063,#484);
#309=LINE('',#7066,#485);
#310=LINE('',#7078,#486);
#311=LINE('',#7080,#487);
#312=LINE('',#7082,#488);
#313=LINE('',#7090,#489);
#314=LINE('',#7092,#490);
#315=LINE('',#7094,#491);
#316=LINE('',#7096,#492);
#317=LINE('',#7098,#493);
#318=LINE('',#7108,#494);
#319=LINE('',#7112,#495);
#320=LINE('',#7120,#496);
#321=LINE('',#7122,#497);
#322=LINE('',#7124,#498);
#323=LINE('',#7126,#499);
#324=LINE('',#7128,#500);
#325=LINE('',#7138,#501);
#326=LINE('',#7142,#502);
#327=LINE('',#7144,#503);
#328=LINE('',#7147,#504);
#329=LINE('',#7159,#505);
#330=LINE('',#7161,#506);
#331=LINE('',#7163,#507);
#332=LINE('',#7171,#508);
#333=LINE('',#7173,#509);
#334=LINE('',#7175,#510);
#335=LINE('',#7177,#511);
#336=LINE('',#7179,#512);
#337=LINE('',#7189,#513);
#338=LINE('',#7193,#514);
#339=LINE('',#7195,#515);
#340=LINE('',#7198,#516);
#341=LINE('',#7210,#517);
#342=LINE('',#7212,#518);
#343=LINE('',#7214,#519);
#344=LINE('',#7222,#520);
#345=LINE('',#7224,#521);
#346=LINE('',#7226,#522);
#347=LINE('',#7228,#523);
#348=LINE('',#7230,#524);
#349=LINE('',#7240,#525);
#350=LINE('',#7244,#526);
#351=LINE('',#7246,#527);
#352=LINE('',#7249,#528);
#353=LINE('',#7261,#529);
#354=LINE('',#7263,#530);
#355=LINE('',#7265,#531);
#356=LINE('',#7273,#532);
#357=LINE('',#7275,#533);
#358=LINE('',#7277,#534);
#359=LINE('',#7279,#535);
#360=LINE('',#7281,#536);
#361=LINE('',#7291,#537);
#362=LINE('',#7295,#538);
#363=LINE('',#7297,#539);
#364=LINE('',#7300,#540);
#365=LINE('',#7312,#541);
#366=LINE('',#7314,#542);
#367=LINE('',#7316,#543);
#368=LINE('',#7321,#544);
#369=LINE('',#7326,#545);
#370=LINE('',#7330,#546);
#371=LINE('',#7334,#547);
#372=LINE('',#7551,#548);
#373=LINE('',#7552,#549);
#374=LINE('',#7561,#550);
#375=LINE('',#7562,#551);
#376=LINE('',#7566,#552);
#377=LINE('',#7574,#553);
#378=LINE('',#7581,#554);
#379=LINE('',#7582,#555);
#380=LINE('',#7586,#556);
#381=LINE('',#7594,#557);
#382=LINE('',#7596,#558);
#383=LINE('',#7604,#559);
#384=LINE('',#11436,#560);
#385=LINE('',#11438,#561);
#386=LINE('',#11518,#562);
#387=LINE('',#11520,#563);
#388=LINE('',#11600,#564);
#389=LINE('',#11601,#565);
#390=LINE('',#11605,#566);
#391=LINE('',#11606,#567);
#392=LINE('',#11610,#568);
#393=LINE('',#11611,#569);
#394=LINE('',#11615,#570);
#395=LINE('',#11616,#571);
#396=VECTOR('',#5133,1.);
#397=VECTOR('',#5136,1.);
#398=VECTOR('',#5143,1.);
#399=VECTOR('',#5144,1.);
#400=VECTOR('',#5149,1.);
#401=VECTOR('',#5152,1.);
#402=VECTOR('',#5161,1.);
#403=VECTOR('',#5164,1.);
#404=VECTOR('',#5167,1.);
#405=VECTOR('',#5168,1.);
#406=VECTOR('',#5173,1.);
#407=VECTOR('',#5176,1.);
#408=VECTOR('',#5181,1.);
#409=VECTOR('',#5184,1.);
#410=VECTOR('',#5189,1.);
#411=VECTOR('',#5192,1.);
#412=VECTOR('',#5201,1.);
#413=VECTOR('',#5204,1.);
#414=VECTOR('',#5207,1.);
#415=VECTOR('',#5208,1.);
#416=VECTOR('',#5231,1.);
#417=VECTOR('',#5234,1.);
#418=VECTOR('',#5237,1.);
#419=VECTOR('',#5240,1.);
#420=VECTOR('',#5249,1.);
#421=VECTOR('',#5256,1.);
#422=VECTOR('',#5263,1.);
#423=VECTOR('',#5270,1.);
#424=VECTOR('',#5277,1.);
#425=VECTOR('',#5284,1.);
#426=VECTOR('',#5291,1.);
#427=VECTOR('',#5298,1.);
#428=VECTOR('',#5305,1.);
#429=VECTOR('',#5312,1.);
#430=VECTOR('',#5319,1.);
#431=VECTOR('',#5326,1.);
#432=VECTOR('',#5329,1.);
#433=VECTOR('',#5332,1.);
#434=VECTOR('',#5335,1.);
#435=VECTOR('',#5338,1.);
#436=VECTOR('',#5341,1.);
#437=VECTOR('',#5344,1.);
#438=VECTOR('',#5347,1.);
#439=VECTOR('',#5350,1.);
#440=VECTOR('',#5353,1.);
#441=VECTOR('',#5356,1.);
#442=VECTOR('',#5359,1.);
#443=VECTOR('',#5362,1.);
#444=VECTOR('',#5367,1.);
#445=VECTOR('',#5368,1.);
#446=VECTOR('',#5369,1.);
#447=VECTOR('',#5370,1.);
#448=VECTOR('',#5371,1.);
#449=VECTOR('',#5378,1.);
#450=VECTOR('',#5381,1.);
#451=VECTOR('',#5388,1.);
#452=VECTOR('',#5391,1.);
#453=VECTOR('',#5398,1.);
#454=VECTOR('',#5401,1.);
#455=VECTOR('',#5408,1.);
#456=VECTOR('',#5411,1.);
#457=VECTOR('',#5418,1.);
#458=VECTOR('',#5421,1.);
#459=VECTOR('',#5428,1.);
#460=VECTOR('',#5431,1.);
#461=VECTOR('',#5438,1.);
#462=VECTOR('',#5439,1.);
#463=VECTOR('',#5440,1.);
#464=VECTOR('',#5441,1.);
#465=VECTOR('',#5446,1.);
#466=VECTOR('',#5451,1.);
#467=VECTOR('',#5452,1.);
#468=VECTOR('',#5453,1.);
#469=VECTOR('',#5458,1.);
#470=VECTOR('',#5463,1.);
#471=VECTOR('',#5464,1.);
#472=VECTOR('',#5465,1.);
#473=VECTOR('',#5470,1.);
#474=VECTOR('',#5475,1.);
#475=VECTOR('',#5476,1.);
#476=VECTOR('',#5477,1.);
#477=VECTOR('',#5480,1.);
#478=VECTOR('',#5481,1.);
#479=VECTOR('',#5482,1.);
#480=VECTOR('',#5483,1.);
#481=VECTOR('',#5484,1.);
#482=VECTOR('',#5489,1.);
#483=VECTOR('',#5492,1.);
#484=VECTOR('',#5495,1.);
#485=VECTOR('',#5496,1.);
#486=VECTOR('',#5497,1.);
#487=VECTOR('',#5498,1.);
#488=VECTOR('',#5499,1.);
#489=VECTOR('',#5502,1.);
#490=VECTOR('',#5503,1.);
#491=VECTOR('',#5504,1.);
#492=VECTOR('',#5505,1.);
#493=VECTOR('',#5506,1.);
#494=VECTOR('',#5511,1.);
#495=VECTOR('',#5514,1.);
#496=VECTOR('',#5517,1.);
#497=VECTOR('',#5518,1.);
#498=VECTOR('',#5519,1.);
#499=VECTOR('',#5520,1.);
#500=VECTOR('',#5521,1.);
#501=VECTOR('',#5526,1.);
#502=VECTOR('',#5529,1.);
#503=VECTOR('',#5532,1.);
#504=VECTOR('',#5533,1.);
#505=VECTOR('',#5534,1.);
#506=VECTOR('',#5535,1.);
#507=VECTOR('',#5536,1.);
#508=VECTOR('',#5539,1.);
#509=VECTOR('',#5540,1.);
#510=VECTOR('',#5541,1.);
#511=VECTOR('',#5542,1.);
#512=VECTOR('',#5543,1.);
#513=VECTOR('',#5548,1.);
#514=VECTOR('',#5551,1.);
#515=VECTOR('',#5554,1.);
#516=VECTOR('',#5555,1.);
#517=VECTOR('',#5556,1.);
#518=VECTOR('',#5557,1.);
#519=VECTOR('',#5558,1.);
#520=VECTOR('',#5561,1.);
#521=VECTOR('',#5562,1.);
#522=VECTOR('',#5563,1.);
#523=VECTOR('',#5564,1.);
#524=VECTOR('',#5565,1.);
#525=VECTOR('',#5570,1.);
#526=VECTOR('',#5573,1.);
#527=VECTOR('',#5576,1.);
#528=VECTOR('',#5577,1.);
#529=VECTOR('',#5578,1.);
#530=VECTOR('',#5579,1.);
#531=VECTOR('',#5580,1.);
#532=VECTOR('',#5583,1.);
#533=VECTOR('',#5584,1.);
#534=VECTOR('',#5585,1.);
#535=VECTOR('',#5586,1.);
#536=VECTOR('',#5587,1.);
#537=VECTOR('',#5592,1.);
#538=VECTOR('',#5595,1.);
#539=VECTOR('',#5598,1.);
#540=VECTOR('',#5599,1.);
#541=VECTOR('',#5600,1.);
#542=VECTOR('',#5601,1.);
#543=VECTOR('',#5602,1.);
#544=VECTOR('',#5611,1.);
#545=VECTOR('',#5614,1.);
#546=VECTOR('',#5617,1.);
#547=VECTOR('',#5620,1.);
#548=VECTOR('',#5685,1.);
#549=VECTOR('',#5686,1.);
#550=VECTOR('',#5695,1.);
#551=VECTOR('',#5696,1.);
#552=VECTOR('',#5701,1.);
#553=VECTOR('',#5708,1.);
#554=VECTOR('',#5715,1.);
#555=VECTOR('',#5716,1.);
#556=VECTOR('',#5721,1.);
#557=VECTOR('',#5728,1.);
#558=VECTOR('',#5731,1.);
#559=VECTOR('',#5738,1.);
#560=VECTOR('',#6417,1.);
#561=VECTOR('',#6418,1.);
#562=VECTOR('',#6441,1.);
#563=VECTOR('',#6442,1.);
#564=VECTOR('',#6465,1.);
#565=VECTOR('',#6466,1.);
#566=VECTOR('',#6473,1.);
#567=VECTOR('',#6474,1.);
#568=VECTOR('',#6481,1.);
#569=VECTOR('',#6482,1.);
#570=VECTOR('',#6489,1.);
#571=VECTOR('',#6490,1.);
#572=B_SPLINE_CURVE_WITH_KNOTS('',3,(#6542,#6543,#6544,#6545,#6546,#6547,
#6548,#6549,#6550,#6551,#6552),.UNSPECIFIED.,.F.,.F.,(4,1,1,1,1,1,1,1,4),
(0.,0.000585727897013179,0.00117145579402636,0.00175718369103954,0.00234291158805272,
0.00292863948506589,0.00351436738207907,0.00410009527909225,0.00468582317610543),
 .UNSPECIFIED.);
#573=B_SPLINE_CURVE_WITH_KNOTS('',3,(#6571,#6572,#6573,#6574,#6575,#6576,
#6577,#6578,#6579,#6580,#6581),.UNSPECIFIED.,.F.,.F.,(4,1,1,1,1,1,1,1,4),
(0.,0.000585727897013181,0.00117145579402636,0.00175718369103954,0.00234291158805272,
0.00292863948506591,0.00351436738207909,0.00410009527909227,0.00468582317610545),
 .UNSPECIFIED.);
#574=B_SPLINE_CURVE_WITH_KNOTS('',3,(#6608,#6609,#6610,#6611,#6612,#6613,
#6614,#6615,#6616,#6617,#6618),.UNSPECIFIED.,.F.,.F.,(4,1,1,1,1,1,1,1,4),
(0.,0.000585727897013169,0.00117145579402634,0.00175718369103951,0.00234291158805267,
0.00292863948506584,0.00351436738207901,0.00410009527909218,0.00468582317610535),
 .UNSPECIFIED.);
#575=B_SPLINE_CURVE_WITH_KNOTS('',3,(#6637,#6638,#6639,#6640,#6641,#6642,
#6643,#6644,#6645,#6646,#6647),.UNSPECIFIED.,.F.,.F.,(4,1,1,1,1,1,1,1,4),
(0.,0.000585727897013182,0.00117145579402636,0.00175718369103955,0.00234291158805273,
0.00292863948506591,0.00351436738207909,0.00410009527909228,0.00468582317610546),
 .UNSPECIFIED.);
#576=B_SPLINE_CURVE_WITH_KNOTS('',3,(#6676,#6677,#6678,#6679,#6680,#6681,
#6682,#6683,#6684),.UNSPECIFIED.,.F.,.F.,(4,1,1,1,1,1,4),(0.,0.000675467930555102,
0.0013509358611102,0.00270187172222041,0.00405280758333061,0.00472827551388571,
0.00540374344444081),.UNSPECIFIED.);
#577=B_SPLINE_CURVE_WITH_KNOTS('',3,(#6688,#6689,#6690,#6691,#6692,#6693,
#6694,#6695,#6696),.UNSPECIFIED.,.F.,.F.,(4,1,1,1,1,1,4),(0.,0.000675467930555101,
0.0013509358611102,0.0027018717222204,0.00405280758333061,0.00472827551388571,
0.00540374344444081),.UNSPECIFIED.);
#578=B_SPLINE_CURVE_WITH_KNOTS('',3,(#6700,#6701,#6702,#6703,#6704,#6705,
#6706,#6707,#6708),.UNSPECIFIED.,.F.,.F.,(4,1,1,1,1,1,4),(0.,0.000675467930555099,
0.0013509358611102,0.0027018717222204,0.00405280758333059,0.00472827551388569,
0.00540374344444079),.UNSPECIFIED.);
#579=B_SPLINE_CURVE_WITH_KNOTS('',3,(#6712,#6713,#6714,#6715,#6716,#6717,
#6718,#6719,#6720),.UNSPECIFIED.,.F.,.F.,(4,1,1,1,1,1,4),(0.,0.000675467930555097,
0.00135093586111019,0.00270187172222039,0.00405280758333058,0.00472827551388568,
0.00540374344444078),.UNSPECIFIED.);
#580=B_SPLINE_CURVE_WITH_KNOTS('',3,(#6897,#6898,#6899,#6900),
 .UNSPECIFIED.,.F.,.F.,(4,4),(0.,0.00111268004352326),.UNSPECIFIED.);
#581=B_SPLINE_CURVE_WITH_KNOTS('',3,(#6902,#6903,#6904,#6905),
 .UNSPECIFIED.,.F.,.F.,(4,4),(0.,0.00155571578327325),.UNSPECIFIED.);
#582=B_SPLINE_CURVE_WITH_KNOTS('',3,(#7033,#7034,#7035,#7036),
 .UNSPECIFIED.,.F.,.F.,(4,4),(0.,0.00111270669873994),.UNSPECIFIED.);
#583=B_SPLINE_CURVE_WITH_KNOTS('',3,(#7049,#7050,#7051,#7052),
 .UNSPECIFIED.,.F.,.F.,(4,4),(4.91393416979745E-6,0.00156062971744304),
 .UNSPECIFIED.);
#584=B_SPLINE_CURVE_WITH_KNOTS('',3,(#7068,#7069,#7070,#7071),
 .UNSPECIFIED.,.F.,.F.,(4,4),(0.,0.00111268004352326),.UNSPECIFIED.);
#585=B_SPLINE_CURVE_WITH_KNOTS('',3,(#7073,#7074,#7075,#7076),
 .UNSPECIFIED.,.F.,.F.,(4,4),(0.,0.00155571578327325),.UNSPECIFIED.);
#586=B_SPLINE_CURVE_WITH_KNOTS('',3,(#7084,#7085,#7086,#7087),
 .UNSPECIFIED.,.F.,.F.,(4,4),(0.,0.00111270669873993),.UNSPECIFIED.);
#587=B_SPLINE_CURVE_WITH_KNOTS('',3,(#7100,#7101,#7102,#7103),
 .UNSPECIFIED.,.F.,.F.,(4,4),(4.91393416980192E-6,0.00156062971744304),
 .UNSPECIFIED.);
#588=B_SPLINE_CURVE_WITH_KNOTS('',3,(#7114,#7115,#7116,#7117),
 .UNSPECIFIED.,.F.,.F.,(4,4),(0.,0.00111270669873993),.UNSPECIFIED.);
#589=B_SPLINE_CURVE_WITH_KNOTS('',3,(#7130,#7131,#7132,#7133),
 .UNSPECIFIED.,.F.,.F.,(4,4),(4.91393416980422E-6,0.00156062971744306),
 .UNSPECIFIED.);
#590=B_SPLINE_CURVE_WITH_KNOTS('',3,(#7149,#7150,#7151,#7152),
 .UNSPECIFIED.,.F.,.F.,(4,4),(0.,0.00111268004352326),.UNSPECIFIED.);
#591=B_SPLINE_CURVE_WITH_KNOTS('',3,(#7154,#7155,#7156,#7157),
 .UNSPECIFIED.,.F.,.F.,(4,4),(0.,0.00155571578327325),.UNSPECIFIED.);
#592=B_SPLINE_CURVE_WITH_KNOTS('',3,(#7165,#7166,#7167,#7168),
 .UNSPECIFIED.,.F.,.F.,(4,4),(0.,0.00111270669873994),.UNSPECIFIED.);
#593=B_SPLINE_CURVE_WITH_KNOTS('',3,(#7181,#7182,#7183,#7184),
 .UNSPECIFIED.,.F.,.F.,(4,4),(4.91393416980353E-6,0.00156062971744306),
 .UNSPECIFIED.);
#594=B_SPLINE_CURVE_WITH_KNOTS('',3,(#7200,#7201,#7202,#7203),
 .UNSPECIFIED.,.F.,.F.,(4,4),(0.,0.00111268004352326),.UNSPECIFIED.);
#595=B_SPLINE_CURVE_WITH_KNOTS('',3,(#7205,#7206,#7207,#7208),
 .UNSPECIFIED.,.F.,.F.,(4,4),(0.,0.00155571578327325),.UNSPECIFIED.);
#596=B_SPLINE_CURVE_WITH_KNOTS('',3,(#7216,#7217,#7218,#7219),
 .UNSPECIFIED.,.F.,.F.,(4,4),(0.,0.00111270669873994),.UNSPECIFIED.);
#597=B_SPLINE_CURVE_WITH_KNOTS('',3,(#7232,#7233,#7234,#7235),
 .UNSPECIFIED.,.F.,.F.,(4,4),(4.91393416980143E-6,0.00156062971744306),
 .UNSPECIFIED.);
#598=B_SPLINE_CURVE_WITH_KNOTS('',3,(#7251,#7252,#7253,#7254),
 .UNSPECIFIED.,.F.,.F.,(4,4),(0.,0.00111268004352325),.UNSPECIFIED.);
#599=B_SPLINE_CURVE_WITH_KNOTS('',3,(#7256,#7257,#7258,#7259),
 .UNSPECIFIED.,.F.,.F.,(4,4),(0.,0.00155571578327325),.UNSPECIFIED.);
#600=B_SPLINE_CURVE_WITH_KNOTS('',3,(#7267,#7268,#7269,#7270),
 .UNSPECIFIED.,.F.,.F.,(4,4),(0.,0.00111270669873993),.UNSPECIFIED.);
#601=B_SPLINE_CURVE_WITH_KNOTS('',3,(#7283,#7284,#7285,#7286),
 .UNSPECIFIED.,.F.,.F.,(4,4),(4.91393416980055E-6,0.00156062971744306),
 .UNSPECIFIED.);
#602=B_SPLINE_CURVE_WITH_KNOTS('',3,(#7302,#7303,#7304,#7305),
 .UNSPECIFIED.,.F.,.F.,(4,4),(0.,0.00111268004352326),.UNSPECIFIED.);
#603=B_SPLINE_CURVE_WITH_KNOTS('',3,(#7307,#7308,#7309,#7310),
 .UNSPECIFIED.,.F.,.F.,(4,4),(0.,0.00155571578327325),.UNSPECIFIED.);
#604=B_SPLINE_CURVE_WITH_KNOTS('',3,(#7352,#7353,#7354,#7355),
 .UNSPECIFIED.,.F.,.F.,(4,4),(2.33544295323508E-18,0.00156001277758391),
 .UNSPECIFIED.);
#605=B_SPLINE_CURVE_WITH_KNOTS('',3,(#7359,#7360,#7361,#7362),
 .UNSPECIFIED.,.F.,.F.,(4,4),(5.90098097695334E-9,0.00156001277758393),
 .UNSPECIFIED.);
#606=B_SPLINE_CURVE_WITH_KNOTS('',3,(#7374,#7375,#7376,#7377),
 .UNSPECIFIED.,.F.,.F.,(4,4),(2.33544295323508E-18,0.00156001277758392),
 .UNSPECIFIED.);
#607=B_SPLINE_CURVE_WITH_KNOTS('',3,(#7381,#7382,#7383,#7384),
 .UNSPECIFIED.,.F.,.F.,(4,4),(5.90098094806445E-9,0.0015600127775838),
 .UNSPECIFIED.);
#608=B_SPLINE_CURVE_WITH_KNOTS('',3,(#7396,#7397,#7398,#7399),
 .UNSPECIFIED.,.F.,.F.,(4,4),(5.90098097673403E-9,0.00156001277758392),
 .UNSPECIFIED.);
#609=B_SPLINE_CURVE_WITH_KNOTS('',3,(#7403,#7404,#7405,#7406),
 .UNSPECIFIED.,.F.,.F.,(4,4),(4.33680868994202E-19,0.00156001277758392),
 .UNSPECIFIED.);
#610=B_SPLINE_CURVE_WITH_KNOTS('',3,(#7418,#7419,#7420,#7421),
 .UNSPECIFIED.,.F.,.F.,(4,4),(2.33544295323508E-18,0.00156001277758391),
 .UNSPECIFIED.);
#611=B_SPLINE_CURVE_WITH_KNOTS('',3,(#7425,#7426,#7427,#7428),
 .UNSPECIFIED.,.F.,.F.,(4,4),(5.90098097035636E-9,0.00156001277758393),
 .UNSPECIFIED.);
#612=B_SPLINE_CURVE_WITH_KNOTS('',3,(#7440,#7441,#7442,#7443),
 .UNSPECIFIED.,.F.,.F.,(4,4),(5.90098097066977E-9,0.00156001277758391),
 .UNSPECIFIED.);
#613=B_SPLINE_CURVE_WITH_KNOTS('',3,(#7447,#7448,#7449,#7450),
 .UNSPECIFIED.,.F.,.F.,(4,4),(1.45137378944004E-17,0.00156001277758393),
 .UNSPECIFIED.);
#614=B_SPLINE_CURVE_WITH_KNOTS('',3,(#7462,#7463,#7464,#7465),
 .UNSPECIFIED.,.F.,.F.,(4,4),(5.90098097673403E-9,0.00156001277758393),
 .UNSPECIFIED.);
#615=B_SPLINE_CURVE_WITH_KNOTS('',3,(#7469,#7470,#7471,#7472),
 .UNSPECIFIED.,.F.,.F.,(4,4),(5.55382496713543E-18,0.00156001277758392),
 .UNSPECIFIED.);
#616=B_SPLINE_CURVE_WITH_KNOTS('',3,(#7477,#7478,#7479,#7480),
 .UNSPECIFIED.,.F.,.F.,(4,4),(0.,0.000563920646598039),.UNSPECIFIED.);
#617=B_SPLINE_CURVE_WITH_KNOTS('',3,(#7481,#7482,#7483,#7484),
 .UNSPECIFIED.,.F.,.F.,(4,4),(0.,0.000563878729238613),.UNSPECIFIED.);
#618=B_SPLINE_CURVE_WITH_KNOTS('',3,(#7489,#7490,#7491,#7492),
 .UNSPECIFIED.,.F.,.F.,(4,4),(0.,0.00056392064659804),.UNSPECIFIED.);
#619=B_SPLINE_CURVE_WITH_KNOTS('',3,(#7493,#7494,#7495,#7496),
 .UNSPECIFIED.,.F.,.F.,(4,4),(0.,0.000563878729238633),.UNSPECIFIED.);
#620=B_SPLINE_CURVE_WITH_KNOTS('',3,(#7498,#7499,#7500,#7501),
 .UNSPECIFIED.,.F.,.F.,(4,4),(0.,0.000563878729238594),.UNSPECIFIED.);
#621=B_SPLINE_CURVE_WITH_KNOTS('',3,(#7505,#7506,#7507,#7508),
 .UNSPECIFIED.,.F.,.F.,(4,4),(0.,0.000563920646598031),.UNSPECIFIED.);
#622=B_SPLINE_CURVE_WITH_KNOTS('',3,(#7513,#7514,#7515,#7516),
 .UNSPECIFIED.,.F.,.F.,(4,4),(0.,0.000563920646598034),.UNSPECIFIED.);
#623=B_SPLINE_CURVE_WITH_KNOTS('',3,(#7517,#7518,#7519,#7520),
 .UNSPECIFIED.,.F.,.F.,(4,4),(0.,0.0005638787292386),.UNSPECIFIED.);
#624=B_SPLINE_CURVE_WITH_KNOTS('',3,(#7522,#7523,#7524,#7525),
 .UNSPECIFIED.,.F.,.F.,(4,4),(0.,0.000563878729238626),.UNSPECIFIED.);
#625=B_SPLINE_CURVE_WITH_KNOTS('',3,(#7529,#7530,#7531,#7532),
 .UNSPECIFIED.,.F.,.F.,(4,4),(0.,0.00056392064659802),.UNSPECIFIED.);
#626=B_SPLINE_CURVE_WITH_KNOTS('',3,(#7534,#7535,#7536,#7537),
 .UNSPECIFIED.,.F.,.F.,(4,4),(0.,0.000563878729238595),.UNSPECIFIED.);
#627=B_SPLINE_CURVE_WITH_KNOTS('',3,(#7541,#7542,#7543,#7544),
 .UNSPECIFIED.,.F.,.F.,(4,4),(0.,0.000563920646598031),.UNSPECIFIED.);
#628=B_SPLINE_CURVE_WITH_KNOTS('',3,(#7606,#7607,#7608,#7609,#7610,#7611),
 .UNSPECIFIED.,.F.,.F.,(4,1,1,4),(-7.62314099847278E-6,0.000940741302209685,
0.00141492352381376,0.00188910574541784),.UNSPECIFIED.);
#629=B_SPLINE_CURVE_WITH_KNOTS('',3,(#7612,#7613,#7614,#7615,#7616,#7617),
 .UNSPECIFIED.,.F.,.F.,(4,1,1,4),(0.,0.000474930589187291,0.000949861178374581,
0.00189972235674916),.UNSPECIFIED.);
#630=B_SPLINE_CURVE_WITH_KNOTS('',3,(#7619,#7620,#7621,#7622,#7623,#7624),
 .UNSPECIFIED.,.F.,.F.,(4,1,1,4),(-7.6231409979989E-6,0.000940741302210137,
0.00141492352381421,0.00188910574541827),.UNSPECIFIED.);
#631=B_SPLINE_CURVE_WITH_KNOTS('',3,(#7625,#7626,#7627,#7628,#7629,#7630),
 .UNSPECIFIED.,.F.,.F.,(4,1,1,4),(0.,0.000474930589187292,0.000949861178374585,
0.00189972235674917),.UNSPECIFIED.);
#632=B_SPLINE_CURVE_WITH_KNOTS('',3,(#7632,#7633,#7634,#7635,#7636,#7637),
 .UNSPECIFIED.,.F.,.F.,(4,1,1,4),(0.,0.000474930589187294,0.000949861178374589,
0.00189972235674918),.UNSPECIFIED.);
#633=B_SPLINE_CURVE_WITH_KNOTS('',3,(#7638,#7639,#7640,#7641,#7642,#7643),
 .UNSPECIFIED.,.F.,.F.,(4,1,1,4),(-7.62314099778041E-6,0.000940741302210358,
0.00141492352381443,0.0018891057454185),.UNSPECIFIED.);
#634=B_SPLINE_CURVE_WITH_KNOTS('',3,(#7645,#7646,#7647,#7648,#7649,#7650),
 .UNSPECIFIED.,.F.,.F.,(4,1,1,4),(-7.62314099797656E-6,0.000940741302210332,
0.00141492352381449,0.00188910574541864),.UNSPECIFIED.);
#635=B_SPLINE_CURVE_WITH_KNOTS('',3,(#7651,#7652,#7653,#7654,#7655,#7656),
 .UNSPECIFIED.,.F.,.F.,(4,1,1,4),(0.,0.000474930589187285,0.00094986117837457,
0.00189972235674914),.UNSPECIFIED.);
#636=B_SPLINE_CURVE_WITH_KNOTS('',3,(#7658,#7659,#7660,#7661,#7662,#7663),
 .UNSPECIFIED.,.F.,.F.,(4,1,1,4),(0.,0.000474930589187294,0.000949861178374589,
0.00189972235674918),.UNSPECIFIED.);
#637=B_SPLINE_CURVE_WITH_KNOTS('',3,(#7664,#7665,#7666,#7667,#7668,#7669),
 .UNSPECIFIED.,.F.,.F.,(4,1,1,4),(-7.62314099834858E-6,0.000940741302209798,
0.00141492352381387,0.00188910574541794),.UNSPECIFIED.);
#638=B_SPLINE_CURVE_WITH_KNOTS('',3,(#7671,#7672,#7673,#7674,#7675,#7676),
 .UNSPECIFIED.,.F.,.F.,(4,1,1,4),(0.,0.000474930589187292,0.000949861178374583,
0.00189972235674917),.UNSPECIFIED.);
#639=B_SPLINE_CURVE_WITH_KNOTS('',3,(#7677,#7678,#7679,#7680,#7681,#7682),
 .UNSPECIFIED.,.F.,.F.,(4,1,1,4),(-7.62314099851487E-6,0.000940741302209637,
0.00141492352381371,0.00188910574541779),.UNSPECIFIED.);
#640=B_SPLINE_CURVE_WITH_KNOTS('',3,(#7684,#7685,#7686,#7687),
 .UNSPECIFIED.,.F.,.F.,(4,4),(0.,1.),.UNSPECIFIED.);
#641=B_SPLINE_CURVE_WITH_KNOTS('',3,(#7688,#7689,#7690,#7691),
 .UNSPECIFIED.,.F.,.F.,(4,4),(0.,1.),.UNSPECIFIED.);
#642=B_SPLINE_CURVE_WITH_KNOTS('',3,(#7693,#7694,#7695,#7696),
 .UNSPECIFIED.,.F.,.F.,(4,4),(0.,1.),.UNSPECIFIED.);
#643=B_SPLINE_CURVE_WITH_KNOTS('',3,(#7697,#7698,#7699,#7700),
 .UNSPECIFIED.,.F.,.F.,(4,4),(0.,1.),.UNSPECIFIED.);
#644=B_SPLINE_CURVE_WITH_KNOTS('',3,(#7702,#7703,#7704,#7705),
 .UNSPECIFIED.,.F.,.F.,(4,4),(0.,1.),.UNSPECIFIED.);
#645=B_SPLINE_CURVE_WITH_KNOTS('',3,(#7706,#7707,#7708,#7709),
 .UNSPECIFIED.,.F.,.F.,(4,4),(0.,1.),.UNSPECIFIED.);
#646=B_SPLINE_CURVE_WITH_KNOTS('',3,(#7711,#7712,#7713,#7714),
 .UNSPECIFIED.,.F.,.F.,(4,4),(0.,1.),.UNSPECIFIED.);
#647=B_SPLINE_CURVE_WITH_KNOTS('',3,(#7715,#7716,#7717,#7718),
 .UNSPECIFIED.,.F.,.F.,(4,4),(0.,1.),.UNSPECIFIED.);
#648=B_SPLINE_CURVE_WITH_KNOTS('',3,(#7720,#7721,#7722,#7723),
 .UNSPECIFIED.,.F.,.F.,(4,4),(0.,1.),.UNSPECIFIED.);
#649=B_SPLINE_CURVE_WITH_KNOTS('',3,(#7724,#7725,#7726,#7727),
 .UNSPECIFIED.,.F.,.F.,(4,4),(0.,1.),.UNSPECIFIED.);
#650=B_SPLINE_CURVE_WITH_KNOTS('',3,(#7729,#7730,#7731,#7732),
 .UNSPECIFIED.,.F.,.F.,(4,4),(0.,1.),.UNSPECIFIED.);
#651=B_SPLINE_CURVE_WITH_KNOTS('',3,(#7733,#7734,#7735,#7736),
 .UNSPECIFIED.,.F.,.F.,(4,4),(0.,1.),.UNSPECIFIED.);
#652=B_SPLINE_CURVE_WITH_KNOTS('',3,(#7738,#7739,#7740,#7741,#7742,#7743),
 .UNSPECIFIED.,.F.,.F.,(4,1,1,4),(0.,0.000473338975962771,0.000946677951925543,
0.00189335590385109),.UNSPECIFIED.);
#653=B_SPLINE_CURVE_WITH_KNOTS('',3,(#7750,#7751,#7752,#7753,#7754,#7755),
 .UNSPECIFIED.,.F.,.F.,(4,1,1,4),(0.,0.000473338975962763,0.000946677951925527,
0.00189335590385105),.UNSPECIFIED.);
#654=B_SPLINE_CURVE_WITH_KNOTS('',3,(#7758,#7759,#7760,#7761,#7762,#7763),
 .UNSPECIFIED.,.F.,.F.,(4,1,1,4),(0.,0.00047333897596277,0.000946677951925541,
0.00189335590385108),.UNSPECIFIED.);
#655=B_SPLINE_CURVE_WITH_KNOTS('',3,(#7770,#7771,#7772,#7773,#7774,#7775),
 .UNSPECIFIED.,.F.,.F.,(4,1,1,4),(0.,0.000473338975962769,0.000946677951925538,
0.00189335590385108),.UNSPECIFIED.);
#656=B_SPLINE_CURVE_WITH_KNOTS('',3,(#7778,#7779,#7780,#7781,#7782,#7783),
 .UNSPECIFIED.,.F.,.F.,(4,1,1,4),(1.73472347597681E-18,0.000473338975962767,
0.000946677951925532,0.00189335590385106),.UNSPECIFIED.);
#657=B_SPLINE_CURVE_WITH_KNOTS('',3,(#7788,#7789,#7790,#7791,#7792,#7793),
 .UNSPECIFIED.,.F.,.F.,(4,1,1,4),(0.,0.000473338975962768,0.000946677951925536,
0.00189335590385107),.UNSPECIFIED.);
#658=B_SPLINE_CURVE_WITH_KNOTS('',3,(#7800,#7801,#7802,#7803,#7804,#7805),
 .UNSPECIFIED.,.F.,.F.,(4,1,1,4),(1.73472347597681E-18,0.000473338975962765,
0.000946677951925528,0.00189335590385105),.UNSPECIFIED.);
#659=B_SPLINE_CURVE_WITH_KNOTS('',3,(#7810,#7811,#7812,#7813,#7814,#7815),
 .UNSPECIFIED.,.F.,.F.,(4,1,1,4),(0.,0.000473338975962774,0.000946677951925549,
0.0018933559038511),.UNSPECIFIED.);
#660=B_SPLINE_CURVE_WITH_KNOTS('',3,(#7818,#7819,#7820,#7821,#7822,#7823),
 .UNSPECIFIED.,.F.,.F.,(4,1,1,4),(8.67361737988403E-19,0.000473338975962763,
0.000946677951925525,0.00189335590385105),.UNSPECIFIED.);
#661=B_SPLINE_CURVE_WITH_KNOTS('',3,(#7828,#7829,#7830,#7831,#7832,#7833),
 .UNSPECIFIED.,.F.,.F.,(4,1,1,4),(0.,0.00047333897596277,0.000946677951925541,
0.00189335590385108),.UNSPECIFIED.);
#662=B_SPLINE_CURVE_WITH_KNOTS('',3,(#7841,#7842,#7843,#7844,#7845,#7846),
 .UNSPECIFIED.,.F.,.F.,(4,1,1,4),(0.,0.000473338975962761,0.000946677951925521,
0.00189335590385104),.UNSPECIFIED.);
#663=B_SPLINE_CURVE_WITH_KNOTS('',3,(#7850,#7851,#7852,#7853,#7854,#7855),
 .UNSPECIFIED.,.F.,.F.,(4,1,1,4),(0.,0.000473338975962853,0.000946677951925706,
0.00189335590385141),.UNSPECIFIED.);
#664=B_SPLINE_CURVE_WITH_KNOTS('',3,(#7956,#7957,#7958,#7959),
 .UNSPECIFIED.,.F.,.F.,(4,4),(0.,1.),.UNSPECIFIED.);
#665=B_SPLINE_CURVE_WITH_KNOTS('',3,(#7972,#7973,#7974,#7975),
 .UNSPECIFIED.,.F.,.F.,(4,4),(0.,1.),.UNSPECIFIED.);
#666=B_SPLINE_CURVE_WITH_KNOTS('',3,(#8203,#8204,#8205,#8206,#8207),
 .UNSPECIFIED.,.F.,.F.,(4,1,4),(7.06681079965637E-5,0.500035334053998,1.),
 .UNSPECIFIED.);
#667=B_SPLINE_CURVE_WITH_KNOTS('',3,(#8428,#8429,#8430,#8431,#8432),
 .UNSPECIFIED.,.F.,.F.,(4,1,4),(0.,0.5,1.),.UNSPECIFIED.);
#668=B_SPLINE_CURVE_WITH_KNOTS('',3,(#8502,#8503,#8504,#8505),
 .UNSPECIFIED.,.F.,.F.,(4,4),(0.,1.),.UNSPECIFIED.);
#669=B_SPLINE_CURVE_WITH_KNOTS('',3,(#8730,#8731,#8732,#8733,#8734),
 .UNSPECIFIED.,.F.,.F.,(4,1,4),(0.,0.5,1.),.UNSPECIFIED.);
#670=B_SPLINE_CURVE_WITH_KNOTS('',3,(#8759,#8760,#8761,#8762,#8763),
 .UNSPECIFIED.,.F.,.F.,(4,1,4),(7.0668106966263E-5,0.500035334053483,1.),
 .UNSPECIFIED.);
#671=B_SPLINE_CURVE_WITH_KNOTS('',3,(#8984,#8985,#8986,#8987),
 .UNSPECIFIED.,.F.,.F.,(4,4),(0.,1.),.UNSPECIFIED.);
#672=B_SPLINE_CURVE_WITH_KNOTS('',3,(#9093,#9094,#9095,#9096),
 .UNSPECIFIED.,.F.,.F.,(4,4),(0.,1.),.UNSPECIFIED.);
#673=B_SPLINE_CURVE_WITH_KNOTS('',3,(#9321,#9322,#9323,#9324,#9325),
 .UNSPECIFIED.,.F.,.F.,(4,1,4),(0.,0.5,1.),.UNSPECIFIED.);
#674=B_SPLINE_CURVE_WITH_KNOTS('',3,(#9350,#9351,#9352,#9353,#9354),
 .UNSPECIFIED.,.F.,.F.,(4,1,4),(7.06681100675414E-5,0.500035334055034,1.),
 .UNSPECIFIED.);
#675=B_SPLINE_CURVE_WITH_KNOTS('',3,(#9575,#9576,#9577,#9578),
 .UNSPECIFIED.,.F.,.F.,(4,4),(0.,1.),.UNSPECIFIED.);
#676=B_SPLINE_CURVE_WITH_KNOTS('',3,(#9684,#9685,#9686,#9687),
 .UNSPECIFIED.,.F.,.F.,(4,4),(0.,1.),.UNSPECIFIED.);
#677=B_SPLINE_CURVE_WITH_KNOTS('',3,(#9912,#9913,#9914,#9915,#9916),
 .UNSPECIFIED.,.F.,.F.,(4,1,4),(0.,0.5,1.),.UNSPECIFIED.);
#678=B_SPLINE_CURVE_WITH_KNOTS('',3,(#9941,#9942,#9943,#9944,#9945),
 .UNSPECIFIED.,.F.,.F.,(4,1,4),(7.06681079904211E-5,0.500035334053995,1.),
 .UNSPECIFIED.);
#679=B_SPLINE_CURVE_WITH_KNOTS('',3,(#10166,#10167,#10168,#10169),
 .UNSPECIFIED.,.F.,.F.,(4,4),(0.,1.),.UNSPECIFIED.);
#680=B_SPLINE_CURVE_WITH_KNOTS('',3,(#10275,#10276,#10277,#10278),
 .UNSPECIFIED.,.F.,.F.,(4,4),(0.,1.),.UNSPECIFIED.);
#681=B_SPLINE_CURVE_WITH_KNOTS('',3,(#10503,#10504,#10505,#10506,#10507),
 .UNSPECIFIED.,.F.,.F.,(4,1,4),(0.,0.5,1.),.UNSPECIFIED.);
#682=B_SPLINE_CURVE_WITH_KNOTS('',3,(#10532,#10533,#10534,#10535,#10536),
 .UNSPECIFIED.,.F.,.F.,(4,1,4),(7.06681098307149E-5,0.500035334054915,1.),
 .UNSPECIFIED.);
#683=B_SPLINE_CURVE_WITH_KNOTS('',3,(#10757,#10758,#10759,#10760),
 .UNSPECIFIED.,.F.,.F.,(4,4),(0.,1.),.UNSPECIFIED.);
#684=B_SPLINE_CURVE_WITH_KNOTS('',3,(#10911,#10912,#10913,#10914),
 .UNSPECIFIED.,.F.,.F.,(4,4),(0.,1.),.UNSPECIFIED.);
#685=B_SPLINE_CURVE_WITH_KNOTS('',3,(#10927,#10928,#10929,#10930),
 .UNSPECIFIED.,.F.,.F.,(4,4),(0.,1.),.UNSPECIFIED.);
#686=B_SPLINE_CURVE_WITH_KNOTS('',3,(#11158,#11159,#11160,#11161,#11162),
 .UNSPECIFIED.,.F.,.F.,(4,1,4),(7.06681094649553E-5,0.500035334054732,1.),
 .UNSPECIFIED.);
#687=B_SPLINE_CURVE_WITH_KNOTS('',3,(#11383,#11384,#11385,#11386,#11387),
 .UNSPECIFIED.,.F.,.F.,(4,1,4),(0.,0.5,1.),.UNSPECIFIED.);
#688=ORIENTED_EDGE('',*,*,#2020,.T.);
#689=ORIENTED_EDGE('',*,*,#2021,.T.);
#690=ORIENTED_EDGE('',*,*,#2022,.F.);
#691=ORIENTED_EDGE('',*,*,#2023,.F.);
#692=ORIENTED_EDGE('',*,*,#2024,.T.);
#693=ORIENTED_EDGE('',*,*,#2025,.F.);
#694=ORIENTED_EDGE('',*,*,#2026,.F.);
#695=ORIENTED_EDGE('',*,*,#2027,.T.);
#696=ORIENTED_EDGE('',*,*,#2025,.T.);
#697=ORIENTED_EDGE('',*,*,#2028,.F.);
#698=ORIENTED_EDGE('',*,*,#2029,.T.);
#699=ORIENTED_EDGE('',*,*,#2030,.T.);
#700=ORIENTED_EDGE('',*,*,#2031,.F.);
#701=ORIENTED_EDGE('',*,*,#2032,.F.);
#702=ORIENTED_EDGE('',*,*,#2033,.T.);
#703=ORIENTED_EDGE('',*,*,#2034,.F.);
#704=ORIENTED_EDGE('',*,*,#2035,.T.);
#705=ORIENTED_EDGE('',*,*,#2036,.T.);
#706=ORIENTED_EDGE('',*,*,#2037,.T.);
#707=ORIENTED_EDGE('',*,*,#2038,.T.);
#708=ORIENTED_EDGE('',*,*,#2039,.F.);
#709=ORIENTED_EDGE('',*,*,#2038,.F.);
#710=ORIENTED_EDGE('',*,*,#2040,.T.);
#711=ORIENTED_EDGE('',*,*,#2034,.T.);
#712=ORIENTED_EDGE('',*,*,#2041,.F.);
#713=ORIENTED_EDGE('',*,*,#2042,.T.);
#714=ORIENTED_EDGE('',*,*,#2043,.T.);
#715=ORIENTED_EDGE('',*,*,#2044,.F.);
#716=ORIENTED_EDGE('',*,*,#2045,.F.);
#717=ORIENTED_EDGE('',*,*,#2046,.T.);
#718=ORIENTED_EDGE('',*,*,#2047,.F.);
#719=ORIENTED_EDGE('',*,*,#2045,.T.);
#720=ORIENTED_EDGE('',*,*,#2048,.T.);
#721=ORIENTED_EDGE('',*,*,#2049,.F.);
#722=ORIENTED_EDGE('',*,*,#2050,.F.);
#723=ORIENTED_EDGE('',*,*,#2051,.T.);
#724=ORIENTED_EDGE('',*,*,#2052,.T.);
#725=ORIENTED_EDGE('',*,*,#2053,.F.);
#726=ORIENTED_EDGE('',*,*,#2054,.F.);
#727=ORIENTED_EDGE('',*,*,#2055,.T.);
#728=ORIENTED_EDGE('',*,*,#2056,.F.);
#729=ORIENTED_EDGE('',*,*,#2057,.T.);
#730=ORIENTED_EDGE('',*,*,#2058,.T.);
#731=ORIENTED_EDGE('',*,*,#2059,.F.);
#732=ORIENTED_EDGE('',*,*,#2060,.T.);
#733=ORIENTED_EDGE('',*,*,#2061,.T.);
#734=ORIENTED_EDGE('',*,*,#2054,.T.);
#735=ORIENTED_EDGE('',*,*,#2062,.T.);
#736=ORIENTED_EDGE('',*,*,#2058,.F.);
#737=ORIENTED_EDGE('',*,*,#2063,.F.);
#738=ORIENTED_EDGE('',*,*,#2064,.F.);
#739=ORIENTED_EDGE('',*,*,#2065,.T.);
#740=ORIENTED_EDGE('',*,*,#2066,.T.);
#741=ORIENTED_EDGE('',*,*,#2067,.T.);
#742=ORIENTED_EDGE('',*,*,#2068,.T.);
#743=ORIENTED_EDGE('',*,*,#2069,.T.);
#744=ORIENTED_EDGE('',*,*,#2070,.T.);
#745=ORIENTED_EDGE('',*,*,#2071,.T.);
#746=ORIENTED_EDGE('',*,*,#2072,.T.);
#747=ORIENTED_EDGE('',*,*,#2073,.F.);
#748=ORIENTED_EDGE('',*,*,#2074,.F.);
#749=ORIENTED_EDGE('',*,*,#2075,.F.);
#750=ORIENTED_EDGE('',*,*,#2076,.F.);
#751=ORIENTED_EDGE('',*,*,#2077,.T.);
#752=ORIENTED_EDGE('',*,*,#2078,.T.);
#753=ORIENTED_EDGE('',*,*,#2079,.T.);
#754=ORIENTED_EDGE('',*,*,#2080,.T.);
#755=ORIENTED_EDGE('',*,*,#2081,.T.);
#756=ORIENTED_EDGE('',*,*,#2082,.T.);
#757=ORIENTED_EDGE('',*,*,#2083,.T.);
#758=ORIENTED_EDGE('',*,*,#2084,.T.);
#759=ORIENTED_EDGE('',*,*,#2085,.F.);
#760=ORIENTED_EDGE('',*,*,#2086,.T.);
#761=ORIENTED_EDGE('',*,*,#2087,.F.);
#762=ORIENTED_EDGE('',*,*,#2088,.T.);
#763=ORIENTED_EDGE('',*,*,#2089,.T.);
#764=ORIENTED_EDGE('',*,*,#2090,.T.);
#765=ORIENTED_EDGE('',*,*,#2091,.T.);
#766=ORIENTED_EDGE('',*,*,#2092,.T.);
#767=ORIENTED_EDGE('',*,*,#2093,.F.);
#768=ORIENTED_EDGE('',*,*,#2094,.T.);
#769=ORIENTED_EDGE('',*,*,#2095,.F.);
#770=ORIENTED_EDGE('',*,*,#2096,.T.);
#771=ORIENTED_EDGE('',*,*,#2097,.T.);
#772=ORIENTED_EDGE('',*,*,#2098,.T.);
#773=ORIENTED_EDGE('',*,*,#2099,.T.);
#774=ORIENTED_EDGE('',*,*,#2100,.T.);
#775=ORIENTED_EDGE('',*,*,#2101,.F.);
#776=ORIENTED_EDGE('',*,*,#2102,.T.);
#777=ORIENTED_EDGE('',*,*,#2103,.F.);
#778=ORIENTED_EDGE('',*,*,#2104,.T.);
#779=ORIENTED_EDGE('',*,*,#2105,.T.);
#780=ORIENTED_EDGE('',*,*,#2106,.T.);
#781=ORIENTED_EDGE('',*,*,#2107,.T.);
#782=ORIENTED_EDGE('',*,*,#2108,.T.);
#783=ORIENTED_EDGE('',*,*,#2109,.F.);
#784=ORIENTED_EDGE('',*,*,#2110,.T.);
#785=ORIENTED_EDGE('',*,*,#2111,.F.);
#786=ORIENTED_EDGE('',*,*,#2112,.T.);
#787=ORIENTED_EDGE('',*,*,#2113,.T.);
#788=ORIENTED_EDGE('',*,*,#2114,.T.);
#789=ORIENTED_EDGE('',*,*,#2115,.T.);
#790=ORIENTED_EDGE('',*,*,#2116,.T.);
#791=ORIENTED_EDGE('',*,*,#2117,.F.);
#792=ORIENTED_EDGE('',*,*,#2118,.T.);
#793=ORIENTED_EDGE('',*,*,#2119,.F.);
#794=ORIENTED_EDGE('',*,*,#2120,.T.);
#795=ORIENTED_EDGE('',*,*,#2121,.T.);
#796=ORIENTED_EDGE('',*,*,#2122,.T.);
#797=ORIENTED_EDGE('',*,*,#2123,.T.);
#798=ORIENTED_EDGE('',*,*,#2124,.T.);
#799=ORIENTED_EDGE('',*,*,#2125,.F.);
#800=ORIENTED_EDGE('',*,*,#2126,.T.);
#801=ORIENTED_EDGE('',*,*,#2127,.F.);
#802=ORIENTED_EDGE('',*,*,#2128,.T.);
#803=ORIENTED_EDGE('',*,*,#2129,.T.);
#804=ORIENTED_EDGE('',*,*,#2130,.T.);
#805=ORIENTED_EDGE('',*,*,#2131,.T.);
#806=ORIENTED_EDGE('',*,*,#2132,.T.);
#807=ORIENTED_EDGE('',*,*,#2133,.T.);
#808=ORIENTED_EDGE('',*,*,#2134,.T.);
#809=ORIENTED_EDGE('',*,*,#2135,.T.);
#810=ORIENTED_EDGE('',*,*,#2136,.F.);
#811=ORIENTED_EDGE('',*,*,#2137,.T.);
#812=ORIENTED_EDGE('',*,*,#2138,.T.);
#813=ORIENTED_EDGE('',*,*,#2139,.T.);
#814=ORIENTED_EDGE('',*,*,#2140,.F.);
#815=ORIENTED_EDGE('',*,*,#2141,.T.);
#816=ORIENTED_EDGE('',*,*,#2142,.T.);
#817=ORIENTED_EDGE('',*,*,#2143,.T.);
#818=ORIENTED_EDGE('',*,*,#2144,.F.);
#819=ORIENTED_EDGE('',*,*,#2145,.T.);
#820=ORIENTED_EDGE('',*,*,#2146,.T.);
#821=ORIENTED_EDGE('',*,*,#2147,.T.);
#822=ORIENTED_EDGE('',*,*,#2148,.F.);
#823=ORIENTED_EDGE('',*,*,#2149,.T.);
#824=ORIENTED_EDGE('',*,*,#2150,.T.);
#825=ORIENTED_EDGE('',*,*,#2151,.T.);
#826=ORIENTED_EDGE('',*,*,#2152,.F.);
#827=ORIENTED_EDGE('',*,*,#2153,.T.);
#828=ORIENTED_EDGE('',*,*,#2154,.T.);
#829=ORIENTED_EDGE('',*,*,#2155,.T.);
#830=ORIENTED_EDGE('',*,*,#2156,.F.);
#831=ORIENTED_EDGE('',*,*,#2064,.T.);
#832=ORIENTED_EDGE('',*,*,#2157,.T.);
#833=ORIENTED_EDGE('',*,*,#2158,.T.);
#834=ORIENTED_EDGE('',*,*,#2159,.T.);
#835=ORIENTED_EDGE('',*,*,#2160,.T.);
#836=ORIENTED_EDGE('',*,*,#2161,.T.);
#837=ORIENTED_EDGE('',*,*,#2162,.T.);
#838=ORIENTED_EDGE('',*,*,#2163,.T.);
#839=ORIENTED_EDGE('',*,*,#2164,.T.);
#840=ORIENTED_EDGE('',*,*,#2165,.F.);
#841=ORIENTED_EDGE('',*,*,#2166,.T.);
#842=ORIENTED_EDGE('',*,*,#2167,.T.);
#843=ORIENTED_EDGE('',*,*,#2168,.T.);
#844=ORIENTED_EDGE('',*,*,#2169,.F.);
#845=ORIENTED_EDGE('',*,*,#2170,.T.);
#846=ORIENTED_EDGE('',*,*,#2171,.F.);
#847=ORIENTED_EDGE('',*,*,#2172,.T.);
#848=ORIENTED_EDGE('',*,*,#2173,.T.);
#849=ORIENTED_EDGE('',*,*,#2174,.T.);
#850=ORIENTED_EDGE('',*,*,#2175,.F.);
#851=ORIENTED_EDGE('',*,*,#2176,.T.);
#852=ORIENTED_EDGE('',*,*,#2177,.F.);
#853=ORIENTED_EDGE('',*,*,#2178,.T.);
#854=ORIENTED_EDGE('',*,*,#2179,.T.);
#855=ORIENTED_EDGE('',*,*,#2180,.T.);
#856=ORIENTED_EDGE('',*,*,#2181,.F.);
#857=ORIENTED_EDGE('',*,*,#2182,.T.);
#858=ORIENTED_EDGE('',*,*,#2183,.F.);
#859=ORIENTED_EDGE('',*,*,#2184,.T.);
#860=ORIENTED_EDGE('',*,*,#2185,.T.);
#861=ORIENTED_EDGE('',*,*,#2186,.T.);
#862=ORIENTED_EDGE('',*,*,#2187,.F.);
#863=ORIENTED_EDGE('',*,*,#2188,.T.);
#864=ORIENTED_EDGE('',*,*,#2189,.F.);
#865=ORIENTED_EDGE('',*,*,#2190,.T.);
#866=ORIENTED_EDGE('',*,*,#2191,.T.);
#867=ORIENTED_EDGE('',*,*,#2192,.T.);
#868=ORIENTED_EDGE('',*,*,#2193,.F.);
#869=ORIENTED_EDGE('',*,*,#2194,.T.);
#870=ORIENTED_EDGE('',*,*,#2195,.F.);
#871=ORIENTED_EDGE('',*,*,#2196,.T.);
#872=ORIENTED_EDGE('',*,*,#2197,.T.);
#873=ORIENTED_EDGE('',*,*,#2198,.T.);
#874=ORIENTED_EDGE('',*,*,#2199,.F.);
#875=ORIENTED_EDGE('',*,*,#2200,.T.);
#876=ORIENTED_EDGE('',*,*,#2201,.T.);
#877=ORIENTED_EDGE('',*,*,#2202,.T.);
#878=ORIENTED_EDGE('',*,*,#2203,.F.);
#879=ORIENTED_EDGE('',*,*,#2204,.T.);
#880=ORIENTED_EDGE('',*,*,#2203,.T.);
#881=ORIENTED_EDGE('',*,*,#2205,.T.);
#882=ORIENTED_EDGE('',*,*,#2206,.F.);
#883=ORIENTED_EDGE('',*,*,#2207,.T.);
#884=ORIENTED_EDGE('',*,*,#2206,.T.);
#885=ORIENTED_EDGE('',*,*,#2208,.T.);
#886=ORIENTED_EDGE('',*,*,#2209,.F.);
#887=ORIENTED_EDGE('',*,*,#2210,.T.);
#888=ORIENTED_EDGE('',*,*,#2209,.T.);
#889=ORIENTED_EDGE('',*,*,#2211,.T.);
#890=ORIENTED_EDGE('',*,*,#2212,.F.);
#891=ORIENTED_EDGE('',*,*,#2213,.T.);
#892=ORIENTED_EDGE('',*,*,#2212,.T.);
#893=ORIENTED_EDGE('',*,*,#2214,.T.);
#894=ORIENTED_EDGE('',*,*,#2215,.F.);
#895=ORIENTED_EDGE('',*,*,#2216,.T.);
#896=ORIENTED_EDGE('',*,*,#2215,.T.);
#897=ORIENTED_EDGE('',*,*,#2217,.T.);
#898=ORIENTED_EDGE('',*,*,#2218,.F.);
#899=ORIENTED_EDGE('',*,*,#2219,.T.);
#900=ORIENTED_EDGE('',*,*,#2218,.T.);
#901=ORIENTED_EDGE('',*,*,#2220,.T.);
#902=ORIENTED_EDGE('',*,*,#2221,.F.);
#903=ORIENTED_EDGE('',*,*,#2222,.T.);
#904=ORIENTED_EDGE('',*,*,#2223,.T.);
#905=ORIENTED_EDGE('',*,*,#2224,.T.);
#906=ORIENTED_EDGE('',*,*,#2225,.T.);
#907=ORIENTED_EDGE('',*,*,#2226,.T.);
#908=ORIENTED_EDGE('',*,*,#2227,.T.);
#909=ORIENTED_EDGE('',*,*,#2228,.T.);
#910=ORIENTED_EDGE('',*,*,#2229,.T.);
#911=ORIENTED_EDGE('',*,*,#2230,.T.);
#912=ORIENTED_EDGE('',*,*,#2231,.T.);
#913=ORIENTED_EDGE('',*,*,#2232,.T.);
#914=ORIENTED_EDGE('',*,*,#2233,.T.);
#915=ORIENTED_EDGE('',*,*,#2234,.T.);
#916=ORIENTED_EDGE('',*,*,#2235,.T.);
#917=ORIENTED_EDGE('',*,*,#2236,.T.);
#918=ORIENTED_EDGE('',*,*,#2237,.T.);
#919=ORIENTED_EDGE('',*,*,#2238,.T.);
#920=ORIENTED_EDGE('',*,*,#2239,.T.);
#921=ORIENTED_EDGE('',*,*,#2240,.T.);
#922=ORIENTED_EDGE('',*,*,#2241,.T.);
#923=ORIENTED_EDGE('',*,*,#2242,.T.);
#924=ORIENTED_EDGE('',*,*,#2243,.T.);
#925=ORIENTED_EDGE('',*,*,#2244,.T.);
#926=ORIENTED_EDGE('',*,*,#2245,.T.);
#927=ORIENTED_EDGE('',*,*,#2246,.T.);
#928=ORIENTED_EDGE('',*,*,#2247,.T.);
#929=ORIENTED_EDGE('',*,*,#2248,.T.);
#930=ORIENTED_EDGE('',*,*,#2249,.T.);
#931=ORIENTED_EDGE('',*,*,#2250,.T.);
#932=ORIENTED_EDGE('',*,*,#2251,.T.);
#933=ORIENTED_EDGE('',*,*,#2252,.T.);
#934=ORIENTED_EDGE('',*,*,#2253,.T.);
#935=ORIENTED_EDGE('',*,*,#2254,.T.);
#936=ORIENTED_EDGE('',*,*,#2255,.T.);
#937=ORIENTED_EDGE('',*,*,#2256,.T.);
#938=ORIENTED_EDGE('',*,*,#2257,.T.);
#939=ORIENTED_EDGE('',*,*,#2258,.T.);
#940=ORIENTED_EDGE('',*,*,#2259,.T.);
#941=ORIENTED_EDGE('',*,*,#2260,.T.);
#942=ORIENTED_EDGE('',*,*,#2261,.T.);
#943=ORIENTED_EDGE('',*,*,#2262,.T.);
#944=ORIENTED_EDGE('',*,*,#2263,.T.);
#945=ORIENTED_EDGE('',*,*,#2264,.T.);
#946=ORIENTED_EDGE('',*,*,#2265,.T.);
#947=ORIENTED_EDGE('',*,*,#2266,.T.);
#948=ORIENTED_EDGE('',*,*,#2267,.T.);
#949=ORIENTED_EDGE('',*,*,#2268,.T.);
#950=ORIENTED_EDGE('',*,*,#2269,.T.);
#951=ORIENTED_EDGE('',*,*,#2270,.T.);
#952=ORIENTED_EDGE('',*,*,#2271,.T.);
#953=ORIENTED_EDGE('',*,*,#2272,.T.);
#954=ORIENTED_EDGE('',*,*,#2273,.T.);
#955=ORIENTED_EDGE('',*,*,#2274,.T.);
#956=ORIENTED_EDGE('',*,*,#2275,.T.);
#957=ORIENTED_EDGE('',*,*,#2276,.T.);
#958=ORIENTED_EDGE('',*,*,#2277,.T.);
#959=ORIENTED_EDGE('',*,*,#2278,.T.);
#960=ORIENTED_EDGE('',*,*,#2279,.T.);
#961=ORIENTED_EDGE('',*,*,#2280,.T.);
#962=ORIENTED_EDGE('',*,*,#2281,.T.);
#963=ORIENTED_EDGE('',*,*,#2282,.T.);
#964=ORIENTED_EDGE('',*,*,#2283,.T.);
#965=ORIENTED_EDGE('',*,*,#2284,.T.);
#966=ORIENTED_EDGE('',*,*,#2285,.T.);
#967=ORIENTED_EDGE('',*,*,#2286,.T.);
#968=ORIENTED_EDGE('',*,*,#2287,.T.);
#969=ORIENTED_EDGE('',*,*,#2288,.T.);
#970=ORIENTED_EDGE('',*,*,#2289,.T.);
#971=ORIENTED_EDGE('',*,*,#2290,.T.);
#972=ORIENTED_EDGE('',*,*,#2291,.T.);
#973=ORIENTED_EDGE('',*,*,#2292,.T.);
#974=ORIENTED_EDGE('',*,*,#2293,.T.);
#975=ORIENTED_EDGE('',*,*,#2294,.T.);
#976=ORIENTED_EDGE('',*,*,#2295,.T.);
#977=ORIENTED_EDGE('',*,*,#2296,.T.);
#978=ORIENTED_EDGE('',*,*,#2297,.T.);
#979=ORIENTED_EDGE('',*,*,#2298,.T.);
#980=ORIENTED_EDGE('',*,*,#2299,.T.);
#981=ORIENTED_EDGE('',*,*,#2300,.T.);
#982=ORIENTED_EDGE('',*,*,#2301,.T.);
#983=ORIENTED_EDGE('',*,*,#2302,.T.);
#984=ORIENTED_EDGE('',*,*,#2303,.T.);
#985=ORIENTED_EDGE('',*,*,#2304,.T.);
#986=ORIENTED_EDGE('',*,*,#2305,.T.);
#987=ORIENTED_EDGE('',*,*,#2306,.T.);
#988=ORIENTED_EDGE('',*,*,#2307,.T.);
#989=ORIENTED_EDGE('',*,*,#2308,.T.);
#990=ORIENTED_EDGE('',*,*,#2309,.T.);
#991=ORIENTED_EDGE('',*,*,#2310,.T.);
#992=ORIENTED_EDGE('',*,*,#2311,.T.);
#993=ORIENTED_EDGE('',*,*,#2312,.T.);
#994=ORIENTED_EDGE('',*,*,#2313,.T.);
#995=ORIENTED_EDGE('',*,*,#2314,.T.);
#996=ORIENTED_EDGE('',*,*,#2315,.T.);
#997=ORIENTED_EDGE('',*,*,#2316,.T.);
#998=ORIENTED_EDGE('',*,*,#2317,.T.);
#999=ORIENTED_EDGE('',*,*,#2318,.T.);
#1000=ORIENTED_EDGE('',*,*,#2319,.T.);
#1001=ORIENTED_EDGE('',*,*,#2320,.T.);
#1002=ORIENTED_EDGE('',*,*,#2321,.T.);
#1003=ORIENTED_EDGE('',*,*,#2322,.T.);
#1004=ORIENTED_EDGE('',*,*,#2323,.T.);
#1005=ORIENTED_EDGE('',*,*,#2221,.T.);
#1006=ORIENTED_EDGE('',*,*,#2324,.T.);
#1007=ORIENTED_EDGE('',*,*,#2201,.F.);
#1008=ORIENTED_EDGE('',*,*,#2325,.T.);
#1009=ORIENTED_EDGE('',*,*,#2326,.T.);
#1010=ORIENTED_EDGE('',*,*,#2327,.T.);
#1011=ORIENTED_EDGE('',*,*,#2328,.T.);
#1012=ORIENTED_EDGE('',*,*,#2329,.T.);
#1013=ORIENTED_EDGE('',*,*,#2330,.T.);
#1014=ORIENTED_EDGE('',*,*,#2331,.T.);
#1015=ORIENTED_EDGE('',*,*,#2332,.T.);
#1016=ORIENTED_EDGE('',*,*,#2333,.T.);
#1017=ORIENTED_EDGE('',*,*,#2067,.F.);
#1018=ORIENTED_EDGE('',*,*,#2334,.T.);
#1019=ORIENTED_EDGE('',*,*,#2065,.F.);
#1020=ORIENTED_EDGE('',*,*,#2335,.T.);
#1021=ORIENTED_EDGE('',*,*,#2071,.F.);
#1022=ORIENTED_EDGE('',*,*,#2336,.T.);
#1023=ORIENTED_EDGE('',*,*,#2069,.F.);
#1024=ORIENTED_EDGE('',*,*,#2337,.T.);
#1025=ORIENTED_EDGE('',*,*,#2338,.T.);
#1026=ORIENTED_EDGE('',*,*,#2339,.T.);
#1027=ORIENTED_EDGE('',*,*,#2340,.F.);
#1028=ORIENTED_EDGE('',*,*,#2341,.T.);
#1029=ORIENTED_EDGE('',*,*,#2342,.T.);
#1030=ORIENTED_EDGE('',*,*,#2343,.T.);
#1031=ORIENTED_EDGE('',*,*,#2344,.F.);
#1032=ORIENTED_EDGE('',*,*,#2345,.T.);
#1033=ORIENTED_EDGE('',*,*,#2346,.F.);
#1034=ORIENTED_EDGE('',*,*,#2347,.T.);
#1035=ORIENTED_EDGE('',*,*,#2348,.T.);
#1036=ORIENTED_EDGE('',*,*,#2349,.T.);
#1037=ORIENTED_EDGE('',*,*,#2350,.T.);
#1038=ORIENTED_EDGE('',*,*,#2351,.T.);
#1039=ORIENTED_EDGE('',*,*,#2352,.F.);
#1040=ORIENTED_EDGE('',*,*,#2353,.T.);
#1041=ORIENTED_EDGE('',*,*,#2354,.F.);
#1042=ORIENTED_EDGE('',*,*,#2355,.T.);
#1043=ORIENTED_EDGE('',*,*,#2356,.T.);
#1044=ORIENTED_EDGE('',*,*,#2357,.T.);
#1045=ORIENTED_EDGE('',*,*,#2358,.F.);
#1046=ORIENTED_EDGE('',*,*,#2359,.T.);
#1047=ORIENTED_EDGE('',*,*,#2360,.T.);
#1048=ORIENTED_EDGE('',*,*,#2361,.T.);
#1049=ORIENTED_EDGE('',*,*,#2362,.T.);
#1050=ORIENTED_EDGE('',*,*,#2363,.T.);
#1051=ORIENTED_EDGE('',*,*,#2338,.F.);
#1052=ORIENTED_EDGE('',*,*,#2364,.T.);
#1053=ORIENTED_EDGE('',*,*,#2365,.T.);
#1054=ORIENTED_EDGE('',*,*,#2366,.T.);
#1055=ORIENTED_EDGE('',*,*,#2342,.F.);
#1056=ORIENTED_EDGE('',*,*,#2367,.T.);
#1057=ORIENTED_EDGE('',*,*,#2348,.F.);
#1058=ORIENTED_EDGE('',*,*,#2368,.T.);
#1059=ORIENTED_EDGE('',*,*,#2369,.T.);
#1060=ORIENTED_EDGE('',*,*,#2370,.T.);
#1061=ORIENTED_EDGE('',*,*,#2371,.T.);
#1062=ORIENTED_EDGE('',*,*,#2372,.T.);
#1063=ORIENTED_EDGE('',*,*,#2350,.F.);
#1064=ORIENTED_EDGE('',*,*,#2373,.T.);
#1065=ORIENTED_EDGE('',*,*,#2356,.F.);
#1066=ORIENTED_EDGE('',*,*,#2374,.T.);
#1067=ORIENTED_EDGE('',*,*,#2375,.T.);
#1068=ORIENTED_EDGE('',*,*,#2376,.T.);
#1069=ORIENTED_EDGE('',*,*,#2360,.F.);
#1070=ORIENTED_EDGE('',*,*,#2377,.T.);
#1071=ORIENTED_EDGE('',*,*,#2378,.T.);
#1072=ORIENTED_EDGE('',*,*,#2379,.T.);
#1073=ORIENTED_EDGE('',*,*,#2380,.T.);
#1074=ORIENTED_EDGE('',*,*,#2381,.T.);
#1075=ORIENTED_EDGE('',*,*,#2382,.T.);
#1076=ORIENTED_EDGE('',*,*,#2362,.F.);
#1077=ORIENTED_EDGE('',*,*,#2383,.T.);
#1078=ORIENTED_EDGE('',*,*,#2384,.T.);
#1079=ORIENTED_EDGE('',*,*,#2385,.T.);
#1080=ORIENTED_EDGE('',*,*,#2386,.T.);
#1081=ORIENTED_EDGE('',*,*,#2387,.T.);
#1082=ORIENTED_EDGE('',*,*,#2365,.F.);
#1083=ORIENTED_EDGE('',*,*,#2388,.T.);
#1084=ORIENTED_EDGE('',*,*,#2389,.T.);
#1085=ORIENTED_EDGE('',*,*,#2390,.T.);
#1086=ORIENTED_EDGE('',*,*,#2391,.T.);
#1087=ORIENTED_EDGE('',*,*,#2392,.T.);
#1088=ORIENTED_EDGE('',*,*,#2393,.T.);
#1089=ORIENTED_EDGE('',*,*,#2394,.T.);
#1090=ORIENTED_EDGE('',*,*,#2369,.F.);
#1091=ORIENTED_EDGE('',*,*,#2395,.T.);
#1092=ORIENTED_EDGE('',*,*,#2396,.T.);
#1093=ORIENTED_EDGE('',*,*,#2397,.T.);
#1094=ORIENTED_EDGE('',*,*,#2371,.F.);
#1095=ORIENTED_EDGE('',*,*,#2398,.T.);
#1096=ORIENTED_EDGE('',*,*,#2399,.T.);
#1097=ORIENTED_EDGE('',*,*,#2400,.T.);
#1098=ORIENTED_EDGE('',*,*,#2401,.T.);
#1099=ORIENTED_EDGE('',*,*,#2402,.T.);
#1100=ORIENTED_EDGE('',*,*,#2403,.T.);
#1101=ORIENTED_EDGE('',*,*,#2404,.T.);
#1102=ORIENTED_EDGE('',*,*,#2375,.F.);
#1103=ORIENTED_EDGE('',*,*,#2405,.T.);
#1104=ORIENTED_EDGE('',*,*,#2406,.T.);
#1105=ORIENTED_EDGE('',*,*,#2407,.T.);
#1106=ORIENTED_EDGE('',*,*,#2408,.T.);
#1107=ORIENTED_EDGE('',*,*,#2409,.T.);
#1108=ORIENTED_EDGE('',*,*,#2378,.F.);
#1109=ORIENTED_EDGE('',*,*,#2136,.T.);
#1110=ORIENTED_EDGE('',*,*,#2410,.T.);
#1111=ORIENTED_EDGE('',*,*,#2380,.F.);
#1112=ORIENTED_EDGE('',*,*,#2411,.T.);
#1113=ORIENTED_EDGE('',*,*,#2140,.T.);
#1114=ORIENTED_EDGE('',*,*,#2412,.T.);
#1115=ORIENTED_EDGE('',*,*,#2385,.F.);
#1116=ORIENTED_EDGE('',*,*,#2413,.T.);
#1117=ORIENTED_EDGE('',*,*,#2392,.F.);
#1118=ORIENTED_EDGE('',*,*,#2414,.T.);
#1119=ORIENTED_EDGE('',*,*,#2144,.T.);
#1120=ORIENTED_EDGE('',*,*,#2415,.T.);
#1121=ORIENTED_EDGE('',*,*,#2148,.T.);
#1122=ORIENTED_EDGE('',*,*,#2416,.T.);
#1123=ORIENTED_EDGE('',*,*,#2395,.F.);
#1124=ORIENTED_EDGE('',*,*,#2417,.T.);
#1125=ORIENTED_EDGE('',*,*,#2402,.F.);
#1126=ORIENTED_EDGE('',*,*,#2418,.T.);
#1127=ORIENTED_EDGE('',*,*,#2152,.T.);
#1128=ORIENTED_EDGE('',*,*,#2419,.T.);
#1129=ORIENTED_EDGE('',*,*,#2407,.F.);
#1130=ORIENTED_EDGE('',*,*,#2420,.T.);
#1131=ORIENTED_EDGE('',*,*,#2156,.T.);
#1132=ORIENTED_EDGE('',*,*,#2421,.T.);
#1133=ORIENTED_EDGE('',*,*,#2340,.T.);
#1134=ORIENTED_EDGE('',*,*,#2422,.T.);
#1135=ORIENTED_EDGE('',*,*,#2179,.F.);
#1136=ORIENTED_EDGE('',*,*,#2423,.T.);
#1137=ORIENTED_EDGE('',*,*,#2344,.T.);
#1138=ORIENTED_EDGE('',*,*,#2424,.T.);
#1139=ORIENTED_EDGE('',*,*,#2173,.F.);
#1140=ORIENTED_EDGE('',*,*,#2425,.T.);
#1141=ORIENTED_EDGE('',*,*,#2167,.F.);
#1142=ORIENTED_EDGE('',*,*,#2426,.T.);
#1143=ORIENTED_EDGE('',*,*,#2346,.T.);
#1144=ORIENTED_EDGE('',*,*,#2427,.T.);
#1145=ORIENTED_EDGE('',*,*,#2352,.T.);
#1146=ORIENTED_EDGE('',*,*,#2428,.T.);
#1147=ORIENTED_EDGE('',*,*,#2197,.F.);
#1148=ORIENTED_EDGE('',*,*,#2429,.T.);
#1149=ORIENTED_EDGE('',*,*,#2191,.F.);
#1150=ORIENTED_EDGE('',*,*,#2430,.T.);
#1151=ORIENTED_EDGE('',*,*,#2354,.T.);
#1152=ORIENTED_EDGE('',*,*,#2431,.T.);
#1153=ORIENTED_EDGE('',*,*,#2185,.F.);
#1154=ORIENTED_EDGE('',*,*,#2432,.T.);
#1155=ORIENTED_EDGE('',*,*,#2358,.T.);
#1156=ORIENTED_EDGE('',*,*,#2433,.T.);
#1157=ORIENTED_EDGE('',*,*,#2153,.F.);
#1158=ORIENTED_EDGE('',*,*,#2434,.T.);
#1159=ORIENTED_EDGE('',*,*,#2435,.T.);
#1160=ORIENTED_EDGE('',*,*,#2317,.F.);
#1161=ORIENTED_EDGE('',*,*,#2436,.T.);
#1162=ORIENTED_EDGE('',*,*,#2437,.T.);
#1163=ORIENTED_EDGE('',*,*,#2438,.T.);
#1164=ORIENTED_EDGE('',*,*,#2155,.F.);
#1165=ORIENTED_EDGE('',*,*,#2439,.T.);
#1166=ORIENTED_EDGE('',*,*,#2308,.F.);
#1167=ORIENTED_EDGE('',*,*,#2145,.F.);
#1168=ORIENTED_EDGE('',*,*,#2440,.T.);
#1169=ORIENTED_EDGE('',*,*,#2441,.T.);
#1170=ORIENTED_EDGE('',*,*,#2281,.F.);
#1171=ORIENTED_EDGE('',*,*,#2442,.T.);
#1172=ORIENTED_EDGE('',*,*,#2443,.T.);
#1173=ORIENTED_EDGE('',*,*,#2444,.T.);
#1174=ORIENTED_EDGE('',*,*,#2135,.F.);
#1175=ORIENTED_EDGE('',*,*,#2445,.T.);
#1176=ORIENTED_EDGE('',*,*,#2225,.F.);
#1177=ORIENTED_EDGE('',*,*,#2149,.F.);
#1178=ORIENTED_EDGE('',*,*,#2446,.T.);
#1179=ORIENTED_EDGE('',*,*,#2447,.T.);
#1180=ORIENTED_EDGE('',*,*,#2299,.F.);
#1181=ORIENTED_EDGE('',*,*,#2448,.T.);
#1182=ORIENTED_EDGE('',*,*,#2141,.F.);
#1183=ORIENTED_EDGE('',*,*,#2449,.T.);
#1184=ORIENTED_EDGE('',*,*,#2450,.T.);
#1185=ORIENTED_EDGE('',*,*,#2263,.F.);
#1186=ORIENTED_EDGE('',*,*,#2451,.T.);
#1187=ORIENTED_EDGE('',*,*,#2452,.T.);
#1188=ORIENTED_EDGE('',*,*,#2453,.T.);
#1189=ORIENTED_EDGE('',*,*,#2143,.F.);
#1190=ORIENTED_EDGE('',*,*,#2454,.T.);
#1191=ORIENTED_EDGE('',*,*,#2254,.F.);
#1192=ORIENTED_EDGE('',*,*,#2455,.T.);
#1193=ORIENTED_EDGE('',*,*,#2456,.T.);
#1194=ORIENTED_EDGE('',*,*,#2139,.F.);
#1195=ORIENTED_EDGE('',*,*,#2457,.T.);
#1196=ORIENTED_EDGE('',*,*,#2243,.F.);
#1197=ORIENTED_EDGE('',*,*,#2137,.F.);
#1198=ORIENTED_EDGE('',*,*,#2458,.T.);
#1199=ORIENTED_EDGE('',*,*,#2459,.T.);
#1200=ORIENTED_EDGE('',*,*,#2157,.F.);
#1201=ORIENTED_EDGE('',*,*,#2460,.T.);
#1202=ORIENTED_EDGE('',*,*,#2133,.F.);
#1203=ORIENTED_EDGE('',*,*,#2461,.T.);
#1204=ORIENTED_EDGE('',*,*,#2462,.T.);
#1205=ORIENTED_EDGE('',*,*,#2234,.F.);
#1206=ORIENTED_EDGE('',*,*,#2463,.T.);
#1207=ORIENTED_EDGE('',*,*,#2151,.F.);
#1208=ORIENTED_EDGE('',*,*,#2464,.T.);
#1209=ORIENTED_EDGE('',*,*,#2290,.F.);
#1210=ORIENTED_EDGE('',*,*,#2465,.T.);
#1211=ORIENTED_EDGE('',*,*,#2466,.T.);
#1212=ORIENTED_EDGE('',*,*,#2467,.T.);
#1213=ORIENTED_EDGE('',*,*,#2468,.T.);
#1214=ORIENTED_EDGE('',*,*,#2147,.F.);
#1215=ORIENTED_EDGE('',*,*,#2469,.T.);
#1216=ORIENTED_EDGE('',*,*,#2272,.F.);
#1217=ORIENTED_EDGE('',*,*,#2416,.F.);
#1218=ORIENTED_EDGE('',*,*,#2468,.F.);
#1219=ORIENTED_EDGE('',*,*,#2470,.F.);
#1220=ORIENTED_EDGE('',*,*,#2440,.F.);
#1221=ORIENTED_EDGE('',*,*,#2414,.F.);
#1222=ORIENTED_EDGE('',*,*,#2471,.F.);
#1223=ORIENTED_EDGE('',*,*,#2470,.T.);
#1224=ORIENTED_EDGE('',*,*,#2467,.F.);
#1225=ORIENTED_EDGE('',*,*,#2472,.F.);
#1226=ORIENTED_EDGE('',*,*,#2396,.F.);
#1227=ORIENTED_EDGE('',*,*,#2471,.T.);
#1228=ORIENTED_EDGE('',*,*,#2391,.F.);
#1229=ORIENTED_EDGE('',*,*,#2473,.F.);
#1230=ORIENTED_EDGE('',*,*,#2441,.F.);
#1231=ORIENTED_EDGE('',*,*,#2472,.T.);
#1232=ORIENTED_EDGE('',*,*,#2271,.F.);
#1233=ORIENTED_EDGE('',*,*,#2474,.F.);
#1234=ORIENTED_EDGE('',*,*,#2397,.F.);
#1235=ORIENTED_EDGE('',*,*,#2473,.T.);
#1236=ORIENTED_EDGE('',*,*,#2390,.F.);
#1237=ORIENTED_EDGE('',*,*,#2475,.F.);
#1238=ORIENTED_EDGE('',*,*,#2282,.F.);
#1239=ORIENTED_EDGE('',*,*,#2476,.F.);
#1240=ORIENTED_EDGE('',*,*,#2098,.F.);
#1241=ORIENTED_EDGE('',*,*,#2477,.F.);
#1242=ORIENTED_EDGE('',*,*,#2146,.F.);
#1243=ORIENTED_EDGE('',*,*,#2477,.T.);
#1244=ORIENTED_EDGE('',*,*,#2097,.F.);
#1245=ORIENTED_EDGE('',*,*,#2478,.F.);
#1246=ORIENTED_EDGE('',*,*,#2469,.F.);
#1247=ORIENTED_EDGE('',*,*,#2474,.T.);
#1248=ORIENTED_EDGE('',*,*,#2270,.F.);
#1249=ORIENTED_EDGE('',*,*,#2479,.F.);
#1250=ORIENTED_EDGE('',*,*,#2372,.F.);
#1251=ORIENTED_EDGE('',*,*,#2475,.T.);
#1252=ORIENTED_EDGE('',*,*,#2368,.F.);
#1253=ORIENTED_EDGE('',*,*,#2480,.F.);
#1254=ORIENTED_EDGE('',*,*,#2283,.F.);
#1255=ORIENTED_EDGE('',*,*,#2476,.T.);
#1256=ORIENTED_EDGE('',*,*,#2442,.F.);
#1257=ORIENTED_EDGE('',*,*,#2481,.F.);
#1258=ORIENTED_EDGE('',*,*,#2099,.F.);
#1259=ORIENTED_EDGE('',*,*,#2478,.T.);
#1260=ORIENTED_EDGE('',*,*,#2096,.F.);
#1261=ORIENTED_EDGE('',*,*,#2482,.F.);
#1262=ORIENTED_EDGE('',*,*,#2273,.F.);
#1263=ORIENTED_EDGE('',*,*,#2479,.T.);
#1264=ORIENTED_EDGE('',*,*,#2276,.F.);
#1265=ORIENTED_EDGE('',*,*,#2483,.F.);
#1266=ORIENTED_EDGE('',*,*,#2351,.F.);
#1267=ORIENTED_EDGE('',*,*,#2480,.T.);
#1268=ORIENTED_EDGE('',*,*,#2347,.F.);
#1269=ORIENTED_EDGE('',*,*,#2484,.F.);
#1270=ORIENTED_EDGE('',*,*,#2284,.F.);
#1271=ORIENTED_EDGE('',*,*,#2481,.T.);
#1272=ORIENTED_EDGE('',*,*,#2287,.F.);
#1273=ORIENTED_EDGE('',*,*,#2485,.F.);
#1274=ORIENTED_EDGE('',*,*,#2100,.F.);
#1275=ORIENTED_EDGE('',*,*,#2486,.F.);
#1276=ORIENTED_EDGE('',*,*,#2094,.F.);
#1277=ORIENTED_EDGE('',*,*,#2487,.F.);
#1278=ORIENTED_EDGE('',*,*,#2277,.F.);
#1279=ORIENTED_EDGE('',*,*,#2095,.T.);
#1280=ORIENTED_EDGE('',*,*,#2486,.T.);
#1281=ORIENTED_EDGE('',*,*,#2488,.F.);
#1282=ORIENTED_EDGE('',*,*,#2482,.T.);
#1283=ORIENTED_EDGE('',*,*,#2428,.F.);
#1284=ORIENTED_EDGE('',*,*,#2483,.T.);
#1285=ORIENTED_EDGE('',*,*,#2489,.F.);
#1286=ORIENTED_EDGE('',*,*,#2484,.T.);
#1287=ORIENTED_EDGE('',*,*,#2426,.F.);
#1288=ORIENTED_EDGE('',*,*,#2490,.F.);
#1289=ORIENTED_EDGE('',*,*,#2093,.T.);
#1290=ORIENTED_EDGE('',*,*,#2485,.T.);
#1291=ORIENTED_EDGE('',*,*,#2491,.F.);
#1292=ORIENTED_EDGE('',*,*,#2487,.T.);
#1293=ORIENTED_EDGE('',*,*,#2488,.T.);
#1294=ORIENTED_EDGE('',*,*,#2280,.F.);
#1295=ORIENTED_EDGE('',*,*,#2492,.F.);
#1296=ORIENTED_EDGE('',*,*,#2274,.F.);
#1297=ORIENTED_EDGE('',*,*,#2489,.T.);
#1298=ORIENTED_EDGE('',*,*,#2275,.F.);
#1299=ORIENTED_EDGE('',*,*,#2493,.F.);
#1300=ORIENTED_EDGE('',*,*,#2198,.F.);
#1301=ORIENTED_EDGE('',*,*,#2490,.T.);
#1302=ORIENTED_EDGE('',*,*,#2166,.F.);
#1303=ORIENTED_EDGE('',*,*,#2494,.F.);
#1304=ORIENTED_EDGE('',*,*,#2285,.F.);
#1305=ORIENTED_EDGE('',*,*,#2491,.T.);
#1306=ORIENTED_EDGE('',*,*,#2286,.F.);
#1307=ORIENTED_EDGE('',*,*,#2495,.F.);
#1308=ORIENTED_EDGE('',*,*,#2278,.F.);
#1309=ORIENTED_EDGE('',*,*,#2493,.T.);
#1310=ORIENTED_EDGE('',*,*,#2492,.T.);
#1311=ORIENTED_EDGE('',*,*,#2496,.F.);
#1312=ORIENTED_EDGE('',*,*,#2199,.T.);
#1313=ORIENTED_EDGE('',*,*,#2494,.T.);
#1314=ORIENTED_EDGE('',*,*,#2165,.T.);
#1315=ORIENTED_EDGE('',*,*,#2497,.F.);
#1316=ORIENTED_EDGE('',*,*,#2495,.T.);
#1317=ORIENTED_EDGE('',*,*,#2496,.T.);
#1318=ORIENTED_EDGE('',*,*,#2279,.F.);
#1319=ORIENTED_EDGE('',*,*,#2497,.T.);
#1320=ORIENTED_EDGE('',*,*,#2200,.F.);
#1321=ORIENTED_EDGE('',*,*,#2458,.F.);
#1322=ORIENTED_EDGE('',*,*,#2411,.F.);
#1323=ORIENTED_EDGE('',*,*,#2498,.F.);
#1324=ORIENTED_EDGE('',*,*,#2498,.T.);
#1325=ORIENTED_EDGE('',*,*,#2384,.F.);
#1326=ORIENTED_EDGE('',*,*,#2499,.F.);
#1327=ORIENTED_EDGE('',*,*,#2459,.F.);
#1328=ORIENTED_EDGE('',*,*,#2499,.T.);
#1329=ORIENTED_EDGE('',*,*,#2383,.F.);
#1330=ORIENTED_EDGE('',*,*,#2500,.F.);
#1331=ORIENTED_EDGE('',*,*,#2158,.F.);
#1332=ORIENTED_EDGE('',*,*,#2500,.T.);
#1333=ORIENTED_EDGE('',*,*,#2364,.F.);
#1334=ORIENTED_EDGE('',*,*,#2501,.F.);
#1335=ORIENTED_EDGE('',*,*,#2159,.F.);
#1336=ORIENTED_EDGE('',*,*,#2502,.F.);
#1337=ORIENTED_EDGE('',*,*,#2460,.F.);
#1338=ORIENTED_EDGE('',*,*,#2503,.F.);
#1339=ORIENTED_EDGE('',*,*,#2091,.F.);
#1340=ORIENTED_EDGE('',*,*,#2501,.T.);
#1341=ORIENTED_EDGE('',*,*,#2341,.F.);
#1342=ORIENTED_EDGE('',*,*,#2504,.F.);
#1343=ORIENTED_EDGE('',*,*,#2160,.F.);
#1344=ORIENTED_EDGE('',*,*,#2503,.T.);
#1345=ORIENTED_EDGE('',*,*,#2163,.F.);
#1346=ORIENTED_EDGE('',*,*,#2505,.F.);
#1347=ORIENTED_EDGE('',*,*,#2092,.F.);
#1348=ORIENTED_EDGE('',*,*,#2502,.T.);
#1349=ORIENTED_EDGE('',*,*,#2090,.F.);
#1350=ORIENTED_EDGE('',*,*,#2506,.F.);
#1351=ORIENTED_EDGE('',*,*,#2138,.F.);
#1352=ORIENTED_EDGE('',*,*,#2504,.T.);
#1353=ORIENTED_EDGE('',*,*,#2423,.F.);
#1354=ORIENTED_EDGE('',*,*,#2507,.F.);
#1355=ORIENTED_EDGE('',*,*,#2085,.T.);
#1356=ORIENTED_EDGE('',*,*,#2505,.T.);
#1357=ORIENTED_EDGE('',*,*,#2508,.F.);
#1358=ORIENTED_EDGE('',*,*,#2509,.F.);
#1359=ORIENTED_EDGE('',*,*,#2506,.T.);
#1360=ORIENTED_EDGE('',*,*,#2089,.F.);
#1361=ORIENTED_EDGE('',*,*,#2510,.F.);
#1362=ORIENTED_EDGE('',*,*,#2457,.F.);
#1363=ORIENTED_EDGE('',*,*,#2507,.T.);
#1364=ORIENTED_EDGE('',*,*,#2178,.F.);
#1365=ORIENTED_EDGE('',*,*,#2511,.F.);
#1366=ORIENTED_EDGE('',*,*,#2161,.F.);
#1367=ORIENTED_EDGE('',*,*,#2508,.T.);
#1368=ORIENTED_EDGE('',*,*,#2162,.F.);
#1369=ORIENTED_EDGE('',*,*,#2512,.F.);
#1370=ORIENTED_EDGE('',*,*,#2251,.F.);
#1371=ORIENTED_EDGE('',*,*,#2509,.T.);
#1372=ORIENTED_EDGE('',*,*,#2250,.F.);
#1373=ORIENTED_EDGE('',*,*,#2513,.F.);
#1374=ORIENTED_EDGE('',*,*,#2086,.F.);
#1375=ORIENTED_EDGE('',*,*,#2510,.T.);
#1376=ORIENTED_EDGE('',*,*,#2088,.F.);
#1377=ORIENTED_EDGE('',*,*,#2514,.F.);
#1378=ORIENTED_EDGE('',*,*,#2244,.F.);
#1379=ORIENTED_EDGE('',*,*,#2511,.T.);
#1380=ORIENTED_EDGE('',*,*,#2177,.T.);
#1381=ORIENTED_EDGE('',*,*,#2515,.F.);
#1382=ORIENTED_EDGE('',*,*,#2512,.T.);
#1383=ORIENTED_EDGE('',*,*,#2087,.T.);
#1384=ORIENTED_EDGE('',*,*,#2513,.T.);
#1385=ORIENTED_EDGE('',*,*,#2516,.F.);
#1386=ORIENTED_EDGE('',*,*,#2514,.T.);
#1387=ORIENTED_EDGE('',*,*,#2515,.T.);
#1388=ORIENTED_EDGE('',*,*,#2176,.F.);
#1389=ORIENTED_EDGE('',*,*,#2517,.F.);
#1390=ORIENTED_EDGE('',*,*,#2248,.F.);
#1391=ORIENTED_EDGE('',*,*,#2516,.T.);
#1392=ORIENTED_EDGE('',*,*,#2249,.F.);
#1393=ORIENTED_EDGE('',*,*,#2518,.F.);
#1394=ORIENTED_EDGE('',*,*,#2245,.F.);
#1395=ORIENTED_EDGE('',*,*,#2517,.T.);
#1396=ORIENTED_EDGE('',*,*,#2175,.T.);
#1397=ORIENTED_EDGE('',*,*,#2519,.F.);
#1398=ORIENTED_EDGE('',*,*,#2518,.T.);
#1399=ORIENTED_EDGE('',*,*,#2519,.T.);
#1400=ORIENTED_EDGE('',*,*,#2174,.F.);
#1401=ORIENTED_EDGE('',*,*,#2520,.F.);
#1402=ORIENTED_EDGE('',*,*,#2246,.F.);
#1403=ORIENTED_EDGE('',*,*,#2520,.T.);
#1404=ORIENTED_EDGE('',*,*,#2424,.F.);
#1405=ORIENTED_EDGE('',*,*,#2521,.F.);
#1406=ORIENTED_EDGE('',*,*,#2521,.T.);
#1407=ORIENTED_EDGE('',*,*,#2343,.F.);
#1408=ORIENTED_EDGE('',*,*,#2522,.F.);
#1409=ORIENTED_EDGE('',*,*,#2247,.F.);
#1410=ORIENTED_EDGE('',*,*,#2522,.T.);
#1411=ORIENTED_EDGE('',*,*,#2366,.F.);
#1412=ORIENTED_EDGE('',*,*,#2523,.F.);
#1413=ORIENTED_EDGE('',*,*,#2241,.F.);
#1414=ORIENTED_EDGE('',*,*,#2523,.T.);
#1415=ORIENTED_EDGE('',*,*,#2387,.F.);
#1416=ORIENTED_EDGE('',*,*,#2524,.F.);
#1417=ORIENTED_EDGE('',*,*,#2242,.F.);
#1418=ORIENTED_EDGE('',*,*,#2524,.T.);
#1419=ORIENTED_EDGE('',*,*,#2386,.F.);
#1420=ORIENTED_EDGE('',*,*,#2525,.F.);
#1421=ORIENTED_EDGE('',*,*,#2455,.F.);
#1422=ORIENTED_EDGE('',*,*,#2412,.F.);
#1423=ORIENTED_EDGE('',*,*,#2456,.F.);
#1424=ORIENTED_EDGE('',*,*,#2525,.T.);
#1425=ORIENTED_EDGE('',*,*,#2461,.F.);
#1426=ORIENTED_EDGE('',*,*,#2420,.F.);
#1427=ORIENTED_EDGE('',*,*,#2526,.F.);
#1428=ORIENTED_EDGE('',*,*,#2526,.T.);
#1429=ORIENTED_EDGE('',*,*,#2406,.F.);
#1430=ORIENTED_EDGE('',*,*,#2527,.F.);
#1431=ORIENTED_EDGE('',*,*,#2462,.F.);
#1432=ORIENTED_EDGE('',*,*,#2527,.T.);
#1433=ORIENTED_EDGE('',*,*,#2405,.F.);
#1434=ORIENTED_EDGE('',*,*,#2528,.F.);
#1435=ORIENTED_EDGE('',*,*,#2235,.F.);
#1436=ORIENTED_EDGE('',*,*,#2528,.T.);
#1437=ORIENTED_EDGE('',*,*,#2377,.F.);
#1438=ORIENTED_EDGE('',*,*,#2529,.F.);
#1439=ORIENTED_EDGE('',*,*,#2236,.F.);
#1440=ORIENTED_EDGE('',*,*,#2530,.F.);
#1441=ORIENTED_EDGE('',*,*,#2463,.F.);
#1442=ORIENTED_EDGE('',*,*,#2531,.F.);
#1443=ORIENTED_EDGE('',*,*,#2131,.F.);
#1444=ORIENTED_EDGE('',*,*,#2529,.T.);
#1445=ORIENTED_EDGE('',*,*,#2359,.F.);
#1446=ORIENTED_EDGE('',*,*,#2532,.F.);
#1447=ORIENTED_EDGE('',*,*,#2237,.F.);
#1448=ORIENTED_EDGE('',*,*,#2531,.T.);
#1449=ORIENTED_EDGE('',*,*,#2240,.F.);
#1450=ORIENTED_EDGE('',*,*,#2533,.F.);
#1451=ORIENTED_EDGE('',*,*,#2132,.F.);
#1452=ORIENTED_EDGE('',*,*,#2530,.T.);
#1453=ORIENTED_EDGE('',*,*,#2130,.F.);
#1454=ORIENTED_EDGE('',*,*,#2534,.F.);
#1455=ORIENTED_EDGE('',*,*,#2134,.F.);
#1456=ORIENTED_EDGE('',*,*,#2532,.T.);
#1457=ORIENTED_EDGE('',*,*,#2432,.F.);
#1458=ORIENTED_EDGE('',*,*,#2535,.F.);
#1459=ORIENTED_EDGE('',*,*,#2125,.T.);
#1460=ORIENTED_EDGE('',*,*,#2533,.T.);
#1461=ORIENTED_EDGE('',*,*,#2536,.F.);
#1462=ORIENTED_EDGE('',*,*,#2537,.F.);
#1463=ORIENTED_EDGE('',*,*,#2534,.T.);
#1464=ORIENTED_EDGE('',*,*,#2129,.F.);
#1465=ORIENTED_EDGE('',*,*,#2538,.F.);
#1466=ORIENTED_EDGE('',*,*,#2445,.F.);
#1467=ORIENTED_EDGE('',*,*,#2535,.T.);
#1468=ORIENTED_EDGE('',*,*,#2184,.F.);
#1469=ORIENTED_EDGE('',*,*,#2539,.F.);
#1470=ORIENTED_EDGE('',*,*,#2238,.F.);
#1471=ORIENTED_EDGE('',*,*,#2536,.T.);
#1472=ORIENTED_EDGE('',*,*,#2239,.F.);
#1473=ORIENTED_EDGE('',*,*,#2540,.F.);
#1474=ORIENTED_EDGE('',*,*,#2233,.F.);
#1475=ORIENTED_EDGE('',*,*,#2537,.T.);
#1476=ORIENTED_EDGE('',*,*,#2232,.F.);
#1477=ORIENTED_EDGE('',*,*,#2541,.F.);
#1478=ORIENTED_EDGE('',*,*,#2126,.F.);
#1479=ORIENTED_EDGE('',*,*,#2538,.T.);
#1480=ORIENTED_EDGE('',*,*,#2128,.F.);
#1481=ORIENTED_EDGE('',*,*,#2542,.F.);
#1482=ORIENTED_EDGE('',*,*,#2226,.F.);
#1483=ORIENTED_EDGE('',*,*,#2539,.T.);
#1484=ORIENTED_EDGE('',*,*,#2183,.T.);
#1485=ORIENTED_EDGE('',*,*,#2543,.F.);
#1486=ORIENTED_EDGE('',*,*,#2540,.T.);
#1487=ORIENTED_EDGE('',*,*,#2127,.T.);
#1488=ORIENTED_EDGE('',*,*,#2541,.T.);
#1489=ORIENTED_EDGE('',*,*,#2544,.F.);
#1490=ORIENTED_EDGE('',*,*,#2542,.T.);
#1491=ORIENTED_EDGE('',*,*,#2543,.T.);
#1492=ORIENTED_EDGE('',*,*,#2182,.F.);
#1493=ORIENTED_EDGE('',*,*,#2545,.F.);
#1494=ORIENTED_EDGE('',*,*,#2230,.F.);
#1495=ORIENTED_EDGE('',*,*,#2544,.T.);
#1496=ORIENTED_EDGE('',*,*,#2231,.F.);
#1497=ORIENTED_EDGE('',*,*,#2546,.F.);
#1498=ORIENTED_EDGE('',*,*,#2227,.F.);
#1499=ORIENTED_EDGE('',*,*,#2545,.T.);
#1500=ORIENTED_EDGE('',*,*,#2181,.T.);
#1501=ORIENTED_EDGE('',*,*,#2547,.F.);
#1502=ORIENTED_EDGE('',*,*,#2546,.T.);
#1503=ORIENTED_EDGE('',*,*,#2547,.T.);
#1504=ORIENTED_EDGE('',*,*,#2180,.F.);
#1505=ORIENTED_EDGE('',*,*,#2548,.F.);
#1506=ORIENTED_EDGE('',*,*,#2228,.F.);
#1507=ORIENTED_EDGE('',*,*,#2548,.T.);
#1508=ORIENTED_EDGE('',*,*,#2422,.F.);
#1509=ORIENTED_EDGE('',*,*,#2549,.F.);
#1510=ORIENTED_EDGE('',*,*,#2549,.T.);
#1511=ORIENTED_EDGE('',*,*,#2339,.F.);
#1512=ORIENTED_EDGE('',*,*,#2550,.F.);
#1513=ORIENTED_EDGE('',*,*,#2229,.F.);
#1514=ORIENTED_EDGE('',*,*,#2550,.T.);
#1515=ORIENTED_EDGE('',*,*,#2363,.F.);
#1516=ORIENTED_EDGE('',*,*,#2551,.F.);
#1517=ORIENTED_EDGE('',*,*,#2223,.F.);
#1518=ORIENTED_EDGE('',*,*,#2551,.T.);
#1519=ORIENTED_EDGE('',*,*,#2382,.F.);
#1520=ORIENTED_EDGE('',*,*,#2552,.F.);
#1521=ORIENTED_EDGE('',*,*,#2224,.F.);
#1522=ORIENTED_EDGE('',*,*,#2552,.T.);
#1523=ORIENTED_EDGE('',*,*,#2381,.F.);
#1524=ORIENTED_EDGE('',*,*,#2553,.F.);
#1525=ORIENTED_EDGE('',*,*,#2443,.F.);
#1526=ORIENTED_EDGE('',*,*,#2410,.F.);
#1527=ORIENTED_EDGE('',*,*,#2444,.F.);
#1528=ORIENTED_EDGE('',*,*,#2553,.T.);
#1529=ORIENTED_EDGE('',*,*,#2449,.F.);
#1530=ORIENTED_EDGE('',*,*,#2413,.F.);
#1531=ORIENTED_EDGE('',*,*,#2554,.F.);
#1532=ORIENTED_EDGE('',*,*,#2554,.T.);
#1533=ORIENTED_EDGE('',*,*,#2389,.F.);
#1534=ORIENTED_EDGE('',*,*,#2555,.F.);
#1535=ORIENTED_EDGE('',*,*,#2450,.F.);
#1536=ORIENTED_EDGE('',*,*,#2555,.T.);
#1537=ORIENTED_EDGE('',*,*,#2388,.F.);
#1538=ORIENTED_EDGE('',*,*,#2556,.F.);
#1539=ORIENTED_EDGE('',*,*,#2264,.F.);
#1540=ORIENTED_EDGE('',*,*,#2556,.T.);
#1541=ORIENTED_EDGE('',*,*,#2367,.F.);
#1542=ORIENTED_EDGE('',*,*,#2557,.F.);
#1543=ORIENTED_EDGE('',*,*,#2265,.F.);
#1544=ORIENTED_EDGE('',*,*,#2558,.F.);
#1545=ORIENTED_EDGE('',*,*,#2451,.F.);
#1546=ORIENTED_EDGE('',*,*,#2559,.F.);
#1547=ORIENTED_EDGE('',*,*,#2123,.F.);
#1548=ORIENTED_EDGE('',*,*,#2557,.T.);
#1549=ORIENTED_EDGE('',*,*,#2345,.F.);
#1550=ORIENTED_EDGE('',*,*,#2560,.F.);
#1551=ORIENTED_EDGE('',*,*,#2266,.F.);
#1552=ORIENTED_EDGE('',*,*,#2559,.T.);
#1553=ORIENTED_EDGE('',*,*,#2269,.F.);
#1554=ORIENTED_EDGE('',*,*,#2561,.F.);
#1555=ORIENTED_EDGE('',*,*,#2124,.F.);
#1556=ORIENTED_EDGE('',*,*,#2558,.T.);
#1557=ORIENTED_EDGE('',*,*,#2122,.F.);
#1558=ORIENTED_EDGE('',*,*,#2562,.F.);
#1559=ORIENTED_EDGE('',*,*,#2142,.F.);
#1560=ORIENTED_EDGE('',*,*,#2560,.T.);
#1561=ORIENTED_EDGE('',*,*,#2425,.F.);
#1562=ORIENTED_EDGE('',*,*,#2563,.F.);
#1563=ORIENTED_EDGE('',*,*,#2117,.T.);
#1564=ORIENTED_EDGE('',*,*,#2561,.T.);
#1565=ORIENTED_EDGE('',*,*,#2564,.F.);
#1566=ORIENTED_EDGE('',*,*,#2565,.F.);
#1567=ORIENTED_EDGE('',*,*,#2562,.T.);
#1568=ORIENTED_EDGE('',*,*,#2121,.F.);
#1569=ORIENTED_EDGE('',*,*,#2566,.F.);
#1570=ORIENTED_EDGE('',*,*,#2454,.F.);
#1571=ORIENTED_EDGE('',*,*,#2563,.T.);
#1572=ORIENTED_EDGE('',*,*,#2172,.F.);
#1573=ORIENTED_EDGE('',*,*,#2567,.F.);
#1574=ORIENTED_EDGE('',*,*,#2267,.F.);
#1575=ORIENTED_EDGE('',*,*,#2564,.T.);
#1576=ORIENTED_EDGE('',*,*,#2268,.F.);
#1577=ORIENTED_EDGE('',*,*,#2568,.F.);
#1578=ORIENTED_EDGE('',*,*,#2262,.F.);
#1579=ORIENTED_EDGE('',*,*,#2565,.T.);
#1580=ORIENTED_EDGE('',*,*,#2261,.F.);
#1581=ORIENTED_EDGE('',*,*,#2569,.F.);
#1582=ORIENTED_EDGE('',*,*,#2118,.F.);
#1583=ORIENTED_EDGE('',*,*,#2566,.T.);
#1584=ORIENTED_EDGE('',*,*,#2120,.F.);
#1585=ORIENTED_EDGE('',*,*,#2570,.F.);
#1586=ORIENTED_EDGE('',*,*,#2255,.F.);
#1587=ORIENTED_EDGE('',*,*,#2567,.T.);
#1588=ORIENTED_EDGE('',*,*,#2171,.T.);
#1589=ORIENTED_EDGE('',*,*,#2571,.F.);
#1590=ORIENTED_EDGE('',*,*,#2568,.T.);
#1591=ORIENTED_EDGE('',*,*,#2119,.T.);
#1592=ORIENTED_EDGE('',*,*,#2569,.T.);
#1593=ORIENTED_EDGE('',*,*,#2572,.F.);
#1594=ORIENTED_EDGE('',*,*,#2570,.T.);
#1595=ORIENTED_EDGE('',*,*,#2571,.T.);
#1596=ORIENTED_EDGE('',*,*,#2170,.F.);
#1597=ORIENTED_EDGE('',*,*,#2573,.F.);
#1598=ORIENTED_EDGE('',*,*,#2259,.F.);
#1599=ORIENTED_EDGE('',*,*,#2572,.T.);
#1600=ORIENTED_EDGE('',*,*,#2260,.F.);
#1601=ORIENTED_EDGE('',*,*,#2574,.F.);
#1602=ORIENTED_EDGE('',*,*,#2256,.F.);
#1603=ORIENTED_EDGE('',*,*,#2573,.T.);
#1604=ORIENTED_EDGE('',*,*,#2169,.T.);
#1605=ORIENTED_EDGE('',*,*,#2575,.F.);
#1606=ORIENTED_EDGE('',*,*,#2574,.T.);
#1607=ORIENTED_EDGE('',*,*,#2575,.T.);
#1608=ORIENTED_EDGE('',*,*,#2168,.F.);
#1609=ORIENTED_EDGE('',*,*,#2576,.F.);
#1610=ORIENTED_EDGE('',*,*,#2257,.F.);
#1611=ORIENTED_EDGE('',*,*,#2576,.T.);
#1612=ORIENTED_EDGE('',*,*,#2427,.F.);
#1613=ORIENTED_EDGE('',*,*,#2577,.F.);
#1614=ORIENTED_EDGE('',*,*,#2577,.T.);
#1615=ORIENTED_EDGE('',*,*,#2349,.F.);
#1616=ORIENTED_EDGE('',*,*,#2578,.F.);
#1617=ORIENTED_EDGE('',*,*,#2258,.F.);
#1618=ORIENTED_EDGE('',*,*,#2578,.T.);
#1619=ORIENTED_EDGE('',*,*,#2370,.F.);
#1620=ORIENTED_EDGE('',*,*,#2579,.F.);
#1621=ORIENTED_EDGE('',*,*,#2252,.F.);
#1622=ORIENTED_EDGE('',*,*,#2579,.T.);
#1623=ORIENTED_EDGE('',*,*,#2394,.F.);
#1624=ORIENTED_EDGE('',*,*,#2580,.F.);
#1625=ORIENTED_EDGE('',*,*,#2253,.F.);
#1626=ORIENTED_EDGE('',*,*,#2580,.T.);
#1627=ORIENTED_EDGE('',*,*,#2393,.F.);
#1628=ORIENTED_EDGE('',*,*,#2581,.F.);
#1629=ORIENTED_EDGE('',*,*,#2452,.F.);
#1630=ORIENTED_EDGE('',*,*,#2415,.F.);
#1631=ORIENTED_EDGE('',*,*,#2453,.F.);
#1632=ORIENTED_EDGE('',*,*,#2581,.T.);
#1633=ORIENTED_EDGE('',*,*,#2434,.F.);
#1634=ORIENTED_EDGE('',*,*,#2418,.F.);
#1635=ORIENTED_EDGE('',*,*,#2582,.F.);
#1636=ORIENTED_EDGE('',*,*,#2582,.T.);
#1637=ORIENTED_EDGE('',*,*,#2401,.F.);
#1638=ORIENTED_EDGE('',*,*,#2583,.F.);
#1639=ORIENTED_EDGE('',*,*,#2435,.F.);
#1640=ORIENTED_EDGE('',*,*,#2583,.T.);
#1641=ORIENTED_EDGE('',*,*,#2400,.F.);
#1642=ORIENTED_EDGE('',*,*,#2584,.F.);
#1643=ORIENTED_EDGE('',*,*,#2318,.F.);
#1644=ORIENTED_EDGE('',*,*,#2584,.T.);
#1645=ORIENTED_EDGE('',*,*,#2374,.F.);
#1646=ORIENTED_EDGE('',*,*,#2585,.F.);
#1647=ORIENTED_EDGE('',*,*,#2319,.F.);
#1648=ORIENTED_EDGE('',*,*,#2586,.F.);
#1649=ORIENTED_EDGE('',*,*,#2436,.F.);
#1650=ORIENTED_EDGE('',*,*,#2587,.F.);
#1651=ORIENTED_EDGE('',*,*,#2115,.F.);
#1652=ORIENTED_EDGE('',*,*,#2585,.T.);
#1653=ORIENTED_EDGE('',*,*,#2355,.F.);
#1654=ORIENTED_EDGE('',*,*,#2588,.F.);
#1655=ORIENTED_EDGE('',*,*,#2320,.F.);
#1656=ORIENTED_EDGE('',*,*,#2587,.T.);
#1657=ORIENTED_EDGE('',*,*,#2323,.F.);
#1658=ORIENTED_EDGE('',*,*,#2589,.F.);
#1659=ORIENTED_EDGE('',*,*,#2116,.F.);
#1660=ORIENTED_EDGE('',*,*,#2586,.T.);
#1661=ORIENTED_EDGE('',*,*,#2114,.F.);
#1662=ORIENTED_EDGE('',*,*,#2590,.F.);
#1663=ORIENTED_EDGE('',*,*,#2154,.F.);
#1664=ORIENTED_EDGE('',*,*,#2588,.T.);
#1665=ORIENTED_EDGE('',*,*,#2430,.F.);
#1666=ORIENTED_EDGE('',*,*,#2591,.F.);
#1667=ORIENTED_EDGE('',*,*,#2109,.T.);
#1668=ORIENTED_EDGE('',*,*,#2589,.T.);
#1669=ORIENTED_EDGE('',*,*,#2592,.F.);
#1670=ORIENTED_EDGE('',*,*,#2593,.F.);
#1671=ORIENTED_EDGE('',*,*,#2590,.T.);
#1672=ORIENTED_EDGE('',*,*,#2113,.F.);
#1673=ORIENTED_EDGE('',*,*,#2594,.F.);
#1674=ORIENTED_EDGE('',*,*,#2439,.F.);
#1675=ORIENTED_EDGE('',*,*,#2591,.T.);
#1676=ORIENTED_EDGE('',*,*,#2190,.F.);
#1677=ORIENTED_EDGE('',*,*,#2595,.F.);
#1678=ORIENTED_EDGE('',*,*,#2321,.F.);
#1679=ORIENTED_EDGE('',*,*,#2592,.T.);
#1680=ORIENTED_EDGE('',*,*,#2322,.F.);
#1681=ORIENTED_EDGE('',*,*,#2596,.F.);
#1682=ORIENTED_EDGE('',*,*,#2316,.F.);
#1683=ORIENTED_EDGE('',*,*,#2593,.T.);
#1684=ORIENTED_EDGE('',*,*,#2315,.F.);
#1685=ORIENTED_EDGE('',*,*,#2597,.F.);
#1686=ORIENTED_EDGE('',*,*,#2110,.F.);
#1687=ORIENTED_EDGE('',*,*,#2594,.T.);
#1688=ORIENTED_EDGE('',*,*,#2112,.F.);
#1689=ORIENTED_EDGE('',*,*,#2598,.F.);
#1690=ORIENTED_EDGE('',*,*,#2309,.F.);
#1691=ORIENTED_EDGE('',*,*,#2595,.T.);
#1692=ORIENTED_EDGE('',*,*,#2189,.T.);
#1693=ORIENTED_EDGE('',*,*,#2599,.F.);
#1694=ORIENTED_EDGE('',*,*,#2596,.T.);
#1695=ORIENTED_EDGE('',*,*,#2111,.T.);
#1696=ORIENTED_EDGE('',*,*,#2597,.T.);
#1697=ORIENTED_EDGE('',*,*,#2600,.F.);
#1698=ORIENTED_EDGE('',*,*,#2598,.T.);
#1699=ORIENTED_EDGE('',*,*,#2599,.T.);
#1700=ORIENTED_EDGE('',*,*,#2188,.F.);
#1701=ORIENTED_EDGE('',*,*,#2601,.F.);
#1702=ORIENTED_EDGE('',*,*,#2313,.F.);
#1703=ORIENTED_EDGE('',*,*,#2600,.T.);
#1704=ORIENTED_EDGE('',*,*,#2314,.F.);
#1705=ORIENTED_EDGE('',*,*,#2602,.F.);
#1706=ORIENTED_EDGE('',*,*,#2310,.F.);
#1707=ORIENTED_EDGE('',*,*,#2601,.T.);
#1708=ORIENTED_EDGE('',*,*,#2187,.T.);
#1709=ORIENTED_EDGE('',*,*,#2603,.F.);
#1710=ORIENTED_EDGE('',*,*,#2602,.T.);
#1711=ORIENTED_EDGE('',*,*,#2603,.T.);
#1712=ORIENTED_EDGE('',*,*,#2186,.F.);
#1713=ORIENTED_EDGE('',*,*,#2604,.F.);
#1714=ORIENTED_EDGE('',*,*,#2311,.F.);
#1715=ORIENTED_EDGE('',*,*,#2604,.T.);
#1716=ORIENTED_EDGE('',*,*,#2433,.F.);
#1717=ORIENTED_EDGE('',*,*,#2605,.F.);
#1718=ORIENTED_EDGE('',*,*,#2605,.T.);
#1719=ORIENTED_EDGE('',*,*,#2361,.F.);
#1720=ORIENTED_EDGE('',*,*,#2606,.F.);
#1721=ORIENTED_EDGE('',*,*,#2312,.F.);
#1722=ORIENTED_EDGE('',*,*,#2606,.T.);
#1723=ORIENTED_EDGE('',*,*,#2379,.F.);
#1724=ORIENTED_EDGE('',*,*,#2607,.F.);
#1725=ORIENTED_EDGE('',*,*,#2306,.F.);
#1726=ORIENTED_EDGE('',*,*,#2607,.T.);
#1727=ORIENTED_EDGE('',*,*,#2409,.F.);
#1728=ORIENTED_EDGE('',*,*,#2608,.F.);
#1729=ORIENTED_EDGE('',*,*,#2307,.F.);
#1730=ORIENTED_EDGE('',*,*,#2608,.T.);
#1731=ORIENTED_EDGE('',*,*,#2408,.F.);
#1732=ORIENTED_EDGE('',*,*,#2609,.F.);
#1733=ORIENTED_EDGE('',*,*,#2437,.F.);
#1734=ORIENTED_EDGE('',*,*,#2421,.F.);
#1735=ORIENTED_EDGE('',*,*,#2438,.F.);
#1736=ORIENTED_EDGE('',*,*,#2609,.T.);
#1737=ORIENTED_EDGE('',*,*,#2419,.F.);
#1738=ORIENTED_EDGE('',*,*,#2466,.F.);
#1739=ORIENTED_EDGE('',*,*,#2610,.F.);
#1740=ORIENTED_EDGE('',*,*,#2446,.F.);
#1741=ORIENTED_EDGE('',*,*,#2417,.F.);
#1742=ORIENTED_EDGE('',*,*,#2611,.F.);
#1743=ORIENTED_EDGE('',*,*,#2610,.T.);
#1744=ORIENTED_EDGE('',*,*,#2465,.F.);
#1745=ORIENTED_EDGE('',*,*,#2612,.F.);
#1746=ORIENTED_EDGE('',*,*,#2403,.F.);
#1747=ORIENTED_EDGE('',*,*,#2611,.T.);
#1748=ORIENTED_EDGE('',*,*,#2399,.F.);
#1749=ORIENTED_EDGE('',*,*,#2613,.F.);
#1750=ORIENTED_EDGE('',*,*,#2447,.F.);
#1751=ORIENTED_EDGE('',*,*,#2612,.T.);
#1752=ORIENTED_EDGE('',*,*,#2289,.F.);
#1753=ORIENTED_EDGE('',*,*,#2614,.F.);
#1754=ORIENTED_EDGE('',*,*,#2404,.F.);
#1755=ORIENTED_EDGE('',*,*,#2613,.T.);
#1756=ORIENTED_EDGE('',*,*,#2398,.F.);
#1757=ORIENTED_EDGE('',*,*,#2615,.F.);
#1758=ORIENTED_EDGE('',*,*,#2300,.F.);
#1759=ORIENTED_EDGE('',*,*,#2616,.F.);
#1760=ORIENTED_EDGE('',*,*,#2106,.F.);
#1761=ORIENTED_EDGE('',*,*,#2617,.F.);
#1762=ORIENTED_EDGE('',*,*,#2150,.F.);
#1763=ORIENTED_EDGE('',*,*,#2617,.T.);
#1764=ORIENTED_EDGE('',*,*,#2105,.F.);
#1765=ORIENTED_EDGE('',*,*,#2618,.F.);
#1766=ORIENTED_EDGE('',*,*,#2464,.F.);
#1767=ORIENTED_EDGE('',*,*,#2614,.T.);
#1768=ORIENTED_EDGE('',*,*,#2288,.F.);
#1769=ORIENTED_EDGE('',*,*,#2619,.F.);
#1770=ORIENTED_EDGE('',*,*,#2376,.F.);
#1771=ORIENTED_EDGE('',*,*,#2615,.T.);
#1772=ORIENTED_EDGE('',*,*,#2373,.F.);
#1773=ORIENTED_EDGE('',*,*,#2620,.F.);
#1774=ORIENTED_EDGE('',*,*,#2301,.F.);
#1775=ORIENTED_EDGE('',*,*,#2616,.T.);
#1776=ORIENTED_EDGE('',*,*,#2448,.F.);
#1777=ORIENTED_EDGE('',*,*,#2621,.F.);
#1778=ORIENTED_EDGE('',*,*,#2107,.F.);
#1779=ORIENTED_EDGE('',*,*,#2618,.T.);
#1780=ORIENTED_EDGE('',*,*,#2104,.F.);
#1781=ORIENTED_EDGE('',*,*,#2622,.F.);
#1782=ORIENTED_EDGE('',*,*,#2291,.F.);
#1783=ORIENTED_EDGE('',*,*,#2619,.T.);
#1784=ORIENTED_EDGE('',*,*,#2294,.F.);
#1785=ORIENTED_EDGE('',*,*,#2623,.F.);
#1786=ORIENTED_EDGE('',*,*,#2357,.F.);
#1787=ORIENTED_EDGE('',*,*,#2620,.T.);
#1788=ORIENTED_EDGE('',*,*,#2353,.F.);
#1789=ORIENTED_EDGE('',*,*,#2624,.F.);
#1790=ORIENTED_EDGE('',*,*,#2302,.F.);
#1791=ORIENTED_EDGE('',*,*,#2621,.T.);
#1792=ORIENTED_EDGE('',*,*,#2305,.F.);
#1793=ORIENTED_EDGE('',*,*,#2625,.F.);
#1794=ORIENTED_EDGE('',*,*,#2108,.F.);
#1795=ORIENTED_EDGE('',*,*,#2626,.F.);
#1796=ORIENTED_EDGE('',*,*,#2102,.F.);
#1797=ORIENTED_EDGE('',*,*,#2627,.F.);
#1798=ORIENTED_EDGE('',*,*,#2295,.F.);
#1799=ORIENTED_EDGE('',*,*,#2103,.T.);
#1800=ORIENTED_EDGE('',*,*,#2626,.T.);
#1801=ORIENTED_EDGE('',*,*,#2628,.F.);
#1802=ORIENTED_EDGE('',*,*,#2622,.T.);
#1803=ORIENTED_EDGE('',*,*,#2431,.F.);
#1804=ORIENTED_EDGE('',*,*,#2623,.T.);
#1805=ORIENTED_EDGE('',*,*,#2629,.F.);
#1806=ORIENTED_EDGE('',*,*,#2624,.T.);
#1807=ORIENTED_EDGE('',*,*,#2429,.F.);
#1808=ORIENTED_EDGE('',*,*,#2630,.F.);
#1809=ORIENTED_EDGE('',*,*,#2101,.T.);
#1810=ORIENTED_EDGE('',*,*,#2625,.T.);
#1811=ORIENTED_EDGE('',*,*,#2631,.F.);
#1812=ORIENTED_EDGE('',*,*,#2627,.T.);
#1813=ORIENTED_EDGE('',*,*,#2628,.T.);
#1814=ORIENTED_EDGE('',*,*,#2298,.F.);
#1815=ORIENTED_EDGE('',*,*,#2632,.F.);
#1816=ORIENTED_EDGE('',*,*,#2292,.F.);
#1817=ORIENTED_EDGE('',*,*,#2629,.T.);
#1818=ORIENTED_EDGE('',*,*,#2293,.F.);
#1819=ORIENTED_EDGE('',*,*,#2633,.F.);
#1820=ORIENTED_EDGE('',*,*,#2192,.F.);
#1821=ORIENTED_EDGE('',*,*,#2630,.T.);
#1822=ORIENTED_EDGE('',*,*,#2196,.F.);
#1823=ORIENTED_EDGE('',*,*,#2634,.F.);
#1824=ORIENTED_EDGE('',*,*,#2303,.F.);
#1825=ORIENTED_EDGE('',*,*,#2631,.T.);
#1826=ORIENTED_EDGE('',*,*,#2304,.F.);
#1827=ORIENTED_EDGE('',*,*,#2635,.F.);
#1828=ORIENTED_EDGE('',*,*,#2296,.F.);
#1829=ORIENTED_EDGE('',*,*,#2633,.T.);
#1830=ORIENTED_EDGE('',*,*,#2632,.T.);
#1831=ORIENTED_EDGE('',*,*,#2636,.F.);
#1832=ORIENTED_EDGE('',*,*,#2193,.T.);
#1833=ORIENTED_EDGE('',*,*,#2634,.T.);
#1834=ORIENTED_EDGE('',*,*,#2195,.T.);
#1835=ORIENTED_EDGE('',*,*,#2637,.F.);
#1836=ORIENTED_EDGE('',*,*,#2635,.T.);
#1837=ORIENTED_EDGE('',*,*,#2636,.T.);
#1838=ORIENTED_EDGE('',*,*,#2297,.F.);
#1839=ORIENTED_EDGE('',*,*,#2637,.T.);
#1840=ORIENTED_EDGE('',*,*,#2194,.F.);
#1841=ORIENTED_EDGE('',*,*,#2638,.F.);
#1842=ORIENTED_EDGE('',*,*,#2082,.F.);
#1843=ORIENTED_EDGE('',*,*,#2639,.F.);
#1844=ORIENTED_EDGE('',*,*,#2324,.F.);
#1845=ORIENTED_EDGE('',*,*,#2639,.T.);
#1846=ORIENTED_EDGE('',*,*,#2081,.F.);
#1847=ORIENTED_EDGE('',*,*,#2640,.F.);
#1848=ORIENTED_EDGE('',*,*,#2202,.F.);
#1849=ORIENTED_EDGE('',*,*,#2638,.T.);
#1850=ORIENTED_EDGE('',*,*,#2220,.F.);
#1851=ORIENTED_EDGE('',*,*,#2641,.F.);
#1852=ORIENTED_EDGE('',*,*,#2083,.F.);
#1853=ORIENTED_EDGE('',*,*,#2640,.T.);
#1854=ORIENTED_EDGE('',*,*,#2080,.F.);
#1855=ORIENTED_EDGE('',*,*,#2642,.F.);
#1856=ORIENTED_EDGE('',*,*,#2205,.F.);
#1857=ORIENTED_EDGE('',*,*,#2641,.T.);
#1858=ORIENTED_EDGE('',*,*,#2217,.F.);
#1859=ORIENTED_EDGE('',*,*,#2643,.F.);
#1860=ORIENTED_EDGE('',*,*,#2084,.F.);
#1861=ORIENTED_EDGE('',*,*,#2642,.T.);
#1862=ORIENTED_EDGE('',*,*,#2079,.F.);
#1863=ORIENTED_EDGE('',*,*,#2644,.F.);
#1864=ORIENTED_EDGE('',*,*,#2208,.F.);
#1865=ORIENTED_EDGE('',*,*,#2643,.T.);
#1866=ORIENTED_EDGE('',*,*,#2214,.F.);
#1867=ORIENTED_EDGE('',*,*,#2645,.F.);
#1868=ORIENTED_EDGE('',*,*,#2077,.F.);
#1869=ORIENTED_EDGE('',*,*,#2644,.T.);
#1870=ORIENTED_EDGE('',*,*,#2078,.F.);
#1871=ORIENTED_EDGE('',*,*,#2645,.T.);
#1872=ORIENTED_EDGE('',*,*,#2211,.F.);
#1873=ORIENTED_EDGE('',*,*,#2646,.F.);
#1874=ORIENTED_EDGE('',*,*,#2325,.F.);
#1875=ORIENTED_EDGE('',*,*,#2647,.F.);
#1876=ORIENTED_EDGE('',*,*,#2331,.F.);
#1877=ORIENTED_EDGE('',*,*,#2647,.T.);
#1878=ORIENTED_EDGE('',*,*,#2204,.F.);
#1879=ORIENTED_EDGE('',*,*,#2648,.F.);
#1880=ORIENTED_EDGE('',*,*,#2332,.F.);
#1881=ORIENTED_EDGE('',*,*,#2646,.T.);
#1882=ORIENTED_EDGE('',*,*,#2330,.F.);
#1883=ORIENTED_EDGE('',*,*,#2649,.F.);
#1884=ORIENTED_EDGE('',*,*,#2222,.F.);
#1885=ORIENTED_EDGE('',*,*,#2648,.T.);
#1886=ORIENTED_EDGE('',*,*,#2207,.F.);
#1887=ORIENTED_EDGE('',*,*,#2650,.F.);
#1888=ORIENTED_EDGE('',*,*,#2333,.F.);
#1889=ORIENTED_EDGE('',*,*,#2649,.T.);
#1890=ORIENTED_EDGE('',*,*,#2329,.F.);
#1891=ORIENTED_EDGE('',*,*,#2651,.F.);
#1892=ORIENTED_EDGE('',*,*,#2219,.F.);
#1893=ORIENTED_EDGE('',*,*,#2650,.T.);
#1894=ORIENTED_EDGE('',*,*,#2210,.F.);
#1895=ORIENTED_EDGE('',*,*,#2652,.F.);
#1896=ORIENTED_EDGE('',*,*,#2326,.F.);
#1897=ORIENTED_EDGE('',*,*,#2651,.T.);
#1898=ORIENTED_EDGE('',*,*,#2328,.F.);
#1899=ORIENTED_EDGE('',*,*,#2653,.F.);
#1900=ORIENTED_EDGE('',*,*,#2216,.F.);
#1901=ORIENTED_EDGE('',*,*,#2652,.T.);
#1902=ORIENTED_EDGE('',*,*,#2213,.F.);
#1903=ORIENTED_EDGE('',*,*,#2653,.T.);
#1904=ORIENTED_EDGE('',*,*,#2327,.F.);
#1905=ORIENTED_EDGE('',*,*,#2654,.T.);
#1906=ORIENTED_EDGE('',*,*,#2026,.T.);
#1907=ORIENTED_EDGE('',*,*,#2655,.F.);
#1908=ORIENTED_EDGE('',*,*,#2656,.T.);
#1909=ORIENTED_EDGE('',*,*,#2657,.T.);
#1910=ORIENTED_EDGE('',*,*,#2658,.F.);
#1911=ORIENTED_EDGE('',*,*,#2337,.F.);
#1912=ORIENTED_EDGE('',*,*,#2659,.F.);
#1913=ORIENTED_EDGE('',*,*,#2020,.F.);
#1914=ORIENTED_EDGE('',*,*,#2659,.T.);
#1915=ORIENTED_EDGE('',*,*,#2068,.F.);
#1916=ORIENTED_EDGE('',*,*,#2658,.T.);
#1917=ORIENTED_EDGE('',*,*,#2021,.F.);
#1918=ORIENTED_EDGE('',*,*,#2657,.F.);
#1919=ORIENTED_EDGE('',*,*,#2660,.F.);
#1920=ORIENTED_EDGE('',*,*,#2336,.F.);
#1921=ORIENTED_EDGE('',*,*,#2661,.F.);
#1922=ORIENTED_EDGE('',*,*,#2029,.F.);
#1923=ORIENTED_EDGE('',*,*,#2661,.T.);
#1924=ORIENTED_EDGE('',*,*,#2070,.F.);
#1925=ORIENTED_EDGE('',*,*,#2660,.T.);
#1926=ORIENTED_EDGE('',*,*,#2030,.F.);
#1927=ORIENTED_EDGE('',*,*,#2035,.F.);
#1928=ORIENTED_EDGE('',*,*,#2662,.T.);
#1929=ORIENTED_EDGE('',*,*,#2049,.T.);
#1930=ORIENTED_EDGE('',*,*,#2663,.F.);
#1931=ORIENTED_EDGE('',*,*,#2664,.T.);
#1932=ORIENTED_EDGE('',*,*,#2665,.T.);
#1933=ORIENTED_EDGE('',*,*,#2666,.F.);
#1934=ORIENTED_EDGE('',*,*,#2335,.F.);
#1935=ORIENTED_EDGE('',*,*,#2667,.F.);
#1936=ORIENTED_EDGE('',*,*,#2042,.F.);
#1937=ORIENTED_EDGE('',*,*,#2667,.T.);
#1938=ORIENTED_EDGE('',*,*,#2072,.F.);
#1939=ORIENTED_EDGE('',*,*,#2666,.T.);
#1940=ORIENTED_EDGE('',*,*,#2043,.F.);
#1941=ORIENTED_EDGE('',*,*,#2665,.F.);
#1942=ORIENTED_EDGE('',*,*,#2668,.F.);
#1943=ORIENTED_EDGE('',*,*,#2334,.F.);
#1944=ORIENTED_EDGE('',*,*,#2669,.F.);
#1945=ORIENTED_EDGE('',*,*,#2051,.F.);
#1946=ORIENTED_EDGE('',*,*,#2669,.T.);
#1947=ORIENTED_EDGE('',*,*,#2066,.F.);
#1948=ORIENTED_EDGE('',*,*,#2668,.T.);
#1949=ORIENTED_EDGE('',*,*,#2052,.F.);
#1950=ORIENTED_EDGE('',*,*,#2057,.F.);
#1951=ORIENTED_EDGE('',*,*,#2056,.T.);
#1952=ORIENTED_EDGE('',*,*,#2670,.T.);
#1953=ORIENTED_EDGE('',*,*,#2060,.F.);
#1954=ORIENTED_EDGE('',*,*,#2671,.F.);
#1955=ORIENTED_EDGE('',*,*,#2063,.T.);
#1956=ORIENTED_EDGE('',*,*,#2061,.F.);
#1957=ORIENTED_EDGE('',*,*,#2670,.F.);
#1958=ORIENTED_EDGE('',*,*,#2055,.F.);
#1959=ORIENTED_EDGE('',*,*,#2053,.T.);
#1960=ORIENTED_EDGE('',*,*,#2671,.T.);
#1961=ORIENTED_EDGE('',*,*,#2059,.T.);
#1962=ORIENTED_EDGE('',*,*,#2062,.F.);
#1963=ORIENTED_EDGE('',*,*,#2047,.T.);
#1964=ORIENTED_EDGE('',*,*,#2672,.T.);
#1965=ORIENTED_EDGE('',*,*,#2664,.F.);
#1966=ORIENTED_EDGE('',*,*,#2673,.F.);
#1967=ORIENTED_EDGE('',*,*,#2044,.T.);
#1968=ORIENTED_EDGE('',*,*,#2673,.T.);
#1969=ORIENTED_EDGE('',*,*,#2663,.T.);
#1970=ORIENTED_EDGE('',*,*,#2048,.F.);
#1971=ORIENTED_EDGE('',*,*,#2050,.T.);
#1972=ORIENTED_EDGE('',*,*,#2662,.F.);
#1973=ORIENTED_EDGE('',*,*,#2672,.F.);
#1974=ORIENTED_EDGE('',*,*,#2046,.F.);
#1975=ORIENTED_EDGE('',*,*,#2032,.T.);
#1976=ORIENTED_EDGE('',*,*,#2674,.F.);
#1977=ORIENTED_EDGE('',*,*,#2036,.F.);
#1978=ORIENTED_EDGE('',*,*,#2675,.T.);
#1979=ORIENTED_EDGE('',*,*,#2031,.T.);
#1980=ORIENTED_EDGE('',*,*,#2040,.F.);
#1981=ORIENTED_EDGE('',*,*,#2037,.F.);
#1982=ORIENTED_EDGE('',*,*,#2674,.T.);
#1983=ORIENTED_EDGE('',*,*,#2675,.F.);
#1984=ORIENTED_EDGE('',*,*,#2039,.T.);
#1985=ORIENTED_EDGE('',*,*,#2041,.T.);
#1986=ORIENTED_EDGE('',*,*,#2033,.F.);
#1987=ORIENTED_EDGE('',*,*,#2676,.T.);
#1988=ORIENTED_EDGE('',*,*,#2023,.T.);
#1989=ORIENTED_EDGE('',*,*,#2677,.F.);
#1990=ORIENTED_EDGE('',*,*,#2656,.F.);
#1991=ORIENTED_EDGE('',*,*,#2022,.T.);
#1992=ORIENTED_EDGE('',*,*,#2027,.F.);
#1993=ORIENTED_EDGE('',*,*,#2654,.F.);
#1994=ORIENTED_EDGE('',*,*,#2677,.T.);
#1995=ORIENTED_EDGE('',*,*,#2676,.F.);
#1996=ORIENTED_EDGE('',*,*,#2655,.T.);
#1997=ORIENTED_EDGE('',*,*,#2028,.T.);
#1998=ORIENTED_EDGE('',*,*,#2024,.F.);
#1999=ORIENTED_EDGE('',*,*,#2678,.T.);
#2000=ORIENTED_EDGE('',*,*,#2679,.T.);
#2001=ORIENTED_EDGE('',*,*,#2680,.T.);
#2002=ORIENTED_EDGE('',*,*,#2681,.F.);
#2003=ORIENTED_EDGE('',*,*,#2681,.T.);
#2004=ORIENTED_EDGE('',*,*,#2164,.F.);
#2005=ORIENTED_EDGE('',*,*,#2679,.F.);
#2006=ORIENTED_EDGE('',*,*,#2678,.F.);
#2007=ORIENTED_EDGE('',*,*,#2680,.F.);
#2008=ORIENTED_EDGE('',*,*,#2682,.F.);
#2009=ORIENTED_EDGE('',*,*,#2076,.T.);
#2010=ORIENTED_EDGE('',*,*,#2682,.T.);
#2011=ORIENTED_EDGE('',*,*,#2683,.F.);
#2012=ORIENTED_EDGE('',*,*,#2075,.T.);
#2013=ORIENTED_EDGE('',*,*,#2683,.T.);
#2014=ORIENTED_EDGE('',*,*,#2684,.F.);
#2015=ORIENTED_EDGE('',*,*,#2074,.T.);
#2016=ORIENTED_EDGE('',*,*,#2684,.T.);
#2017=ORIENTED_EDGE('',*,*,#2685,.F.);
#2018=ORIENTED_EDGE('',*,*,#2073,.T.);
#2019=ORIENTED_EDGE('',*,*,#2685,.T.);
#2020=EDGE_CURVE('',#2686,#2687,#3072,.T.);
#2021=EDGE_CURVE('',#2687,#2686,#572,.T.);
#2022=EDGE_CURVE('',#2688,#2689,#220,.F.);
#2023=EDGE_CURVE('',#2690,#2688,#3073,.T.);
#2024=EDGE_CURVE('',#2690,#2691,#221,.F.);
#2025=EDGE_CURVE('',#2689,#2691,#3074,.T.);
#2026=EDGE_CURVE('',#2692,#2693,#3075,.T.);
#2027=EDGE_CURVE('',#2692,#2689,#222,.T.);
#2028=EDGE_CURVE('',#2693,#2691,#223,.T.);
#2029=EDGE_CURVE('',#2694,#2695,#3076,.T.);
#2030=EDGE_CURVE('',#2695,#2694,#573,.T.);
#2031=EDGE_CURVE('',#2696,#2697,#224,.F.);
#2032=EDGE_CURVE('',#2698,#2696,#3077,.T.);
#2033=EDGE_CURVE('',#2698,#2699,#225,.F.);
#2034=EDGE_CURVE('',#2697,#2699,#3078,.T.);
#2035=EDGE_CURVE('',#2700,#2700,#3079,.F.);
#2036=EDGE_CURVE('',#2701,#2702,#3080,.T.);
#2037=EDGE_CURVE('',#2702,#2703,#226,.T.);
#2038=EDGE_CURVE('',#2703,#2704,#3081,.T.);
#2039=EDGE_CURVE('',#2701,#2704,#227,.T.);
#2040=EDGE_CURVE('',#2703,#2697,#228,.T.);
#2041=EDGE_CURVE('',#2704,#2699,#229,.T.);
#2042=EDGE_CURVE('',#2705,#2706,#3082,.T.);
#2043=EDGE_CURVE('',#2706,#2705,#574,.T.);
#2044=EDGE_CURVE('',#2707,#2708,#230,.T.);
#2045=EDGE_CURVE('',#2709,#2707,#3083,.T.);
#2046=EDGE_CURVE('',#2709,#2710,#231,.T.);
#2047=EDGE_CURVE('',#2708,#2710,#3084,.T.);
#2048=EDGE_CURVE('',#2707,#2711,#232,.T.);
#2049=EDGE_CURVE('',#2712,#2711,#3085,.T.);
#2050=EDGE_CURVE('',#2709,#2712,#233,.T.);
#2051=EDGE_CURVE('',#2713,#2714,#3086,.T.);
#2052=EDGE_CURVE('',#2714,#2713,#575,.T.);
#2053=EDGE_CURVE('',#2715,#2716,#234,.T.);
#2054=EDGE_CURVE('',#2717,#2715,#3087,.T.);
#2055=EDGE_CURVE('',#2717,#2718,#235,.T.);
#2056=EDGE_CURVE('',#2716,#2718,#3088,.T.);
#2057=EDGE_CURVE('',#2719,#2719,#3089,.F.);
#2058=EDGE_CURVE('',#2720,#2721,#3090,.T.);
#2059=EDGE_CURVE('',#2722,#2721,#236,.T.);
#2060=EDGE_CURVE('',#2722,#2723,#3091,.T.);
#2061=EDGE_CURVE('',#2723,#2720,#237,.T.);
#2062=EDGE_CURVE('',#2715,#2721,#238,.T.);
#2063=EDGE_CURVE('',#2717,#2720,#239,.T.);
#2064=EDGE_CURVE('',#2724,#2724,#3092,.T.);
#2065=EDGE_CURVE('',#2725,#2726,#3093,.T.);
#2066=EDGE_CURVE('',#2726,#2727,#576,.T.);
#2067=EDGE_CURVE('',#2727,#2728,#3094,.T.);
#2068=EDGE_CURVE('',#2728,#2729,#577,.T.);
#2069=EDGE_CURVE('',#2729,#2730,#3095,.T.);
#2070=EDGE_CURVE('',#2730,#2731,#578,.T.);
#2071=EDGE_CURVE('',#2731,#2732,#3096,.T.);
#2072=EDGE_CURVE('',#2732,#2725,#579,.T.);
#2073=EDGE_CURVE('',#2733,#2733,#3097,.T.);
#2074=EDGE_CURVE('',#2734,#2734,#3098,.T.);
#2075=EDGE_CURVE('',#2735,#2735,#3099,.T.);
#2076=EDGE_CURVE('',#2736,#2736,#3100,.T.);
#2077=EDGE_CURVE('',#2737,#2738,#240,.F.);
#2078=EDGE_CURVE('',#2738,#2739,#3101,.F.);
#2079=EDGE_CURVE('',#2739,#2740,#241,.T.);
#2080=EDGE_CURVE('',#2740,#2741,#3102,.F.);
#2081=EDGE_CURVE('',#2741,#2742,#242,.T.);
#2082=EDGE_CURVE('',#2742,#2743,#3103,.F.);
#2083=EDGE_CURVE('',#2743,#2744,#243,.F.);
#2084=EDGE_CURVE('',#2744,#2737,#3104,.F.);
#2085=EDGE_CURVE('',#2745,#2746,#3105,.F.);
#2086=EDGE_CURVE('',#2745,#2747,#3106,.F.);
#2087=EDGE_CURVE('',#2748,#2747,#3107,.F.);
#2088=EDGE_CURVE('',#2748,#2749,#244,.F.);
#2089=EDGE_CURVE('',#2749,#2750,#3108,.T.);
#2090=EDGE_CURVE('',#2750,#2751,#3109,.T.);
#2091=EDGE_CURVE('',#2751,#2752,#3110,.T.);
#2092=EDGE_CURVE('',#2752,#2746,#245,.T.);
#2093=EDGE_CURVE('',#2753,#2754,#3111,.F.);
#2094=EDGE_CURVE('',#2753,#2755,#3112,.F.);
#2095=EDGE_CURVE('',#2756,#2755,#3113,.F.);
#2096=EDGE_CURVE('',#2756,#2757,#246,.F.);
#2097=EDGE_CURVE('',#2757,#2758,#3114,.T.);
#2098=EDGE_CURVE('',#2758,#2759,#3115,.T.);
#2099=EDGE_CURVE('',#2759,#2760,#3116,.T.);
#2100=EDGE_CURVE('',#2760,#2754,#247,.T.);
#2101=EDGE_CURVE('',#2761,#2762,#3117,.F.);
#2102=EDGE_CURVE('',#2761,#2763,#3118,.F.);
#2103=EDGE_CURVE('',#2764,#2763,#3119,.F.);
#2104=EDGE_CURVE('',#2764,#2765,#248,.F.);
#2105=EDGE_CURVE('',#2765,#2766,#3120,.T.);
#2106=EDGE_CURVE('',#2766,#2767,#3121,.T.);
#2107=EDGE_CURVE('',#2767,#2768,#3122,.T.);
#2108=EDGE_CURVE('',#2768,#2762,#249,.T.);
#2109=EDGE_CURVE('',#2769,#2770,#3123,.F.);
#2110=EDGE_CURVE('',#2769,#2771,#3124,.F.);
#2111=EDGE_CURVE('',#2772,#2771,#3125,.F.);
#2112=EDGE_CURVE('',#2772,#2773,#250,.F.);
#2113=EDGE_CURVE('',#2773,#2774,#3126,.T.);
#2114=EDGE_CURVE('',#2774,#2775,#3127,.T.);
#2115=EDGE_CURVE('',#2775,#2776,#3128,.T.);
#2116=EDGE_CURVE('',#2776,#2770,#251,.T.);
#2117=EDGE_CURVE('',#2777,#2778,#3129,.F.);
#2118=EDGE_CURVE('',#2777,#2779,#3130,.F.);
#2119=EDGE_CURVE('',#2780,#2779,#3131,.F.);
#2120=EDGE_CURVE('',#2780,#2781,#252,.F.);
#2121=EDGE_CURVE('',#2781,#2782,#3132,.T.);
#2122=EDGE_CURVE('',#2782,#2783,#3133,.T.);
#2123=EDGE_CURVE('',#2783,#2784,#3134,.T.);
#2124=EDGE_CURVE('',#2784,#2778,#253,.T.);
#2125=EDGE_CURVE('',#2785,#2786,#3135,.F.);
#2126=EDGE_CURVE('',#2785,#2787,#3136,.F.);
#2127=EDGE_CURVE('',#2788,#2787,#3137,.F.);
#2128=EDGE_CURVE('',#2788,#2789,#254,.F.);
#2129=EDGE_CURVE('',#2789,#2790,#3138,.T.);
#2130=EDGE_CURVE('',#2790,#2791,#3139,.T.);
#2131=EDGE_CURVE('',#2791,#2792,#3140,.T.);
#2132=EDGE_CURVE('',#2792,#2786,#255,.T.);
#2133=EDGE_CURVE('',#2793,#2794,#256,.T.);
#2134=EDGE_CURVE('',#2794,#2795,#3141,.F.);
#2135=EDGE_CURVE('',#2795,#2796,#257,.F.);
#2136=EDGE_CURVE('',#2797,#2796,#3142,.T.);
#2137=EDGE_CURVE('',#2797,#2798,#258,.T.);
#2138=EDGE_CURVE('',#2798,#2799,#3143,.F.);
#2139=EDGE_CURVE('',#2799,#2800,#259,.F.);
#2140=EDGE_CURVE('',#2801,#2800,#3144,.T.);
#2141=EDGE_CURVE('',#2801,#2802,#260,.T.);
#2142=EDGE_CURVE('',#2802,#2803,#3145,.F.);
#2143=EDGE_CURVE('',#2803,#2804,#261,.F.);
#2144=EDGE_CURVE('',#2805,#2804,#3146,.T.);
#2145=EDGE_CURVE('',#2805,#2806,#262,.T.);
#2146=EDGE_CURVE('',#2806,#2807,#3147,.F.);
#2147=EDGE_CURVE('',#2807,#2808,#263,.F.);
#2148=EDGE_CURVE('',#2809,#2808,#3148,.T.);
#2149=EDGE_CURVE('',#2809,#2810,#264,.T.);
#2150=EDGE_CURVE('',#2810,#2811,#3149,.F.);
#2151=EDGE_CURVE('',#2811,#2812,#265,.F.);
#2152=EDGE_CURVE('',#2813,#2812,#3150,.T.);
#2153=EDGE_CURVE('',#2813,#2814,#266,.T.);
#2154=EDGE_CURVE('',#2814,#2815,#3151,.F.);
#2155=EDGE_CURVE('',#2815,#2816,#267,.F.);
#2156=EDGE_CURVE('',#2793,#2816,#3152,.T.);
#2157=EDGE_CURVE('',#2817,#2818,#268,.T.);
#2158=EDGE_CURVE('',#2818,#2819,#269,.T.);
#2159=EDGE_CURVE('',#2819,#2820,#580,.T.);
#2160=EDGE_CURVE('',#2820,#2821,#581,.T.);
#2161=EDGE_CURVE('',#2821,#2822,#270,.T.);
#2162=EDGE_CURVE('',#2822,#2823,#271,.T.);
#2163=EDGE_CURVE('',#2823,#2817,#272,.F.);
#2164=EDGE_CURVE('',#2824,#2824,#3153,.F.);
#2165=EDGE_CURVE('',#2825,#2826,#3154,.T.);
#2166=EDGE_CURVE('',#2825,#2827,#273,.F.);
#2167=EDGE_CURVE('',#2827,#2828,#3155,.T.);
#2168=EDGE_CURVE('',#2828,#2829,#274,.T.);
#2169=EDGE_CURVE('',#2830,#2829,#3156,.T.);
#2170=EDGE_CURVE('',#2830,#2831,#3157,.T.);
#2171=EDGE_CURVE('',#2832,#2831,#3158,.T.);
#2172=EDGE_CURVE('',#2832,#2833,#275,.F.);
#2173=EDGE_CURVE('',#2833,#2834,#3159,.T.);
#2174=EDGE_CURVE('',#2834,#2835,#276,.T.);
#2175=EDGE_CURVE('',#2836,#2835,#3160,.T.);
#2176=EDGE_CURVE('',#2836,#2837,#3161,.T.);
#2177=EDGE_CURVE('',#2838,#2837,#3162,.T.);
#2178=EDGE_CURVE('',#2838,#2839,#277,.F.);
#2179=EDGE_CURVE('',#2839,#2840,#3163,.T.);
#2180=EDGE_CURVE('',#2840,#2841,#278,.T.);
#2181=EDGE_CURVE('',#2842,#2841,#3164,.T.);
#2182=EDGE_CURVE('',#2842,#2843,#3165,.T.);
#2183=EDGE_CURVE('',#2844,#2843,#3166,.T.);
#2184=EDGE_CURVE('',#2844,#2845,#279,.F.);
#2185=EDGE_CURVE('',#2845,#2846,#3167,.T.);
#2186=EDGE_CURVE('',#2846,#2847,#280,.T.);
#2187=EDGE_CURVE('',#2848,#2847,#3168,.T.);
#2188=EDGE_CURVE('',#2848,#2849,#3169,.T.);
#2189=EDGE_CURVE('',#2850,#2849,#3170,.T.);
#2190=EDGE_CURVE('',#2850,#2851,#281,.F.);
#2191=EDGE_CURVE('',#2851,#2852,#3171,.T.);
#2192=EDGE_CURVE('',#2852,#2853,#282,.T.);
#2193=EDGE_CURVE('',#2854,#2853,#3172,.T.);
#2194=EDGE_CURVE('',#2854,#2855,#3173,.T.);
#2195=EDGE_CURVE('',#2856,#2855,#3174,.T.);
#2196=EDGE_CURVE('',#2856,#2857,#283,.F.);
#2197=EDGE_CURVE('',#2857,#2858,#3175,.T.);
#2198=EDGE_CURVE('',#2858,#2859,#284,.T.);
#2199=EDGE_CURVE('',#2860,#2859,#3176,.T.);
#2200=EDGE_CURVE('',#2860,#2826,#3177,.T.);
#2201=EDGE_CURVE('',#2861,#2862,#285,.T.);
#2202=EDGE_CURVE('',#2862,#2863,#286,.F.);
#2203=EDGE_CURVE('',#2864,#2863,#287,.T.);
#2204=EDGE_CURVE('',#2864,#2861,#288,.T.);
#2205=EDGE_CURVE('',#2863,#2865,#3178,.T.);
#2206=EDGE_CURVE('',#2866,#2865,#289,.T.);
#2207=EDGE_CURVE('',#2866,#2864,#3179,.F.);
#2208=EDGE_CURVE('',#2865,#2867,#290,.F.);
#2209=EDGE_CURVE('',#2868,#2867,#291,.T.);
#2210=EDGE_CURVE('',#2868,#2866,#292,.T.);
#2211=EDGE_CURVE('',#2867,#2869,#3180,.T.);
#2212=EDGE_CURVE('',#2870,#2869,#293,.T.);
#2213=EDGE_CURVE('',#2870,#2868,#3181,.F.);
#2214=EDGE_CURVE('',#2869,#2871,#294,.T.);
#2215=EDGE_CURVE('',#2872,#2871,#295,.T.);
#2216=EDGE_CURVE('',#2872,#2870,#296,.F.);
#2217=EDGE_CURVE('',#2871,#2873,#3182,.T.);
#2218=EDGE_CURVE('',#2874,#2873,#297,.T.);
#2219=EDGE_CURVE('',#2874,#2872,#3183,.F.);
#2220=EDGE_CURVE('',#2873,#2875,#298,.T.);
#2221=EDGE_CURVE('',#2876,#2875,#299,.T.);
#2222=EDGE_CURVE('',#2876,#2874,#300,.F.);
#2223=EDGE_CURVE('',#2877,#2878,#582,.T.);
#2224=EDGE_CURVE('',#2878,#2879,#301,.F.);
#2225=EDGE_CURVE('',#2879,#2880,#302,.T.);
#2226=EDGE_CURVE('',#2880,#2881,#303,.T.);
#2227=EDGE_CURVE('',#2881,#2882,#304,.T.);
#2228=EDGE_CURVE('',#2882,#2883,#305,.F.);
#2229=EDGE_CURVE('',#2883,#2877,#583,.T.);
#2230=EDGE_CURVE('',#2884,#2885,#3184,.F.);
#2231=EDGE_CURVE('',#2885,#2886,#306,.T.);
#2232=EDGE_CURVE('',#2886,#2887,#3185,.T.);
#2233=EDGE_CURVE('',#2887,#2884,#307,.F.);
#2234=EDGE_CURVE('',#2888,#2889,#308,.T.);
#2235=EDGE_CURVE('',#2889,#2890,#309,.T.);
#2236=EDGE_CURVE('',#2890,#2891,#584,.T.);
#2237=EDGE_CURVE('',#2891,#2892,#585,.T.);
#2238=EDGE_CURVE('',#2892,#2893,#310,.T.);
#2239=EDGE_CURVE('',#2893,#2894,#311,.T.);
#2240=EDGE_CURVE('',#2894,#2888,#312,.F.);
#2241=EDGE_CURVE('',#2895,#2896,#586,.T.);
#2242=EDGE_CURVE('',#2896,#2897,#313,.F.);
#2243=EDGE_CURVE('',#2897,#2898,#314,.T.);
#2244=EDGE_CURVE('',#2898,#2899,#315,.T.);
#2245=EDGE_CURVE('',#2899,#2900,#316,.T.);
#2246=EDGE_CURVE('',#2900,#2901,#317,.F.);
#2247=EDGE_CURVE('',#2901,#2895,#587,.T.);
#2248=EDGE_CURVE('',#2902,#2903,#3186,.F.);
#2249=EDGE_CURVE('',#2903,#2904,#318,.T.);
#2250=EDGE_CURVE('',#2904,#2905,#3187,.T.);
#2251=EDGE_CURVE('',#2905,#2902,#319,.F.);
#2252=EDGE_CURVE('',#2906,#2907,#588,.T.);
#2253=EDGE_CURVE('',#2907,#2908,#320,.F.);
#2254=EDGE_CURVE('',#2908,#2909,#321,.T.);
#2255=EDGE_CURVE('',#2909,#2910,#322,.T.);
#2256=EDGE_CURVE('',#2910,#2911,#323,.T.);
#2257=EDGE_CURVE('',#2911,#2912,#324,.F.);
#2258=EDGE_CURVE('',#2912,#2906,#589,.T.);
#2259=EDGE_CURVE('',#2913,#2914,#3188,.F.);
#2260=EDGE_CURVE('',#2914,#2915,#325,.T.);
#2261=EDGE_CURVE('',#2915,#2916,#3189,.T.);
#2262=EDGE_CURVE('',#2916,#2913,#326,.F.);
#2263=EDGE_CURVE('',#2917,#2918,#327,.T.);
#2264=EDGE_CURVE('',#2918,#2919,#328,.T.);
#2265=EDGE_CURVE('',#2919,#2920,#590,.T.);
#2266=EDGE_CURVE('',#2920,#2921,#591,.T.);
#2267=EDGE_CURVE('',#2921,#2922,#329,.T.);
#2268=EDGE_CURVE('',#2922,#2923,#330,.T.);
#2269=EDGE_CURVE('',#2923,#2917,#331,.F.);
#2270=EDGE_CURVE('',#2924,#2925,#592,.T.);
#2271=EDGE_CURVE('',#2925,#2926,#332,.F.);
#2272=EDGE_CURVE('',#2926,#2927,#333,.T.);
#2273=EDGE_CURVE('',#2927,#2928,#334,.T.);
#2274=EDGE_CURVE('',#2928,#2929,#335,.T.);
#2275=EDGE_CURVE('',#2929,#2930,#336,.F.);
#2276=EDGE_CURVE('',#2930,#2924,#593,.T.);
#2277=EDGE_CURVE('',#2931,#2932,#3190,.T.);
#2278=EDGE_CURVE('',#2932,#2933,#337,.F.);
#2279=EDGE_CURVE('',#2933,#2934,#3191,.F.);
#2280=EDGE_CURVE('',#2934,#2931,#338,.T.);
#2281=EDGE_CURVE('',#2935,#2936,#339,.T.);
#2282=EDGE_CURVE('',#2936,#2937,#340,.T.);
#2283=EDGE_CURVE('',#2937,#2938,#594,.T.);
#2284=EDGE_CURVE('',#2938,#2939,#595,.T.);
#2285=EDGE_CURVE('',#2939,#2940,#341,.T.);
#2286=EDGE_CURVE('',#2940,#2941,#342,.T.);
#2287=EDGE_CURVE('',#2941,#2935,#343,.F.);
#2288=EDGE_CURVE('',#2942,#2943,#596,.T.);
#2289=EDGE_CURVE('',#2943,#2944,#344,.F.);
#2290=EDGE_CURVE('',#2944,#2945,#345,.T.);
#2291=EDGE_CURVE('',#2945,#2946,#346,.T.);
#2292=EDGE_CURVE('',#2946,#2947,#347,.T.);
#2293=EDGE_CURVE('',#2947,#2948,#348,.F.);
#2294=EDGE_CURVE('',#2948,#2942,#597,.T.);
#2295=EDGE_CURVE('',#2949,#2950,#3192,.T.);
#2296=EDGE_CURVE('',#2950,#2951,#349,.F.);
#2297=EDGE_CURVE('',#2951,#2952,#3193,.F.);
#2298=EDGE_CURVE('',#2952,#2949,#350,.T.);
#2299=EDGE_CURVE('',#2953,#2954,#351,.T.);
#2300=EDGE_CURVE('',#2954,#2955,#352,.T.);
#2301=EDGE_CURVE('',#2955,#2956,#598,.T.);
#2302=EDGE_CURVE('',#2956,#2957,#599,.T.);
#2303=EDGE_CURVE('',#2957,#2958,#353,.T.);
#2304=EDGE_CURVE('',#2958,#2959,#354,.T.);
#2305=EDGE_CURVE('',#2959,#2953,#355,.F.);
#2306=EDGE_CURVE('',#2960,#2961,#600,.T.);
#2307=EDGE_CURVE('',#2961,#2962,#356,.F.);
#2308=EDGE_CURVE('',#2962,#2963,#357,.T.);
#2309=EDGE_CURVE('',#2963,#2964,#358,.T.);
#2310=EDGE_CURVE('',#2964,#2965,#359,.T.);
#2311=EDGE_CURVE('',#2965,#2966,#360,.F.);
#2312=EDGE_CURVE('',#2966,#2960,#601,.T.);
#2313=EDGE_CURVE('',#2967,#2968,#3194,.F.);
#2314=EDGE_CURVE('',#2968,#2969,#361,.T.);
#2315=EDGE_CURVE('',#2969,#2970,#3195,.T.);
#2316=EDGE_CURVE('',#2970,#2967,#362,.F.);
#2317=EDGE_CURVE('',#2971,#2972,#363,.T.);
#2318=EDGE_CURVE('',#2972,#2973,#364,.T.);
#2319=EDGE_CURVE('',#2973,#2974,#602,.T.);
#2320=EDGE_CURVE('',#2974,#2975,#603,.T.);
#2321=EDGE_CURVE('',#2975,#2976,#365,.T.);
#2322=EDGE_CURVE('',#2976,#2977,#366,.T.);
#2323=EDGE_CURVE('',#2977,#2971,#367,.F.);
#2324=EDGE_CURVE('',#2875,#2862,#3196,.T.);
#2325=EDGE_CURVE('',#2861,#2876,#3197,.F.);
#2326=EDGE_CURVE('',#2978,#2979,#368,.F.);
#2327=EDGE_CURVE('',#2979,#2980,#3198,.T.);
#2328=EDGE_CURVE('',#2980,#2981,#369,.T.);
#2329=EDGE_CURVE('',#2981,#2982,#3199,.T.);
#2330=EDGE_CURVE('',#2982,#2983,#370,.T.);
#2331=EDGE_CURVE('',#2983,#2984,#3200,.T.);
#2332=EDGE_CURVE('',#2984,#2985,#371,.F.);
#2333=EDGE_CURVE('',#2985,#2978,#3201,.T.);
#2334=EDGE_CURVE('',#2727,#2726,#3202,.F.);
#2335=EDGE_CURVE('',#2725,#2732,#3203,.F.);
#2336=EDGE_CURVE('',#2731,#2730,#3204,.F.);
#2337=EDGE_CURVE('',#2729,#2728,#3205,.F.);
#2338=EDGE_CURVE('',#2986,#2987,#3206,.T.);
#2339=EDGE_CURVE('',#2987,#2988,#604,.T.);
#2340=EDGE_CURVE('',#2989,#2988,#3207,.T.);
#2341=EDGE_CURVE('',#2989,#2986,#605,.T.);
#2342=EDGE_CURVE('',#2990,#2991,#3208,.T.);
#2343=EDGE_CURVE('',#2991,#2992,#606,.T.);
#2344=EDGE_CURVE('',#2993,#2992,#3209,.T.);
#2345=EDGE_CURVE('',#2993,#2990,#607,.T.);
#2346=EDGE_CURVE('',#2994,#2995,#3210,.T.);
#2347=EDGE_CURVE('',#2994,#2996,#608,.T.);
#2348=EDGE_CURVE('',#2996,#2997,#3211,.T.);
#2349=EDGE_CURVE('',#2997,#2995,#609,.T.);
#2350=EDGE_CURVE('',#2998,#2999,#3212,.T.);
#2351=EDGE_CURVE('',#2999,#3000,#610,.T.);
#2352=EDGE_CURVE('',#3001,#3000,#3213,.T.);
#2353=EDGE_CURVE('',#3001,#2998,#611,.T.);
#2354=EDGE_CURVE('',#3002,#3003,#3214,.T.);
#2355=EDGE_CURVE('',#3002,#3004,#612,.T.);
#2356=EDGE_CURVE('',#3004,#3005,#3215,.T.);
#2357=EDGE_CURVE('',#3005,#3003,#613,.T.);
#2358=EDGE_CURVE('',#3006,#3007,#3216,.T.);
#2359=EDGE_CURVE('',#3006,#3008,#614,.T.);
#2360=EDGE_CURVE('',#3008,#3009,#3217,.T.);
#2361=EDGE_CURVE('',#3009,#3007,#615,.T.);
#2362=EDGE_CURVE('',#3010,#3011,#3218,.T.);
#2363=EDGE_CURVE('',#3011,#2987,#616,.T.);
#2364=EDGE_CURVE('',#2986,#3010,#617,.T.);
#2365=EDGE_CURVE('',#3012,#3013,#3219,.T.);
#2366=EDGE_CURVE('',#3013,#2991,#618,.T.);
#2367=EDGE_CURVE('',#2990,#3012,#619,.T.);
#2368=EDGE_CURVE('',#2996,#3014,#620,.T.);
#2369=EDGE_CURVE('',#3014,#3015,#3220,.T.);
#2370=EDGE_CURVE('',#3015,#2997,#621,.T.);
#2371=EDGE_CURVE('',#3016,#3017,#3221,.T.);
#2372=EDGE_CURVE('',#3017,#2999,#622,.T.);
#2373=EDGE_CURVE('',#2998,#3016,#623,.T.);
#2374=EDGE_CURVE('',#3004,#3018,#624,.T.);
#2375=EDGE_CURVE('',#3018,#3019,#3222,.T.);
#2376=EDGE_CURVE('',#3019,#3005,#625,.T.);
#2377=EDGE_CURVE('',#3008,#3020,#626,.T.);
#2378=EDGE_CURVE('',#3020,#3021,#3223,.T.);
#2379=EDGE_CURVE('',#3021,#3009,#627,.T.);
#2380=EDGE_CURVE('',#3022,#3023,#3224,.T.);
#2381=EDGE_CURVE('',#3023,#3024,#3225,.F.);
#2382=EDGE_CURVE('',#3024,#3011,#372,.T.);
#2383=EDGE_CURVE('',#3010,#3025,#373,.F.);
#2384=EDGE_CURVE('',#3025,#3022,#3226,.F.);
#2385=EDGE_CURVE('',#3026,#3027,#3227,.T.);
#2386=EDGE_CURVE('',#3027,#3028,#3228,.F.);
#2387=EDGE_CURVE('',#3028,#3013,#374,.T.);
#2388=EDGE_CURVE('',#3012,#3029,#375,.F.);
#2389=EDGE_CURVE('',#3029,#3026,#3229,.F.);
#2390=EDGE_CURVE('',#3014,#3030,#376,.F.);
#2391=EDGE_CURVE('',#3030,#3031,#3230,.F.);
#2392=EDGE_CURVE('',#3031,#3032,#3231,.T.);
#2393=EDGE_CURVE('',#3032,#3033,#3232,.F.);
#2394=EDGE_CURVE('',#3033,#3015,#377,.T.);
#2395=EDGE_CURVE('',#3034,#3035,#3233,.T.);
#2396=EDGE_CURVE('',#3035,#3036,#3234,.F.);
#2397=EDGE_CURVE('',#3036,#3017,#378,.T.);
#2398=EDGE_CURVE('',#3016,#3037,#379,.F.);
#2399=EDGE_CURVE('',#3037,#3034,#3235,.F.);
#2400=EDGE_CURVE('',#3018,#3038,#380,.F.);
#2401=EDGE_CURVE('',#3038,#3039,#3236,.F.);
#2402=EDGE_CURVE('',#3039,#3040,#3237,.T.);
#2403=EDGE_CURVE('',#3040,#3041,#3238,.F.);
#2404=EDGE_CURVE('',#3041,#3019,#381,.T.);
#2405=EDGE_CURVE('',#3020,#3042,#382,.F.);
#2406=EDGE_CURVE('',#3042,#3043,#3239,.F.);
#2407=EDGE_CURVE('',#3043,#3044,#3240,.T.);
#2408=EDGE_CURVE('',#3044,#3045,#3241,.F.);
#2409=EDGE_CURVE('',#3045,#3021,#383,.T.);
#2410=EDGE_CURVE('',#2796,#3023,#628,.T.);
#2411=EDGE_CURVE('',#3022,#2797,#629,.T.);
#2412=EDGE_CURVE('',#2800,#3027,#630,.T.);
#2413=EDGE_CURVE('',#3026,#2801,#631,.T.);
#2414=EDGE_CURVE('',#3031,#2805,#632,.T.);
#2415=EDGE_CURVE('',#2804,#3032,#633,.T.);
#2416=EDGE_CURVE('',#2808,#3035,#634,.T.);
#2417=EDGE_CURVE('',#3034,#2809,#635,.T.);
#2418=EDGE_CURVE('',#3039,#2813,#636,.T.);
#2419=EDGE_CURVE('',#2812,#3040,#637,.T.);
#2420=EDGE_CURVE('',#3043,#2793,#638,.T.);
#2421=EDGE_CURVE('',#2816,#3044,#639,.T.);
#2422=EDGE_CURVE('',#2988,#2840,#640,.T.);
#2423=EDGE_CURVE('',#2839,#2989,#641,.T.);
#2424=EDGE_CURVE('',#2992,#2834,#642,.T.);
#2425=EDGE_CURVE('',#2833,#2993,#643,.T.);
#2426=EDGE_CURVE('',#2827,#2994,#644,.T.);
#2427=EDGE_CURVE('',#2995,#2828,#645,.T.);
#2428=EDGE_CURVE('',#3000,#2858,#646,.T.);
#2429=EDGE_CURVE('',#2857,#3001,#647,.T.);
#2430=EDGE_CURVE('',#2851,#3002,#648,.T.);
#2431=EDGE_CURVE('',#3003,#2852,#649,.T.);
#2432=EDGE_CURVE('',#2845,#3006,#650,.T.);
#2433=EDGE_CURVE('',#3007,#2846,#651,.T.);
#2434=EDGE_CURVE('',#2813,#3046,#652,.F.);
#2435=EDGE_CURVE('',#3046,#2972,#3242,.T.);
#2436=EDGE_CURVE('',#2971,#2814,#3243,.F.);
#2437=EDGE_CURVE('',#2962,#3047,#3244,.T.);
#2438=EDGE_CURVE('',#3047,#2816,#653,.T.);
#2439=EDGE_CURVE('',#2815,#2963,#3245,.F.);
#2440=EDGE_CURVE('',#2805,#3048,#654,.F.);
#2441=EDGE_CURVE('',#3048,#2936,#3246,.T.);
#2442=EDGE_CURVE('',#2935,#2806,#3247,.F.);
#2443=EDGE_CURVE('',#2879,#3049,#3248,.T.);
#2444=EDGE_CURVE('',#3049,#2796,#655,.T.);
#2445=EDGE_CURVE('',#2795,#2880,#3249,.F.);
#2446=EDGE_CURVE('',#2809,#3050,#656,.F.);
#2447=EDGE_CURVE('',#3050,#2954,#3250,.T.);
#2448=EDGE_CURVE('',#2953,#2810,#3251,.F.);
#2449=EDGE_CURVE('',#2801,#3051,#657,.F.);
#2450=EDGE_CURVE('',#3051,#2918,#3252,.T.);
#2451=EDGE_CURVE('',#2917,#2802,#3253,.F.);
#2452=EDGE_CURVE('',#2908,#3052,#3254,.T.);
#2453=EDGE_CURVE('',#3052,#2804,#658,.T.);
#2454=EDGE_CURVE('',#2803,#2909,#3255,.F.);
#2455=EDGE_CURVE('',#2897,#3053,#3256,.T.);
#2456=EDGE_CURVE('',#3053,#2800,#659,.T.);
#2457=EDGE_CURVE('',#2799,#2898,#3257,.F.);
#2458=EDGE_CURVE('',#2797,#3054,#660,.F.);
#2459=EDGE_CURVE('',#3054,#2818,#3258,.T.);
#2460=EDGE_CURVE('',#2817,#2798,#3259,.F.);
#2461=EDGE_CURVE('',#2793,#3055,#661,.F.);
#2462=EDGE_CURVE('',#3055,#2889,#3260,.T.);
#2463=EDGE_CURVE('',#2888,#2794,#3261,.F.);
#2464=EDGE_CURVE('',#2811,#2945,#3262,.F.);
#2465=EDGE_CURVE('',#2944,#3056,#3263,.T.);
#2466=EDGE_CURVE('',#3056,#2812,#662,.T.);
#2467=EDGE_CURVE('',#2926,#3057,#3264,.T.);
#2468=EDGE_CURVE('',#3057,#2808,#663,.T.);
#2469=EDGE_CURVE('',#2807,#2927,#3265,.F.);
#2470=EDGE_CURVE('',#3035,#3057,#3266,.T.);
#2471=EDGE_CURVE('',#3048,#3031,#3267,.T.);
#2472=EDGE_CURVE('',#3036,#2926,#3268,.T.);
#2473=EDGE_CURVE('',#2936,#3030,#3269,.T.);
#2474=EDGE_CURVE('',#3017,#2925,#3270,.T.);
#2475=EDGE_CURVE('',#2937,#3014,#3271,.T.);
#2476=EDGE_CURVE('',#2759,#2806,#3272,.T.);
#2477=EDGE_CURVE('',#2807,#2758,#3273,.T.);
#2478=EDGE_CURVE('',#2927,#2757,#3274,.T.);
#2479=EDGE_CURVE('',#2999,#2924,#3275,.T.);
#2480=EDGE_CURVE('',#2938,#2996,#3276,.T.);
#2481=EDGE_CURVE('',#2760,#2935,#3277,.T.);
#2482=EDGE_CURVE('',#2928,#2756,#3278,.T.);
#2483=EDGE_CURVE('',#3000,#2930,#664,.T.);
#2484=EDGE_CURVE('',#2939,#2994,#665,.F.);
#2485=EDGE_CURVE('',#2754,#2941,#3279,.T.);
#2486=EDGE_CURVE('',#2755,#2931,#3280,.T.);
#2487=EDGE_CURVE('',#2932,#2753,#3281,.T.);
#2488=EDGE_CURVE('',#2928,#2931,#3282,.F.);
#2489=EDGE_CURVE('',#2858,#2930,#666,.T.);
#2490=EDGE_CURVE('',#2939,#2827,#667,.F.);
#2491=EDGE_CURVE('',#2932,#2941,#3283,.F.);
#2492=EDGE_CURVE('',#2929,#2934,#3284,.F.);
#2493=EDGE_CURVE('',#2859,#2929,#3285,.T.);
#2494=EDGE_CURVE('',#2940,#2825,#3286,.T.);
#2495=EDGE_CURVE('',#2933,#2940,#3287,.F.);
#2496=EDGE_CURVE('',#2860,#2934,#3288,.F.);
#2497=EDGE_CURVE('',#2933,#2826,#3289,.F.);
#2498=EDGE_CURVE('',#3054,#3022,#3290,.T.);
#2499=EDGE_CURVE('',#2818,#3025,#3291,.T.);
#2500=EDGE_CURVE('',#2819,#3010,#3292,.T.);
#2501=EDGE_CURVE('',#2820,#2986,#3293,.T.);
#2502=EDGE_CURVE('',#2798,#2751,#3294,.T.);
#2503=EDGE_CURVE('',#2752,#2817,#3295,.T.);
#2504=EDGE_CURVE('',#2821,#2989,#668,.F.);
#2505=EDGE_CURVE('',#2746,#2823,#3296,.T.);
#2506=EDGE_CURVE('',#2799,#2750,#3297,.T.);
#2507=EDGE_CURVE('',#2821,#2839,#669,.F.);
#2508=EDGE_CURVE('',#2905,#2823,#3298,.F.);
#2509=EDGE_CURVE('',#2745,#2905,#3299,.F.);
#2510=EDGE_CURVE('',#2898,#2749,#3300,.T.);
#2511=EDGE_CURVE('',#2822,#2838,#3301,.T.);
#2512=EDGE_CURVE('',#2902,#2822,#3302,.F.);
#2513=EDGE_CURVE('',#2747,#2904,#3303,.T.);
#2514=EDGE_CURVE('',#2899,#2748,#3304,.T.);
#2515=EDGE_CURVE('',#2902,#2837,#3305,.F.);
#2516=EDGE_CURVE('',#2899,#2904,#3306,.F.);
#2517=EDGE_CURVE('',#2903,#2836,#3307,.T.);
#2518=EDGE_CURVE('',#2900,#2903,#3308,.F.);
#2519=EDGE_CURVE('',#2900,#2835,#3309,.F.);
#2520=EDGE_CURVE('',#2901,#2834,#670,.F.);
#2521=EDGE_CURVE('',#2901,#2992,#671,.F.);
#2522=EDGE_CURVE('',#2895,#2991,#3310,.T.);
#2523=EDGE_CURVE('',#2896,#3013,#3311,.T.);
#2524=EDGE_CURVE('',#2897,#3028,#3312,.T.);
#2525=EDGE_CURVE('',#3053,#3027,#3313,.T.);
#2526=EDGE_CURVE('',#3055,#3043,#3314,.T.);
#2527=EDGE_CURVE('',#2889,#3042,#3315,.T.);
#2528=EDGE_CURVE('',#2890,#3020,#3316,.T.);
#2529=EDGE_CURVE('',#2891,#3008,#3317,.T.);
#2530=EDGE_CURVE('',#2794,#2791,#3318,.T.);
#2531=EDGE_CURVE('',#2792,#2888,#3319,.T.);
#2532=EDGE_CURVE('',#2892,#3006,#672,.F.);
#2533=EDGE_CURVE('',#2786,#2894,#3320,.T.);
#2534=EDGE_CURVE('',#2795,#2790,#3321,.T.);
#2535=EDGE_CURVE('',#2892,#2845,#673,.F.);
#2536=EDGE_CURVE('',#2887,#2894,#3322,.F.);
#2537=EDGE_CURVE('',#2785,#2887,#3323,.F.);
#2538=EDGE_CURVE('',#2880,#2789,#3324,.T.);
#2539=EDGE_CURVE('',#2893,#2844,#3325,.T.);
#2540=EDGE_CURVE('',#2884,#2893,#3326,.F.);
#2541=EDGE_CURVE('',#2787,#2886,#3327,.T.);
#2542=EDGE_CURVE('',#2881,#2788,#3328,.T.);
#2543=EDGE_CURVE('',#2884,#2843,#3329,.F.);
#2544=EDGE_CURVE('',#2881,#2886,#3330,.F.);
#2545=EDGE_CURVE('',#2885,#2842,#3331,.T.);
#2546=EDGE_CURVE('',#2882,#2885,#3332,.F.);
#2547=EDGE_CURVE('',#2882,#2841,#3333,.F.);
#2548=EDGE_CURVE('',#2883,#2840,#674,.F.);
#2549=EDGE_CURVE('',#2883,#2988,#675,.F.);
#2550=EDGE_CURVE('',#2877,#2987,#3334,.T.);
#2551=EDGE_CURVE('',#2878,#3011,#3335,.T.);
#2552=EDGE_CURVE('',#2879,#3024,#3336,.T.);
#2553=EDGE_CURVE('',#3049,#3023,#3337,.T.);
#2554=EDGE_CURVE('',#3051,#3026,#3338,.T.);
#2555=EDGE_CURVE('',#2918,#3029,#3339,.T.);
#2556=EDGE_CURVE('',#2919,#3012,#3340,.T.);
#2557=EDGE_CURVE('',#2920,#2990,#3341,.T.);
#2558=EDGE_CURVE('',#2802,#2783,#3342,.T.);
#2559=EDGE_CURVE('',#2784,#2917,#3343,.T.);
#2560=EDGE_CURVE('',#2921,#2993,#676,.F.);
#2561=EDGE_CURVE('',#2778,#2923,#3344,.T.);
#2562=EDGE_CURVE('',#2803,#2782,#3345,.T.);
#2563=EDGE_CURVE('',#2921,#2833,#677,.F.);
#2564=EDGE_CURVE('',#2916,#2923,#3346,.F.);
#2565=EDGE_CURVE('',#2777,#2916,#3347,.F.);
#2566=EDGE_CURVE('',#2909,#2781,#3348,.T.);
#2567=EDGE_CURVE('',#2922,#2832,#3349,.T.);
#2568=EDGE_CURVE('',#2913,#2922,#3350,.F.);
#2569=EDGE_CURVE('',#2779,#2915,#3351,.T.);
#2570=EDGE_CURVE('',#2910,#2780,#3352,.T.);
#2571=EDGE_CURVE('',#2913,#2831,#3353,.F.);
#2572=EDGE_CURVE('',#2910,#2915,#3354,.F.);
#2573=EDGE_CURVE('',#2914,#2830,#3355,.T.);
#2574=EDGE_CURVE('',#2911,#2914,#3356,.F.);
#2575=EDGE_CURVE('',#2911,#2829,#3357,.F.);
#2576=EDGE_CURVE('',#2912,#2828,#678,.F.);
#2577=EDGE_CURVE('',#2912,#2995,#679,.F.);
#2578=EDGE_CURVE('',#2906,#2997,#3358,.T.);
#2579=EDGE_CURVE('',#2907,#3015,#3359,.T.);
#2580=EDGE_CURVE('',#2908,#3033,#3360,.T.);
#2581=EDGE_CURVE('',#3052,#3032,#3361,.T.);
#2582=EDGE_CURVE('',#3046,#3039,#3362,.T.);
#2583=EDGE_CURVE('',#2972,#3038,#3363,.T.);
#2584=EDGE_CURVE('',#2973,#3018,#3364,.T.);
#2585=EDGE_CURVE('',#2974,#3004,#3365,.T.);
#2586=EDGE_CURVE('',#2814,#2775,#3366,.T.);
#2587=EDGE_CURVE('',#2776,#2971,#3367,.T.);
#2588=EDGE_CURVE('',#2975,#3002,#680,.F.);
#2589=EDGE_CURVE('',#2770,#2977,#3368,.T.);
#2590=EDGE_CURVE('',#2815,#2774,#3369,.T.);
#2591=EDGE_CURVE('',#2975,#2851,#681,.F.);
#2592=EDGE_CURVE('',#2970,#2977,#3370,.F.);
#2593=EDGE_CURVE('',#2769,#2970,#3371,.F.);
#2594=EDGE_CURVE('',#2963,#2773,#3372,.T.);
#2595=EDGE_CURVE('',#2976,#2850,#3373,.T.);
#2596=EDGE_CURVE('',#2967,#2976,#3374,.F.);
#2597=EDGE_CURVE('',#2771,#2969,#3375,.T.);
#2598=EDGE_CURVE('',#2964,#2772,#3376,.T.);
#2599=EDGE_CURVE('',#2967,#2849,#3377,.F.);
#2600=EDGE_CURVE('',#2964,#2969,#3378,.F.);
#2601=EDGE_CURVE('',#2968,#2848,#3379,.T.);
#2602=EDGE_CURVE('',#2965,#2968,#3380,.F.);
#2603=EDGE_CURVE('',#2965,#2847,#3381,.F.);
#2604=EDGE_CURVE('',#2966,#2846,#682,.F.);
#2605=EDGE_CURVE('',#2966,#3007,#683,.F.);
#2606=EDGE_CURVE('',#2960,#3009,#3382,.T.);
#2607=EDGE_CURVE('',#2961,#3021,#3383,.T.);
#2608=EDGE_CURVE('',#2962,#3045,#3384,.T.);
#2609=EDGE_CURVE('',#3047,#3044,#3385,.T.);
#2610=EDGE_CURVE('',#3040,#3056,#3386,.T.);
#2611=EDGE_CURVE('',#3050,#3034,#3387,.T.);
#2612=EDGE_CURVE('',#3041,#2944,#3388,.T.);
#2613=EDGE_CURVE('',#2954,#3037,#3389,.T.);
#2614=EDGE_CURVE('',#3019,#2943,#3390,.T.);
#2615=EDGE_CURVE('',#2955,#3016,#3391,.T.);
#2616=EDGE_CURVE('',#2767,#2810,#3392,.T.);
#2617=EDGE_CURVE('',#2811,#2766,#3393,.T.);
#2618=EDGE_CURVE('',#2945,#2765,#3394,.T.);
#2619=EDGE_CURVE('',#3005,#2942,#3395,.T.);
#2620=EDGE_CURVE('',#2956,#2998,#3396,.T.);
#2621=EDGE_CURVE('',#2768,#2953,#3397,.T.);
#2622=EDGE_CURVE('',#2946,#2764,#3398,.T.);
#2623=EDGE_CURVE('',#3003,#2948,#684,.T.);
#2624=EDGE_CURVE('',#2957,#3001,#685,.F.);
#2625=EDGE_CURVE('',#2762,#2959,#3399,.T.);
#2626=EDGE_CURVE('',#2763,#2949,#3400,.T.);
#2627=EDGE_CURVE('',#2950,#2761,#3401,.T.);
#2628=EDGE_CURVE('',#2946,#2949,#3402,.F.);
#2629=EDGE_CURVE('',#2852,#2948,#686,.T.);
#2630=EDGE_CURVE('',#2957,#2857,#687,.F.);
#2631=EDGE_CURVE('',#2950,#2959,#3403,.F.);
#2632=EDGE_CURVE('',#2947,#2952,#3404,.F.);
#2633=EDGE_CURVE('',#2853,#2947,#3405,.T.);
#2634=EDGE_CURVE('',#2958,#2856,#3406,.T.);
#2635=EDGE_CURVE('',#2951,#2958,#3407,.F.);
#2636=EDGE_CURVE('',#2854,#2952,#3408,.F.);
#2637=EDGE_CURVE('',#2951,#2855,#3409,.F.);
#2638=EDGE_CURVE('',#2743,#2875,#3410,.T.);
#2639=EDGE_CURVE('',#2862,#2742,#3411,.T.);
#2640=EDGE_CURVE('',#2863,#2741,#3412,.T.);
#2641=EDGE_CURVE('',#2744,#2873,#3413,.T.);
#2642=EDGE_CURVE('',#2865,#2740,#3414,.T.);
#2643=EDGE_CURVE('',#2737,#2871,#3415,.T.);
#2644=EDGE_CURVE('',#2867,#2739,#3416,.T.);
#2645=EDGE_CURVE('',#2738,#2869,#3417,.T.);
#2646=EDGE_CURVE('',#2876,#2983,#3418,.T.);
#2647=EDGE_CURVE('',#2984,#2861,#3419,.T.);
#2648=EDGE_CURVE('',#2985,#2864,#3420,.T.);
#2649=EDGE_CURVE('',#2874,#2982,#3421,.T.);
#2650=EDGE_CURVE('',#2978,#2866,#3422,.T.);
#2651=EDGE_CURVE('',#2872,#2981,#3423,.T.);
#2652=EDGE_CURVE('',#2979,#2868,#3424,.T.);
#2653=EDGE_CURVE('',#2870,#2980,#3425,.T.);
#2654=EDGE_CURVE('',#3058,#2692,#384,.T.);
#2655=EDGE_CURVE('',#3059,#2693,#385,.T.);
#2656=EDGE_CURVE('',#3059,#3058,#3426,.T.);
#2657=EDGE_CURVE('',#3060,#3060,#3427,.F.);
#2658=EDGE_CURVE('',#2728,#2686,#3428,.T.);
#2659=EDGE_CURVE('',#2687,#2729,#3429,.T.);
#2660=EDGE_CURVE('',#2730,#2694,#3430,.T.);
#2661=EDGE_CURVE('',#2695,#2731,#3431,.T.);
#2662=EDGE_CURVE('',#3061,#2712,#386,.T.);
#2663=EDGE_CURVE('',#3062,#2711,#387,.T.);
#2664=EDGE_CURVE('',#3062,#3061,#3432,.T.);
#2665=EDGE_CURVE('',#3063,#3063,#3433,.F.);
#2666=EDGE_CURVE('',#2732,#2705,#3434,.T.);
#2667=EDGE_CURVE('',#2706,#2725,#3435,.T.);
#2668=EDGE_CURVE('',#2726,#2713,#3436,.T.);
#2669=EDGE_CURVE('',#2714,#2727,#3437,.T.);
#2670=EDGE_CURVE('',#2718,#2723,#388,.T.);
#2671=EDGE_CURVE('',#2716,#2722,#389,.T.);
#2672=EDGE_CURVE('',#2710,#3061,#390,.T.);
#2673=EDGE_CURVE('',#2708,#3062,#391,.T.);
#2674=EDGE_CURVE('',#2702,#2696,#392,.T.);
#2675=EDGE_CURVE('',#2701,#2698,#393,.T.);
#2676=EDGE_CURVE('',#3059,#2690,#394,.T.);
#2677=EDGE_CURVE('',#3058,#2688,#395,.T.);
#2678=EDGE_CURVE('',#3064,#3064,#3438,.F.);
#2679=EDGE_CURVE('',#3065,#3065,#3439,.T.);
#2680=EDGE_CURVE('',#3066,#3066,#3440,.T.);
#2681=EDGE_CURVE('',#3067,#3067,#3441,.T.);
#2682=EDGE_CURVE('',#3068,#3068,#3442,.T.);
#2683=EDGE_CURVE('',#3069,#3069,#3443,.T.);
#2684=EDGE_CURVE('',#3070,#3070,#3444,.T.);
#2685=EDGE_CURVE('',#3071,#3071,#3445,.T.);
#2686=VERTEX_POINT('',#6540);
#2687=VERTEX_POINT('',#6541);
#2688=VERTEX_POINT('',#6554);
#2689=VERTEX_POINT('',#6555);
#2690=VERTEX_POINT('',#6557);
#2691=VERTEX_POINT('',#6559);
#2692=VERTEX_POINT('',#6563);
#2693=VERTEX_POINT('',#6564);
#2694=VERTEX_POINT('',#6569);
#2695=VERTEX_POINT('',#6570);
#2696=VERTEX_POINT('',#6583);
#2697=VERTEX_POINT('',#6584);
#2698=VERTEX_POINT('',#6586);
#2699=VERTEX_POINT('',#6588);
#2700=VERTEX_POINT('',#6592);
#2701=VERTEX_POINT('',#6594);
#2702=VERTEX_POINT('',#6595);
#2703=VERTEX_POINT('',#6597);
#2704=VERTEX_POINT('',#6599);
#2705=VERTEX_POINT('',#6606);
#2706=VERTEX_POINT('',#6607);
#2707=VERTEX_POINT('',#6620);
#2708=VERTEX_POINT('',#6621);
#2709=VERTEX_POINT('',#6623);
#2710=VERTEX_POINT('',#6625);
#2711=VERTEX_POINT('',#6629);
#2712=VERTEX_POINT('',#6631);
#2713=VERTEX_POINT('',#6635);
#2714=VERTEX_POINT('',#6636);
#2715=VERTEX_POINT('',#6649);
#2716=VERTEX_POINT('',#6650);
#2717=VERTEX_POINT('',#6652);
#2718=VERTEX_POINT('',#6654);
#2719=VERTEX_POINT('',#6658);
#2720=VERTEX_POINT('',#6660);
#2721=VERTEX_POINT('',#6661);
#2722=VERTEX_POINT('',#6663);
#2723=VERTEX_POINT('',#6665);
#2724=VERTEX_POINT('',#6672);
#2725=VERTEX_POINT('',#6674);
#2726=VERTEX_POINT('',#6675);
#2727=VERTEX_POINT('',#6685);
#2728=VERTEX_POINT('',#6687);
#2729=VERTEX_POINT('',#6697);
#2730=VERTEX_POINT('',#6699);
#2731=VERTEX_POINT('',#6709);
#2732=VERTEX_POINT('',#6711);
#2733=VERTEX_POINT('',#6723);
#2734=VERTEX_POINT('',#6725);
#2735=VERTEX_POINT('',#6727);
#2736=VERTEX_POINT('',#6729);
#2737=VERTEX_POINT('',#6731);
#2738=VERTEX_POINT('',#6732);
#2739=VERTEX_POINT('',#6734);
#2740=VERTEX_POINT('',#6736);
#2741=VERTEX_POINT('',#6738);
#2742=VERTEX_POINT('',#6740);
#2743=VERTEX_POINT('',#6742);
#2744=VERTEX_POINT('',#6744);
#2745=VERTEX_POINT('',#6747);
#2746=VERTEX_POINT('',#6748);
#2747=VERTEX_POINT('',#6750);
#2748=VERTEX_POINT('',#6752);
#2749=VERTEX_POINT('',#6754);
#2750=VERTEX_POINT('',#6756);
#2751=VERTEX_POINT('',#6758);
#2752=VERTEX_POINT('',#6760);
#2753=VERTEX_POINT('',#6763);
#2754=VERTEX_POINT('',#6764);
#2755=VERTEX_POINT('',#6766);
#2756=VERTEX_POINT('',#6768);
#2757=VERTEX_POINT('',#6770);
#2758=VERTEX_POINT('',#6772);
#2759=VERTEX_POINT('',#6774);
#2760=VERTEX_POINT('',#6776);
#2761=VERTEX_POINT('',#6779);
#2762=VERTEX_POINT('',#6780);
#2763=VERTEX_POINT('',#6782);
#2764=VERTEX_POINT('',#6784);
#2765=VERTEX_POINT('',#6786);
#2766=VERTEX_POINT('',#6788);
#2767=VERTEX_POINT('',#6790);
#2768=VERTEX_POINT('',#6792);
#2769=VERTEX_POINT('',#6795);
#2770=VERTEX_POINT('',#6796);
#2771=VERTEX_POINT('',#6798);
#2772=VERTEX_POINT('',#6800);
#2773=VERTEX_POINT('',#6802);
#2774=VERTEX_POINT('',#6804);
#2775=VERTEX_POINT('',#6806);
#2776=VERTEX_POINT('',#6808);
#2777=VERTEX_POINT('',#6811);
#2778=VERTEX_POINT('',#6812);
#2779=VERTEX_POINT('',#6814);
#2780=VERTEX_POINT('',#6816);
#2781=VERTEX_POINT('',#6818);
#2782=VERTEX_POINT('',#6820);
#2783=VERTEX_POINT('',#6822);
#2784=VERTEX_POINT('',#6824);
#2785=VERTEX_POINT('',#6827);
#2786=VERTEX_POINT('',#6828);
#2787=VERTEX_POINT('',#6830);
#2788=VERTEX_POINT('',#6832);
#2789=VERTEX_POINT('',#6834);
#2790=VERTEX_POINT('',#6836);
#2791=VERTEX_POINT('',#6838);
#2792=VERTEX_POINT('',#6840);
#2793=VERTEX_POINT('',#6844);
#2794=VERTEX_POINT('',#6845);
#2795=VERTEX_POINT('',#6847);
#2796=VERTEX_POINT('',#6849);
#2797=VERTEX_POINT('',#6851);
#2798=VERTEX_POINT('',#6853);
#2799=VERTEX_POINT('',#6855);
#2800=VERTEX_POINT('',#6857);
#2801=VERTEX_POINT('',#6859);
#2802=VERTEX_POINT('',#6861);
#2803=VERTEX_POINT('',#6863);
#2804=VERTEX_POINT('',#6865);
#2805=VERTEX_POINT('',#6867);
#2806=VERTEX_POINT('',#6869);
#2807=VERTEX_POINT('',#6871);
#2808=VERTEX_POINT('',#6873);
#2809=VERTEX_POINT('',#6875);
#2810=VERTEX_POINT('',#6877);
#2811=VERTEX_POINT('',#6879);
#2812=VERTEX_POINT('',#6881);
#2813=VERTEX_POINT('',#6883);
#2814=VERTEX_POINT('',#6885);
#2815=VERTEX_POINT('',#6887);
#2816=VERTEX_POINT('',#6889);
#2817=VERTEX_POINT('',#6893);
#2818=VERTEX_POINT('',#6894);
#2819=VERTEX_POINT('',#6896);
#2820=VERTEX_POINT('',#6901);
#2821=VERTEX_POINT('',#6906);
#2822=VERTEX_POINT('',#6908);
#2823=VERTEX_POINT('',#6910);
#2824=VERTEX_POINT('',#6914);
#2825=VERTEX_POINT('',#6916);
#2826=VERTEX_POINT('',#6917);
#2827=VERTEX_POINT('',#6919);
#2828=VERTEX_POINT('',#6921);
#2829=VERTEX_POINT('',#6923);
#2830=VERTEX_POINT('',#6925);
#2831=VERTEX_POINT('',#6927);
#2832=VERTEX_POINT('',#6929);
#2833=VERTEX_POINT('',#6931);
#2834=VERTEX_POINT('',#6933);
#2835=VERTEX_POINT('',#6935);
#2836=VERTEX_POINT('',#6937);
#2837=VERTEX_POINT('',#6939);
#2838=VERTEX_POINT('',#6941);
#2839=VERTEX_POINT('',#6943);
#2840=VERTEX_POINT('',#6945);
#2841=VERTEX_POINT('',#6947);
#2842=VERTEX_POINT('',#6949);
#2843=VERTEX_POINT('',#6951);
#2844=VERTEX_POINT('',#6953);
#2845=VERTEX_POINT('',#6955);
#2846=VERTEX_POINT('',#6957);
#2847=VERTEX_POINT('',#6959);
#2848=VERTEX_POINT('',#6961);
#2849=VERTEX_POINT('',#6963);
#2850=VERTEX_POINT('',#6965);
#2851=VERTEX_POINT('',#6967);
#2852=VERTEX_POINT('',#6969);
#2853=VERTEX_POINT('',#6971);
#2854=VERTEX_POINT('',#6973);
#2855=VERTEX_POINT('',#6975);
#2856=VERTEX_POINT('',#6977);
#2857=VERTEX_POINT('',#6979);
#2858=VERTEX_POINT('',#6981);
#2859=VERTEX_POINT('',#6983);
#2860=VERTEX_POINT('',#6985);
#2861=VERTEX_POINT('',#6989);
#2862=VERTEX_POINT('',#6990);
#2863=VERTEX_POINT('',#6992);
#2864=VERTEX_POINT('',#6994);
#2865=VERTEX_POINT('',#6998);
#2866=VERTEX_POINT('',#7000);
#2867=VERTEX_POINT('',#7004);
#2868=VERTEX_POINT('',#7006);
#2869=VERTEX_POINT('',#7010);
#2870=VERTEX_POINT('',#7012);
#2871=VERTEX_POINT('',#7016);
#2872=VERTEX_POINT('',#7018);
#2873=VERTEX_POINT('',#7022);
#2874=VERTEX_POINT('',#7024);
#2875=VERTEX_POINT('',#7028);
#2876=VERTEX_POINT('',#7030);
#2877=VERTEX_POINT('',#7037);
#2878=VERTEX_POINT('',#7038);
#2879=VERTEX_POINT('',#7040);
#2880=VERTEX_POINT('',#7042);
#2881=VERTEX_POINT('',#7044);
#2882=VERTEX_POINT('',#7046);
#2883=VERTEX_POINT('',#7048);
#2884=VERTEX_POINT('',#7055);
#2885=VERTEX_POINT('',#7056);
#2886=VERTEX_POINT('',#7058);
#2887=VERTEX_POINT('',#7060);
#2888=VERTEX_POINT('',#7064);
#2889=VERTEX_POINT('',#7065);
#2890=VERTEX_POINT('',#7067);
#2891=VERTEX_POINT('',#7072);
#2892=VERTEX_POINT('',#7077);
#2893=VERTEX_POINT('',#7079);
#2894=VERTEX_POINT('',#7081);
#2895=VERTEX_POINT('',#7088);
#2896=VERTEX_POINT('',#7089);
#2897=VERTEX_POINT('',#7091);
#2898=VERTEX_POINT('',#7093);
#2899=VERTEX_POINT('',#7095);
#2900=VERTEX_POINT('',#7097);
#2901=VERTEX_POINT('',#7099);
#2902=VERTEX_POINT('',#7106);
#2903=VERTEX_POINT('',#7107);
#2904=VERTEX_POINT('',#7109);
#2905=VERTEX_POINT('',#7111);
#2906=VERTEX_POINT('',#7118);
#2907=VERTEX_POINT('',#7119);
#2908=VERTEX_POINT('',#7121);
#2909=VERTEX_POINT('',#7123);
#2910=VERTEX_POINT('',#7125);
#2911=VERTEX_POINT('',#7127);
#2912=VERTEX_POINT('',#7129);
#2913=VERTEX_POINT('',#7136);
#2914=VERTEX_POINT('',#7137);
#2915=VERTEX_POINT('',#7139);
#2916=VERTEX_POINT('',#7141);
#2917=VERTEX_POINT('',#7145);
#2918=VERTEX_POINT('',#7146);
#2919=VERTEX_POINT('',#7148);
#2920=VERTEX_POINT('',#7153);
#2921=VERTEX_POINT('',#7158);
#2922=VERTEX_POINT('',#7160);
#2923=VERTEX_POINT('',#7162);
#2924=VERTEX_POINT('',#7169);
#2925=VERTEX_POINT('',#7170);
#2926=VERTEX_POINT('',#7172);
#2927=VERTEX_POINT('',#7174);
#2928=VERTEX_POINT('',#7176);
#2929=VERTEX_POINT('',#7178);
#2930=VERTEX_POINT('',#7180);
#2931=VERTEX_POINT('',#7187);
#2932=VERTEX_POINT('',#7188);
#2933=VERTEX_POINT('',#7190);
#2934=VERTEX_POINT('',#7192);
#2935=VERTEX_POINT('',#7196);
#2936=VERTEX_POINT('',#7197);
#2937=VERTEX_POINT('',#7199);
#2938=VERTEX_POINT('',#7204);
#2939=VERTEX_POINT('',#7209);
#2940=VERTEX_POINT('',#7211);
#2941=VERTEX_POINT('',#7213);
#2942=VERTEX_POINT('',#7220);
#2943=VERTEX_POINT('',#7221);
#2944=VERTEX_POINT('',#7223);
#2945=VERTEX_POINT('',#7225);
#2946=VERTEX_POINT('',#7227);
#2947=VERTEX_POINT('',#7229);
#2948=VERTEX_POINT('',#7231);
#2949=VERTEX_POINT('',#7238);
#2950=VERTEX_POINT('',#7239);
#2951=VERTEX_POINT('',#7241);
#2952=VERTEX_POINT('',#7243);
#2953=VERTEX_POINT('',#7247);
#2954=VERTEX_POINT('',#7248);
#2955=VERTEX_POINT('',#7250);
#2956=VERTEX_POINT('',#7255);
#2957=VERTEX_POINT('',#7260);
#2958=VERTEX_POINT('',#7262);
#2959=VERTEX_POINT('',#7264);
#2960=VERTEX_POINT('',#7271);
#2961=VERTEX_POINT('',#7272);
#2962=VERTEX_POINT('',#7274);
#2963=VERTEX_POINT('',#7276);
#2964=VERTEX_POINT('',#7278);
#2965=VERTEX_POINT('',#7280);
#2966=VERTEX_POINT('',#7282);
#2967=VERTEX_POINT('',#7289);
#2968=VERTEX_POINT('',#7290);
#2969=VERTEX_POINT('',#7292);
#2970=VERTEX_POINT('',#7294);
#2971=VERTEX_POINT('',#7298);
#2972=VERTEX_POINT('',#7299);
#2973=VERTEX_POINT('',#7301);
#2974=VERTEX_POINT('',#7306);
#2975=VERTEX_POINT('',#7311);
#2976=VERTEX_POINT('',#7313);
#2977=VERTEX_POINT('',#7315);
#2978=VERTEX_POINT('',#7322);
#2979=VERTEX_POINT('',#7323);
#2980=VERTEX_POINT('',#7325);
#2981=VERTEX_POINT('',#7327);
#2982=VERTEX_POINT('',#7329);
#2983=VERTEX_POINT('',#7331);
#2984=VERTEX_POINT('',#7333);
#2985=VERTEX_POINT('',#7335);
#2986=VERTEX_POINT('',#7350);
#2987=VERTEX_POINT('',#7351);
#2988=VERTEX_POINT('',#7356);
#2989=VERTEX_POINT('',#7358);
#2990=VERTEX_POINT('',#7372);
#2991=VERTEX_POINT('',#7373);
#2992=VERTEX_POINT('',#7378);
#2993=VERTEX_POINT('',#7380);
#2994=VERTEX_POINT('',#7394);
#2995=VERTEX_POINT('',#7395);
#2996=VERTEX_POINT('',#7400);
#2997=VERTEX_POINT('',#7402);
#2998=VERTEX_POINT('',#7416);
#2999=VERTEX_POINT('',#7417);
#3000=VERTEX_POINT('',#7422);
#3001=VERTEX_POINT('',#7424);
#3002=VERTEX_POINT('',#7438);
#3003=VERTEX_POINT('',#7439);
#3004=VERTEX_POINT('',#7444);
#3005=VERTEX_POINT('',#7446);
#3006=VERTEX_POINT('',#7460);
#3007=VERTEX_POINT('',#7461);
#3008=VERTEX_POINT('',#7466);
#3009=VERTEX_POINT('',#7468);
#3010=VERTEX_POINT('',#7475);
#3011=VERTEX_POINT('',#7476);
#3012=VERTEX_POINT('',#7487);
#3013=VERTEX_POINT('',#7488);
#3014=VERTEX_POINT('',#7502);
#3015=VERTEX_POINT('',#7504);
#3016=VERTEX_POINT('',#7511);
#3017=VERTEX_POINT('',#7512);
#3018=VERTEX_POINT('',#7526);
#3019=VERTEX_POINT('',#7528);
#3020=VERTEX_POINT('',#7538);
#3021=VERTEX_POINT('',#7540);
#3022=VERTEX_POINT('',#7547);
#3023=VERTEX_POINT('',#7548);
#3024=VERTEX_POINT('',#7550);
#3025=VERTEX_POINT('',#7553);
#3026=VERTEX_POINT('',#7557);
#3027=VERTEX_POINT('',#7558);
#3028=VERTEX_POINT('',#7560);
#3029=VERTEX_POINT('',#7563);
#3030=VERTEX_POINT('',#7567);
#3031=VERTEX_POINT('',#7569);
#3032=VERTEX_POINT('',#7571);
#3033=VERTEX_POINT('',#7573);
#3034=VERTEX_POINT('',#7577);
#3035=VERTEX_POINT('',#7578);
#3036=VERTEX_POINT('',#7580);
#3037=VERTEX_POINT('',#7583);
#3038=VERTEX_POINT('',#7587);
#3039=VERTEX_POINT('',#7589);
#3040=VERTEX_POINT('',#7591);
#3041=VERTEX_POINT('',#7593);
#3042=VERTEX_POINT('',#7597);
#3043=VERTEX_POINT('',#7599);
#3044=VERTEX_POINT('',#7601);
#3045=VERTEX_POINT('',#7603);
#3046=VERTEX_POINT('',#7744);
#3047=VERTEX_POINT('',#7749);
#3048=VERTEX_POINT('',#7764);
#3049=VERTEX_POINT('',#7769);
#3050=VERTEX_POINT('',#7784);
#3051=VERTEX_POINT('',#7794);
#3052=VERTEX_POINT('',#7799);
#3053=VERTEX_POINT('',#7809);
#3054=VERTEX_POINT('',#7824);
#3055=VERTEX_POINT('',#7834);
#3056=VERTEX_POINT('',#7840);
#3057=VERTEX_POINT('',#7849);
#3058=VERTEX_POINT('',#11437);
#3059=VERTEX_POINT('',#11439);
#3060=VERTEX_POINT('',#11442);
#3061=VERTEX_POINT('',#11519);
#3062=VERTEX_POINT('',#11521);
#3063=VERTEX_POINT('',#11524);
#3064=VERTEX_POINT('',#11621);
#3065=VERTEX_POINT('',#11623);
#3066=VERTEX_POINT('',#11626);
#3067=VERTEX_POINT('',#11628);
#3068=VERTEX_POINT('',#11634);
#3069=VERTEX_POINT('',#11638);
#3070=VERTEX_POINT('',#11642);
#3071=VERTEX_POINT('',#11646);
#3072=CIRCLE('',#4512,0.002286);
#3073=CIRCLE('',#4513,0.002286);
#3074=CIRCLE('',#4514,0.002286);
#3075=CIRCLE('',#4516,0.00115);
#3076=CIRCLE('',#4518,0.002286);
#3077=CIRCLE('',#4519,0.002286);
#3078=CIRCLE('',#4520,0.002286);
#3079=CIRCLE('',#4522,0.00115);
#3080=CIRCLE('',#4523,0.00115);
#3081=CIRCLE('',#4524,0.00115);
#3082=CIRCLE('',#4527,0.002286);
#3083=CIRCLE('',#4528,0.002286);
#3084=CIRCLE('',#4529,0.002286);
#3085=CIRCLE('',#4531,0.00115);
#3086=CIRCLE('',#4533,0.002286);
#3087=CIRCLE('',#4534,0.002286);
#3088=CIRCLE('',#4535,0.002286);
#3089=CIRCLE('',#4537,0.00115);
#3090=CIRCLE('',#4538,0.00115);
#3091=CIRCLE('',#4539,0.00115);
#3092=CIRCLE('',#4542,0.01524);
#3093=CIRCLE('',#4543,0.0159475030451623);
#3094=CIRCLE('',#4544,0.0159475030451623);
#3095=CIRCLE('',#4545,0.0159475030451623);
#3096=CIRCLE('',#4546,0.0159475030451623);
#3097=CIRCLE('',#4548,0.00075);
#3098=CIRCLE('',#4549,0.00075);
#3099=CIRCLE('',#4550,0.00075);
#3100=CIRCLE('',#4551,0.00075);
#3101=CIRCLE('',#4552,0.00408);
#3102=CIRCLE('',#4553,0.00408);
#3103=CIRCLE('',#4554,0.00408);
#3104=CIRCLE('',#4555,0.00408);
#3105=CIRCLE('',#4556,0.0014224);
#3106=CIRCLE('',#4557,0.0043688);
#3107=CIRCLE('',#4558,0.0014224);
#3108=CIRCLE('',#4559,0.0014224);
#3109=CIRCLE('',#4560,0.0159512);
#3110=CIRCLE('',#4561,0.0014224);
#3111=CIRCLE('',#4562,0.0014224);
#3112=CIRCLE('',#4563,0.0043688);
#3113=CIRCLE('',#4564,0.0014224);
#3114=CIRCLE('',#4565,0.0014224);
#3115=CIRCLE('',#4566,0.0159512);
#3116=CIRCLE('',#4567,0.0014224);
#3117=CIRCLE('',#4568,0.0014224);
#3118=CIRCLE('',#4569,0.00436879999999986);
#3119=CIRCLE('',#4570,0.0014224);
#3120=CIRCLE('',#4571,0.0014224);
#3121=CIRCLE('',#4572,0.0159512);
#3122=CIRCLE('',#4573,0.0014224);
#3123=CIRCLE('',#4574,0.0014224);
#3124=CIRCLE('',#4575,0.00436879999999995);
#3125=CIRCLE('',#4576,0.0014224);
#3126=CIRCLE('',#4577,0.0014224);
#3127=CIRCLE('',#4578,0.0159512);
#3128=CIRCLE('',#4579,0.0014224);
#3129=CIRCLE('',#4580,0.0014224);
#3130=CIRCLE('',#4581,0.0043688);
#3131=CIRCLE('',#4582,0.0014224);
#3132=CIRCLE('',#4583,0.0014224);
#3133=CIRCLE('',#4584,0.0159512);
#3134=CIRCLE('',#4585,0.0014224);
#3135=CIRCLE('',#4586,0.0014224);
#3136=CIRCLE('',#4587,0.0043688);
#3137=CIRCLE('',#4588,0.0014224);
#3138=CIRCLE('',#4589,0.0014224);
#3139=CIRCLE('',#4590,0.0159512);
#3140=CIRCLE('',#4591,0.0014224);
#3141=CIRCLE('',#4593,0.01524);
#3142=CIRCLE('',#4594,0.01524);
#3143=CIRCLE('',#4595,0.01524);
#3144=CIRCLE('',#4596,0.01524);
#3145=CIRCLE('',#4597,0.01524);
#3146=CIRCLE('',#4598,0.01524);
#3147=CIRCLE('',#4599,0.01524);
#3148=CIRCLE('',#4600,0.01524);
#3149=CIRCLE('',#4601,0.01524);
#3150=CIRCLE('',#4602,0.01524);
#3151=CIRCLE('',#4603,0.01524);
#3152=CIRCLE('',#4604,0.01524);
#3153=CIRCLE('',#4607,0.00255);
#3154=CIRCLE('',#4608,0.0014224);
#3155=CIRCLE('',#4609,0.00911412945891094);
#3156=CIRCLE('',#4610,0.0014224);
#3157=CIRCLE('',#4611,0.0043688);
#3158=CIRCLE('',#4612,0.0014224);
#3159=CIRCLE('',#4613,0.00911412945891094);
#3160=CIRCLE('',#4614,0.0014224);
#3161=CIRCLE('',#4615,0.0043688);
#3162=CIRCLE('',#4616,0.0014224);
#3163=CIRCLE('',#4617,0.00911412945891094);
#3164=CIRCLE('',#4618,0.0014224);
#3165=CIRCLE('',#4619,0.0043688);
#3166=CIRCLE('',#4620,0.0014224);
#3167=CIRCLE('',#4621,0.00911412945891094);
#3168=CIRCLE('',#4622,0.0014224);
#3169=CIRCLE('',#4623,0.00436879999999995);
#3170=CIRCLE('',#4624,0.0014224);
#3171=CIRCLE('',#4625,0.00911412945891094);
#3172=CIRCLE('',#4626,0.0014224);
#3173=CIRCLE('',#4627,0.00436879999999986);
#3174=CIRCLE('',#4628,0.0014224);
#3175=CIRCLE('',#4629,0.00911412945891094);
#3176=CIRCLE('',#4630,0.0014224);
#3177=CIRCLE('',#4631,0.0043688);
#3178=CIRCLE('',#4634,0.00508);
#3179=CIRCLE('',#4635,0.00508);
#3180=CIRCLE('',#4638,0.00508);
#3181=CIRCLE('',#4639,0.00508);
#3182=CIRCLE('',#4642,0.00508);
#3183=CIRCLE('',#4643,0.00508);
#3184=CIRCLE('',#4647,0.00508);
#3185=CIRCLE('',#4648,0.00508);
#3186=CIRCLE('',#4652,0.00508);
#3187=CIRCLE('',#4653,0.00508);
#3188=CIRCLE('',#4656,0.00508);
#3189=CIRCLE('',#4657,0.00508);
#3190=CIRCLE('',#4661,0.00508);
#3191=CIRCLE('',#4662,0.00508);
#3192=CIRCLE('',#4666,0.00507999999999986);
#3193=CIRCLE('',#4667,0.00507999999999986);
#3194=CIRCLE('',#4671,0.00508);
#3195=CIRCLE('',#4672,0.00508);
#3196=CIRCLE('',#4675,0.00508);
#3197=CIRCLE('',#4676,0.00508);
#3198=CIRCLE('',#4678,0.00408);
#3199=CIRCLE('',#4679,0.00408);
#3200=CIRCLE('',#4680,0.00408);
#3201=CIRCLE('',#4681,0.00408);
#3202=CIRCLE('',#4682,0.003286);
#3203=CIRCLE('',#4683,0.003286);
#3204=CIRCLE('',#4684,0.003286);
#3205=CIRCLE('',#4685,0.003286);
#3206=CIRCLE('',#4686,0.0107034729404214);
#3207=CIRCLE('',#4687,0.00960973568974495);
#3208=CIRCLE('',#4688,0.0107034729404214);
#3209=CIRCLE('',#4689,0.00960973568974495);
#3210=CIRCLE('',#4690,0.00960973568974495);
#3211=CIRCLE('',#4691,0.0107034729404214);
#3212=CIRCLE('',#4692,0.0107034729404214);
#3213=CIRCLE('',#4693,0.00960973568974495);
#3214=CIRCLE('',#4694,0.00960973568974495);
#3215=CIRCLE('',#4695,0.0107034729404214);
#3216=CIRCLE('',#4696,0.00960973568974495);
#3217=CIRCLE('',#4697,0.0107034729404214);
#3218=CIRCLE('',#4699,0.0112010535964148);
#3219=CIRCLE('',#4701,0.0112010535964148);
#3220=CIRCLE('',#4703,0.0112010535964148);
#3221=CIRCLE('',#4705,0.0112010535964148);
#3222=CIRCLE('',#4707,0.0112010535964148);
#3223=CIRCLE('',#4709,0.0112010535964148);
#3224=CIRCLE('',#4711,0.0145328578574395);
#3225=CIRCLE('',#4712,0.0014224);
#3226=CIRCLE('',#4713,0.0014224);
#3227=CIRCLE('',#4715,0.0145328578574395);
#3228=CIRCLE('',#4716,0.0014224);
#3229=CIRCLE('',#4717,0.0014224);
#3230=CIRCLE('',#4719,0.0014224);
#3231=CIRCLE('',#4720,0.0145328578574395);
#3232=CIRCLE('',#4721,0.0014224);
#3233=CIRCLE('',#4723,0.0145328578574395);
#3234=CIRCLE('',#4724,0.0014224);
#3235=CIRCLE('',#4725,0.0014224);
#3236=CIRCLE('',#4727,0.0014224);
#3237=CIRCLE('',#4728,0.0145328578574395);
#3238=CIRCLE('',#4729,0.0014224);
#3239=CIRCLE('',#4731,0.0014224);
#3240=CIRCLE('',#4732,0.0145328578574395);
#3241=CIRCLE('',#4733,0.0014224);
#3242=CIRCLE('',#4747,0.0007112);
#3243=CIRCLE('',#4748,0.0007112);
#3244=CIRCLE('',#4750,0.0007112);
#3245=CIRCLE('',#4751,0.0007112);
#3246=CIRCLE('',#4753,0.0007112);
#3247=CIRCLE('',#4754,0.0007112);
#3248=CIRCLE('',#4756,0.0007112);
#3249=CIRCLE('',#4757,0.0007112);
#3250=CIRCLE('',#4759,0.0007112);
#3251=CIRCLE('',#4760,0.0007112);
#3252=CIRCLE('',#4762,0.0007112);
#3253=CIRCLE('',#4763,0.0007112);
#3254=CIRCLE('',#4765,0.0007112);
#3255=CIRCLE('',#4766,0.0007112);
#3256=CIRCLE('',#4768,0.0007112);
#3257=CIRCLE('',#4769,0.0007112);
#3258=CIRCLE('',#4771,0.0007112);
#3259=CIRCLE('',#4772,0.0007112);
#3260=CIRCLE('',#4774,0.0007112);
#3261=CIRCLE('',#4775,0.0007112);
#3262=CIRCLE('',#4777,0.0007112);
#3263=CIRCLE('',#4778,0.0007112);
#3264=CIRCLE('',#4780,0.0007112);
#3265=CIRCLE('',#4781,0.0007112);
#3266=CIRCLE('',#4782,0.0007112);
#3267=CIRCLE('',#4783,0.0007112);
#3268=CIRCLE('',#4785,0.0007112);
#3269=CIRCLE('',#4787,0.0007112);
#3270=CIRCLE('',#4789,0.0007112);
#3271=CIRCLE('',#4791,0.0007112);
#3272=CIRCLE('',#4793,0.0007112);
#3273=CIRCLE('',#4794,0.0007112);
#3274=CIRCLE('',#4796,0.0007112);
#3275=CIRCLE('',#4797,0.0007112);
#3276=CIRCLE('',#4798,0.0007112);
#3277=CIRCLE('',#4800,0.0007112);
#3278=CIRCLE('',#4802,0.0007112);
#3279=CIRCLE('',#4804,0.0007112);
#3280=CIRCLE('',#4806,0.0007112);
#3281=CIRCLE('',#4807,0.0007112);
#3282=CIRCLE('',#4809,0.0007112);
#3283=CIRCLE('',#4811,0.0007112);
#3284=CIRCLE('',#4813,0.0007112);
#3285=CIRCLE('',#4815,0.0007112);
#3286=CIRCLE('',#4817,0.0007112);
#3287=CIRCLE('',#4819,0.0007112);
#3288=CIRCLE('',#4821,0.0007112);
#3289=CIRCLE('',#4823,0.0007112);
#3290=CIRCLE('',#4825,0.0007112);
#3291=CIRCLE('',#4827,0.0007112);
#3292=CIRCLE('',#4829,0.0007112);
#3293=CIRCLE('',#4830,0.0007112);
#3294=CIRCLE('',#4832,0.0007112);
#3295=CIRCLE('',#4833,0.0007112);
#3296=CIRCLE('',#4835,0.0007112);
#3297=CIRCLE('',#4837,0.0007112);
#3298=CIRCLE('',#4839,0.0007112);
#3299=CIRCLE('',#4840,0.0007112);
#3300=CIRCLE('',#4842,0.0007112);
#3301=CIRCLE('',#4844,0.0007112);
#3302=CIRCLE('',#4846,0.0007112);
#3303=CIRCLE('',#4848,0.0007112);
#3304=CIRCLE('',#4850,0.0007112);
#3305=CIRCLE('',#4852,0.0007112);
#3306=CIRCLE('',#4854,0.0007112);
#3307=CIRCLE('',#4856,0.0007112);
#3308=CIRCLE('',#4858,0.0007112);
#3309=CIRCLE('',#4860,0.0007112);
#3310=CIRCLE('',#4862,0.0007112);
#3311=CIRCLE('',#4863,0.0007112);
#3312=CIRCLE('',#4865,0.0007112);
#3313=CIRCLE('',#4867,0.0007112);
#3314=CIRCLE('',#4868,0.0007112);
#3315=CIRCLE('',#4870,0.0007112);
#3316=CIRCLE('',#4872,0.0007112);
#3317=CIRCLE('',#4873,0.0007112);
#3318=CIRCLE('',#4875,0.0007112);
#3319=CIRCLE('',#4876,0.0007112);
#3320=CIRCLE('',#4878,0.0007112);
#3321=CIRCLE('',#4880,0.0007112);
#3322=CIRCLE('',#4882,0.0007112);
#3323=CIRCLE('',#4883,0.0007112);
#3324=CIRCLE('',#4885,0.0007112);
#3325=CIRCLE('',#4887,0.0007112);
#3326=CIRCLE('',#4889,0.0007112);
#3327=CIRCLE('',#4891,0.0007112);
#3328=CIRCLE('',#4893,0.0007112);
#3329=CIRCLE('',#4895,0.0007112);
#3330=CIRCLE('',#4897,0.0007112);
#3331=CIRCLE('',#4899,0.0007112);
#3332=CIRCLE('',#4901,0.0007112);
#3333=CIRCLE('',#4903,0.0007112);
#3334=CIRCLE('',#4905,0.0007112);
#3335=CIRCLE('',#4906,0.0007112);
#3336=CIRCLE('',#4908,0.0007112);
#3337=CIRCLE('',#4910,0.0007112);
#3338=CIRCLE('',#4911,0.0007112);
#3339=CIRCLE('',#4913,0.0007112);
#3340=CIRCLE('',#4915,0.0007112);
#3341=CIRCLE('',#4916,0.0007112);
#3342=CIRCLE('',#4918,0.0007112);
#3343=CIRCLE('',#4919,0.0007112);
#3344=CIRCLE('',#4921,0.0007112);
#3345=CIRCLE('',#4923,0.0007112);
#3346=CIRCLE('',#4925,0.0007112);
#3347=CIRCLE('',#4926,0.0007112);
#3348=CIRCLE('',#4928,0.0007112);
#3349=CIRCLE('',#4930,0.0007112);
#3350=CIRCLE('',#4932,0.0007112);
#3351=CIRCLE('',#4934,0.0007112);
#3352=CIRCLE('',#4936,0.0007112);
#3353=CIRCLE('',#4938,0.0007112);
#3354=CIRCLE('',#4940,0.0007112);
#3355=CIRCLE('',#4942,0.0007112);
#3356=CIRCLE('',#4944,0.0007112);
#3357=CIRCLE('',#4946,0.0007112);
#3358=CIRCLE('',#4948,0.0007112);
#3359=CIRCLE('',#4949,0.0007112);
#3360=CIRCLE('',#4951,0.0007112);
#3361=CIRCLE('',#4953,0.0007112);
#3362=CIRCLE('',#4954,0.0007112);
#3363=CIRCLE('',#4956,0.0007112);
#3364=CIRCLE('',#4958,0.0007112);
#3365=CIRCLE('',#4959,0.0007112);
#3366=CIRCLE('',#4961,0.0007112);
#3367=CIRCLE('',#4962,0.0007112);
#3368=CIRCLE('',#4964,0.0007112);
#3369=CIRCLE('',#4966,0.0007112);
#3370=CIRCLE('',#4968,0.0007112);
#3371=CIRCLE('',#4969,0.0007112);
#3372=CIRCLE('',#4971,0.0007112);
#3373=CIRCLE('',#4973,0.0007112);
#3374=CIRCLE('',#4975,0.0007112);
#3375=CIRCLE('',#4977,0.0007112);
#3376=CIRCLE('',#4979,0.0007112);
#3377=CIRCLE('',#4981,0.0007112);
#3378=CIRCLE('',#4983,0.0007112);
#3379=CIRCLE('',#4985,0.0007112);
#3380=CIRCLE('',#4987,0.0007112);
#3381=CIRCLE('',#4989,0.0007112);
#3382=CIRCLE('',#4991,0.0007112);
#3383=CIRCLE('',#4992,0.0007112);
#3384=CIRCLE('',#4994,0.0007112);
#3385=CIRCLE('',#4996,0.0007112);
#3386=CIRCLE('',#4997,0.0007112);
#3387=CIRCLE('',#4998,0.0007112);
#3388=CIRCLE('',#5000,0.0007112);
#3389=CIRCLE('',#5002,0.0007112);
#3390=CIRCLE('',#5004,0.0007112);
#3391=CIRCLE('',#5006,0.0007112);
#3392=CIRCLE('',#5008,0.0007112);
#3393=CIRCLE('',#5009,0.0007112);
#3394=CIRCLE('',#5011,0.0007112);
#3395=CIRCLE('',#5012,0.0007112);
#3396=CIRCLE('',#5013,0.0007112);
#3397=CIRCLE('',#5015,0.0007112);
#3398=CIRCLE('',#5017,0.0007112);
#3399=CIRCLE('',#5019,0.0007112);
#3400=CIRCLE('',#5021,0.0007112);
#3401=CIRCLE('',#5022,0.0007112);
#3402=CIRCLE('',#5024,0.0007112);
#3403=CIRCLE('',#5026,0.0007112);
#3404=CIRCLE('',#5028,0.0007112);
#3405=CIRCLE('',#5030,0.0007112);
#3406=CIRCLE('',#5032,0.0007112);
#3407=CIRCLE('',#5034,0.0007112);
#3408=CIRCLE('',#5036,0.0007112);
#3409=CIRCLE('',#5038,0.0007112);
#3410=CIRCLE('',#5041,0.001);
#3411=CIRCLE('',#5042,0.001);
#3412=CIRCLE('',#5044,0.001);
#3413=CIRCLE('',#5046,0.001);
#3414=CIRCLE('',#5048,0.001);
#3415=CIRCLE('',#5050,0.001);
#3416=CIRCLE('',#5052,0.001);
#3417=CIRCLE('',#5054,0.001);
#3418=CIRCLE('',#5057,0.001);
#3419=CIRCLE('',#5058,0.001);
#3420=CIRCLE('',#5060,0.001);
#3421=CIRCLE('',#5062,0.001);
#3422=CIRCLE('',#5064,0.001);
#3423=CIRCLE('',#5066,0.001);
#3424=CIRCLE('',#5068,0.001);
#3425=CIRCLE('',#5070,0.001);
#3426=CIRCLE('',#5073,0.00115);
#3427=CIRCLE('',#5074,0.00115);
#3428=CIRCLE('',#5076,0.001);
#3429=CIRCLE('',#5077,0.001);
#3430=CIRCLE('',#5080,0.001);
#3431=CIRCLE('',#5081,0.001);
#3432=CIRCLE('',#5084,0.00115);
#3433=CIRCLE('',#5085,0.00115);
#3434=CIRCLE('',#5087,0.001);
#3435=CIRCLE('',#5088,0.001);
#3436=CIRCLE('',#5091,0.001);
#3437=CIRCLE('',#5092,0.001);
#3438=CIRCLE('',#5107,0.001175);
#3439=CIRCLE('',#5108,0.00128);
#3440=CIRCLE('',#5110,0.000775);
#3441=CIRCLE('',#5111,0.000775);
#3442=CIRCLE('',#5116,0.00075);
#3443=CIRCLE('',#5119,0.00075);
#3444=CIRCLE('',#5122,0.00075);
#3445=CIRCLE('',#5125,0.00075);
#3446=EDGE_LOOP('',(#688,#689));
#3447=EDGE_LOOP('',(#690,#691,#692,#693));
#3448=EDGE_LOOP('',(#694,#695,#696,#697));
#3449=EDGE_LOOP('',(#698,#699));
#3450=EDGE_LOOP('',(#700,#701,#702,#703));
#3451=EDGE_LOOP('',(#704));
#3452=EDGE_LOOP('',(#705,#706,#707,#708));
#3453=EDGE_LOOP('',(#709,#710,#711,#712));
#3454=EDGE_LOOP('',(#713,#714));
#3455=EDGE_LOOP('',(#715,#716,#717,#718));
#3456=EDGE_LOOP('',(#719,#720,#721,#722));
#3457=EDGE_LOOP('',(#723,#724));
#3458=EDGE_LOOP('',(#725,#726,#727,#728));
#3459=EDGE_LOOP('',(#729));
#3460=EDGE_LOOP('',(#730,#731,#732,#733));
#3461=EDGE_LOOP('',(#734,#735,#736,#737));
#3462=EDGE_LOOP('',(#738));
#3463=EDGE_LOOP('',(#739,#740,#741,#742,#743,#744,#745,#746));
#3464=EDGE_LOOP('',(#747));
#3465=EDGE_LOOP('',(#748));
#3466=EDGE_LOOP('',(#749));
#3467=EDGE_LOOP('',(#750));
#3468=EDGE_LOOP('',(#751,#752,#753,#754,#755,#756,#757,#758));
#3469=EDGE_LOOP('',(#759,#760,#761,#762,#763,#764,#765,#766));
#3470=EDGE_LOOP('',(#767,#768,#769,#770,#771,#772,#773,#774));
#3471=EDGE_LOOP('',(#775,#776,#777,#778,#779,#780,#781,#782));
#3472=EDGE_LOOP('',(#783,#784,#785,#786,#787,#788,#789,#790));
#3473=EDGE_LOOP('',(#791,#792,#793,#794,#795,#796,#797,#798));
#3474=EDGE_LOOP('',(#799,#800,#801,#802,#803,#804,#805,#806));
#3475=EDGE_LOOP('',(#807,#808,#809,#810,#811,#812,#813,#814,#815,#816,#817,
#818,#819,#820,#821,#822,#823,#824,#825,#826,#827,#828,#829,#830));
#3476=EDGE_LOOP('',(#831));
#3477=EDGE_LOOP('',(#832,#833,#834,#835,#836,#837,#838));
#3478=EDGE_LOOP('',(#839));
#3479=EDGE_LOOP('',(#840,#841,#842,#843,#844,#845,#846,#847,#848,#849,#850,
#851,#852,#853,#854,#855,#856,#857,#858,#859,#860,#861,#862,#863,#864,#865,
#866,#867,#868,#869,#870,#871,#872,#873,#874,#875));
#3480=EDGE_LOOP('',(#876,#877,#878,#879));
#3481=EDGE_LOOP('',(#880,#881,#882,#883));
#3482=EDGE_LOOP('',(#884,#885,#886,#887));
#3483=EDGE_LOOP('',(#888,#889,#890,#891));
#3484=EDGE_LOOP('',(#892,#893,#894,#895));
#3485=EDGE_LOOP('',(#896,#897,#898,#899));
#3486=EDGE_LOOP('',(#900,#901,#902,#903));
#3487=EDGE_LOOP('',(#904,#905,#906,#907,#908,#909,#910));
#3488=EDGE_LOOP('',(#911,#912,#913,#914));
#3489=EDGE_LOOP('',(#915,#916,#917,#918,#919,#920,#921));
#3490=EDGE_LOOP('',(#922,#923,#924,#925,#926,#927,#928));
#3491=EDGE_LOOP('',(#929,#930,#931,#932));
#3492=EDGE_LOOP('',(#933,#934,#935,#936,#937,#938,#939));
#3493=EDGE_LOOP('',(#940,#941,#942,#943));
#3494=EDGE_LOOP('',(#944,#945,#946,#947,#948,#949,#950));
#3495=EDGE_LOOP('',(#951,#952,#953,#954,#955,#956,#957));
#3496=EDGE_LOOP('',(#958,#959,#960,#961));
#3497=EDGE_LOOP('',(#962,#963,#964,#965,#966,#967,#968));
#3498=EDGE_LOOP('',(#969,#970,#971,#972,#973,#974,#975));
#3499=EDGE_LOOP('',(#976,#977,#978,#979));
#3500=EDGE_LOOP('',(#980,#981,#982,#983,#984,#985,#986));
#3501=EDGE_LOOP('',(#987,#988,#989,#990,#991,#992,#993));
#3502=EDGE_LOOP('',(#994,#995,#996,#997));
#3503=EDGE_LOOP('',(#998,#999,#1000,#1001,#1002,#1003,#1004));
#3504=EDGE_LOOP('',(#1005,#1006,#1007,#1008));
#3505=EDGE_LOOP('',(#1009,#1010,#1011,#1012,#1013,#1014,#1015,#1016));
#3506=EDGE_LOOP('',(#1017,#1018,#1019,#1020,#1021,#1022,#1023,#1024));
#3507=EDGE_LOOP('',(#1025,#1026,#1027,#1028));
#3508=EDGE_LOOP('',(#1029,#1030,#1031,#1032));
#3509=EDGE_LOOP('',(#1033,#1034,#1035,#1036));
#3510=EDGE_LOOP('',(#1037,#1038,#1039,#1040));
#3511=EDGE_LOOP('',(#1041,#1042,#1043,#1044));
#3512=EDGE_LOOP('',(#1045,#1046,#1047,#1048));
#3513=EDGE_LOOP('',(#1049,#1050,#1051,#1052));
#3514=EDGE_LOOP('',(#1053,#1054,#1055,#1056));
#3515=EDGE_LOOP('',(#1057,#1058,#1059,#1060));
#3516=EDGE_LOOP('',(#1061,#1062,#1063,#1064));
#3517=EDGE_LOOP('',(#1065,#1066,#1067,#1068));
#3518=EDGE_LOOP('',(#1069,#1070,#1071,#1072));
#3519=EDGE_LOOP('',(#1073,#1074,#1075,#1076,#1077,#1078));
#3520=EDGE_LOOP('',(#1079,#1080,#1081,#1082,#1083,#1084));
#3521=EDGE_LOOP('',(#1085,#1086,#1087,#1088,#1089,#1090));
#3522=EDGE_LOOP('',(#1091,#1092,#1093,#1094,#1095,#1096));
#3523=EDGE_LOOP('',(#1097,#1098,#1099,#1100,#1101,#1102));
#3524=EDGE_LOOP('',(#1103,#1104,#1105,#1106,#1107,#1108));
#3525=EDGE_LOOP('',(#1109,#1110,#1111,#1112));
#3526=EDGE_LOOP('',(#1113,#1114,#1115,#1116));
#3527=EDGE_LOOP('',(#1117,#1118,#1119,#1120));
#3528=EDGE_LOOP('',(#1121,#1122,#1123,#1124));
#3529=EDGE_LOOP('',(#1125,#1126,#1127,#1128));
#3530=EDGE_LOOP('',(#1129,#1130,#1131,#1132));
#3531=EDGE_LOOP('',(#1133,#1134,#1135,#1136));
#3532=EDGE_LOOP('',(#1137,#1138,#1139,#1140));
#3533=EDGE_LOOP('',(#1141,#1142,#1143,#1144));
#3534=EDGE_LOOP('',(#1145,#1146,#1147,#1148));
#3535=EDGE_LOOP('',(#1149,#1150,#1151,#1152));
#3536=EDGE_LOOP('',(#1153,#1154,#1155,#1156));
#3537=EDGE_LOOP('',(#1157,#1158,#1159,#1160,#1161));
#3538=EDGE_LOOP('',(#1162,#1163,#1164,#1165,#1166));
#3539=EDGE_LOOP('',(#1167,#1168,#1169,#1170,#1171));
#3540=EDGE_LOOP('',(#1172,#1173,#1174,#1175,#1176));
#3541=EDGE_LOOP('',(#1177,#1178,#1179,#1180,#1181));
#3542=EDGE_LOOP('',(#1182,#1183,#1184,#1185,#1186));
#3543=EDGE_LOOP('',(#1187,#1188,#1189,#1190,#1191));
#3544=EDGE_LOOP('',(#1192,#1193,#1194,#1195,#1196));
#3545=EDGE_LOOP('',(#1197,#1198,#1199,#1200,#1201));
#3546=EDGE_LOOP('',(#1202,#1203,#1204,#1205,#1206));
#3547=EDGE_LOOP('',(#1207,#1208,#1209,#1210,#1211));
#3548=EDGE_LOOP('',(#1212,#1213,#1214,#1215,#1216));
#3549=EDGE_LOOP('',(#1217,#1218,#1219));
#3550=EDGE_LOOP('',(#1220,#1221,#1222));
#3551=EDGE_LOOP('',(#1223,#1224,#1225,#1226));
#3552=EDGE_LOOP('',(#1227,#1228,#1229,#1230));
#3553=EDGE_LOOP('',(#1231,#1232,#1233,#1234));
#3554=EDGE_LOOP('',(#1235,#1236,#1237,#1238));
#3555=EDGE_LOOP('',(#1239,#1240,#1241,#1242));
#3556=EDGE_LOOP('',(#1243,#1244,#1245,#1246));
#3557=EDGE_LOOP('',(#1247,#1248,#1249,#1250));
#3558=EDGE_LOOP('',(#1251,#1252,#1253,#1254));
#3559=EDGE_LOOP('',(#1255,#1256,#1257,#1258));
#3560=EDGE_LOOP('',(#1259,#1260,#1261,#1262));
#3561=EDGE_LOOP('',(#1263,#1264,#1265,#1266));
#3562=EDGE_LOOP('',(#1267,#1268,#1269,#1270));
#3563=EDGE_LOOP('',(#1271,#1272,#1273,#1274));
#3564=EDGE_LOOP('',(#1275,#1276,#1277,#1278));
#3565=EDGE_LOOP('',(#1279,#1280,#1281,#1282));
#3566=EDGE_LOOP('',(#1283,#1284,#1285));
#3567=EDGE_LOOP('',(#1286,#1287,#1288));
#3568=EDGE_LOOP('',(#1289,#1290,#1291,#1292));
#3569=EDGE_LOOP('',(#1293,#1294,#1295,#1296));
#3570=EDGE_LOOP('',(#1297,#1298,#1299,#1300));
#3571=EDGE_LOOP('',(#1301,#1302,#1303,#1304));
#3572=EDGE_LOOP('',(#1305,#1306,#1307,#1308));
#3573=EDGE_LOOP('',(#1309,#1310,#1311,#1312));
#3574=EDGE_LOOP('',(#1313,#1314,#1315,#1316));
#3575=EDGE_LOOP('',(#1317,#1318,#1319,#1320));
#3576=EDGE_LOOP('',(#1321,#1322,#1323));
#3577=EDGE_LOOP('',(#1324,#1325,#1326,#1327));
#3578=EDGE_LOOP('',(#1328,#1329,#1330,#1331));
#3579=EDGE_LOOP('',(#1332,#1333,#1334,#1335));
#3580=EDGE_LOOP('',(#1336,#1337,#1338,#1339));
#3581=EDGE_LOOP('',(#1340,#1341,#1342,#1343));
#3582=EDGE_LOOP('',(#1344,#1345,#1346,#1347));
#3583=EDGE_LOOP('',(#1348,#1349,#1350,#1351));
#3584=EDGE_LOOP('',(#1352,#1353,#1354));
#3585=EDGE_LOOP('',(#1355,#1356,#1357,#1358));
#3586=EDGE_LOOP('',(#1359,#1360,#1361,#1362));
#3587=EDGE_LOOP('',(#1363,#1364,#1365,#1366));
#3588=EDGE_LOOP('',(#1367,#1368,#1369,#1370));
#3589=EDGE_LOOP('',(#1371,#1372,#1373,#1374));
#3590=EDGE_LOOP('',(#1375,#1376,#1377,#1378));
#3591=EDGE_LOOP('',(#1379,#1380,#1381,#1382));
#3592=EDGE_LOOP('',(#1383,#1384,#1385,#1386));
#3593=EDGE_LOOP('',(#1387,#1388,#1389,#1390));
#3594=EDGE_LOOP('',(#1391,#1392,#1393,#1394));
#3595=EDGE_LOOP('',(#1395,#1396,#1397,#1398));
#3596=EDGE_LOOP('',(#1399,#1400,#1401,#1402));
#3597=EDGE_LOOP('',(#1403,#1404,#1405));
#3598=EDGE_LOOP('',(#1406,#1407,#1408,#1409));
#3599=EDGE_LOOP('',(#1410,#1411,#1412,#1413));
#3600=EDGE_LOOP('',(#1414,#1415,#1416,#1417));
#3601=EDGE_LOOP('',(#1418,#1419,#1420,#1421));
#3602=EDGE_LOOP('',(#1422,#1423,#1424));
#3603=EDGE_LOOP('',(#1425,#1426,#1427));
#3604=EDGE_LOOP('',(#1428,#1429,#1430,#1431));
#3605=EDGE_LOOP('',(#1432,#1433,#1434,#1435));
#3606=EDGE_LOOP('',(#1436,#1437,#1438,#1439));
#3607=EDGE_LOOP('',(#1440,#1441,#1442,#1443));
#3608=EDGE_LOOP('',(#1444,#1445,#1446,#1447));
#3609=EDGE_LOOP('',(#1448,#1449,#1450,#1451));
#3610=EDGE_LOOP('',(#1452,#1453,#1454,#1455));
#3611=EDGE_LOOP('',(#1456,#1457,#1458));
#3612=EDGE_LOOP('',(#1459,#1460,#1461,#1462));
#3613=EDGE_LOOP('',(#1463,#1464,#1465,#1466));
#3614=EDGE_LOOP('',(#1467,#1468,#1469,#1470));
#3615=EDGE_LOOP('',(#1471,#1472,#1473,#1474));
#3616=EDGE_LOOP('',(#1475,#1476,#1477,#1478));
#3617=EDGE_LOOP('',(#1479,#1480,#1481,#1482));
#3618=EDGE_LOOP('',(#1483,#1484,#1485,#1486));
#3619=EDGE_LOOP('',(#1487,#1488,#1489,#1490));
#3620=EDGE_LOOP('',(#1491,#1492,#1493,#1494));
#3621=EDGE_LOOP('',(#1495,#1496,#1497,#1498));
#3622=EDGE_LOOP('',(#1499,#1500,#1501,#1502));
#3623=EDGE_LOOP('',(#1503,#1504,#1505,#1506));
#3624=EDGE_LOOP('',(#1507,#1508,#1509));
#3625=EDGE_LOOP('',(#1510,#1511,#1512,#1513));
#3626=EDGE_LOOP('',(#1514,#1515,#1516,#1517));
#3627=EDGE_LOOP('',(#1518,#1519,#1520,#1521));
#3628=EDGE_LOOP('',(#1522,#1523,#1524,#1525));
#3629=EDGE_LOOP('',(#1526,#1527,#1528));
#3630=EDGE_LOOP('',(#1529,#1530,#1531));
#3631=EDGE_LOOP('',(#1532,#1533,#1534,#1535));
#3632=EDGE_LOOP('',(#1536,#1537,#1538,#1539));
#3633=EDGE_LOOP('',(#1540,#1541,#1542,#1543));
#3634=EDGE_LOOP('',(#1544,#1545,#1546,#1547));
#3635=EDGE_LOOP('',(#1548,#1549,#1550,#1551));
#3636=EDGE_LOOP('',(#1552,#1553,#1554,#1555));
#3637=EDGE_LOOP('',(#1556,#1557,#1558,#1559));
#3638=EDGE_LOOP('',(#1560,#1561,#1562));
#3639=EDGE_LOOP('',(#1563,#1564,#1565,#1566));
#3640=EDGE_LOOP('',(#1567,#1568,#1569,#1570));
#3641=EDGE_LOOP('',(#1571,#1572,#1573,#1574));
#3642=EDGE_LOOP('',(#1575,#1576,#1577,#1578));
#3643=EDGE_LOOP('',(#1579,#1580,#1581,#1582));
#3644=EDGE_LOOP('',(#1583,#1584,#1585,#1586));
#3645=EDGE_LOOP('',(#1587,#1588,#1589,#1590));
#3646=EDGE_LOOP('',(#1591,#1592,#1593,#1594));
#3647=EDGE_LOOP('',(#1595,#1596,#1597,#1598));
#3648=EDGE_LOOP('',(#1599,#1600,#1601,#1602));
#3649=EDGE_LOOP('',(#1603,#1604,#1605,#1606));
#3650=EDGE_LOOP('',(#1607,#1608,#1609,#1610));
#3651=EDGE_LOOP('',(#1611,#1612,#1613));
#3652=EDGE_LOOP('',(#1614,#1615,#1616,#1617));
#3653=EDGE_LOOP('',(#1618,#1619,#1620,#1621));
#3654=EDGE_LOOP('',(#1622,#1623,#1624,#1625));
#3655=EDGE_LOOP('',(#1626,#1627,#1628,#1629));
#3656=EDGE_LOOP('',(#1630,#1631,#1632));
#3657=EDGE_LOOP('',(#1633,#1634,#1635));
#3658=EDGE_LOOP('',(#1636,#1637,#1638,#1639));
#3659=EDGE_LOOP('',(#1640,#1641,#1642,#1643));
#3660=EDGE_LOOP('',(#1644,#1645,#1646,#1647));
#3661=EDGE_LOOP('',(#1648,#1649,#1650,#1651));
#3662=EDGE_LOOP('',(#1652,#1653,#1654,#1655));
#3663=EDGE_LOOP('',(#1656,#1657,#1658,#1659));
#3664=EDGE_LOOP('',(#1660,#1661,#1662,#1663));
#3665=EDGE_LOOP('',(#1664,#1665,#1666));
#3666=EDGE_LOOP('',(#1667,#1668,#1669,#1670));
#3667=EDGE_LOOP('',(#1671,#1672,#1673,#1674));
#3668=EDGE_LOOP('',(#1675,#1676,#1677,#1678));
#3669=EDGE_LOOP('',(#1679,#1680,#1681,#1682));
#3670=EDGE_LOOP('',(#1683,#1684,#1685,#1686));
#3671=EDGE_LOOP('',(#1687,#1688,#1689,#1690));
#3672=EDGE_LOOP('',(#1691,#1692,#1693,#1694));
#3673=EDGE_LOOP('',(#1695,#1696,#1697,#1698));
#3674=EDGE_LOOP('',(#1699,#1700,#1701,#1702));
#3675=EDGE_LOOP('',(#1703,#1704,#1705,#1706));
#3676=EDGE_LOOP('',(#1707,#1708,#1709,#1710));
#3677=EDGE_LOOP('',(#1711,#1712,#1713,#1714));
#3678=EDGE_LOOP('',(#1715,#1716,#1717));
#3679=EDGE_LOOP('',(#1718,#1719,#1720,#1721));
#3680=EDGE_LOOP('',(#1722,#1723,#1724,#1725));
#3681=EDGE_LOOP('',(#1726,#1727,#1728,#1729));
#3682=EDGE_LOOP('',(#1730,#1731,#1732,#1733));
#3683=EDGE_LOOP('',(#1734,#1735,#1736));
#3684=EDGE_LOOP('',(#1737,#1738,#1739));
#3685=EDGE_LOOP('',(#1740,#1741,#1742));
#3686=EDGE_LOOP('',(#1743,#1744,#1745,#1746));
#3687=EDGE_LOOP('',(#1747,#1748,#1749,#1750));
#3688=EDGE_LOOP('',(#1751,#1752,#1753,#1754));
#3689=EDGE_LOOP('',(#1755,#1756,#1757,#1758));
#3690=EDGE_LOOP('',(#1759,#1760,#1761,#1762));
#3691=EDGE_LOOP('',(#1763,#1764,#1765,#1766));
#3692=EDGE_LOOP('',(#1767,#1768,#1769,#1770));
#3693=EDGE_LOOP('',(#1771,#1772,#1773,#1774));
#3694=EDGE_LOOP('',(#1775,#1776,#1777,#1778));
#3695=EDGE_LOOP('',(#1779,#1780,#1781,#1782));
#3696=EDGE_LOOP('',(#1783,#1784,#1785,#1786));
#3697=EDGE_LOOP('',(#1787,#1788,#1789,#1790));
#3698=EDGE_LOOP('',(#1791,#1792,#1793,#1794));
#3699=EDGE_LOOP('',(#1795,#1796,#1797,#1798));
#3700=EDGE_LOOP('',(#1799,#1800,#1801,#1802));
#3701=EDGE_LOOP('',(#1803,#1804,#1805));
#3702=EDGE_LOOP('',(#1806,#1807,#1808));
#3703=EDGE_LOOP('',(#1809,#1810,#1811,#1812));
#3704=EDGE_LOOP('',(#1813,#1814,#1815,#1816));
#3705=EDGE_LOOP('',(#1817,#1818,#1819,#1820));
#3706=EDGE_LOOP('',(#1821,#1822,#1823,#1824));
#3707=EDGE_LOOP('',(#1825,#1826,#1827,#1828));
#3708=EDGE_LOOP('',(#1829,#1830,#1831,#1832));
#3709=EDGE_LOOP('',(#1833,#1834,#1835,#1836));
#3710=EDGE_LOOP('',(#1837,#1838,#1839,#1840));
#3711=EDGE_LOOP('',(#1841,#1842,#1843,#1844));
#3712=EDGE_LOOP('',(#1845,#1846,#1847,#1848));
#3713=EDGE_LOOP('',(#1849,#1850,#1851,#1852));
#3714=EDGE_LOOP('',(#1853,#1854,#1855,#1856));
#3715=EDGE_LOOP('',(#1857,#1858,#1859,#1860));
#3716=EDGE_LOOP('',(#1861,#1862,#1863,#1864));
#3717=EDGE_LOOP('',(#1865,#1866,#1867,#1868));
#3718=EDGE_LOOP('',(#1869,#1870,#1871,#1872));
#3719=EDGE_LOOP('',(#1873,#1874,#1875,#1876));
#3720=EDGE_LOOP('',(#1877,#1878,#1879,#1880));
#3721=EDGE_LOOP('',(#1881,#1882,#1883,#1884));
#3722=EDGE_LOOP('',(#1885,#1886,#1887,#1888));
#3723=EDGE_LOOP('',(#1889,#1890,#1891,#1892));
#3724=EDGE_LOOP('',(#1893,#1894,#1895,#1896));
#3725=EDGE_LOOP('',(#1897,#1898,#1899,#1900));
#3726=EDGE_LOOP('',(#1901,#1902,#1903,#1904));
#3727=EDGE_LOOP('',(#1905,#1906,#1907,#1908));
#3728=EDGE_LOOP('',(#1909));
#3729=EDGE_LOOP('',(#1910,#1911,#1912,#1913));
#3730=EDGE_LOOP('',(#1914,#1915,#1916,#1917));
#3731=EDGE_LOOP('',(#1918));
#3732=EDGE_LOOP('',(#1919,#1920,#1921,#1922));
#3733=EDGE_LOOP('',(#1923,#1924,#1925,#1926));
#3734=EDGE_LOOP('',(#1927));
#3735=EDGE_LOOP('',(#1928,#1929,#1930,#1931));
#3736=EDGE_LOOP('',(#1932));
#3737=EDGE_LOOP('',(#1933,#1934,#1935,#1936));
#3738=EDGE_LOOP('',(#1937,#1938,#1939,#1940));
#3739=EDGE_LOOP('',(#1941));
#3740=EDGE_LOOP('',(#1942,#1943,#1944,#1945));
#3741=EDGE_LOOP('',(#1946,#1947,#1948,#1949));
#3742=EDGE_LOOP('',(#1950));
#3743=EDGE_LOOP('',(#1951,#1952,#1953,#1954));
#3744=EDGE_LOOP('',(#1955,#1956,#1957,#1958));
#3745=EDGE_LOOP('',(#1959,#1960,#1961,#1962));
#3746=EDGE_LOOP('',(#1963,#1964,#1965,#1966));
#3747=EDGE_LOOP('',(#1967,#1968,#1969,#1970));
#3748=EDGE_LOOP('',(#1971,#1972,#1973,#1974));
#3749=EDGE_LOOP('',(#1975,#1976,#1977,#1978));
#3750=EDGE_LOOP('',(#1979,#1980,#1981,#1982));
#3751=EDGE_LOOP('',(#1983,#1984,#1985,#1986));
#3752=EDGE_LOOP('',(#1987,#1988,#1989,#1990));
#3753=EDGE_LOOP('',(#1991,#1992,#1993,#1994));
#3754=EDGE_LOOP('',(#1995,#1996,#1997,#1998));
#3755=EDGE_LOOP('',(#1999));
#3756=EDGE_LOOP('',(#2000));
#3757=EDGE_LOOP('',(#2001));
#3758=EDGE_LOOP('',(#2002));
#3759=EDGE_LOOP('',(#2003));
#3760=EDGE_LOOP('',(#2004));
#3761=EDGE_LOOP('',(#2005));
#3762=EDGE_LOOP('',(#2006));
#3763=EDGE_LOOP('',(#2007));
#3764=EDGE_LOOP('',(#2008));
#3765=EDGE_LOOP('',(#2009));
#3766=EDGE_LOOP('',(#2010));
#3767=EDGE_LOOP('',(#2011));
#3768=EDGE_LOOP('',(#2012));
#3769=EDGE_LOOP('',(#2013));
#3770=EDGE_LOOP('',(#2014));
#3771=EDGE_LOOP('',(#2015));
#3772=EDGE_LOOP('',(#2016));
#3773=EDGE_LOOP('',(#2017));
#3774=EDGE_LOOP('',(#2018));
#3775=EDGE_LOOP('',(#2019));
#3776=FACE_BOUND('',#3446,.T.);
#3777=FACE_BOUND('',#3447,.T.);
#3778=FACE_BOUND('',#3448,.T.);
#3779=FACE_BOUND('',#3449,.T.);
#3780=FACE_BOUND('',#3450,.T.);
#3781=FACE_BOUND('',#3451,.T.);
#3782=FACE_BOUND('',#3452,.T.);
#3783=FACE_BOUND('',#3453,.T.);
#3784=FACE_BOUND('',#3454,.T.);
#3785=FACE_BOUND('',#3455,.T.);
#3786=FACE_BOUND('',#3456,.T.);
#3787=FACE_BOUND('',#3457,.T.);
#3788=FACE_BOUND('',#3458,.T.);
#3789=FACE_BOUND('',#3459,.T.);
#3790=FACE_BOUND('',#3460,.T.);
#3791=FACE_BOUND('',#3461,.T.);
#3792=FACE_BOUND('',#3462,.T.);
#3793=FACE_BOUND('',#3463,.T.);
#3794=FACE_BOUND('',#3464,.T.);
#3795=FACE_BOUND('',#3465,.T.);
#3796=FACE_BOUND('',#3466,.T.);
#3797=FACE_BOUND('',#3467,.T.);
#3798=FACE_BOUND('',#3468,.T.);
#3799=FACE_BOUND('',#3469,.T.);
#3800=FACE_BOUND('',#3470,.T.);
#3801=FACE_BOUND('',#3471,.T.);
#3802=FACE_BOUND('',#3472,.T.);
#3803=FACE_BOUND('',#3473,.T.);
#3804=FACE_BOUND('',#3474,.T.);
#3805=FACE_BOUND('',#3475,.T.);
#3806=FACE_BOUND('',#3476,.T.);
#3807=FACE_BOUND('',#3477,.T.);
#3808=FACE_BOUND('',#3478,.T.);
#3809=FACE_BOUND('',#3479,.T.);
#3810=FACE_BOUND('',#3480,.T.);
#3811=FACE_BOUND('',#3481,.T.);
#3812=FACE_BOUND('',#3482,.T.);
#3813=FACE_BOUND('',#3483,.T.);
#3814=FACE_BOUND('',#3484,.T.);
#3815=FACE_BOUND('',#3485,.T.);
#3816=FACE_BOUND('',#3486,.T.);
#3817=FACE_BOUND('',#3487,.T.);
#3818=FACE_BOUND('',#3488,.T.);
#3819=FACE_BOUND('',#3489,.T.);
#3820=FACE_BOUND('',#3490,.T.);
#3821=FACE_BOUND('',#3491,.T.);
#3822=FACE_BOUND('',#3492,.T.);
#3823=FACE_BOUND('',#3493,.T.);
#3824=FACE_BOUND('',#3494,.T.);
#3825=FACE_BOUND('',#3495,.T.);
#3826=FACE_BOUND('',#3496,.T.);
#3827=FACE_BOUND('',#3497,.T.);
#3828=FACE_BOUND('',#3498,.T.);
#3829=FACE_BOUND('',#3499,.T.);
#3830=FACE_BOUND('',#3500,.T.);
#3831=FACE_BOUND('',#3501,.T.);
#3832=FACE_BOUND('',#3502,.T.);
#3833=FACE_BOUND('',#3503,.T.);
#3834=FACE_BOUND('',#3504,.T.);
#3835=FACE_BOUND('',#3505,.T.);
#3836=FACE_BOUND('',#3506,.T.);
#3837=FACE_BOUND('',#3507,.T.);
#3838=FACE_BOUND('',#3508,.T.);
#3839=FACE_BOUND('',#3509,.T.);
#3840=FACE_BOUND('',#3510,.T.);
#3841=FACE_BOUND('',#3511,.T.);
#3842=FACE_BOUND('',#3512,.T.);
#3843=FACE_BOUND('',#3513,.T.);
#3844=FACE_BOUND('',#3514,.T.);
#3845=FACE_BOUND('',#3515,.T.);
#3846=FACE_BOUND('',#3516,.T.);
#3847=FACE_BOUND('',#3517,.T.);
#3848=FACE_BOUND('',#3518,.T.);
#3849=FACE_BOUND('',#3519,.T.);
#3850=FACE_BOUND('',#3520,.T.);
#3851=FACE_BOUND('',#3521,.T.);
#3852=FACE_BOUND('',#3522,.T.);
#3853=FACE_BOUND('',#3523,.T.);
#3854=FACE_BOUND('',#3524,.T.);
#3855=FACE_BOUND('',#3525,.T.);
#3856=FACE_BOUND('',#3526,.T.);
#3857=FACE_BOUND('',#3527,.T.);
#3858=FACE_BOUND('',#3528,.T.);
#3859=FACE_BOUND('',#3529,.T.);
#3860=FACE_BOUND('',#3530,.T.);
#3861=FACE_BOUND('',#3531,.T.);
#3862=FACE_BOUND('',#3532,.T.);
#3863=FACE_BOUND('',#3533,.T.);
#3864=FACE_BOUND('',#3534,.T.);
#3865=FACE_BOUND('',#3535,.T.);
#3866=FACE_BOUND('',#3536,.T.);
#3867=FACE_BOUND('',#3537,.T.);
#3868=FACE_BOUND('',#3538,.T.);
#3869=FACE_BOUND('',#3539,.T.);
#3870=FACE_BOUND('',#3540,.T.);
#3871=FACE_BOUND('',#3541,.T.);
#3872=FACE_BOUND('',#3542,.T.);
#3873=FACE_BOUND('',#3543,.T.);
#3874=FACE_BOUND('',#3544,.T.);
#3875=FACE_BOUND('',#3545,.T.);
#3876=FACE_BOUND('',#3546,.T.);
#3877=FACE_BOUND('',#3547,.T.);
#3878=FACE_BOUND('',#3548,.T.);
#3879=FACE_BOUND('',#3549,.T.);
#3880=FACE_BOUND('',#3550,.T.);
#3881=FACE_BOUND('',#3551,.T.);
#3882=FACE_BOUND('',#3552,.T.);
#3883=FACE_BOUND('',#3553,.T.);
#3884=FACE_BOUND('',#3554,.T.);
#3885=FACE_BOUND('',#3555,.T.);
#3886=FACE_BOUND('',#3556,.T.);
#3887=FACE_BOUND('',#3557,.T.);
#3888=FACE_BOUND('',#3558,.T.);
#3889=FACE_BOUND('',#3559,.T.);
#3890=FACE_BOUND('',#3560,.T.);
#3891=FACE_BOUND('',#3561,.T.);
#3892=FACE_BOUND('',#3562,.T.);
#3893=FACE_BOUND('',#3563,.T.);
#3894=FACE_BOUND('',#3564,.T.);
#3895=FACE_BOUND('',#3565,.T.);
#3896=FACE_BOUND('',#3566,.T.);
#3897=FACE_BOUND('',#3567,.T.);
#3898=FACE_BOUND('',#3568,.T.);
#3899=FACE_BOUND('',#3569,.T.);
#3900=FACE_BOUND('',#3570,.T.);
#3901=FACE_BOUND('',#3571,.T.);
#3902=FACE_BOUND('',#3572,.T.);
#3903=FACE_BOUND('',#3573,.T.);
#3904=FACE_BOUND('',#3574,.T.);
#3905=FACE_BOUND('',#3575,.T.);
#3906=FACE_BOUND('',#3576,.T.);
#3907=FACE_BOUND('',#3577,.T.);
#3908=FACE_BOUND('',#3578,.T.);
#3909=FACE_BOUND('',#3579,.T.);
#3910=FACE_BOUND('',#3580,.T.);
#3911=FACE_BOUND('',#3581,.T.);
#3912=FACE_BOUND('',#3582,.T.);
#3913=FACE_BOUND('',#3583,.T.);
#3914=FACE_BOUND('',#3584,.T.);
#3915=FACE_BOUND('',#3585,.T.);
#3916=FACE_BOUND('',#3586,.T.);
#3917=FACE_BOUND('',#3587,.T.);
#3918=FACE_BOUND('',#3588,.T.);
#3919=FACE_BOUND('',#3589,.T.);
#3920=FACE_BOUND('',#3590,.T.);
#3921=FACE_BOUND('',#3591,.T.);
#3922=FACE_BOUND('',#3592,.T.);
#3923=FACE_BOUND('',#3593,.T.);
#3924=FACE_BOUND('',#3594,.T.);
#3925=FACE_BOUND('',#3595,.T.);
#3926=FACE_BOUND('',#3596,.T.);
#3927=FACE_BOUND('',#3597,.T.);
#3928=FACE_BOUND('',#3598,.T.);
#3929=FACE_BOUND('',#3599,.T.);
#3930=FACE_BOUND('',#3600,.T.);
#3931=FACE_BOUND('',#3601,.T.);
#3932=FACE_BOUND('',#3602,.T.);
#3933=FACE_BOUND('',#3603,.T.);
#3934=FACE_BOUND('',#3604,.T.);
#3935=FACE_BOUND('',#3605,.T.);
#3936=FACE_BOUND('',#3606,.T.);
#3937=FACE_BOUND('',#3607,.T.);
#3938=FACE_BOUND('',#3608,.T.);
#3939=FACE_BOUND('',#3609,.T.);
#3940=FACE_BOUND('',#3610,.T.);
#3941=FACE_BOUND('',#3611,.T.);
#3942=FACE_BOUND('',#3612,.T.);
#3943=FACE_BOUND('',#3613,.T.);
#3944=FACE_BOUND('',#3614,.T.);
#3945=FACE_BOUND('',#3615,.T.);
#3946=FACE_BOUND('',#3616,.T.);
#3947=FACE_BOUND('',#3617,.T.);
#3948=FACE_BOUND('',#3618,.T.);
#3949=FACE_BOUND('',#3619,.T.);
#3950=FACE_BOUND('',#3620,.T.);
#3951=FACE_BOUND('',#3621,.T.);
#3952=FACE_BOUND('',#3622,.T.);
#3953=FACE_BOUND('',#3623,.T.);
#3954=FACE_BOUND('',#3624,.T.);
#3955=FACE_BOUND('',#3625,.T.);
#3956=FACE_BOUND('',#3626,.T.);
#3957=FACE_BOUND('',#3627,.T.);
#3958=FACE_BOUND('',#3628,.T.);
#3959=FACE_BOUND('',#3629,.T.);
#3960=FACE_BOUND('',#3630,.T.);
#3961=FACE_BOUND('',#3631,.T.);
#3962=FACE_BOUND('',#3632,.T.);
#3963=FACE_BOUND('',#3633,.T.);
#3964=FACE_BOUND('',#3634,.T.);
#3965=FACE_BOUND('',#3635,.T.);
#3966=FACE_BOUND('',#3636,.T.);
#3967=FACE_BOUND('',#3637,.T.);
#3968=FACE_BOUND('',#3638,.T.);
#3969=FACE_BOUND('',#3639,.T.);
#3970=FACE_BOUND('',#3640,.T.);
#3971=FACE_BOUND('',#3641,.T.);
#3972=FACE_BOUND('',#3642,.T.);
#3973=FACE_BOUND('',#3643,.T.);
#3974=FACE_BOUND('',#3644,.T.);
#3975=FACE_BOUND('',#3645,.T.);
#3976=FACE_BOUND('',#3646,.T.);
#3977=FACE_BOUND('',#3647,.T.);
#3978=FACE_BOUND('',#3648,.T.);
#3979=FACE_BOUND('',#3649,.T.);
#3980=FACE_BOUND('',#3650,.T.);
#3981=FACE_BOUND('',#3651,.T.);
#3982=FACE_BOUND('',#3652,.T.);
#3983=FACE_BOUND('',#3653,.T.);
#3984=FACE_BOUND('',#3654,.T.);
#3985=FACE_BOUND('',#3655,.T.);
#3986=FACE_BOUND('',#3656,.T.);
#3987=FACE_BOUND('',#3657,.T.);
#3988=FACE_BOUND('',#3658,.T.);
#3989=FACE_BOUND('',#3659,.T.);
#3990=FACE_BOUND('',#3660,.T.);
#3991=FACE_BOUND('',#3661,.T.);
#3992=FACE_BOUND('',#3662,.T.);
#3993=FACE_BOUND('',#3663,.T.);
#3994=FACE_BOUND('',#3664,.T.);
#3995=FACE_BOUND('',#3665,.T.);
#3996=FACE_BOUND('',#3666,.T.);
#3997=FACE_BOUND('',#3667,.T.);
#3998=FACE_BOUND('',#3668,.T.);
#3999=FACE_BOUND('',#3669,.T.);
#4000=FACE_BOUND('',#3670,.T.);
#4001=FACE_BOUND('',#3671,.T.);
#4002=FACE_BOUND('',#3672,.T.);
#4003=FACE_BOUND('',#3673,.T.);
#4004=FACE_BOUND('',#3674,.T.);
#4005=FACE_BOUND('',#3675,.T.);
#4006=FACE_BOUND('',#3676,.T.);
#4007=FACE_BOUND('',#3677,.T.);
#4008=FACE_BOUND('',#3678,.T.);
#4009=FACE_BOUND('',#3679,.T.);
#4010=FACE_BOUND('',#3680,.T.);
#4011=FACE_BOUND('',#3681,.T.);
#4012=FACE_BOUND('',#3682,.T.);
#4013=FACE_BOUND('',#3683,.T.);
#4014=FACE_BOUND('',#3684,.T.);
#4015=FACE_BOUND('',#3685,.T.);
#4016=FACE_BOUND('',#3686,.T.);
#4017=FACE_BOUND('',#3687,.T.);
#4018=FACE_BOUND('',#3688,.T.);
#4019=FACE_BOUND('',#3689,.T.);
#4020=FACE_BOUND('',#3690,.T.);
#4021=FACE_BOUND('',#3691,.T.);
#4022=FACE_BOUND('',#3692,.T.);
#4023=FACE_BOUND('',#3693,.T.);
#4024=FACE_BOUND('',#3694,.T.);
#4025=FACE_BOUND('',#3695,.T.);
#4026=FACE_BOUND('',#3696,.T.);
#4027=FACE_BOUND('',#3697,.T.);
#4028=FACE_BOUND('',#3698,.T.);
#4029=FACE_BOUND('',#3699,.T.);
#4030=FACE_BOUND('',#3700,.T.);
#4031=FACE_BOUND('',#3701,.T.);
#4032=FACE_BOUND('',#3702,.T.);
#4033=FACE_BOUND('',#3703,.T.);
#4034=FACE_BOUND('',#3704,.T.);
#4035=FACE_BOUND('',#3705,.T.);
#4036=FACE_BOUND('',#3706,.T.);
#4037=FACE_BOUND('',#3707,.T.);
#4038=FACE_BOUND('',#3708,.T.);
#4039=FACE_BOUND('',#3709,.T.);
#4040=FACE_BOUND('',#3710,.T.);
#4041=FACE_BOUND('',#3711,.T.);
#4042=FACE_BOUND('',#3712,.T.);
#4043=FACE_BOUND('',#3713,.T.);
#4044=FACE_BOUND('',#3714,.T.);
#4045=FACE_BOUND('',#3715,.T.);
#4046=FACE_BOUND('',#3716,.T.);
#4047=FACE_BOUND('',#3717,.T.);
#4048=FACE_BOUND('',#3718,.T.);
#4049=FACE_BOUND('',#3719,.T.);
#4050=FACE_BOUND('',#3720,.T.);
#4051=FACE_BOUND('',#3721,.T.);
#4052=FACE_BOUND('',#3722,.T.);
#4053=FACE_BOUND('',#3723,.T.);
#4054=FACE_BOUND('',#3724,.T.);
#4055=FACE_BOUND('',#3725,.T.);
#4056=FACE_BOUND('',#3726,.T.);
#4057=FACE_BOUND('',#3727,.T.);
#4058=FACE_BOUND('',#3728,.T.);
#4059=FACE_BOUND('',#3729,.T.);
#4060=FACE_BOUND('',#3730,.T.);
#4061=FACE_BOUND('',#3731,.T.);
#4062=FACE_BOUND('',#3732,.T.);
#4063=FACE_BOUND('',#3733,.T.);
#4064=FACE_BOUND('',#3734,.T.);
#4065=FACE_BOUND('',#3735,.T.);
#4066=FACE_BOUND('',#3736,.T.);
#4067=FACE_BOUND('',#3737,.T.);
#4068=FACE_BOUND('',#3738,.T.);
#4069=FACE_BOUND('',#3739,.T.);
#4070=FACE_BOUND('',#3740,.T.);
#4071=FACE_BOUND('',#3741,.T.);
#4072=FACE_BOUND('',#3742,.T.);
#4073=FACE_BOUND('',#3743,.T.);
#4074=FACE_BOUND('',#3744,.T.);
#4075=FACE_BOUND('',#3745,.T.);
#4076=FACE_BOUND('',#3746,.T.);
#4077=FACE_BOUND('',#3747,.T.);
#4078=FACE_BOUND('',#3748,.T.);
#4079=FACE_BOUND('',#3749,.T.);
#4080=FACE_BOUND('',#3750,.T.);
#4081=FACE_BOUND('',#3751,.T.);
#4082=FACE_BOUND('',#3752,.T.);
#4083=FACE_BOUND('',#3753,.T.);
#4084=FACE_BOUND('',#3754,.T.);
#4085=FACE_BOUND('',#3755,.T.);
#4086=FACE_BOUND('',#3756,.T.);
#4087=FACE_BOUND('',#3757,.T.);
#4088=FACE_BOUND('',#3758,.T.);
#4089=FACE_BOUND('',#3759,.T.);
#4090=FACE_BOUND('',#3760,.T.);
#4091=FACE_BOUND('',#3761,.T.);
#4092=FACE_BOUND('',#3762,.T.);
#4093=FACE_BOUND('',#3763,.T.);
#4094=FACE_BOUND('',#3764,.T.);
#4095=FACE_BOUND('',#3765,.T.);
#4096=FACE_BOUND('',#3766,.T.);
#4097=FACE_BOUND('',#3767,.T.);
#4098=FACE_BOUND('',#3768,.T.);
#4099=FACE_BOUND('',#3769,.T.);
#4100=FACE_BOUND('',#3770,.T.);
#4101=FACE_BOUND('',#3771,.T.);
#4102=FACE_BOUND('',#3772,.T.);
#4103=FACE_BOUND('',#3773,.T.);
#4104=FACE_BOUND('',#3774,.T.);
#4105=FACE_BOUND('',#3775,.T.);
#4106=CYLINDRICAL_SURFACE('',#4511,0.002286);
#4107=CYLINDRICAL_SURFACE('',#4517,0.002286);
#4108=CYLINDRICAL_SURFACE('',#4521,0.00115);
#4109=CYLINDRICAL_SURFACE('',#4526,0.002286);
#4110=CYLINDRICAL_SURFACE('',#4532,0.002286);
#4111=CYLINDRICAL_SURFACE('',#4536,0.00115);
#4112=CYLINDRICAL_SURFACE('',#4592,0.01524);
#4113=CYLINDRICAL_SURFACE('',#4633,0.00508);
#4114=CYLINDRICAL_SURFACE('',#4637,0.00508);
#4115=CYLINDRICAL_SURFACE('',#4641,0.00508);
#4116=CYLINDRICAL_SURFACE('',#4646,0.00508);
#4117=CYLINDRICAL_SURFACE('',#4651,0.00508);
#4118=CYLINDRICAL_SURFACE('',#4655,0.00508);
#4119=CYLINDRICAL_SURFACE('',#4660,0.00508);
#4120=CYLINDRICAL_SURFACE('',#4665,0.00507999999999986);
#4121=CYLINDRICAL_SURFACE('',#4670,0.00508);
#4122=CYLINDRICAL_SURFACE('',#4674,0.00508);
#4123=CYLINDRICAL_SURFACE('',#4746,0.0007112);
#4124=CYLINDRICAL_SURFACE('',#4749,0.0007112);
#4125=CYLINDRICAL_SURFACE('',#4752,0.0007112);
#4126=CYLINDRICAL_SURFACE('',#4755,0.0007112);
#4127=CYLINDRICAL_SURFACE('',#4758,0.0007112);
#4128=CYLINDRICAL_SURFACE('',#4761,0.0007112);
#4129=CYLINDRICAL_SURFACE('',#4764,0.0007112);
#4130=CYLINDRICAL_SURFACE('',#4767,0.0007112);
#4131=CYLINDRICAL_SURFACE('',#4770,0.0007112);
#4132=CYLINDRICAL_SURFACE('',#4773,0.0007112);
#4133=CYLINDRICAL_SURFACE('',#4776,0.0007112);
#4134=CYLINDRICAL_SURFACE('',#4779,0.0007112);
#4135=CYLINDRICAL_SURFACE('',#4788,0.0007112);
#4136=CYLINDRICAL_SURFACE('',#4790,0.0007112);
#4137=CYLINDRICAL_SURFACE('',#4801,0.0007112);
#4138=CYLINDRICAL_SURFACE('',#4803,0.0007112);
#4139=CYLINDRICAL_SURFACE('',#4812,0.0007112);
#4140=CYLINDRICAL_SURFACE('',#4814,0.0007112);
#4141=CYLINDRICAL_SURFACE('',#4816,0.0007112);
#4142=CYLINDRICAL_SURFACE('',#4818,0.0007112);
#4143=CYLINDRICAL_SURFACE('',#4828,0.0007112);
#4144=CYLINDRICAL_SURFACE('',#4834,0.0007112);
#4145=CYLINDRICAL_SURFACE('',#4843,0.0007112);
#4146=CYLINDRICAL_SURFACE('',#4845,0.0007112);
#4147=CYLINDRICAL_SURFACE('',#4849,0.0007112);
#4148=CYLINDRICAL_SURFACE('',#4857,0.0007112);
#4149=CYLINDRICAL_SURFACE('',#4861,0.0007112);
#4150=CYLINDRICAL_SURFACE('',#4864,0.0007112);
#4151=CYLINDRICAL_SURFACE('',#4871,0.0007112);
#4152=CYLINDRICAL_SURFACE('',#4877,0.0007112);
#4153=CYLINDRICAL_SURFACE('',#4886,0.0007112);
#4154=CYLINDRICAL_SURFACE('',#4888,0.0007112);
#4155=CYLINDRICAL_SURFACE('',#4892,0.0007112);
#4156=CYLINDRICAL_SURFACE('',#4900,0.0007112);
#4157=CYLINDRICAL_SURFACE('',#4904,0.0007112);
#4158=CYLINDRICAL_SURFACE('',#4907,0.0007112);
#4159=CYLINDRICAL_SURFACE('',#4914,0.0007112);
#4160=CYLINDRICAL_SURFACE('',#4920,0.0007112);
#4161=CYLINDRICAL_SURFACE('',#4929,0.0007112);
#4162=CYLINDRICAL_SURFACE('',#4931,0.0007112);
#4163=CYLINDRICAL_SURFACE('',#4935,0.0007112);
#4164=CYLINDRICAL_SURFACE('',#4943,0.0007112);
#4165=CYLINDRICAL_SURFACE('',#4947,0.0007112);
#4166=CYLINDRICAL_SURFACE('',#4950,0.0007112);
#4167=CYLINDRICAL_SURFACE('',#4957,0.0007112);
#4168=CYLINDRICAL_SURFACE('',#4963,0.0007112);
#4169=CYLINDRICAL_SURFACE('',#4972,0.0007112);
#4170=CYLINDRICAL_SURFACE('',#4974,0.0007112);
#4171=CYLINDRICAL_SURFACE('',#4978,0.0007112);
#4172=CYLINDRICAL_SURFACE('',#4986,0.0007112);
#4173=CYLINDRICAL_SURFACE('',#4990,0.0007112);
#4174=CYLINDRICAL_SURFACE('',#4993,0.0007112);
#4175=CYLINDRICAL_SURFACE('',#5003,0.0007112);
#4176=CYLINDRICAL_SURFACE('',#5005,0.0007112);
#4177=CYLINDRICAL_SURFACE('',#5016,0.0007112);
#4178=CYLINDRICAL_SURFACE('',#5018,0.0007112);
#4179=CYLINDRICAL_SURFACE('',#5027,0.0007112);
#4180=CYLINDRICAL_SURFACE('',#5029,0.0007112);
#4181=CYLINDRICAL_SURFACE('',#5031,0.0007112);
#4182=CYLINDRICAL_SURFACE('',#5033,0.0007112);
#4183=CYLINDRICAL_SURFACE('',#5043,0.001);
#4184=CYLINDRICAL_SURFACE('',#5045,0.001);
#4185=CYLINDRICAL_SURFACE('',#5051,0.001);
#4186=CYLINDRICAL_SURFACE('',#5053,0.001);
#4187=CYLINDRICAL_SURFACE('',#5059,0.001);
#4188=CYLINDRICAL_SURFACE('',#5061,0.001);
#4189=CYLINDRICAL_SURFACE('',#5067,0.001);
#4190=CYLINDRICAL_SURFACE('',#5069,0.001);
#4191=CYLINDRICAL_SURFACE('',#5072,0.00115);
#4192=CYLINDRICAL_SURFACE('',#5083,0.00115);
#4193=CYLINDRICAL_SURFACE('',#5109,0.000775);
#4194=CYLINDRICAL_SURFACE('',#5115,0.00075);
#4195=CYLINDRICAL_SURFACE('',#5118,0.00075);
#4196=CYLINDRICAL_SURFACE('',#5121,0.00075);
#4197=CYLINDRICAL_SURFACE('',#5124,0.00075);
#4198=ADVANCED_FACE('',(#3776,#3777),#4106,.T.);
#4199=ADVANCED_FACE('',(#3778),#169,.T.);
#4200=ADVANCED_FACE('',(#3779,#3780),#4107,.T.);
#4201=ADVANCED_FACE('',(#3781,#3782),#4108,.F.);
#4202=ADVANCED_FACE('',(#3783),#170,.T.);
#4203=ADVANCED_FACE('',(#3784,#3785),#4109,.T.);
#4204=ADVANCED_FACE('',(#3786),#171,.T.);
#4205=ADVANCED_FACE('',(#3787,#3788),#4110,.T.);
#4206=ADVANCED_FACE('',(#3789,#3790),#4111,.F.);
#4207=ADVANCED_FACE('',(#3791),#172,.T.);
#4208=ADVANCED_FACE('',(#3792,#3793),#72,.T.);
#4209=ADVANCED_FACE('',(#3794,#3795,#3796,#3797,#3798,#3799,#3800,#3801,
#3802,#3803,#3804),#173,.F.);
#4210=ADVANCED_FACE('',(#3805,#3806),#4112,.F.);
#4211=ADVANCED_FACE('',(#3807),#174,.T.);
#4212=ADVANCED_FACE('',(#3808,#3809),#175,.T.);
#4213=ADVANCED_FACE('',(#3810),#176,.T.);
#4214=ADVANCED_FACE('',(#3811),#4113,.T.);
#4215=ADVANCED_FACE('',(#3812),#177,.T.);
#4216=ADVANCED_FACE('',(#3813),#4114,.T.);
#4217=ADVANCED_FACE('',(#3814),#178,.F.);
#4218=ADVANCED_FACE('',(#3815),#4115,.T.);
#4219=ADVANCED_FACE('',(#3816),#179,.F.);
#4220=ADVANCED_FACE('',(#3817),#180,.F.);
#4221=ADVANCED_FACE('',(#3818),#4116,.T.);
#4222=ADVANCED_FACE('',(#3819),#181,.T.);
#4223=ADVANCED_FACE('',(#3820),#182,.F.);
#4224=ADVANCED_FACE('',(#3821),#4117,.T.);
#4225=ADVANCED_FACE('',(#3822),#183,.F.);
#4226=ADVANCED_FACE('',(#3823),#4118,.T.);
#4227=ADVANCED_FACE('',(#3824),#184,.T.);
#4228=ADVANCED_FACE('',(#3825),#185,.F.);
#4229=ADVANCED_FACE('',(#3826),#4119,.T.);
#4230=ADVANCED_FACE('',(#3827),#186,.T.);
#4231=ADVANCED_FACE('',(#3828),#187,.F.);
#4232=ADVANCED_FACE('',(#3829),#4120,.T.);
#4233=ADVANCED_FACE('',(#3830),#188,.T.);
#4234=ADVANCED_FACE('',(#3831),#189,.F.);
#4235=ADVANCED_FACE('',(#3832),#4121,.T.);
#4236=ADVANCED_FACE('',(#3833),#190,.T.);
#4237=ADVANCED_FACE('',(#3834),#4122,.T.);
#4238=ADVANCED_FACE('',(#3835,#3836),#191,.T.);
#4239=ADVANCED_FACE('',(#3837),#26,.T.);
#4240=ADVANCED_FACE('',(#3838),#27,.T.);
#4241=ADVANCED_FACE('',(#3839),#28,.T.);
#4242=ADVANCED_FACE('',(#3840),#29,.T.);
#4243=ADVANCED_FACE('',(#3841),#30,.T.);
#4244=ADVANCED_FACE('',(#3842),#31,.T.);
#4245=ADVANCED_FACE('',(#3843),#73,.F.);
#4246=ADVANCED_FACE('',(#3844),#74,.F.);
#4247=ADVANCED_FACE('',(#3845),#75,.F.);
#4248=ADVANCED_FACE('',(#3846),#76,.F.);
#4249=ADVANCED_FACE('',(#3847),#77,.F.);
#4250=ADVANCED_FACE('',(#3848),#78,.F.);
#4251=ADVANCED_FACE('',(#3849),#192,.T.);
#4252=ADVANCED_FACE('',(#3850),#193,.T.);
#4253=ADVANCED_FACE('',(#3851),#194,.T.);
#4254=ADVANCED_FACE('',(#3852),#195,.T.);
#4255=ADVANCED_FACE('',(#3853),#196,.T.);
#4256=ADVANCED_FACE('',(#3854),#197,.T.);
#4257=ADVANCED_FACE('',(#3855),#79,.F.);
#4258=ADVANCED_FACE('',(#3856),#80,.F.);
#4259=ADVANCED_FACE('',(#3857),#81,.F.);
#4260=ADVANCED_FACE('',(#3858),#82,.F.);
#4261=ADVANCED_FACE('',(#3859),#83,.F.);
#4262=ADVANCED_FACE('',(#3860),#84,.F.);
#4263=ADVANCED_FACE('',(#3861),#85,.T.);
#4264=ADVANCED_FACE('',(#3862),#86,.T.);
#4265=ADVANCED_FACE('',(#3863),#87,.T.);
#4266=ADVANCED_FACE('',(#3864),#88,.T.);
#4267=ADVANCED_FACE('',(#3865),#89,.T.);
#4268=ADVANCED_FACE('',(#3866),#90,.T.);
#4269=ADVANCED_FACE('',(#3867),#4123,.F.);
#4270=ADVANCED_FACE('',(#3868),#4124,.F.);
#4271=ADVANCED_FACE('',(#3869),#4125,.F.);
#4272=ADVANCED_FACE('',(#3870),#4126,.F.);
#4273=ADVANCED_FACE('',(#3871),#4127,.F.);
#4274=ADVANCED_FACE('',(#3872),#4128,.F.);
#4275=ADVANCED_FACE('',(#3873),#4129,.F.);
#4276=ADVANCED_FACE('',(#3874),#4130,.F.);
#4277=ADVANCED_FACE('',(#3875),#4131,.F.);
#4278=ADVANCED_FACE('',(#3876),#4132,.F.);
#4279=ADVANCED_FACE('',(#3877),#4133,.F.);
#4280=ADVANCED_FACE('',(#3878),#4134,.F.);
#4281=ADVANCED_FACE('',(#3879),#32,.T.);
#4282=ADVANCED_FACE('',(#3880),#33,.T.);
#4283=ADVANCED_FACE('',(#3881),#91,.T.);
#4284=ADVANCED_FACE('',(#3882),#92,.T.);
#4285=ADVANCED_FACE('',(#3883),#4135,.T.);
#4286=ADVANCED_FACE('',(#3884),#4136,.T.);
#4287=ADVANCED_FACE('',(#3885),#93,.T.);
#4288=ADVANCED_FACE('',(#3886),#94,.T.);
#4289=ADVANCED_FACE('',(#3887),#34,.T.);
#4290=ADVANCED_FACE('',(#3888),#35,.T.);
#4291=ADVANCED_FACE('',(#3889),#95,.T.);
#4292=ADVANCED_FACE('',(#3890),#4137,.T.);
#4293=ADVANCED_FACE('',(#3891),#36,.T.);
#4294=ADVANCED_FACE('',(#3892),#37,.T.);
#4295=ADVANCED_FACE('',(#3893),#4138,.T.);
#4296=ADVANCED_FACE('',(#3894),#96,.T.);
#4297=ADVANCED_FACE('',(#3895),#97,.T.);
#4298=ADVANCED_FACE('',(#3896),#14,.T.);
#4299=ADVANCED_FACE('',(#3897),#15,.T.);
#4300=ADVANCED_FACE('',(#3898),#98,.T.);
#4301=ADVANCED_FACE('',(#3899),#4139,.F.);
#4302=ADVANCED_FACE('',(#3900),#4140,.T.);
#4303=ADVANCED_FACE('',(#3901),#4141,.T.);
#4304=ADVANCED_FACE('',(#3902),#4142,.F.);
#4305=ADVANCED_FACE('',(#3903),#99,.T.);
#4306=ADVANCED_FACE('',(#3904),#100,.T.);
#4307=ADVANCED_FACE('',(#3905),#101,.T.);
#4308=ADVANCED_FACE('',(#3906),#38,.T.);
#4309=ADVANCED_FACE('',(#3907),#102,.T.);
#4310=ADVANCED_FACE('',(#3908),#4143,.T.);
#4311=ADVANCED_FACE('',(#3909),#39,.T.);
#4312=ADVANCED_FACE('',(#3910),#103,.T.);
#4313=ADVANCED_FACE('',(#3911),#40,.T.);
#4314=ADVANCED_FACE('',(#3912),#4144,.T.);
#4315=ADVANCED_FACE('',(#3913),#104,.T.);
#4316=ADVANCED_FACE('',(#3914),#16,.T.);
#4317=ADVANCED_FACE('',(#3915),#105,.T.);
#4318=ADVANCED_FACE('',(#3916),#106,.T.);
#4319=ADVANCED_FACE('',(#3917),#4145,.T.);
#4320=ADVANCED_FACE('',(#3918),#4146,.F.);
#4321=ADVANCED_FACE('',(#3919),#107,.T.);
#4322=ADVANCED_FACE('',(#3920),#4147,.T.);
#4323=ADVANCED_FACE('',(#3921),#108,.T.);
#4324=ADVANCED_FACE('',(#3922),#109,.T.);
#4325=ADVANCED_FACE('',(#3923),#110,.T.);
#4326=ADVANCED_FACE('',(#3924),#4148,.F.);
#4327=ADVANCED_FACE('',(#3925),#111,.T.);
#4328=ADVANCED_FACE('',(#3926),#4149,.T.);
#4329=ADVANCED_FACE('',(#3927),#17,.T.);
#4330=ADVANCED_FACE('',(#3928),#41,.T.);
#4331=ADVANCED_FACE('',(#3929),#42,.T.);
#4332=ADVANCED_FACE('',(#3930),#4150,.T.);
#4333=ADVANCED_FACE('',(#3931),#112,.T.);
#4334=ADVANCED_FACE('',(#3932),#43,.T.);
#4335=ADVANCED_FACE('',(#3933),#44,.T.);
#4336=ADVANCED_FACE('',(#3934),#113,.T.);
#4337=ADVANCED_FACE('',(#3935),#4151,.T.);
#4338=ADVANCED_FACE('',(#3936),#45,.T.);
#4339=ADVANCED_FACE('',(#3937),#114,.T.);
#4340=ADVANCED_FACE('',(#3938),#46,.T.);
#4341=ADVANCED_FACE('',(#3939),#4152,.T.);
#4342=ADVANCED_FACE('',(#3940),#115,.T.);
#4343=ADVANCED_FACE('',(#3941),#18,.T.);
#4344=ADVANCED_FACE('',(#3942),#116,.T.);
#4345=ADVANCED_FACE('',(#3943),#117,.T.);
#4346=ADVANCED_FACE('',(#3944),#4153,.T.);
#4347=ADVANCED_FACE('',(#3945),#4154,.F.);
#4348=ADVANCED_FACE('',(#3946),#118,.T.);
#4349=ADVANCED_FACE('',(#3947),#4155,.T.);
#4350=ADVANCED_FACE('',(#3948),#119,.T.);
#4351=ADVANCED_FACE('',(#3949),#120,.T.);
#4352=ADVANCED_FACE('',(#3950),#121,.T.);
#4353=ADVANCED_FACE('',(#3951),#4156,.F.);
#4354=ADVANCED_FACE('',(#3952),#122,.T.);
#4355=ADVANCED_FACE('',(#3953),#4157,.T.);
#4356=ADVANCED_FACE('',(#3954),#19,.T.);
#4357=ADVANCED_FACE('',(#3955),#47,.T.);
#4358=ADVANCED_FACE('',(#3956),#48,.T.);
#4359=ADVANCED_FACE('',(#3957),#4158,.T.);
#4360=ADVANCED_FACE('',(#3958),#123,.T.);
#4361=ADVANCED_FACE('',(#3959),#49,.T.);
#4362=ADVANCED_FACE('',(#3960),#50,.T.);
#4363=ADVANCED_FACE('',(#3961),#124,.T.);
#4364=ADVANCED_FACE('',(#3962),#4159,.T.);
#4365=ADVANCED_FACE('',(#3963),#51,.T.);
#4366=ADVANCED_FACE('',(#3964),#125,.T.);
#4367=ADVANCED_FACE('',(#3965),#52,.T.);
#4368=ADVANCED_FACE('',(#3966),#4160,.T.);
#4369=ADVANCED_FACE('',(#3967),#126,.T.);
#4370=ADVANCED_FACE('',(#3968),#20,.T.);
#4371=ADVANCED_FACE('',(#3969),#127,.T.);
#4372=ADVANCED_FACE('',(#3970),#128,.T.);
#4373=ADVANCED_FACE('',(#3971),#4161,.T.);
#4374=ADVANCED_FACE('',(#3972),#4162,.F.);
#4375=ADVANCED_FACE('',(#3973),#129,.T.);
#4376=ADVANCED_FACE('',(#3974),#4163,.T.);
#4377=ADVANCED_FACE('',(#3975),#130,.T.);
#4378=ADVANCED_FACE('',(#3976),#131,.T.);
#4379=ADVANCED_FACE('',(#3977),#132,.T.);
#4380=ADVANCED_FACE('',(#3978),#4164,.F.);
#4381=ADVANCED_FACE('',(#3979),#133,.T.);
#4382=ADVANCED_FACE('',(#3980),#4165,.T.);
#4383=ADVANCED_FACE('',(#3981),#21,.T.);
#4384=ADVANCED_FACE('',(#3982),#53,.T.);
#4385=ADVANCED_FACE('',(#3983),#54,.T.);
#4386=ADVANCED_FACE('',(#3984),#4166,.T.);
#4387=ADVANCED_FACE('',(#3985),#134,.T.);
#4388=ADVANCED_FACE('',(#3986),#55,.T.);
#4389=ADVANCED_FACE('',(#3987),#56,.T.);
#4390=ADVANCED_FACE('',(#3988),#135,.T.);
#4391=ADVANCED_FACE('',(#3989),#4167,.T.);
#4392=ADVANCED_FACE('',(#3990),#57,.T.);
#4393=ADVANCED_FACE('',(#3991),#136,.T.);
#4394=ADVANCED_FACE('',(#3992),#58,.T.);
#4395=ADVANCED_FACE('',(#3993),#4168,.T.);
#4396=ADVANCED_FACE('',(#3994),#137,.T.);
#4397=ADVANCED_FACE('',(#3995),#22,.T.);
#4398=ADVANCED_FACE('',(#3996),#138,.T.);
#4399=ADVANCED_FACE('',(#3997),#139,.T.);
#4400=ADVANCED_FACE('',(#3998),#4169,.T.);
#4401=ADVANCED_FACE('',(#3999),#4170,.F.);
#4402=ADVANCED_FACE('',(#4000),#140,.T.);
#4403=ADVANCED_FACE('',(#4001),#4171,.T.);
#4404=ADVANCED_FACE('',(#4002),#141,.T.);
#4405=ADVANCED_FACE('',(#4003),#142,.T.);
#4406=ADVANCED_FACE('',(#4004),#143,.T.);
#4407=ADVANCED_FACE('',(#4005),#4172,.F.);
#4408=ADVANCED_FACE('',(#4006),#144,.T.);
#4409=ADVANCED_FACE('',(#4007),#4173,.T.);
#4410=ADVANCED_FACE('',(#4008),#23,.T.);
#4411=ADVANCED_FACE('',(#4009),#59,.T.);
#4412=ADVANCED_FACE('',(#4010),#60,.T.);
#4413=ADVANCED_FACE('',(#4011),#4174,.T.);
#4414=ADVANCED_FACE('',(#4012),#145,.T.);
#4415=ADVANCED_FACE('',(#4013),#61,.T.);
#4416=ADVANCED_FACE('',(#4014),#62,.T.);
#4417=ADVANCED_FACE('',(#4015),#63,.T.);
#4418=ADVANCED_FACE('',(#4016),#146,.T.);
#4419=ADVANCED_FACE('',(#4017),#147,.T.);
#4420=ADVANCED_FACE('',(#4018),#4175,.T.);
#4421=ADVANCED_FACE('',(#4019),#4176,.T.);
#4422=ADVANCED_FACE('',(#4020),#148,.T.);
#4423=ADVANCED_FACE('',(#4021),#149,.T.);
#4424=ADVANCED_FACE('',(#4022),#64,.T.);
#4425=ADVANCED_FACE('',(#4023),#65,.T.);
#4426=ADVANCED_FACE('',(#4024),#150,.T.);
#4427=ADVANCED_FACE('',(#4025),#4177,.T.);
#4428=ADVANCED_FACE('',(#4026),#66,.T.);
#4429=ADVANCED_FACE('',(#4027),#67,.T.);
#4430=ADVANCED_FACE('',(#4028),#4178,.T.);
#4431=ADVANCED_FACE('',(#4029),#151,.T.);
#4432=ADVANCED_FACE('',(#4030),#152,.T.);
#4433=ADVANCED_FACE('',(#4031),#24,.T.);
#4434=ADVANCED_FACE('',(#4032),#25,.T.);
#4435=ADVANCED_FACE('',(#4033),#153,.T.);
#4436=ADVANCED_FACE('',(#4034),#4179,.F.);
#4437=ADVANCED_FACE('',(#4035),#4180,.T.);
#4438=ADVANCED_FACE('',(#4036),#4181,.T.);
#4439=ADVANCED_FACE('',(#4037),#4182,.F.);
#4440=ADVANCED_FACE('',(#4038),#154,.T.);
#4441=ADVANCED_FACE('',(#4039),#155,.T.);
#4442=ADVANCED_FACE('',(#4040),#156,.T.);
#4443=ADVANCED_FACE('',(#4041),#157,.T.);
#4444=ADVANCED_FACE('',(#4042),#4183,.T.);
#4445=ADVANCED_FACE('',(#4043),#4184,.T.);
#4446=ADVANCED_FACE('',(#4044),#158,.T.);
#4447=ADVANCED_FACE('',(#4045),#159,.T.);
#4448=ADVANCED_FACE('',(#4046),#4185,.T.);
#4449=ADVANCED_FACE('',(#4047),#4186,.T.);
#4450=ADVANCED_FACE('',(#4048),#160,.T.);
#4451=ADVANCED_FACE('',(#4049),#161,.T.);
#4452=ADVANCED_FACE('',(#4050),#4187,.T.);
#4453=ADVANCED_FACE('',(#4051),#4188,.T.);
#4454=ADVANCED_FACE('',(#4052),#162,.T.);
#4455=ADVANCED_FACE('',(#4053),#163,.T.);
#4456=ADVANCED_FACE('',(#4054),#4189,.T.);
#4457=ADVANCED_FACE('',(#4055),#4190,.T.);
#4458=ADVANCED_FACE('',(#4056),#164,.T.);
#4459=ADVANCED_FACE('',(#4057,#4058),#4191,.F.);
#4460=ADVANCED_FACE('',(#4059),#165,.F.);
#4461=ADVANCED_FACE('',(#4060),#68,.F.);
#4462=ADVANCED_FACE('',(#4061),#198,.T.);
#4463=ADVANCED_FACE('',(#4062),#166,.F.);
#4464=ADVANCED_FACE('',(#4063),#69,.F.);
#4465=ADVANCED_FACE('',(#4064),#199,.T.);
#4466=ADVANCED_FACE('',(#4065,#4066),#4192,.F.);
#4467=ADVANCED_FACE('',(#4067),#167,.F.);
#4468=ADVANCED_FACE('',(#4068),#70,.F.);
#4469=ADVANCED_FACE('',(#4069),#200,.T.);
#4470=ADVANCED_FACE('',(#4070),#168,.F.);
#4471=ADVANCED_FACE('',(#4071),#71,.F.);
#4472=ADVANCED_FACE('',(#4072),#201,.T.);
#4473=ADVANCED_FACE('',(#4073),#202,.T.);
#4474=ADVANCED_FACE('',(#4074),#203,.F.);
#4475=ADVANCED_FACE('',(#4075),#204,.T.);
#4476=ADVANCED_FACE('',(#4076),#205,.T.);
#4477=ADVANCED_FACE('',(#4077),#206,.T.);
#4478=ADVANCED_FACE('',(#4078),#207,.F.);
#4479=ADVANCED_FACE('',(#4079),#208,.T.);
#4480=ADVANCED_FACE('',(#4080),#209,.T.);
#4481=ADVANCED_FACE('',(#4081),#210,.F.);
#4482=ADVANCED_FACE('',(#4082),#211,.T.);
#4483=ADVANCED_FACE('',(#4083),#212,.T.);
#4484=ADVANCED_FACE('',(#4084),#213,.F.);
#4485=ADVANCED_FACE('',(#4085,#4086),#214,.T.);
#4486=ADVANCED_FACE('',(#4087,#4088),#4193,.F.);
#4487=ADVANCED_FACE('',(#4089),#215,.T.);
#4488=ADVANCED_FACE('',(#4090,#4091),#12,.T.);
#4489=ADVANCED_FACE('',(#4092,#4093),#13,.F.);
#4490=ADVANCED_FACE('',(#4094,#4095),#4194,.F.);
#4491=ADVANCED_FACE('',(#4096),#216,.T.);
#4492=ADVANCED_FACE('',(#4097,#4098),#4195,.F.);
#4493=ADVANCED_FACE('',(#4099),#217,.T.);
#4494=ADVANCED_FACE('',(#4100,#4101),#4196,.F.);
#4495=ADVANCED_FACE('',(#4102),#218,.T.);
#4496=ADVANCED_FACE('',(#4103,#4104),#4197,.F.);
#4497=ADVANCED_FACE('',(#4105),#219,.T.);
#4498=CLOSED_SHELL('',(#4198,#4199,#4200,#4201,#4202,#4203,#4204,#4205,
#4206,#4207,#4208,#4209,#4210,#4211,#4212,#4213,#4214,#4215,#4216,#4217,
#4218,#4219,#4220,#4221,#4222,#4223,#4224,#4225,#4226,#4227,#4228,#4229,
#4230,#4231,#4232,#4233,#4234,#4235,#4236,#4237,#4238,#4239,#4240,#4241,
#4242,#4243,#4244,#4245,#4246,#4247,#4248,#4249,#4250,#4251,#4252,#4253,
#4254,#4255,#4256,#4257,#4258,#4259,#4260,#4261,#4262,#4263,#4264,#4265,
#4266,#4267,#4268,#4269,#4270,#4271,#4272,#4273,#4274,#4275,#4276,#4277,
#4278,#4279,#4280,#4281,#4282,#4283,#4284,#4285,#4286,#4287,#4288,#4289,
#4290,#4291,#4292,#4293,#4294,#4295,#4296,#4297,#4298,#4299,#4300,#4301,
#4302,#4303,#4304,#4305,#4306,#4307,#4308,#4309,#4310,#4311,#4312,#4313,
#4314,#4315,#4316,#4317,#4318,#4319,#4320,#4321,#4322,#4323,#4324,#4325,
#4326,#4327,#4328,#4329,#4330,#4331,#4332,#4333,#4334,#4335,#4336,#4337,
#4338,#4339,#4340,#4341,#4342,#4343,#4344,#4345,#4346,#4347,#4348,#4349,
#4350,#4351,#4352,#4353,#4354,#4355,#4356,#4357,#4358,#4359,#4360,#4361,
#4362,#4363,#4364,#4365,#4366,#4367,#4368,#4369,#4370,#4371,#4372,#4373,
#4374,#4375,#4376,#4377,#4378,#4379,#4380,#4381,#4382,#4383,#4384,#4385,
#4386,#4387,#4388,#4389,#4390,#4391,#4392,#4393,#4394,#4395,#4396,#4397,
#4398,#4399,#4400,#4401,#4402,#4403,#4404,#4405,#4406,#4407,#4408,#4409,
#4410,#4411,#4412,#4413,#4414,#4415,#4416,#4417,#4418,#4419,#4420,#4421,
#4422,#4423,#4424,#4425,#4426,#4427,#4428,#4429,#4430,#4431,#4432,#4433,
#4434,#4435,#4436,#4437,#4438,#4439,#4440,#4441,#4442,#4443,#4444,#4445,
#4446,#4447,#4448,#4449,#4450,#4451,#4452,#4453,#4454,#4455,#4456,#4457,
#4458,#4459,#4460,#4461,#4462,#4463,#4464,#4465,#4466,#4467,#4468,#4469,
#4470,#4471,#4472,#4473,#4474,#4475,#4476,#4477,#4478,#4479,#4480,#4481,
#4482,#4483,#4484,#4485,#4486,#4487,#4488,#4489,#4490,#4491,#4492,#4493,
#4494,#4495,#4496,#4497));
#4499=STYLED_ITEM('',(#4500),#4507);
#4500=PRESENTATION_STYLE_ASSIGNMENT((#4501));
#4501=SURFACE_STYLE_USAGE(.BOTH.,#4502);
#4502=SURFACE_SIDE_STYLE('',(#4503));
#4503=SURFACE_STYLE_FILL_AREA(#4504);
#4504=FILL_AREA_STYLE('',(#4505));
#4505=FILL_AREA_STYLE_COLOUR('',#4506);
#4506=COLOUR_RGB('',0.6,0.6,0.6);
#4507=MANIFOLD_SOLID_BREP('Motor Support',#4498);
#4508=SHAPE_DEFINITION_REPRESENTATION(#11654,#4509);
#4509=SHAPE_REPRESENTATION('Motor Support',(#4510),#11649);
#4510=AXIS2_PLACEMENT_3D('',#6537,#5127,#5128);
#4511=AXIS2_PLACEMENT_3D('',#6538,#5129,#5130);
#4512=AXIS2_PLACEMENT_3D('',#6539,#5131,#5132);
#4513=AXIS2_PLACEMENT_3D('',#6556,#5134,#5135);
#4514=AXIS2_PLACEMENT_3D('',#6560,#5137,#5138);
#4515=AXIS2_PLACEMENT_3D('',#6561,#5139,#5140);
#4516=AXIS2_PLACEMENT_3D('',#6562,#5141,#5142);
#4517=AXIS2_PLACEMENT_3D('',#6567,#5145,#5146);
#4518=AXIS2_PLACEMENT_3D('',#6568,#5147,#5148);
#4519=AXIS2_PLACEMENT_3D('',#6585,#5150,#5151);
#4520=AXIS2_PLACEMENT_3D('',#6589,#5153,#5154);
#4521=AXIS2_PLACEMENT_3D('',#6590,#5155,#5156);
#4522=AXIS2_PLACEMENT_3D('',#6591,#5157,#5158);
#4523=AXIS2_PLACEMENT_3D('',#6593,#5159,#5160);
#4524=AXIS2_PLACEMENT_3D('',#6598,#5162,#5163);
#4525=AXIS2_PLACEMENT_3D('',#6601,#5165,#5166);
#4526=AXIS2_PLACEMENT_3D('',#6604,#5169,#5170);
#4527=AXIS2_PLACEMENT_3D('',#6605,#5171,#5172);
#4528=AXIS2_PLACEMENT_3D('',#6622,#5174,#5175);
#4529=AXIS2_PLACEMENT_3D('',#6626,#5177,#5178);
#4530=AXIS2_PLACEMENT_3D('',#6627,#5179,#5180);
#4531=AXIS2_PLACEMENT_3D('',#6630,#5182,#5183);
#4532=AXIS2_PLACEMENT_3D('',#6633,#5185,#5186);
#4533=AXIS2_PLACEMENT_3D('',#6634,#5187,#5188);
#4534=AXIS2_PLACEMENT_3D('',#6651,#5190,#5191);
#4535=AXIS2_PLACEMENT_3D('',#6655,#5193,#5194);
#4536=AXIS2_PLACEMENT_3D('',#6656,#5195,#5196);
#4537=AXIS2_PLACEMENT_3D('',#6657,#5197,#5198);
#4538=AXIS2_PLACEMENT_3D('',#6659,#5199,#5200);
#4539=AXIS2_PLACEMENT_3D('',#6664,#5202,#5203);
#4540=AXIS2_PLACEMENT_3D('',#6667,#5205,#5206);
#4541=AXIS2_PLACEMENT_3D('',#6670,#5209,#5210);
#4542=AXIS2_PLACEMENT_3D('',#6671,#5211,#5212);
#4543=AXIS2_PLACEMENT_3D('',#6673,#5213,#5214);
#4544=AXIS2_PLACEMENT_3D('',#6686,#5215,#5216);
#4545=AXIS2_PLACEMENT_3D('',#6698,#5217,#5218);
#4546=AXIS2_PLACEMENT_3D('',#6710,#5219,#5220);
#4547=AXIS2_PLACEMENT_3D('',#6721,#5221,#5222);
#4548=AXIS2_PLACEMENT_3D('',#6722,#5223,#5224);
#4549=AXIS2_PLACEMENT_3D('',#6724,#5225,#5226);
#4550=AXIS2_PLACEMENT_3D('',#6726,#5227,#5228);
#4551=AXIS2_PLACEMENT_3D('',#6728,#5229,#5230);
#4552=AXIS2_PLACEMENT_3D('',#6733,#5232,#5233);
#4553=AXIS2_PLACEMENT_3D('',#6737,#5235,#5236);
#4554=AXIS2_PLACEMENT_3D('',#6741,#5238,#5239);
#4555=AXIS2_PLACEMENT_3D('',#6745,#5241,#5242);
#4556=AXIS2_PLACEMENT_3D('',#6746,#5243,#5244);
#4557=AXIS2_PLACEMENT_3D('',#6749,#5245,#5246);
#4558=AXIS2_PLACEMENT_3D('',#6751,#5247,#5248);
#4559=AXIS2_PLACEMENT_3D('',#6755,#5250,#5251);
#4560=AXIS2_PLACEMENT_3D('',#6757,#5252,#5253);
#4561=AXIS2_PLACEMENT_3D('',#6759,#5254,#5255);
#4562=AXIS2_PLACEMENT_3D('',#6762,#5257,#5258);
#4563=AXIS2_PLACEMENT_3D('',#6765,#5259,#5260);
#4564=AXIS2_PLACEMENT_3D('',#6767,#5261,#5262);
#4565=AXIS2_PLACEMENT_3D('',#6771,#5264,#5265);
#4566=AXIS2_PLACEMENT_3D('',#6773,#5266,#5267);
#4567=AXIS2_PLACEMENT_3D('',#6775,#5268,#5269);
#4568=AXIS2_PLACEMENT_3D('',#6778,#5271,#5272);
#4569=AXIS2_PLACEMENT_3D('',#6781,#5273,#5274);
#4570=AXIS2_PLACEMENT_3D('',#6783,#5275,#5276);
#4571=AXIS2_PLACEMENT_3D('',#6787,#5278,#5279);
#4572=AXIS2_PLACEMENT_3D('',#6789,#5280,#5281);
#4573=AXIS2_PLACEMENT_3D('',#6791,#5282,#5283);
#4574=AXIS2_PLACEMENT_3D('',#6794,#5285,#5286);
#4575=AXIS2_PLACEMENT_3D('',#6797,#5287,#5288);
#4576=AXIS2_PLACEMENT_3D('',#6799,#5289,#5290);
#4577=AXIS2_PLACEMENT_3D('',#6803,#5292,#5293);
#4578=AXIS2_PLACEMENT_3D('',#6805,#5294,#5295);
#4579=AXIS2_PLACEMENT_3D('',#6807,#5296,#5297);
#4580=AXIS2_PLACEMENT_3D('',#6810,#5299,#5300);
#4581=AXIS2_PLACEMENT_3D('',#6813,#5301,#5302);
#4582=AXIS2_PLACEMENT_3D('',#6815,#5303,#5304);
#4583=AXIS2_PLACEMENT_3D('',#6819,#5306,#5307);
#4584=AXIS2_PLACEMENT_3D('',#6821,#5308,#5309);
#4585=AXIS2_PLACEMENT_3D('',#6823,#5310,#5311);
#4586=AXIS2_PLACEMENT_3D('',#6826,#5313,#5314);
#4587=AXIS2_PLACEMENT_3D('',#6829,#5315,#5316);
#4588=AXIS2_PLACEMENT_3D('',#6831,#5317,#5318);
#4589=AXIS2_PLACEMENT_3D('',#6835,#5320,#5321);
#4590=AXIS2_PLACEMENT_3D('',#6837,#5322,#5323);
#4591=AXIS2_PLACEMENT_3D('',#6839,#5324,#5325);
#4592=AXIS2_PLACEMENT_3D('',#6842,#5327,#5328);
#4593=AXIS2_PLACEMENT_3D('',#6846,#5330,#5331);
#4594=AXIS2_PLACEMENT_3D('',#6850,#5333,#5334);
#4595=AXIS2_PLACEMENT_3D('',#6854,#5336,#5337);
#4596=AXIS2_PLACEMENT_3D('',#6858,#5339,#5340);
#4597=AXIS2_PLACEMENT_3D('',#6862,#5342,#5343);
#4598=AXIS2_PLACEMENT_3D('',#6866,#5345,#5346);
#4599=AXIS2_PLACEMENT_3D('',#6870,#5348,#5349);
#4600=AXIS2_PLACEMENT_3D('',#6874,#5351,#5352);
#4601=AXIS2_PLACEMENT_3D('',#6878,#5354,#5355);
#4602=AXIS2_PLACEMENT_3D('',#6882,#5357,#5358);
#4603=AXIS2_PLACEMENT_3D('',#6886,#5360,#5361);
#4604=AXIS2_PLACEMENT_3D('',#6890,#5363,#5364);
#4605=AXIS2_PLACEMENT_3D('',#6891,#5365,#5366);
#4606=AXIS2_PLACEMENT_3D('',#6912,#5372,#5373);
#4607=AXIS2_PLACEMENT_3D('',#6913,#5374,#5375);
#4608=AXIS2_PLACEMENT_3D('',#6915,#5376,#5377);
#4609=AXIS2_PLACEMENT_3D('',#6920,#5379,#5380);
#4610=AXIS2_PLACEMENT_3D('',#6924,#5382,#5383);
#4611=AXIS2_PLACEMENT_3D('',#6926,#5384,#5385);
#4612=AXIS2_PLACEMENT_3D('',#6928,#5386,#5387);
#4613=AXIS2_PLACEMENT_3D('',#6932,#5389,#5390);
#4614=AXIS2_PLACEMENT_3D('',#6936,#5392,#5393);
#4615=AXIS2_PLACEMENT_3D('',#6938,#5394,#5395);
#4616=AXIS2_PLACEMENT_3D('',#6940,#5396,#5397);
#4617=AXIS2_PLACEMENT_3D('',#6944,#5399,#5400);
#4618=AXIS2_PLACEMENT_3D('',#6948,#5402,#5403);
#4619=AXIS2_PLACEMENT_3D('',#6950,#5404,#5405);
#4620=AXIS2_PLACEMENT_3D('',#6952,#5406,#5407);
#4621=AXIS2_PLACEMENT_3D('',#6956,#5409,#5410);
#4622=AXIS2_PLACEMENT_3D('',#6960,#5412,#5413);
#4623=AXIS2_PLACEMENT_3D('',#6962,#5414,#5415);
#4624=AXIS2_PLACEMENT_3D('',#6964,#5416,#5417);
#4625=AXIS2_PLACEMENT_3D('',#6968,#5419,#5420);
#4626=AXIS2_PLACEMENT_3D('',#6972,#5422,#5423);
#4627=AXIS2_PLACEMENT_3D('',#6974,#5424,#5425);
#4628=AXIS2_PLACEMENT_3D('',#6976,#5426,#5427);
#4629=AXIS2_PLACEMENT_3D('',#6980,#5429,#5430);
#4630=AXIS2_PLACEMENT_3D('',#6984,#5432,#5433);
#4631=AXIS2_PLACEMENT_3D('',#6986,#5434,#5435);
#4632=AXIS2_PLACEMENT_3D('',#6987,#5436,#5437);
#4633=AXIS2_PLACEMENT_3D('',#6996,#5442,#5443);
#4634=AXIS2_PLACEMENT_3D('',#6997,#5444,#5445);
#4635=AXIS2_PLACEMENT_3D('',#7001,#5447,#5448);
#4636=AXIS2_PLACEMENT_3D('',#7002,#5449,#5450);
#4637=AXIS2_PLACEMENT_3D('',#7008,#5454,#5455);
#4638=AXIS2_PLACEMENT_3D('',#7009,#5456,#5457);
#4639=AXIS2_PLACEMENT_3D('',#7013,#5459,#5460);
#4640=AXIS2_PLACEMENT_3D('',#7014,#5461,#5462);
#4641=AXIS2_PLACEMENT_3D('',#7020,#5466,#5467);
#4642=AXIS2_PLACEMENT_3D('',#7021,#5468,#5469);
#4643=AXIS2_PLACEMENT_3D('',#7025,#5471,#5472);
#4644=AXIS2_PLACEMENT_3D('',#7026,#5473,#5474);
#4645=AXIS2_PLACEMENT_3D('',#7032,#5478,#5479);
#4646=AXIS2_PLACEMENT_3D('',#7053,#5485,#5486);
#4647=AXIS2_PLACEMENT_3D('',#7054,#5487,#5488);
#4648=AXIS2_PLACEMENT_3D('',#7059,#5490,#5491);
#4649=AXIS2_PLACEMENT_3D('',#7062,#5493,#5494);
#4650=AXIS2_PLACEMENT_3D('',#7083,#5500,#5501);
#4651=AXIS2_PLACEMENT_3D('',#7104,#5507,#5508);
#4652=AXIS2_PLACEMENT_3D('',#7105,#5509,#5510);
#4653=AXIS2_PLACEMENT_3D('',#7110,#5512,#5513);
#4654=AXIS2_PLACEMENT_3D('',#7113,#5515,#5516);
#4655=AXIS2_PLACEMENT_3D('',#7134,#5522,#5523);
#4656=AXIS2_PLACEMENT_3D('',#7135,#5524,#5525);
#4657=AXIS2_PLACEMENT_3D('',#7140,#5527,#5528);
#4658=AXIS2_PLACEMENT_3D('',#7143,#5530,#5531);
#4659=AXIS2_PLACEMENT_3D('',#7164,#5537,#5538);
#4660=AXIS2_PLACEMENT_3D('',#7185,#5544,#5545);
#4661=AXIS2_PLACEMENT_3D('',#7186,#5546,#5547);
#4662=AXIS2_PLACEMENT_3D('',#7191,#5549,#5550);
#4663=AXIS2_PLACEMENT_3D('',#7194,#5552,#5553);
#4664=AXIS2_PLACEMENT_3D('',#7215,#5559,#5560);
#4665=AXIS2_PLACEMENT_3D('',#7236,#5566,#5567);
#4666=AXIS2_PLACEMENT_3D('',#7237,#5568,#5569);
#4667=AXIS2_PLACEMENT_3D('',#7242,#5571,#5572);
#4668=AXIS2_PLACEMENT_3D('',#7245,#5574,#5575);
#4669=AXIS2_PLACEMENT_3D('',#7266,#5581,#5582);
#4670=AXIS2_PLACEMENT_3D('',#7287,#5588,#5589);
#4671=AXIS2_PLACEMENT_3D('',#7288,#5590,#5591);
#4672=AXIS2_PLACEMENT_3D('',#7293,#5593,#5594);
#4673=AXIS2_PLACEMENT_3D('',#7296,#5596,#5597);
#4674=AXIS2_PLACEMENT_3D('',#7317,#5603,#5604);
#4675=AXIS2_PLACEMENT_3D('',#7318,#5605,#5606);
#4676=AXIS2_PLACEMENT_3D('',#7319,#5607,#5608);
#4677=AXIS2_PLACEMENT_3D('',#7320,#5609,#5610);
#4678=AXIS2_PLACEMENT_3D('',#7324,#5612,#5613);
#4679=AXIS2_PLACEMENT_3D('',#7328,#5615,#5616);
#4680=AXIS2_PLACEMENT_3D('',#7332,#5618,#5619);
#4681=AXIS2_PLACEMENT_3D('',#7336,#5621,#5622);
#4682=AXIS2_PLACEMENT_3D('',#7337,#5623,#5624);
#4683=AXIS2_PLACEMENT_3D('',#7338,#5625,#5626);
#4684=AXIS2_PLACEMENT_3D('',#7339,#5627,#5628);
#4685=AXIS2_PLACEMENT_3D('',#7340,#5629,#5630);
#4686=AXIS2_PLACEMENT_3D('',#7349,#5631,#5632);
#4687=AXIS2_PLACEMENT_3D('',#7357,#5633,#5634);
#4688=AXIS2_PLACEMENT_3D('',#7371,#5635,#5636);
#4689=AXIS2_PLACEMENT_3D('',#7379,#5637,#5638);
#4690=AXIS2_PLACEMENT_3D('',#7393,#5639,#5640);
#4691=AXIS2_PLACEMENT_3D('',#7401,#5641,#5642);
#4692=AXIS2_PLACEMENT_3D('',#7415,#5643,#5644);
#4693=AXIS2_PLACEMENT_3D('',#7423,#5645,#5646);
#4694=AXIS2_PLACEMENT_3D('',#7437,#5647,#5648);
#4695=AXIS2_PLACEMENT_3D('',#7445,#5649,#5650);
#4696=AXIS2_PLACEMENT_3D('',#7459,#5651,#5652);
#4697=AXIS2_PLACEMENT_3D('',#7467,#5653,#5654);
#4698=AXIS2_PLACEMENT_3D('',#7473,#5655,#5656);
#4699=AXIS2_PLACEMENT_3D('',#7474,#5657,#5658);
#4700=AXIS2_PLACEMENT_3D('',#7485,#5659,#5660);
#4701=AXIS2_PLACEMENT_3D('',#7486,#5661,#5662);
#4702=AXIS2_PLACEMENT_3D('',#7497,#5663,#5664);
#4703=AXIS2_PLACEMENT_3D('',#7503,#5665,#5666);
#4704=AXIS2_PLACEMENT_3D('',#7509,#5667,#5668);
#4705=AXIS2_PLACEMENT_3D('',#7510,#5669,#5670);
#4706=AXIS2_PLACEMENT_3D('',#7521,#5671,#5672);
#4707=AXIS2_PLACEMENT_3D('',#7527,#5673,#5674);
#4708=AXIS2_PLACEMENT_3D('',#7533,#5675,#5676);
#4709=AXIS2_PLACEMENT_3D('',#7539,#5677,#5678);
#4710=AXIS2_PLACEMENT_3D('',#7545,#5679,#5680);
#4711=AXIS2_PLACEMENT_3D('',#7546,#5681,#5682);
#4712=AXIS2_PLACEMENT_3D('',#7549,#5683,#5684);
#4713=AXIS2_PLACEMENT_3D('',#7554,#5687,#5688);
#4714=AXIS2_PLACEMENT_3D('',#7555,#5689,#5690);
#4715=AXIS2_PLACEMENT_3D('',#7556,#5691,#5692);
#4716=AXIS2_PLACEMENT_3D('',#7559,#5693,#5694);
#4717=AXIS2_PLACEMENT_3D('',#7564,#5697,#5698);
#4718=AXIS2_PLACEMENT_3D('',#7565,#5699,#5700);
#4719=AXIS2_PLACEMENT_3D('',#7568,#5702,#5703);
#4720=AXIS2_PLACEMENT_3D('',#7570,#5704,#5705);
#4721=AXIS2_PLACEMENT_3D('',#7572,#5706,#5707);
#4722=AXIS2_PLACEMENT_3D('',#7575,#5709,#5710);
#4723=AXIS2_PLACEMENT_3D('',#7576,#5711,#5712);
#4724=AXIS2_PLACEMENT_3D('',#7579,#5713,#5714);
#4725=AXIS2_PLACEMENT_3D('',#7584,#5717,#5718);
#4726=AXIS2_PLACEMENT_3D('',#7585,#5719,#5720);
#4727=AXIS2_PLACEMENT_3D('',#7588,#5722,#5723);
#4728=AXIS2_PLACEMENT_3D('',#7590,#5724,#5725);
#4729=AXIS2_PLACEMENT_3D('',#7592,#5726,#5727);
#4730=AXIS2_PLACEMENT_3D('',#7595,#5729,#5730);
#4731=AXIS2_PLACEMENT_3D('',#7598,#5732,#5733);
#4732=AXIS2_PLACEMENT_3D('',#7600,#5734,#5735);
#4733=AXIS2_PLACEMENT_3D('',#7602,#5736,#5737);
#4734=AXIS2_PLACEMENT_3D('',#7605,#5739,#5740);
#4735=AXIS2_PLACEMENT_3D('',#7618,#5741,#5742);
#4736=AXIS2_PLACEMENT_3D('',#7631,#5743,#5744);
#4737=AXIS2_PLACEMENT_3D('',#7644,#5745,#5746);
#4738=AXIS2_PLACEMENT_3D('',#7657,#5747,#5748);
#4739=AXIS2_PLACEMENT_3D('',#7670,#5749,#5750);
#4740=AXIS2_PLACEMENT_3D('',#7683,#5751,#5752);
#4741=AXIS2_PLACEMENT_3D('',#7692,#5753,#5754);
#4742=AXIS2_PLACEMENT_3D('',#7701,#5755,#5756);
#4743=AXIS2_PLACEMENT_3D('',#7710,#5757,#5758);
#4744=AXIS2_PLACEMENT_3D('',#7719,#5759,#5760);
#4745=AXIS2_PLACEMENT_3D('',#7728,#5761,#5762);
#4746=AXIS2_PLACEMENT_3D('',#7737,#5763,#5764);
#4747=AXIS2_PLACEMENT_3D('',#7745,#5765,#5766);
#4748=AXIS2_PLACEMENT_3D('',#7746,#5767,#5768);
#4749=AXIS2_PLACEMENT_3D('',#7747,#5769,#5770);
#4750=AXIS2_PLACEMENT_3D('',#7748,#5771,#5772);
#4751=AXIS2_PLACEMENT_3D('',#7756,#5773,#5774);
#4752=AXIS2_PLACEMENT_3D('',#7757,#5775,#5776);
#4753=AXIS2_PLACEMENT_3D('',#7765,#5777,#5778);
#4754=AXIS2_PLACEMENT_3D('',#7766,#5779,#5780);
#4755=AXIS2_PLACEMENT_3D('',#7767,#5781,#5782);
#4756=AXIS2_PLACEMENT_3D('',#7768,#5783,#5784);
#4757=AXIS2_PLACEMENT_3D('',#7776,#5785,#5786);
#4758=AXIS2_PLACEMENT_3D('',#7777,#5787,#5788);
#4759=AXIS2_PLACEMENT_3D('',#7785,#5789,#5790);
#4760=AXIS2_PLACEMENT_3D('',#7786,#5791,#5792);
#4761=AXIS2_PLACEMENT_3D('',#7787,#5793,#5794);
#4762=AXIS2_PLACEMENT_3D('',#7795,#5795,#5796);
#4763=AXIS2_PLACEMENT_3D('',#7796,#5797,#5798);
#4764=AXIS2_PLACEMENT_3D('',#7797,#5799,#5800);
#4765=AXIS2_PLACEMENT_3D('',#7798,#5801,#5802);
#4766=AXIS2_PLACEMENT_3D('',#7806,#5803,#5804);
#4767=AXIS2_PLACEMENT_3D('',#7807,#5805,#5806);
#4768=AXIS2_PLACEMENT_3D('',#7808,#5807,#5808);
#4769=AXIS2_PLACEMENT_3D('',#7816,#5809,#5810);
#4770=AXIS2_PLACEMENT_3D('',#7817,#5811,#5812);
#4771=AXIS2_PLACEMENT_3D('',#7825,#5813,#5814);
#4772=AXIS2_PLACEMENT_3D('',#7826,#5815,#5816);
#4773=AXIS2_PLACEMENT_3D('',#7827,#5817,#5818);
#4774=AXIS2_PLACEMENT_3D('',#7835,#5819,#5820);
#4775=AXIS2_PLACEMENT_3D('',#7836,#5821,#5822);
#4776=AXIS2_PLACEMENT_3D('',#7837,#5823,#5824);
#4777=AXIS2_PLACEMENT_3D('',#7838,#5825,#5826);
#4778=AXIS2_PLACEMENT_3D('',#7839,#5827,#5828);
#4779=AXIS2_PLACEMENT_3D('',#7847,#5829,#5830);
#4780=AXIS2_PLACEMENT_3D('',#7848,#5831,#5832);
#4781=AXIS2_PLACEMENT_3D('',#7856,#5833,#5834);
#4782=AXIS2_PLACEMENT_3D('',#7878,#5835,#5836);
#4783=AXIS2_PLACEMENT_3D('',#7900,#5837,#5838);
#4784=AXIS2_PLACEMENT_3D('',#7901,#5839,#5840);
#4785=AXIS2_PLACEMENT_3D('',#7902,#5841,#5842);
#4786=AXIS2_PLACEMENT_3D('',#7903,#5843,#5844);
#4787=AXIS2_PLACEMENT_3D('',#7904,#5845,#5846);
#4788=AXIS2_PLACEMENT_3D('',#7905,#5847,#5848);
#4789=AXIS2_PLACEMENT_3D('',#7906,#5849,#5850);
#4790=AXIS2_PLACEMENT_3D('',#7907,#5851,#5852);
#4791=AXIS2_PLACEMENT_3D('',#7908,#5853,#5854);
#4792=AXIS2_PLACEMENT_3D('',#7909,#5855,#5856);
#4793=AXIS2_PLACEMENT_3D('',#7910,#5857,#5858);
#4794=AXIS2_PLACEMENT_3D('',#7911,#5859,#5860);
#4795=AXIS2_PLACEMENT_3D('',#7912,#5861,#5862);
#4796=AXIS2_PLACEMENT_3D('',#7913,#5863,#5864);
#4797=AXIS2_PLACEMENT_3D('',#7926,#5865,#5866);
#4798=AXIS2_PLACEMENT_3D('',#7939,#5867,#5868);
#4799=AXIS2_PLACEMENT_3D('',#7940,#5869,#5870);
#4800=AXIS2_PLACEMENT_3D('',#7941,#5871,#5872);
#4801=AXIS2_PLACEMENT_3D('',#7942,#5873,#5874);
#4802=AXIS2_PLACEMENT_3D('',#7943,#5875,#5876);
#4803=AXIS2_PLACEMENT_3D('',#7976,#5877,#5878);
#4804=AXIS2_PLACEMENT_3D('',#7977,#5879,#5880);
#4805=AXIS2_PLACEMENT_3D('',#7978,#5881,#5882);
#4806=AXIS2_PLACEMENT_3D('',#7979,#5883,#5884);
#4807=AXIS2_PLACEMENT_3D('',#7980,#5885,#5886);
#4808=AXIS2_PLACEMENT_3D('',#7981,#5887,#5888);
#4809=AXIS2_PLACEMENT_3D('',#7982,#5889,#5890);
#4810=AXIS2_PLACEMENT_3D('',#8433,#5891,#5892);
#4811=AXIS2_PLACEMENT_3D('',#8434,#5893,#5894);
#4812=AXIS2_PLACEMENT_3D('',#8435,#5895,#5896);
#4813=AXIS2_PLACEMENT_3D('',#8436,#5897,#5898);
#4814=AXIS2_PLACEMENT_3D('',#8437,#5899,#5900);
#4815=AXIS2_PLACEMENT_3D('',#8438,#5901,#5902);
#4816=AXIS2_PLACEMENT_3D('',#8439,#5903,#5904);
#4817=AXIS2_PLACEMENT_3D('',#8440,#5905,#5906);
#4818=AXIS2_PLACEMENT_3D('',#8441,#5907,#5908);
#4819=AXIS2_PLACEMENT_3D('',#8442,#5909,#5910);
#4820=AXIS2_PLACEMENT_3D('',#8443,#5911,#5912);
#4821=AXIS2_PLACEMENT_3D('',#8444,#5913,#5914);
#4822=AXIS2_PLACEMENT_3D('',#8445,#5915,#5916);
#4823=AXIS2_PLACEMENT_3D('',#8446,#5917,#5918);
#4824=AXIS2_PLACEMENT_3D('',#8447,#5919,#5920);
#4825=AXIS2_PLACEMENT_3D('',#8469,#5921,#5922);
#4826=AXIS2_PLACEMENT_3D('',#8470,#5923,#5924);
#4827=AXIS2_PLACEMENT_3D('',#8471,#5925,#5926);
#4828=AXIS2_PLACEMENT_3D('',#8472,#5927,#5928);
#4829=AXIS2_PLACEMENT_3D('',#8473,#5929,#5930);
#4830=AXIS2_PLACEMENT_3D('',#8486,#5931,#5932);
#4831=AXIS2_PLACEMENT_3D('',#8487,#5933,#5934);
#4832=AXIS2_PLACEMENT_3D('',#8488,#5935,#5936);
#4833=AXIS2_PLACEMENT_3D('',#8489,#5937,#5938);
#4834=AXIS2_PLACEMENT_3D('',#8506,#5939,#5940);
#4835=AXIS2_PLACEMENT_3D('',#8507,#5941,#5942);
#4836=AXIS2_PLACEMENT_3D('',#8508,#5943,#5944);
#4837=AXIS2_PLACEMENT_3D('',#8509,#5945,#5946);
#4838=AXIS2_PLACEMENT_3D('',#8735,#5947,#5948);
#4839=AXIS2_PLACEMENT_3D('',#8736,#5949,#5950);
#4840=AXIS2_PLACEMENT_3D('',#8737,#5951,#5952);
#4841=AXIS2_PLACEMENT_3D('',#8738,#5953,#5954);
#4842=AXIS2_PLACEMENT_3D('',#8739,#5955,#5956);
#4843=AXIS2_PLACEMENT_3D('',#8740,#5957,#5958);
#4844=AXIS2_PLACEMENT_3D('',#8741,#5959,#5960);
#4845=AXIS2_PLACEMENT_3D('',#8742,#5961,#5962);
#4846=AXIS2_PLACEMENT_3D('',#8743,#5963,#5964);
#4847=AXIS2_PLACEMENT_3D('',#8744,#5965,#5966);
#4848=AXIS2_PLACEMENT_3D('',#8745,#5967,#5968);
#4849=AXIS2_PLACEMENT_3D('',#8746,#5969,#5970);
#4850=AXIS2_PLACEMENT_3D('',#8747,#5971,#5972);
#4851=AXIS2_PLACEMENT_3D('',#8748,#5973,#5974);
#4852=AXIS2_PLACEMENT_3D('',#8749,#5975,#5976);
#4853=AXIS2_PLACEMENT_3D('',#8750,#5977,#5978);
#4854=AXIS2_PLACEMENT_3D('',#8751,#5979,#5980);
#4855=AXIS2_PLACEMENT_3D('',#8752,#5981,#5982);
#4856=AXIS2_PLACEMENT_3D('',#8753,#5983,#5984);
#4857=AXIS2_PLACEMENT_3D('',#8754,#5985,#5986);
#4858=AXIS2_PLACEMENT_3D('',#8755,#5987,#5988);
#4859=AXIS2_PLACEMENT_3D('',#8756,#5989,#5990);
#4860=AXIS2_PLACEMENT_3D('',#8757,#5991,#5992);
#4861=AXIS2_PLACEMENT_3D('',#8758,#5993,#5994);
#4862=AXIS2_PLACEMENT_3D('',#9000,#5995,#5996);
#4863=AXIS2_PLACEMENT_3D('',#9013,#5997,#5998);
#4864=AXIS2_PLACEMENT_3D('',#9014,#5999,#6000);
#4865=AXIS2_PLACEMENT_3D('',#9015,#6001,#6002);
#4866=AXIS2_PLACEMENT_3D('',#9016,#6003,#6004);
#4867=AXIS2_PLACEMENT_3D('',#9017,#6005,#6006);
#4868=AXIS2_PLACEMENT_3D('',#9060,#6007,#6008);
#4869=AXIS2_PLACEMENT_3D('',#9061,#6009,#6010);
#4870=AXIS2_PLACEMENT_3D('',#9062,#6011,#6012);
#4871=AXIS2_PLACEMENT_3D('',#9063,#6013,#6014);
#4872=AXIS2_PLACEMENT_3D('',#9064,#6015,#6016);
#4873=AXIS2_PLACEMENT_3D('',#9077,#6017,#6018);
#4874=AXIS2_PLACEMENT_3D('',#9078,#6019,#6020);
#4875=AXIS2_PLACEMENT_3D('',#9079,#6021,#6022);
#4876=AXIS2_PLACEMENT_3D('',#9080,#6023,#6024);
#4877=AXIS2_PLACEMENT_3D('',#9097,#6025,#6026);
#4878=AXIS2_PLACEMENT_3D('',#9098,#6027,#6028);
#4879=AXIS2_PLACEMENT_3D('',#9099,#6029,#6030);
#4880=AXIS2_PLACEMENT_3D('',#9100,#6031,#6032);
#4881=AXIS2_PLACEMENT_3D('',#9326,#6033,#6034);
#4882=AXIS2_PLACEMENT_3D('',#9327,#6035,#6036);
#4883=AXIS2_PLACEMENT_3D('',#9328,#6037,#6038);
#4884=AXIS2_PLACEMENT_3D('',#9329,#6039,#6040);
#4885=AXIS2_PLACEMENT_3D('',#9330,#6041,#6042);
#4886=AXIS2_PLACEMENT_3D('',#9331,#6043,#6044);
#4887=AXIS2_PLACEMENT_3D('',#9332,#6045,#6046);
#4888=AXIS2_PLACEMENT_3D('',#9333,#6047,#6048);
#4889=AXIS2_PLACEMENT_3D('',#9334,#6049,#6050);
#4890=AXIS2_PLACEMENT_3D('',#9335,#6051,#6052);
#4891=AXIS2_PLACEMENT_3D('',#9336,#6053,#6054);
#4892=AXIS2_PLACEMENT_3D('',#9337,#6055,#6056);
#4893=AXIS2_PLACEMENT_3D('',#9338,#6057,#6058);
#4894=AXIS2_PLACEMENT_3D('',#9339,#6059,#6060);
#4895=AXIS2_PLACEMENT_3D('',#9340,#6061,#6062);
#4896=AXIS2_PLACEMENT_3D('',#9341,#6063,#6064);
#4897=AXIS2_PLACEMENT_3D('',#9342,#6065,#6066);
#4898=AXIS2_PLACEMENT_3D('',#9343,#6067,#6068);
#4899=AXIS2_PLACEMENT_3D('',#9344,#6069,#6070);
#4900=AXIS2_PLACEMENT_3D('',#9345,#6071,#6072);
#4901=AXIS2_PLACEMENT_3D('',#9346,#6073,#6074);
#4902=AXIS2_PLACEMENT_3D('',#9347,#6075,#6076);
#4903=AXIS2_PLACEMENT_3D('',#9348,#6077,#6078);
#4904=AXIS2_PLACEMENT_3D('',#9349,#6079,#6080);
#4905=AXIS2_PLACEMENT_3D('',#9591,#6081,#6082);
#4906=AXIS2_PLACEMENT_3D('',#9604,#6083,#6084);
#4907=AXIS2_PLACEMENT_3D('',#9605,#6085,#6086);
#4908=AXIS2_PLACEMENT_3D('',#9606,#6087,#6088);
#4909=AXIS2_PLACEMENT_3D('',#9607,#6089,#6090);
#4910=AXIS2_PLACEMENT_3D('',#9608,#6091,#6092);
#4911=AXIS2_PLACEMENT_3D('',#9651,#6093,#6094);
#4912=AXIS2_PLACEMENT_3D('',#9652,#6095,#6096);
#4913=AXIS2_PLACEMENT_3D('',#9653,#6097,#6098);
#4914=AXIS2_PLACEMENT_3D('',#9654,#6099,#6100);
#4915=AXIS2_PLACEMENT_3D('',#9655,#6101,#6102);
#4916=AXIS2_PLACEMENT_3D('',#9668,#6103,#6104);
#4917=AXIS2_PLACEMENT_3D('',#9669,#6105,#6106);
#4918=AXIS2_PLACEMENT_3D('',#9670,#6107,#6108);
#4919=AXIS2_PLACEMENT_3D('',#9671,#6109,#6110);
#4920=AXIS2_PLACEMENT_3D('',#9688,#6111,#6112);
#4921=AXIS2_PLACEMENT_3D('',#9689,#6113,#6114);
#4922=AXIS2_PLACEMENT_3D('',#9690,#6115,#6116);
#4923=AXIS2_PLACEMENT_3D('',#9691,#6117,#6118);
#4924=AXIS2_PLACEMENT_3D('',#9917,#6119,#6120);
#4925=AXIS2_PLACEMENT_3D('',#9918,#6121,#6122);
#4926=AXIS2_PLACEMENT_3D('',#9919,#6123,#6124);
#4927=AXIS2_PLACEMENT_3D('',#9920,#6125,#6126);
#4928=AXIS2_PLACEMENT_3D('',#9921,#6127,#6128);
#4929=AXIS2_PLACEMENT_3D('',#9922,#6129,#6130);
#4930=AXIS2_PLACEMENT_3D('',#9923,#6131,#6132);
#4931=AXIS2_PLACEMENT_3D('',#9924,#6133,#6134);
#4932=AXIS2_PLACEMENT_3D('',#9925,#6135,#6136);
#4933=AXIS2_PLACEMENT_3D('',#9926,#6137,#6138);
#4934=AXIS2_PLACEMENT_3D('',#9927,#6139,#6140);
#4935=AXIS2_PLACEMENT_3D('',#9928,#6141,#6142);
#4936=AXIS2_PLACEMENT_3D('',#9929,#6143,#6144);
#4937=AXIS2_PLACEMENT_3D('',#9930,#6145,#6146);
#4938=AXIS2_PLACEMENT_3D('',#9931,#6147,#6148);
#4939=AXIS2_PLACEMENT_3D('',#9932,#6149,#6150);
#4940=AXIS2_PLACEMENT_3D('',#9933,#6151,#6152);
#4941=AXIS2_PLACEMENT_3D('',#9934,#6153,#6154);
#4942=AXIS2_PLACEMENT_3D('',#9935,#6155,#6156);
#4943=AXIS2_PLACEMENT_3D('',#9936,#6157,#6158);
#4944=AXIS2_PLACEMENT_3D('',#9937,#6159,#6160);
#4945=AXIS2_PLACEMENT_3D('',#9938,#6161,#6162);
#4946=AXIS2_PLACEMENT_3D('',#9939,#6163,#6164);
#4947=AXIS2_PLACEMENT_3D('',#9940,#6165,#6166);
#4948=AXIS2_PLACEMENT_3D('',#10182,#6167,#6168);
#4949=AXIS2_PLACEMENT_3D('',#10195,#6169,#6170);
#4950=AXIS2_PLACEMENT_3D('',#10196,#6171,#6172);
#4951=AXIS2_PLACEMENT_3D('',#10197,#6173,#6174);
#4952=AXIS2_PLACEMENT_3D('',#10198,#6175,#6176);
#4953=AXIS2_PLACEMENT_3D('',#10199,#6177,#6178);
#4954=AXIS2_PLACEMENT_3D('',#10242,#6179,#6180);
#4955=AXIS2_PLACEMENT_3D('',#10243,#6181,#6182);
#4956=AXIS2_PLACEMENT_3D('',#10244,#6183,#6184);
#4957=AXIS2_PLACEMENT_3D('',#10245,#6185,#6186);
#4958=AXIS2_PLACEMENT_3D('',#10246,#6187,#6188);
#4959=AXIS2_PLACEMENT_3D('',#10259,#6189,#6190);
#4960=AXIS2_PLACEMENT_3D('',#10260,#6191,#6192);
#4961=AXIS2_PLACEMENT_3D('',#10261,#6193,#6194);
#4962=AXIS2_PLACEMENT_3D('',#10262,#6195,#6196);
#4963=AXIS2_PLACEMENT_3D('',#10279,#6197,#6198);
#4964=AXIS2_PLACEMENT_3D('',#10280,#6199,#6200);
#4965=AXIS2_PLACEMENT_3D('',#10281,#6201,#6202);
#4966=AXIS2_PLACEMENT_3D('',#10282,#6203,#6204);
#4967=AXIS2_PLACEMENT_3D('',#10508,#6205,#6206);
#4968=AXIS2_PLACEMENT_3D('',#10509,#6207,#6208);
#4969=AXIS2_PLACEMENT_3D('',#10510,#6209,#6210);
#4970=AXIS2_PLACEMENT_3D('',#10511,#6211,#6212);
#4971=AXIS2_PLACEMENT_3D('',#10512,#6213,#6214);
#4972=AXIS2_PLACEMENT_3D('',#10513,#6215,#6216);
#4973=AXIS2_PLACEMENT_3D('',#10514,#6217,#6218);
#4974=AXIS2_PLACEMENT_3D('',#10515,#6219,#6220);
#4975=AXIS2_PLACEMENT_3D('',#10516,#6221,#6222);
#4976=AXIS2_PLACEMENT_3D('',#10517,#6223,#6224);
#4977=AXIS2_PLACEMENT_3D('',#10518,#6225,#6226);
#4978=AXIS2_PLACEMENT_3D('',#10519,#6227,#6228);
#4979=AXIS2_PLACEMENT_3D('',#10520,#6229,#6230);
#4980=AXIS2_PLACEMENT_3D('',#10521,#6231,#6232);
#4981=AXIS2_PLACEMENT_3D('',#10522,#6233,#6234);
#4982=AXIS2_PLACEMENT_3D('',#10523,#6235,#6236);
#4983=AXIS2_PLACEMENT_3D('',#10524,#6237,#6238);
#4984=AXIS2_PLACEMENT_3D('',#10525,#6239,#6240);
#4985=AXIS2_PLACEMENT_3D('',#10526,#6241,#6242);
#4986=AXIS2_PLACEMENT_3D('',#10527,#6243,#6244);
#4987=AXIS2_PLACEMENT_3D('',#10528,#6245,#6246);
#4988=AXIS2_PLACEMENT_3D('',#10529,#6247,#6248);
#4989=AXIS2_PLACEMENT_3D('',#10530,#6249,#6250);
#4990=AXIS2_PLACEMENT_3D('',#10531,#6251,#6252);
#4991=AXIS2_PLACEMENT_3D('',#10773,#6253,#6254);
#4992=AXIS2_PLACEMENT_3D('',#10786,#6255,#6256);
#4993=AXIS2_PLACEMENT_3D('',#10787,#6257,#6258);
#4994=AXIS2_PLACEMENT_3D('',#10788,#6259,#6260);
#4995=AXIS2_PLACEMENT_3D('',#10789,#6261,#6262);
#4996=AXIS2_PLACEMENT_3D('',#10790,#6263,#6264);
#4997=AXIS2_PLACEMENT_3D('',#10833,#6265,#6266);
#4998=AXIS2_PLACEMENT_3D('',#10855,#6267,#6268);
#4999=AXIS2_PLACEMENT_3D('',#10856,#6269,#6270);
#5000=AXIS2_PLACEMENT_3D('',#10857,#6271,#6272);
#5001=AXIS2_PLACEMENT_3D('',#10858,#6273,#6274);
#5002=AXIS2_PLACEMENT_3D('',#10859,#6275,#6276);
#5003=AXIS2_PLACEMENT_3D('',#10860,#6277,#6278);
#5004=AXIS2_PLACEMENT_3D('',#10861,#6279,#6280);
#5005=AXIS2_PLACEMENT_3D('',#10862,#6281,#6282);
#5006=AXIS2_PLACEMENT_3D('',#10863,#6283,#6284);
#5007=AXIS2_PLACEMENT_3D('',#10864,#6285,#6286);
#5008=AXIS2_PLACEMENT_3D('',#10865,#6287,#6288);
#5009=AXIS2_PLACEMENT_3D('',#10866,#6289,#6290);
#5010=AXIS2_PLACEMENT_3D('',#10867,#6291,#6292);
#5011=AXIS2_PLACEMENT_3D('',#10868,#6293,#6294);
#5012=AXIS2_PLACEMENT_3D('',#10881,#6295,#6296);
#5013=AXIS2_PLACEMENT_3D('',#10894,#6297,#6298);
#5014=AXIS2_PLACEMENT_3D('',#10895,#6299,#6300);
#5015=AXIS2_PLACEMENT_3D('',#10896,#6301,#6302);
#5016=AXIS2_PLACEMENT_3D('',#10897,#6303,#6304);
#5017=AXIS2_PLACEMENT_3D('',#10898,#6305,#6306);
#5018=AXIS2_PLACEMENT_3D('',#10931,#6307,#6308);
#5019=AXIS2_PLACEMENT_3D('',#10932,#6309,#6310);
#5020=AXIS2_PLACEMENT_3D('',#10933,#6311,#6312);
#5021=AXIS2_PLACEMENT_3D('',#10934,#6313,#6314);
#5022=AXIS2_PLACEMENT_3D('',#10935,#6315,#6316);
#5023=AXIS2_PLACEMENT_3D('',#10936,#6317,#6318);
#5024=AXIS2_PLACEMENT_3D('',#10937,#6319,#6320);
#5025=AXIS2_PLACEMENT_3D('',#11388,#6321,#6322);
#5026=AXIS2_PLACEMENT_3D('',#11389,#6323,#6324);
#5027=AXIS2_PLACEMENT_3D('',#11390,#6325,#6326);
#5028=AXIS2_PLACEMENT_3D('',#11391,#6327,#6328);
#5029=AXIS2_PLACEMENT_3D('',#11392,#6329,#6330);
#5030=AXIS2_PLACEMENT_3D('',#11393,#6331,#6332);
#5031=AXIS2_PLACEMENT_3D('',#11394,#6333,#6334);
#5032=AXIS2_PLACEMENT_3D('',#11395,#6335,#6336);
#5033=AXIS2_PLACEMENT_3D('',#11396,#6337,#6338);
#5034=AXIS2_PLACEMENT_3D('',#11397,#6339,#6340);
#5035=AXIS2_PLACEMENT_3D('',#11398,#6341,#6342);
#5036=AXIS2_PLACEMENT_3D('',#11399,#6343,#6344);
#5037=AXIS2_PLACEMENT_3D('',#11400,#6345,#6346);
#5038=AXIS2_PLACEMENT_3D('',#11401,#6347,#6348);
#5039=AXIS2_PLACEMENT_3D('',#11402,#6349,#6350);
#5040=AXIS2_PLACEMENT_3D('',#11403,#6351,#6352);
#5041=AXIS2_PLACEMENT_3D('',#11404,#6353,#6354);
#5042=AXIS2_PLACEMENT_3D('',#11405,#6355,#6356);
#5043=AXIS2_PLACEMENT_3D('',#11406,#6357,#6358);
#5044=AXIS2_PLACEMENT_3D('',#11407,#6359,#6360);
#5045=AXIS2_PLACEMENT_3D('',#11408,#6361,#6362);
#5046=AXIS2_PLACEMENT_3D('',#11409,#6363,#6364);
#5047=AXIS2_PLACEMENT_3D('',#11410,#6365,#6366);
#5048=AXIS2_PLACEMENT_3D('',#11411,#6367,#6368);
#5049=AXIS2_PLACEMENT_3D('',#11412,#6369,#6370);
#5050=AXIS2_PLACEMENT_3D('',#11413,#6371,#6372);
#5051=AXIS2_PLACEMENT_3D('',#11414,#6373,#6374);
#5052=AXIS2_PLACEMENT_3D('',#11415,#6375,#6376);
#5053=AXIS2_PLACEMENT_3D('',#11416,#6377,#6378);
#5054=AXIS2_PLACEMENT_3D('',#11417,#6379,#6380);
#5055=AXIS2_PLACEMENT_3D('',#11418,#6381,#6382);
#5056=AXIS2_PLACEMENT_3D('',#11419,#6383,#6384);
#5057=AXIS2_PLACEMENT_3D('',#11420,#6385,#6386);
#5058=AXIS2_PLACEMENT_3D('',#11421,#6387,#6388);
#5059=AXIS2_PLACEMENT_3D('',#11422,#6389,#6390);
#5060=AXIS2_PLACEMENT_3D('',#11423,#6391,#6392);
#5061=AXIS2_PLACEMENT_3D('',#11424,#6393,#6394);
#5062=AXIS2_PLACEMENT_3D('',#11425,#6395,#6396);
#5063=AXIS2_PLACEMENT_3D('',#11426,#6397,#6398);
#5064=AXIS2_PLACEMENT_3D('',#11427,#6399,#6400);
#5065=AXIS2_PLACEMENT_3D('',#11428,#6401,#6402);
#5066=AXIS2_PLACEMENT_3D('',#11429,#6403,#6404);
#5067=AXIS2_PLACEMENT_3D('',#11430,#6405,#6406);
#5068=AXIS2_PLACEMENT_3D('',#11431,#6407,#6408);
#5069=AXIS2_PLACEMENT_3D('',#11432,#6409,#6410);
#5070=AXIS2_PLACEMENT_3D('',#11433,#6411,#6412);
#5071=AXIS2_PLACEMENT_3D('',#11434,#6413,#6414);
#5072=AXIS2_PLACEMENT_3D('',#11435,#6415,#6416);
#5073=AXIS2_PLACEMENT_3D('',#11440,#6419,#6420);
#5074=AXIS2_PLACEMENT_3D('',#11441,#6421,#6422);
#5075=AXIS2_PLACEMENT_3D('',#11443,#6423,#6424);
#5076=AXIS2_PLACEMENT_3D('',#11444,#6425,#6426);
#5077=AXIS2_PLACEMENT_3D('',#11445,#6427,#6428);
#5078=AXIS2_PLACEMENT_3D('',#11479,#6429,#6430);
#5079=AXIS2_PLACEMENT_3D('',#11480,#6431,#6432);
#5080=AXIS2_PLACEMENT_3D('',#11481,#6433,#6434);
#5081=AXIS2_PLACEMENT_3D('',#11482,#6435,#6436);
#5082=AXIS2_PLACEMENT_3D('',#11516,#6437,#6438);
#5083=AXIS2_PLACEMENT_3D('',#11517,#6439,#6440);
#5084=AXIS2_PLACEMENT_3D('',#11522,#6443,#6444);
#5085=AXIS2_PLACEMENT_3D('',#11523,#6445,#6446);
#5086=AXIS2_PLACEMENT_3D('',#11525,#6447,#6448);
#5087=AXIS2_PLACEMENT_3D('',#11526,#6449,#6450);
#5088=AXIS2_PLACEMENT_3D('',#11527,#6451,#6452);
#5089=AXIS2_PLACEMENT_3D('',#11561,#6453,#6454);
#5090=AXIS2_PLACEMENT_3D('',#11562,#6455,#6456);
#5091=AXIS2_PLACEMENT_3D('',#11563,#6457,#6458);
#5092=AXIS2_PLACEMENT_3D('',#11564,#6459,#6460);
#5093=AXIS2_PLACEMENT_3D('',#11598,#6461,#6462);
#5094=AXIS2_PLACEMENT_3D('',#11599,#6463,#6464);
#5095=AXIS2_PLACEMENT_3D('',#11602,#6467,#6468);
#5096=AXIS2_PLACEMENT_3D('',#11603,#6469,#6470);
#5097=AXIS2_PLACEMENT_3D('',#11604,#6471,#6472);
#5098=AXIS2_PLACEMENT_3D('',#11607,#6475,#6476);
#5099=AXIS2_PLACEMENT_3D('',#11608,#6477,#6478);
#5100=AXIS2_PLACEMENT_3D('',#11609,#6479,#6480);
#5101=AXIS2_PLACEMENT_3D('',#11612,#6483,#6484);
#5102=AXIS2_PLACEMENT_3D('',#11613,#6485,#6486);
#5103=AXIS2_PLACEMENT_3D('',#11614,#6487,#6488);
#5104=AXIS2_PLACEMENT_3D('',#11617,#6491,#6492);
#5105=AXIS2_PLACEMENT_3D('',#11618,#6493,#6494);
#5106=AXIS2_PLACEMENT_3D('',#11619,#6495,#6496);
#5107=AXIS2_PLACEMENT_3D('',#11620,#6497,#6498);
#5108=AXIS2_PLACEMENT_3D('',#11622,#6499,#6500);
#5109=AXIS2_PLACEMENT_3D('',#11624,#6501,#6502);
#5110=AXIS2_PLACEMENT_3D('',#11625,#6503,#6504);
#5111=AXIS2_PLACEMENT_3D('',#11627,#6505,#6506);
#5112=AXIS2_PLACEMENT_3D('',#11629,#6507,#6508);
#5113=AXIS2_PLACEMENT_3D('',#11630,#6509,#6510);
#5114=AXIS2_PLACEMENT_3D('',#11631,#6511,#6512);
#5115=AXIS2_PLACEMENT_3D('',#11632,#6513,#6514);
#5116=AXIS2_PLACEMENT_3D('',#11633,#6515,#6516);
#5117=AXIS2_PLACEMENT_3D('',#11635,#6517,#6518);
#5118=AXIS2_PLACEMENT_3D('',#11636,#6519,#6520);
#5119=AXIS2_PLACEMENT_3D('',#11637,#6521,#6522);
#5120=AXIS2_PLACEMENT_3D('',#11639,#6523,#6524);
#5121=AXIS2_PLACEMENT_3D('',#11640,#6525,#6526);
#5122=AXIS2_PLACEMENT_3D('',#11641,#6527,#6528);
#5123=AXIS2_PLACEMENT_3D('',#11643,#6529,#6530);
#5124=AXIS2_PLACEMENT_3D('',#11644,#6531,#6532);
#5125=AXIS2_PLACEMENT_3D('',#11645,#6533,#6534);
#5126=AXIS2_PLACEMENT_3D('',#11647,#6535,#6536);
#5127=DIRECTION('',(0.,0.,1.));
#5128=DIRECTION('',(1.,0.,0.));
#5129=DIRECTION('',(0.,0.,-1.));
#5130=DIRECTION('',(-1.,0.,0.));
#5131=DIRECTION('',(0.,0.,1.));
#5132=DIRECTION('',(1.,0.,0.));
#5133=DIRECTION('',(0.,0.,-1.));
#5134=DIRECTION('',(0.,0.,1.));
#5135=DIRECTION('',(1.,0.,0.));
#5136=DIRECTION('',(0.,0.,-1.));
#5137=DIRECTION('',(0.,0.,1.));
#5138=DIRECTION('',(1.,0.,0.));
#5139=DIRECTION('',(0.,0.,1.));
#5140=DIRECTION('',(1.,0.,0.));
#5141=DIRECTION('',(0.,0.,1.));
#5142=DIRECTION('',(1.,0.,0.));
#5143=DIRECTION('',(-5.54127382082001E-16,-1.,0.));
#5144=DIRECTION('',(-5.54127382082001E-16,-1.,0.));
#5145=DIRECTION('',(0.,0.,-1.));
#5146=DIRECTION('',(-1.,0.,0.));
#5147=DIRECTION('',(0.,0.,1.));
#5148=DIRECTION('',(1.,0.,0.));
#5149=DIRECTION('',(0.,0.,-1.));
#5150=DIRECTION('',(0.,0.,1.));
#5151=DIRECTION('',(1.,0.,0.));
#5152=DIRECTION('',(0.,0.,-1.));
#5153=DIRECTION('',(0.,0.,1.));
#5154=DIRECTION('',(6.12323399573677E-17,1.,0.));
#5155=DIRECTION('',(0.,0.,-1.));
#5156=DIRECTION('',(-1.,0.,0.));
#5157=DIRECTION('',(0.,0.,1.));
#5158=DIRECTION('',(1.,0.,0.));
#5159=DIRECTION('',(0.,0.,1.));
#5160=DIRECTION('',(1.,0.,0.));
#5161=DIRECTION('',(0.,0.,1.));
#5162=DIRECTION('',(0.,0.,1.));
#5163=DIRECTION('',(6.12323399573677E-17,1.,0.));
#5164=DIRECTION('',(0.,0.,1.));
#5165=DIRECTION('',(0.,0.,1.));
#5166=DIRECTION('',(6.12323399573677E-17,1.,0.));
#5167=DIRECTION('',(0.,-1.,0.));
#5168=DIRECTION('',(0.,-1.,0.));
#5169=DIRECTION('',(0.,0.,-1.));
#5170=DIRECTION('',(-1.,0.,0.));
#5171=DIRECTION('',(0.,0.,1.));
#5172=DIRECTION('',(1.,0.,0.));
#5173=DIRECTION('',(0.,0.,-1.));
#5174=DIRECTION('',(0.,0.,1.));
#5175=DIRECTION('',(-1.,1.22464679914735E-16,0.));
#5176=DIRECTION('',(0.,0.,-1.));
#5177=DIRECTION('',(0.,0.,1.));
#5178=DIRECTION('',(1.,0.,0.));
#5179=DIRECTION('',(0.,0.,1.));
#5180=DIRECTION('',(-1.,1.22464679914735E-16,0.));
#5181=DIRECTION('',(0.,-1.,0.));
#5182=DIRECTION('',(0.,0.,1.));
#5183=DIRECTION('',(-1.,1.22464679914735E-16,0.));
#5184=DIRECTION('',(0.,-1.,0.));
#5185=DIRECTION('',(0.,0.,-1.));
#5186=DIRECTION('',(-1.,0.,0.));
#5187=DIRECTION('',(0.,0.,1.));
#5188=DIRECTION('',(1.,0.,0.));
#5189=DIRECTION('',(0.,0.,-1.));
#5190=DIRECTION('',(0.,0.,1.));
#5191=DIRECTION('',(-1.83697019872103E-16,-1.,0.));
#5192=DIRECTION('',(0.,0.,-1.));
#5193=DIRECTION('',(0.,0.,1.));
#5194=DIRECTION('',(1.,0.,0.));
#5195=DIRECTION('',(0.,0.,-1.));
#5196=DIRECTION('',(-1.,0.,0.));
#5197=DIRECTION('',(0.,0.,1.));
#5198=DIRECTION('',(1.,0.,0.));
#5199=DIRECTION('',(0.,0.,1.));
#5200=DIRECTION('',(-1.83697019872103E-16,-1.,0.));
#5201=DIRECTION('',(0.,0.,1.));
#5202=DIRECTION('',(0.,0.,1.));
#5203=DIRECTION('',(1.,0.,0.));
#5204=DIRECTION('',(0.,0.,1.));
#5205=DIRECTION('',(0.,0.,1.));
#5206=DIRECTION('',(-1.83697019872103E-16,-1.,0.));
#5207=DIRECTION('',(-5.54127382082001E-16,-1.,0.));
#5208=DIRECTION('',(-5.54127382082001E-16,-1.,0.));
#5209=DIRECTION('',(0.,0.,1.));
#5210=DIRECTION('',(0.913397433512047,0.407068948034121,0.));
#5211=DIRECTION('',(0.,0.,1.));
#5212=DIRECTION('',(1.,0.,0.));
#5213=DIRECTION('',(0.,0.,1.));
#5214=DIRECTION('',(1.,0.,0.));
#5215=DIRECTION('',(0.,0.,1.));
#5216=DIRECTION('',(1.,0.,0.));
#5217=DIRECTION('',(0.,0.,1.));
#5218=DIRECTION('',(1.,0.,0.));
#5219=DIRECTION('',(0.,0.,1.));
#5220=DIRECTION('',(1.,0.,0.));
#5221=DIRECTION('',(0.,0.,1.));
#5222=DIRECTION('',(1.,0.,0.));
#5223=DIRECTION('',(0.,0.,-1.));
#5224=DIRECTION('',(-1.,0.,0.));
#5225=DIRECTION('',(0.,0.,-1.));
#5226=DIRECTION('',(-1.,0.,0.));
#5227=DIRECTION('',(0.,0.,-1.));
#5228=DIRECTION('',(-1.,0.,0.));
#5229=DIRECTION('',(0.,0.,-1.));
#5230=DIRECTION('',(-1.,0.,0.));
#5231=DIRECTION('',(-1.79726841688438E-16,-1.,0.));
#5232=DIRECTION('',(0.,0.,1.));
#5233=DIRECTION('',(1.,0.,0.));
#5234=DIRECTION('',(1.,0.,0.));
#5235=DIRECTION('',(0.,0.,1.));
#5236=DIRECTION('',(1.,0.,0.));
#5237=DIRECTION('',(-2.87562946701502E-16,-1.,0.));
#5238=DIRECTION('',(0.,0.,1.));
#5239=DIRECTION('',(1.,0.,0.));
#5240=DIRECTION('',(1.,0.,0.));
#5241=DIRECTION('',(0.,0.,1.));
#5242=DIRECTION('',(1.,0.,0.));
#5243=DIRECTION('',(0.,0.,1.));
#5244=DIRECTION('',(1.,0.,0.));
#5245=DIRECTION('',(0.,0.,1.));
#5246=DIRECTION('',(1.,0.,0.));
#5247=DIRECTION('',(0.,0.,1.));
#5248=DIRECTION('',(1.,0.,0.));
#5249=DIRECTION('',(-0.866025403784438,0.5,0.));
#5250=DIRECTION('',(0.,0.,1.));
#5251=DIRECTION('',(1.,0.,0.));
#5252=DIRECTION('',(0.,0.,1.));
#5253=DIRECTION('',(1.,0.,0.));
#5254=DIRECTION('',(0.,0.,1.));
#5255=DIRECTION('',(1.,0.,0.));
#5256=DIRECTION('',(-0.866025403784439,-0.5,0.));
#5257=DIRECTION('',(0.,0.,1.));
#5258=DIRECTION('',(1.,0.,0.));
#5259=DIRECTION('',(0.,0.,1.));
#5260=DIRECTION('',(1.,0.,0.));
#5261=DIRECTION('',(0.,0.,1.));
#5262=DIRECTION('',(1.,0.,0.));
#5263=DIRECTION('',(0.866025403784439,0.5,0.));
#5264=DIRECTION('',(0.,0.,1.));
#5265=DIRECTION('',(1.,0.,0.));
#5266=DIRECTION('',(0.,0.,1.));
#5267=DIRECTION('',(1.,0.,0.));
#5268=DIRECTION('',(0.,0.,1.));
#5269=DIRECTION('',(1.,0.,0.));
#5270=DIRECTION('',(0.,1.,0.));
#5271=DIRECTION('',(0.,0.,1.));
#5272=DIRECTION('',(1.,0.,0.));
#5273=DIRECTION('',(0.,0.,1.));
#5274=DIRECTION('',(1.,0.,0.));
#5275=DIRECTION('',(0.,0.,1.));
#5276=DIRECTION('',(1.,0.,0.));
#5277=DIRECTION('',(0.866025403784439,-0.5,0.));
#5278=DIRECTION('',(0.,0.,1.));
#5279=DIRECTION('',(1.,0.,0.));
#5280=DIRECTION('',(0.,0.,1.));
#5281=DIRECTION('',(1.,0.,0.));
#5282=DIRECTION('',(0.,0.,1.));
#5283=DIRECTION('',(1.,0.,0.));
#5284=DIRECTION('',(0.866025403784439,0.5,0.));
#5285=DIRECTION('',(0.,0.,1.));
#5286=DIRECTION('',(1.,0.,0.));
#5287=DIRECTION('',(0.,0.,1.));
#5288=DIRECTION('',(1.,0.,0.));
#5289=DIRECTION('',(0.,0.,1.));
#5290=DIRECTION('',(1.,0.,0.));
#5291=DIRECTION('',(0.,-1.,0.));
#5292=DIRECTION('',(0.,0.,1.));
#5293=DIRECTION('',(1.,0.,0.));
#5294=DIRECTION('',(0.,0.,1.));
#5295=DIRECTION('',(1.,0.,0.));
#5296=DIRECTION('',(0.,0.,1.));
#5297=DIRECTION('',(1.,0.,0.));
#5298=DIRECTION('',(0.866025403784439,-0.5,0.));
#5299=DIRECTION('',(0.,0.,1.));
#5300=DIRECTION('',(1.,0.,0.));
#5301=DIRECTION('',(0.,0.,1.));
#5302=DIRECTION('',(1.,0.,0.));
#5303=DIRECTION('',(0.,0.,1.));
#5304=DIRECTION('',(1.,0.,0.));
#5305=DIRECTION('',(0.,1.,0.));
#5306=DIRECTION('',(0.,0.,1.));
#5307=DIRECTION('',(1.,0.,0.));
#5308=DIRECTION('',(0.,0.,1.));
#5309=DIRECTION('',(1.,0.,0.));
#5310=DIRECTION('',(0.,0.,1.));
#5311=DIRECTION('',(1.,0.,0.));
#5312=DIRECTION('',(-0.866025403784439,0.5,0.));
#5313=DIRECTION('',(0.,0.,1.));
#5314=DIRECTION('',(1.,0.,0.));
#5315=DIRECTION('',(0.,0.,1.));
#5316=DIRECTION('',(1.,0.,0.));
#5317=DIRECTION('',(0.,0.,1.));
#5318=DIRECTION('',(1.,0.,0.));
#5319=DIRECTION('',(-0.866025403784439,-0.5,0.));
#5320=DIRECTION('',(0.,0.,1.));
#5321=DIRECTION('',(1.,0.,0.));
#5322=DIRECTION('',(0.,0.,1.));
#5323=DIRECTION('',(1.,0.,0.));
#5324=DIRECTION('',(0.,0.,1.));
#5325=DIRECTION('',(1.,0.,0.));
#5326=DIRECTION('',(0.,-1.,0.));
#5327=DIRECTION('',(0.,0.,-1.));
#5328=DIRECTION('',(-1.,0.,0.));
#5329=DIRECTION('',(0.,0.,-1.));
#5330=DIRECTION('',(0.,0.,1.));
#5331=DIRECTION('',(1.,0.,0.));
#5332=DIRECTION('',(0.,0.,-1.));
#5333=DIRECTION('',(0.,0.,1.));
#5334=DIRECTION('',(1.,0.,0.));
#5335=DIRECTION('',(0.,0.,-1.));
#5336=DIRECTION('',(0.,0.,1.));
#5337=DIRECTION('',(1.,0.,0.));
#5338=DIRECTION('',(0.,0.,-1.));
#5339=DIRECTION('',(0.,0.,1.));
#5340=DIRECTION('',(1.,0.,0.));
#5341=DIRECTION('',(0.,0.,-1.));
#5342=DIRECTION('',(0.,0.,1.));
#5343=DIRECTION('',(1.,0.,0.));
#5344=DIRECTION('',(0.,0.,-1.));
#5345=DIRECTION('',(0.,0.,1.));
#5346=DIRECTION('',(1.,0.,0.));
#5347=DIRECTION('',(0.,0.,-1.));
#5348=DIRECTION('',(0.,0.,1.));
#5349=DIRECTION('',(1.,0.,0.));
#5350=DIRECTION('',(0.,0.,-1.));
#5351=DIRECTION('',(0.,0.,1.));
#5352=DIRECTION('',(1.,0.,0.));
#5353=DIRECTION('',(0.,0.,-1.));
#5354=DIRECTION('',(0.,0.,1.));
#5355=DIRECTION('',(1.,0.,0.));
#5356=DIRECTION('',(0.,0.,-1.));
#5357=DIRECTION('',(0.,0.,1.));
#5358=DIRECTION('',(1.,0.,0.));
#5359=DIRECTION('',(0.,0.,-1.));
#5360=DIRECTION('',(0.,0.,1.));
#5361=DIRECTION('',(1.,0.,0.));
#5362=DIRECTION('',(0.,0.,-1.));
#5363=DIRECTION('',(0.,0.,1.));
#5364=DIRECTION('',(1.,0.,0.));
#5365=DIRECTION('',(0.5,-0.866025403784438,0.));
#5366=DIRECTION('',(0.866025403784439,0.5,0.));
#5367=DIRECTION('',(0.,0.,1.));
#5368=DIRECTION('',(-0.866025403784439,-0.5,0.));
#5369=DIRECTION('',(-0.866025403784439,-0.5,0.));
#5370=DIRECTION('',(0.,0.,-1.));
#5371=DIRECTION('',(-0.866025403784439,-0.5,0.));
#5372=DIRECTION('',(0.,0.,1.));
#5373=DIRECTION('',(1.,0.,0.));
#5374=DIRECTION('',(0.,0.,1.));
#5375=DIRECTION('',(1.,0.,0.));
#5376=DIRECTION('',(0.,0.,1.));
#5377=DIRECTION('',(1.,0.,0.));
#5378=DIRECTION('',(0.,1.,0.));
#5379=DIRECTION('',(0.,0.,1.));
#5380=DIRECTION('',(1.,0.,0.));
#5381=DIRECTION('',(0.,1.,0.));
#5382=DIRECTION('',(0.,0.,1.));
#5383=DIRECTION('',(1.,0.,0.));
#5384=DIRECTION('',(0.,0.,1.));
#5385=DIRECTION('',(1.,0.,0.));
#5386=DIRECTION('',(0.,0.,1.));
#5387=DIRECTION('',(1.,0.,0.));
#5388=DIRECTION('',(-0.866025403784439,0.5,0.));
#5389=DIRECTION('',(0.,0.,1.));
#5390=DIRECTION('',(1.,0.,0.));
#5391=DIRECTION('',(-0.866025403784438,0.5,0.));
#5392=DIRECTION('',(0.,0.,1.));
#5393=DIRECTION('',(1.,0.,0.));
#5394=DIRECTION('',(0.,0.,1.));
#5395=DIRECTION('',(1.,0.,0.));
#5396=DIRECTION('',(0.,0.,1.));
#5397=DIRECTION('',(1.,0.,0.));
#5398=DIRECTION('',(-0.866025403784439,-0.5,0.));
#5399=DIRECTION('',(0.,0.,1.));
#5400=DIRECTION('',(1.,0.,0.));
#5401=DIRECTION('',(-0.866025403784439,-0.5,0.));
#5402=DIRECTION('',(0.,0.,1.));
#5403=DIRECTION('',(1.,0.,0.));
#5404=DIRECTION('',(0.,0.,1.));
#5405=DIRECTION('',(1.,0.,0.));
#5406=DIRECTION('',(0.,0.,1.));
#5407=DIRECTION('',(1.,0.,0.));
#5408=DIRECTION('',(0.,-1.,0.));
#5409=DIRECTION('',(0.,0.,1.));
#5410=DIRECTION('',(1.,0.,0.));
#5411=DIRECTION('',(0.,-1.,0.));
#5412=DIRECTION('',(0.,0.,1.));
#5413=DIRECTION('',(1.,0.,0.));
#5414=DIRECTION('',(0.,0.,1.));
#5415=DIRECTION('',(1.,0.,0.));
#5416=DIRECTION('',(0.,0.,1.));
#5417=DIRECTION('',(1.,0.,0.));
#5418=DIRECTION('',(0.866025403784439,-0.5,0.));
#5419=DIRECTION('',(0.,0.,1.));
#5420=DIRECTION('',(1.,0.,0.));
#5421=DIRECTION('',(0.866025403784439,-0.5,0.));
#5422=DIRECTION('',(0.,0.,1.));
#5423=DIRECTION('',(1.,0.,0.));
#5424=DIRECTION('',(0.,0.,1.));
#5425=DIRECTION('',(1.,0.,0.));
#5426=DIRECTION('',(0.,0.,1.));
#5427=DIRECTION('',(1.,0.,0.));
#5428=DIRECTION('',(0.866025403784439,0.5,0.));
#5429=DIRECTION('',(0.,0.,1.));
#5430=DIRECTION('',(1.,0.,0.));
#5431=DIRECTION('',(0.866025403784439,0.5,0.));
#5432=DIRECTION('',(0.,0.,1.));
#5433=DIRECTION('',(1.,0.,0.));
#5434=DIRECTION('',(0.,0.,1.));
#5435=DIRECTION('',(1.,0.,0.));
#5436=DIRECTION('',(1.,-2.87562946701502E-16,0.));
#5437=DIRECTION('',(2.87562946701502E-16,1.,0.));
#5438=DIRECTION('',(0.,0.,-1.));
#5439=DIRECTION('',(-2.87562946701502E-16,-1.,0.));
#5440=DIRECTION('',(0.,0.,-1.));
#5441=DIRECTION('',(-2.87562946701502E-16,-1.,0.));
#5442=DIRECTION('',(0.,0.,-1.));
#5443=DIRECTION('',(-1.,0.,0.));
#5444=DIRECTION('',(0.,0.,1.));
#5445=DIRECTION('',(1.,0.,0.));
#5446=DIRECTION('',(0.,0.,-1.));
#5447=DIRECTION('',(0.,0.,1.));
#5448=DIRECTION('',(1.,0.,0.));
#5449=DIRECTION('',(0.,1.,0.));
#5450=DIRECTION('',(0.,0.,1.));
#5451=DIRECTION('',(1.,0.,0.));
#5452=DIRECTION('',(0.,0.,-1.));
#5453=DIRECTION('',(1.,0.,0.));
#5454=DIRECTION('',(0.,0.,-1.));
#5455=DIRECTION('',(-1.,0.,0.));
#5456=DIRECTION('',(0.,0.,1.));
#5457=DIRECTION('',(1.,0.,0.));
#5458=DIRECTION('',(0.,0.,-1.));
#5459=DIRECTION('',(0.,0.,1.));
#5460=DIRECTION('',(1.,0.,0.));
#5461=DIRECTION('',(1.,-1.79726841688438E-16,0.));
#5462=DIRECTION('',(1.79726841688438E-16,1.,0.));
#5463=DIRECTION('',(-1.79726841688438E-16,-1.,0.));
#5464=DIRECTION('',(0.,0.,-1.));
#5465=DIRECTION('',(-1.79726841688438E-16,-1.,0.));
#5466=DIRECTION('',(0.,0.,-1.));
#5467=DIRECTION('',(-1.,0.,0.));
#5468=DIRECTION('',(0.,0.,1.));
#5469=DIRECTION('',(1.,0.,0.));
#5470=DIRECTION('',(0.,0.,-1.));
#5471=DIRECTION('',(0.,0.,1.));
#5472=DIRECTION('',(1.,0.,0.));
#5473=DIRECTION('',(0.,1.,0.));
#5474=DIRECTION('',(0.,0.,1.));
#5475=DIRECTION('',(1.,0.,0.));
#5476=DIRECTION('',(0.,0.,-1.));
#5477=DIRECTION('',(1.,0.,0.));
#5478=DIRECTION('',(0.5,-0.866025403784439,0.));
#5479=DIRECTION('',(0.866025403784439,0.5,0.));
#5480=DIRECTION('',(-0.866025403784439,-0.5,0.));
#5481=DIRECTION('',(0.,0.,-1.));
#5482=DIRECTION('',(-0.866025403784439,-0.5,0.));
#5483=DIRECTION('',(0.,0.,1.));
#5484=DIRECTION('',(-0.866025403784439,-0.5,0.));
#5485=DIRECTION('',(0.,0.,-1.));
#5486=DIRECTION('',(-1.,0.,0.));
#5487=DIRECTION('',(0.,0.,1.));
#5488=DIRECTION('',(1.,0.,0.));
#5489=DIRECTION('',(0.,0.,-1.));
#5490=DIRECTION('',(0.,0.,1.));
#5491=DIRECTION('',(1.,0.,0.));
#5492=DIRECTION('',(0.,0.,-1.));
#5493=DIRECTION('',(1.,0.,0.));
#5494=DIRECTION('',(0.,0.,-1.));
#5495=DIRECTION('',(0.,0.,1.));
#5496=DIRECTION('',(0.,-1.,0.));
#5497=DIRECTION('',(0.,-1.,0.));
#5498=DIRECTION('',(0.,0.,-1.));
#5499=DIRECTION('',(0.,-1.,0.));
#5500=DIRECTION('',(-0.5,-0.866025403784438,0.));
#5501=DIRECTION('',(0.866025403784438,-0.5,0.));
#5502=DIRECTION('',(-0.866025403784438,0.5,0.));
#5503=DIRECTION('',(0.,0.,-1.));
#5504=DIRECTION('',(-0.866025403784438,0.5,0.));
#5505=DIRECTION('',(0.,0.,1.));
#5506=DIRECTION('',(-0.866025403784438,0.5,0.));
#5507=DIRECTION('',(0.,0.,-1.));
#5508=DIRECTION('',(-1.,0.,0.));
#5509=DIRECTION('',(0.,0.,1.));
#5510=DIRECTION('',(1.,0.,0.));
#5511=DIRECTION('',(0.,0.,-1.));
#5512=DIRECTION('',(0.,0.,1.));
#5513=DIRECTION('',(1.,0.,0.));
#5514=DIRECTION('',(0.,0.,-1.));
#5515=DIRECTION('',(-1.,0.,0.));
#5516=DIRECTION('',(0.,0.,1.));
#5517=DIRECTION('',(0.,1.,0.));
#5518=DIRECTION('',(0.,0.,-1.));
#5519=DIRECTION('',(0.,1.,0.));
#5520=DIRECTION('',(0.,0.,1.));
#5521=DIRECTION('',(0.,1.,0.));
#5522=DIRECTION('',(0.,0.,-1.));
#5523=DIRECTION('',(-1.,0.,0.));
#5524=DIRECTION('',(0.,0.,1.));
#5525=DIRECTION('',(1.,0.,0.));
#5526=DIRECTION('',(0.,0.,-1.));
#5527=DIRECTION('',(0.,0.,1.));
#5528=DIRECTION('',(1.,0.,0.));
#5529=DIRECTION('',(0.,0.,-1.));
#5530=DIRECTION('',(-0.5,-0.866025403784438,0.));
#5531=DIRECTION('',(0.866025403784439,-0.5,0.));
#5532=DIRECTION('',(0.,0.,1.));
#5533=DIRECTION('',(-0.866025403784439,0.5,0.));
#5534=DIRECTION('',(-0.866025403784439,0.5,0.));
#5535=DIRECTION('',(0.,0.,-1.));
#5536=DIRECTION('',(-0.866025403784439,0.5,0.));
#5537=DIRECTION('',(-0.5,0.866025403784439,0.));
#5538=DIRECTION('',(-0.866025403784439,-0.5,0.));
#5539=DIRECTION('',(0.866025403784439,0.5,0.));
#5540=DIRECTION('',(0.,0.,-1.));
#5541=DIRECTION('',(0.866025403784439,0.5,0.));
#5542=DIRECTION('',(0.,0.,1.));
#5543=DIRECTION('',(0.866025403784439,0.5,0.));
#5544=DIRECTION('',(0.,0.,-1.));
#5545=DIRECTION('',(-1.,0.,0.));
#5546=DIRECTION('',(0.,0.,1.));
#5547=DIRECTION('',(1.,0.,0.));
#5548=DIRECTION('',(0.,0.,-1.));
#5549=DIRECTION('',(0.,0.,1.));
#5550=DIRECTION('',(1.,0.,0.));
#5551=DIRECTION('',(0.,0.,-1.));
#5552=DIRECTION('',(-1.,0.,0.));
#5553=DIRECTION('',(0.,0.,1.));
#5554=DIRECTION('',(0.,0.,1.));
#5555=DIRECTION('',(0.,1.,0.));
#5556=DIRECTION('',(0.,1.,0.));
#5557=DIRECTION('',(0.,0.,-1.));
#5558=DIRECTION('',(0.,1.,0.));
#5559=DIRECTION('',(0.5,0.866025403784439,0.));
#5560=DIRECTION('',(-0.866025403784439,0.5,0.));
#5561=DIRECTION('',(0.866025403784439,-0.5,0.));
#5562=DIRECTION('',(0.,0.,-1.));
#5563=DIRECTION('',(0.866025403784439,-0.5,0.));
#5564=DIRECTION('',(0.,0.,1.));
#5565=DIRECTION('',(0.866025403784439,-0.5,0.));
#5566=DIRECTION('',(0.,0.,-1.));
#5567=DIRECTION('',(-1.,0.,0.));
#5568=DIRECTION('',(0.,0.,1.));
#5569=DIRECTION('',(1.,0.,0.));
#5570=DIRECTION('',(0.,0.,-1.));
#5571=DIRECTION('',(0.,0.,1.));
#5572=DIRECTION('',(1.,0.,0.));
#5573=DIRECTION('',(0.,0.,-1.));
#5574=DIRECTION('',(-0.5,0.866025403784439,0.));
#5575=DIRECTION('',(-0.866025403784439,-0.5,0.));
#5576=DIRECTION('',(0.,0.,1.));
#5577=DIRECTION('',(0.866025403784439,0.5,0.));
#5578=DIRECTION('',(0.866025403784439,0.5,0.));
#5579=DIRECTION('',(0.,0.,-1.));
#5580=DIRECTION('',(0.866025403784439,0.5,0.));
#5581=DIRECTION('',(1.,0.,0.));
#5582=DIRECTION('',(0.,0.,-1.));
#5583=DIRECTION('',(0.,-1.,0.));
#5584=DIRECTION('',(0.,0.,-1.));
#5585=DIRECTION('',(0.,-1.,0.));
#5586=DIRECTION('',(0.,0.,1.));
#5587=DIRECTION('',(0.,-1.,0.));
#5588=DIRECTION('',(0.,0.,-1.));
#5589=DIRECTION('',(-1.,0.,0.));
#5590=DIRECTION('',(0.,0.,1.));
#5591=DIRECTION('',(1.,0.,0.));
#5592=DIRECTION('',(0.,0.,-1.));
#5593=DIRECTION('',(0.,0.,1.));
#5594=DIRECTION('',(1.,0.,0.));
#5595=DIRECTION('',(0.,0.,-1.));
#5596=DIRECTION('',(0.5,0.866025403784439,0.));
#5597=DIRECTION('',(-0.866025403784439,0.5,0.));
#5598=DIRECTION('',(0.,0.,1.));
#5599=DIRECTION('',(0.866025403784439,-0.5,0.));
#5600=DIRECTION('',(0.866025403784439,-0.5,0.));
#5601=DIRECTION('',(0.,0.,-1.));
#5602=DIRECTION('',(0.866025403784439,-0.5,0.));
#5603=DIRECTION('',(0.,0.,-1.));
#5604=DIRECTION('',(-1.,0.,0.));
#5605=DIRECTION('',(0.,0.,1.));
#5606=DIRECTION('',(1.,0.,0.));
#5607=DIRECTION('',(0.,0.,1.));
#5608=DIRECTION('',(1.,0.,0.));
#5609=DIRECTION('',(0.,0.,1.));
#5610=DIRECTION('',(1.,0.,0.));
#5611=DIRECTION('',(1.,0.,0.));
#5612=DIRECTION('',(0.,0.,1.));
#5613=DIRECTION('',(1.,0.,0.));
#5614=DIRECTION('',(-1.79726841688438E-16,-1.,0.));
#5615=DIRECTION('',(0.,0.,1.));
#5616=DIRECTION('',(1.,0.,0.));
#5617=DIRECTION('',(1.,0.,0.));
#5618=DIRECTION('',(0.,0.,1.));
#5619=DIRECTION('',(1.,0.,0.));
#5620=DIRECTION('',(-2.87562946701502E-16,-1.,0.));
#5621=DIRECTION('',(0.,0.,1.));
#5622=DIRECTION('',(1.,0.,0.));
#5623=DIRECTION('',(0.,0.,1.));
#5624=DIRECTION('',(1.,0.,0.));
#5625=DIRECTION('',(0.,0.,1.));
#5626=DIRECTION('',(1.,0.,0.));
#5627=DIRECTION('',(0.,0.,1.));
#5628=DIRECTION('',(1.,0.,0.));
#5629=DIRECTION('',(0.,0.,1.));
#5630=DIRECTION('',(1.,0.,0.));
#5631=DIRECTION('',(0.,0.,1.));
#5632=DIRECTION('',(1.,0.,0.));
#5633=DIRECTION('',(0.,0.,1.));
#5634=DIRECTION('',(1.,0.,0.));
#5635=DIRECTION('',(0.,0.,1.));
#5636=DIRECTION('',(1.,0.,0.));
#5637=DIRECTION('',(0.,0.,1.));
#5638=DIRECTION('',(1.,0.,0.));
#5639=DIRECTION('',(0.,0.,1.));
#5640=DIRECTION('',(1.,0.,0.));
#5641=DIRECTION('',(0.,0.,1.));
#5642=DIRECTION('',(1.,0.,0.));
#5643=DIRECTION('',(0.,0.,1.));
#5644=DIRECTION('',(1.,0.,0.));
#5645=DIRECTION('',(0.,0.,1.));
#5646=DIRECTION('',(1.,0.,0.));
#5647=DIRECTION('',(0.,0.,1.));
#5648=DIRECTION('',(1.,0.,0.));
#5649=DIRECTION('',(0.,0.,1.));
#5650=DIRECTION('',(1.,0.,0.));
#5651=DIRECTION('',(0.,0.,1.));
#5652=DIRECTION('',(1.,0.,0.));
#5653=DIRECTION('',(0.,0.,1.));
#5654=DIRECTION('',(1.,0.,0.));
#5655=DIRECTION('',(0.,0.,1.));
#5656=DIRECTION('',(0.931678520677597,0.363283820322355,0.));
#5657=DIRECTION('',(0.,0.,1.));
#5658=DIRECTION('',(1.,0.,0.));
#5659=DIRECTION('',(0.,0.,1.));
#5660=DIRECTION('',(0.931678520677597,0.363283820322355,0.));
#5661=DIRECTION('',(0.,0.,1.));
#5662=DIRECTION('',(1.,0.,0.));
#5663=DIRECTION('',(0.,0.,1.));
#5664=DIRECTION('',(0.931678520677597,0.363283820322355,0.));
#5665=DIRECTION('',(0.,0.,1.));
#5666=DIRECTION('',(1.,0.,0.));
#5667=DIRECTION('',(0.,0.,1.));
#5668=DIRECTION('',(0.931678520677597,0.363283820322355,0.));
#5669=DIRECTION('',(0.,0.,1.));
#5670=DIRECTION('',(1.,0.,0.));
#5671=DIRECTION('',(0.,0.,1.));
#5672=DIRECTION('',(0.931678520677597,0.363283820322355,0.));
#5673=DIRECTION('',(0.,0.,1.));
#5674=DIRECTION('',(1.,0.,0.));
#5675=DIRECTION('',(0.,0.,1.));
#5676=DIRECTION('',(0.931678520677597,0.363283820322355,0.));
#5677=DIRECTION('',(0.,0.,1.));
#5678=DIRECTION('',(1.,0.,0.));
#5679=DIRECTION('',(0.,0.,1.));
#5680=DIRECTION('',(1.,0.,0.));
#5681=DIRECTION('',(0.,0.,1.));
#5682=DIRECTION('',(1.,0.,0.));
#5683=DIRECTION('',(0.,0.,1.));
#5684=DIRECTION('',(1.,0.,0.));
#5685=DIRECTION('',(-0.866025403784439,-0.5,0.));
#5686=DIRECTION('',(-0.866025403784439,-0.5,0.));
#5687=DIRECTION('',(0.,0.,1.));
#5688=DIRECTION('',(1.,0.,0.));
#5689=DIRECTION('',(0.,0.,1.));
#5690=DIRECTION('',(1.,0.,0.));
#5691=DIRECTION('',(0.,0.,1.));
#5692=DIRECTION('',(1.,0.,0.));
#5693=DIRECTION('',(0.,0.,1.));
#5694=DIRECTION('',(1.,0.,0.));
#5695=DIRECTION('',(-0.866025403784438,0.5,0.));
#5696=DIRECTION('',(-0.866025403784439,0.5,0.));
#5697=DIRECTION('',(0.,0.,1.));
#5698=DIRECTION('',(1.,0.,0.));
#5699=DIRECTION('',(0.,0.,1.));
#5700=DIRECTION('',(1.,0.,0.));
#5701=DIRECTION('',(0.,1.,0.));
#5702=DIRECTION('',(0.,0.,1.));
#5703=DIRECTION('',(1.,0.,0.));
#5704=DIRECTION('',(0.,0.,1.));
#5705=DIRECTION('',(1.,0.,0.));
#5706=DIRECTION('',(0.,0.,1.));
#5707=DIRECTION('',(1.,0.,0.));
#5708=DIRECTION('',(0.,1.,0.));
#5709=DIRECTION('',(0.,0.,1.));
#5710=DIRECTION('',(1.,0.,0.));
#5711=DIRECTION('',(0.,0.,1.));
#5712=DIRECTION('',(1.,0.,0.));
#5713=DIRECTION('',(0.,0.,1.));
#5714=DIRECTION('',(1.,0.,0.));
#5715=DIRECTION('',(0.866025403784439,0.5,0.));
#5716=DIRECTION('',(0.866025403784439,0.5,0.));
#5717=DIRECTION('',(0.,0.,1.));
#5718=DIRECTION('',(1.,0.,0.));
#5719=DIRECTION('',(0.,0.,1.));
#5720=DIRECTION('',(1.,0.,0.));
#5721=DIRECTION('',(0.866025403784439,-0.5,0.));
#5722=DIRECTION('',(0.,0.,1.));
#5723=DIRECTION('',(1.,0.,0.));
#5724=DIRECTION('',(0.,0.,1.));
#5725=DIRECTION('',(1.,0.,0.));
#5726=DIRECTION('',(0.,0.,1.));
#5727=DIRECTION('',(1.,0.,0.));
#5728=DIRECTION('',(0.866025403784439,-0.5,0.));
#5729=DIRECTION('',(0.,0.,1.));
#5730=DIRECTION('',(1.,0.,0.));
#5731=DIRECTION('',(0.,-1.,0.));
#5732=DIRECTION('',(0.,0.,1.));
#5733=DIRECTION('',(1.,0.,0.));
#5734=DIRECTION('',(0.,0.,1.));
#5735=DIRECTION('',(1.,0.,0.));
#5736=DIRECTION('',(0.,0.,1.));
#5737=DIRECTION('',(1.,0.,0.));
#5738=DIRECTION('',(0.,-1.,0.));
#5739=DIRECTION('',(0.,0.,1.));
#5740=DIRECTION('',(0.917707306625161,0.397257220660358,0.));
#5741=DIRECTION('',(0.,0.,1.));
#5742=DIRECTION('',(0.917707306625161,0.397257220660358,0.));
#5743=DIRECTION('',(0.,0.,1.));
#5744=DIRECTION('',(0.917707306625161,0.397257220660358,0.));
#5745=DIRECTION('',(0.,0.,1.));
#5746=DIRECTION('',(0.917707306625161,0.397257220660358,0.));
#5747=DIRECTION('',(0.,0.,1.));
#5748=DIRECTION('',(0.917707306625161,0.397257220660358,0.));
#5749=DIRECTION('',(0.,0.,1.));
#5750=DIRECTION('',(0.917707306625161,0.397257220660358,0.));
#5751=DIRECTION('',(0.,0.,1.));
#5752=DIRECTION('',(0.944802940614299,0.327639135950781,0.));
#5753=DIRECTION('',(0.,0.,1.));
#5754=DIRECTION('',(0.944802940614299,0.327639135950781,0.));
#5755=DIRECTION('',(0.,0.,1.));
#5756=DIRECTION('',(0.944802940614299,0.327639135950781,0.));
#5757=DIRECTION('',(0.,0.,1.));
#5758=DIRECTION('',(0.944802940614299,0.327639135950781,0.));
#5759=DIRECTION('',(0.,0.,1.));
#5760=DIRECTION('',(0.944802940614299,0.327639135950781,0.));
#5761=DIRECTION('',(0.,0.,1.));
#5762=DIRECTION('',(0.944802940614299,0.327639135950781,0.));
#5763=DIRECTION('',(0.,0.,-1.));
#5764=DIRECTION('',(-1.,0.,0.));
#5765=DIRECTION('',(0.,0.,1.));
#5766=DIRECTION('',(1.,0.,0.));
#5767=DIRECTION('',(0.,0.,1.));
#5768=DIRECTION('',(1.,0.,0.));
#5769=DIRECTION('',(0.,0.,-1.));
#5770=DIRECTION('',(-1.,0.,0.));
#5771=DIRECTION('',(0.,0.,1.));
#5772=DIRECTION('',(1.,0.,0.));
#5773=DIRECTION('',(0.,0.,1.));
#5774=DIRECTION('',(1.,0.,0.));
#5775=DIRECTION('',(0.,0.,-1.));
#5776=DIRECTION('',(-1.,0.,0.));
#5777=DIRECTION('',(0.,0.,1.));
#5778=DIRECTION('',(1.,0.,0.));
#5779=DIRECTION('',(0.,0.,1.));
#5780=DIRECTION('',(1.,0.,0.));
#5781=DIRECTION('',(0.,0.,-1.));
#5782=DIRECTION('',(-1.,0.,0.));
#5783=DIRECTION('',(0.,0.,1.));
#5784=DIRECTION('',(1.,0.,0.));
#5785=DIRECTION('',(0.,0.,1.));
#5786=DIRECTION('',(1.,0.,0.));
#5787=DIRECTION('',(0.,0.,-1.));
#5788=DIRECTION('',(-1.,0.,0.));
#5789=DIRECTION('',(0.,0.,1.));
#5790=DIRECTION('',(1.,0.,0.));
#5791=DIRECTION('',(0.,0.,1.));
#5792=DIRECTION('',(1.,0.,0.));
#5793=DIRECTION('',(0.,0.,-1.));
#5794=DIRECTION('',(-1.,0.,0.));
#5795=DIRECTION('',(0.,0.,1.));
#5796=DIRECTION('',(1.,0.,0.));
#5797=DIRECTION('',(0.,0.,1.));
#5798=DIRECTION('',(1.,0.,0.));
#5799=DIRECTION('',(0.,0.,-1.));
#5800=DIRECTION('',(-1.,0.,0.));
#5801=DIRECTION('',(0.,0.,1.));
#5802=DIRECTION('',(1.,0.,0.));
#5803=DIRECTION('',(0.,0.,1.));
#5804=DIRECTION('',(1.,0.,0.));
#5805=DIRECTION('',(0.,0.,-1.));
#5806=DIRECTION('',(-1.,0.,0.));
#5807=DIRECTION('',(0.,0.,1.));
#5808=DIRECTION('',(1.,0.,0.));
#5809=DIRECTION('',(0.,0.,1.));
#5810=DIRECTION('',(1.,0.,0.));
#5811=DIRECTION('',(0.,0.,-1.));
#5812=DIRECTION('',(-1.,0.,0.));
#5813=DIRECTION('',(0.,0.,1.));
#5814=DIRECTION('',(1.,0.,0.));
#5815=DIRECTION('',(0.,0.,1.));
#5816=DIRECTION('',(1.,0.,0.));
#5817=DIRECTION('',(0.,0.,-1.));
#5818=DIRECTION('',(-1.,0.,0.));
#5819=DIRECTION('',(0.,0.,1.));
#5820=DIRECTION('',(1.,0.,0.));
#5821=DIRECTION('',(0.,0.,1.));
#5822=DIRECTION('',(1.,0.,0.));
#5823=DIRECTION('',(0.,0.,-1.));
#5824=DIRECTION('',(-1.,0.,0.));
#5825=DIRECTION('',(0.,0.,1.));
#5826=DIRECTION('',(1.,0.,0.));
#5827=DIRECTION('',(0.,0.,1.));
#5828=DIRECTION('',(1.,0.,0.));
#5829=DIRECTION('',(0.,0.,-1.));
#5830=DIRECTION('',(-1.,0.,0.));
#5831=DIRECTION('',(0.,0.,1.));
#5832=DIRECTION('',(1.,0.,0.));
#5833=DIRECTION('',(0.,0.,1.));
#5834=DIRECTION('',(1.,0.,0.));
#5835=DIRECTION('',(0.804258862065222,0.594279128684117,4.58739892890793E-13));
#5836=DIRECTION('',(-0.594279128684117,0.804258862065223,0.));
#5837=DIRECTION('',(0.112531391347177,0.993648170109254,1.32573315822946E-15));
#5838=DIRECTION('',(-0.993648170109254,0.112531391347177,0.));
#5839=DIRECTION('',(0.,0.,1.));
#5840=DIRECTION('',(1.,0.,0.));
#5841=DIRECTION('',(0.866025403784438,0.5,0.));
#5842=DIRECTION('',(-0.5,0.866025403784438,0.));
#5843=DIRECTION('',(0.,0.,1.));
#5844=DIRECTION('',(1.,0.,0.));
#5845=DIRECTION('',(0.,1.,0.));
#5846=DIRECTION('',(0.,0.,1.));
#5847=DIRECTION('',(-0.866025403784439,-0.5,0.));
#5848=DIRECTION('',(0.5,-0.866025403784439,0.));
#5849=DIRECTION('',(0.866025403784438,0.5,0.));
#5850=DIRECTION('',(-0.5,0.866025403784439,0.));
#5851=DIRECTION('',(0.,1.,0.));
#5852=DIRECTION('',(0.,0.,1.));
#5853=DIRECTION('',(0.,1.,0.));
#5854=DIRECTION('',(0.,0.,1.));
#5855=DIRECTION('',(0.,0.,1.));
#5856=DIRECTION('',(1.,0.,0.));
#5857=DIRECTION('',(0.987404400186941,-0.158216783216782,0.));
#5858=DIRECTION('',(0.158216783216782,0.987404400186941,0.));
#5859=DIRECTION('',(-0.630721953664262,0.776008902762035,1.8928021107822E-15));
#5860=DIRECTION('',(-0.776008902762035,-0.630721953664262,0.));
#5861=DIRECTION('',(0.,0.,1.));
#5862=DIRECTION('',(1.,0.,0.));
#5863=DIRECTION('',(0.866025403784438,0.5,3.33194085591333E-15));
#5864=DIRECTION('',(-0.5,0.866025403784438,0.));
#5865=DIRECTION('',(0.610097595100823,0.352240010763401,0.709723819009615));
#5866=DIRECTION('',(0.758325098737541,0.,-0.651876556277873));
#5867=DIRECTION('',(0.,0.704480021526806,0.709723819009614));
#5868=DIRECTION('',(0.,-0.709723819009614,0.704480021526806));
#5869=DIRECTION('',(0.,0.,1.));
#5870=DIRECTION('',(1.,0.,0.));
#5871=DIRECTION('',(0.,1.,0.));
#5872=DIRECTION('',(0.,0.,1.));
#5873=DIRECTION('',(0.866025403784439,0.5,0.));
#5874=DIRECTION('',(-0.5,0.866025403784439,0.));
#5875=DIRECTION('',(0.866025403784438,0.5,-6.09787498585774E-16));
#5876=DIRECTION('',(-0.5,0.866025403784438,0.));
#5877=DIRECTION('',(0.,-1.,0.));
#5878=DIRECTION('',(0.,0.,-1.));
#5879=DIRECTION('',(0.,1.,0.));
#5880=DIRECTION('',(0.,0.,1.));
#5881=DIRECTION('',(0.,0.,1.));
#5882=DIRECTION('',(1.,0.,0.));
#5883=DIRECTION('',(-0.802675791862406,0.596415604388466,0.));
#5884=DIRECTION('',(-0.596415604388466,-0.802675791862406,0.));
#5885=DIRECTION('',(0.917848960545064,-0.396929824561403,-4.84085689666775E-16));
#5886=DIRECTION('',(0.396929824561403,0.917848960545064,0.));
#5887=DIRECTION('',(0.,0.,1.));
#5888=DIRECTION('',(1.,0.,0.));
#5889=DIRECTION('',(0.,0.,1.));
#5890=DIRECTION('',(1.,0.,0.));
#5891=DIRECTION('',(0.,0.,1.));
#5892=DIRECTION('',(1.,0.,0.));
#5893=DIRECTION('',(0.,0.,1.));
#5894=DIRECTION('',(1.,0.,0.));
#5895=DIRECTION('',(0.,0.,-1.));
#5896=DIRECTION('',(-1.,0.,0.));
#5897=DIRECTION('',(0.,0.,1.));
#5898=DIRECTION('',(1.,0.,0.));
#5899=DIRECTION('',(-0.866025403784439,-0.5,0.));
#5900=DIRECTION('',(0.5,-0.866025403784439,0.));
#5901=DIRECTION('',(0.866025403784438,0.5,0.));
#5902=DIRECTION('',(-0.5,0.866025403784438,0.));
#5903=DIRECTION('',(0.,1.,0.));
#5904=DIRECTION('',(0.,0.,1.));
#5905=DIRECTION('',(0.,1.,0.));
#5906=DIRECTION('',(0.,0.,1.));
#5907=DIRECTION('',(0.,0.,-1.));
#5908=DIRECTION('',(-1.,0.,0.));
#5909=DIRECTION('',(0.,0.,1.));
#5910=DIRECTION('',(1.,0.,0.));
#5911=DIRECTION('',(0.,0.,1.));
#5912=DIRECTION('',(1.,0.,0.));
#5913=DIRECTION('',(-0.802675791862406,0.596415604388467,-7.27373559035131E-16));
#5914=DIRECTION('',(-0.596415604388467,-0.802675791862406,0.));
#5915=DIRECTION('',(0.,0.,1.));
#5916=DIRECTION('',(1.,0.,0.));
#5917=DIRECTION('',(0.917848960545064,-0.396929824561403,0.));
#5918=DIRECTION('',(0.396929824561403,0.917848960545064,0.));
#5919=DIRECTION('',(0.,0.,1.));
#5920=DIRECTION('',(1.,0.,0.));
#5921=DIRECTION('',(-0.916790253412114,-0.399369041424785,4.87060497566035E-16));
#5922=DIRECTION('',(0.399369041424785,-0.916790253412114,0.));
#5923=DIRECTION('',(0.,0.,1.));
#5924=DIRECTION('',(1.,0.,0.));
#5925=DIRECTION('',(-0.866025403784441,-0.5,0.));
#5926=DIRECTION('',(0.5,-0.866025403784441,0.));
#5927=DIRECTION('',(-0.866025403784439,-0.5,0.));
#5928=DIRECTION('',(0.5,-0.866025403784438,0.));
#5929=DIRECTION('',(-0.86602540378444,-0.5,0.));
#5930=DIRECTION('',(0.5,-0.86602540378444,0.));
#5931=DIRECTION('',(-0.61009759510082,-0.3522400107634,0.709723819009617));
#5932=DIRECTION('',(0.758325098737544,0.,0.65187655627787));
#5933=DIRECTION('',(0.,0.,1.));
#5934=DIRECTION('',(1.,0.,0.));
#5935=DIRECTION('',(0.356682446522677,-0.93422568597882,-3.48000794967227E-15));
#5936=DIRECTION('',(0.93422568597882,0.356682446522677,0.));
#5937=DIRECTION('',(-0.866025403784441,-0.5,0.));
#5938=DIRECTION('',(0.5,-0.866025403784441,0.));
#5939=DIRECTION('',(0.866025403784439,0.5,0.));
#5940=DIRECTION('',(-0.5,0.866025403784438,0.));
#5941=DIRECTION('',(-0.866025403784438,-0.5,0.));
#5942=DIRECTION('',(0.5,-0.866025403784437,0.));
#5943=DIRECTION('',(0.,0.,1.));
#5944=DIRECTION('',(1.,0.,0.));
#5945=DIRECTION('',(-0.356682446522684,-0.934225685978817,-3.41807486500561E-15));
#5946=DIRECTION('',(0.934225685978818,-0.356682446522684,0.));
#5947=DIRECTION('',(0.,0.,1.));
#5948=DIRECTION('',(1.,0.,0.));
#5949=DIRECTION('',(0.,0.,1.));
#5950=DIRECTION('',(1.,0.,0.));
#5951=DIRECTION('',(-0.115173168682655,0.993345428949868,4.38803568694026E-17));
#5952=DIRECTION('',(-0.993345428949868,-0.115173168682655,0.));
#5953=DIRECTION('',(0.,0.,1.));
#5954=DIRECTION('',(1.,0.,0.));
#5955=DIRECTION('',(-0.866025403784441,0.5,0.));
#5956=DIRECTION('',(-0.5,-0.866025403784441,0.));
#5957=DIRECTION('',(-0.866025403784439,-0.5,0.));
#5958=DIRECTION('',(0.5,-0.866025403784438,0.));
#5959=DIRECTION('',(-0.866025403784438,-0.5,0.));
#5960=DIRECTION('',(0.5,-0.866025403784438,0.));
#5961=DIRECTION('',(0.,0.,-1.));
#5962=DIRECTION('',(-1.,0.,0.));
#5963=DIRECTION('',(0.,0.,1.));
#5964=DIRECTION('',(1.,0.,0.));
#5965=DIRECTION('',(0.,0.,1.));
#5966=DIRECTION('',(1.,0.,0.));
#5967=DIRECTION('',(-0.115173168682656,-0.993345428949867,0.));
#5968=DIRECTION('',(0.993345428949868,-0.115173168682657,0.));
#5969=DIRECTION('',(-0.866025403784438,0.5,0.));
#5970=DIRECTION('',(-0.5,-0.866025403784438,0.));
#5971=DIRECTION('',(-0.866025403784438,0.5,1.52446874646444E-15));
#5972=DIRECTION('',(-0.5,-0.866025403784438,0.));
#5973=DIRECTION('',(0.,0.,1.));
#5974=DIRECTION('',(1.,0.,0.));
#5975=DIRECTION('',(-0.115173168682655,0.993345428949868,0.));
#5976=DIRECTION('',(-0.993345428949868,-0.115173168682655,0.));
#5977=DIRECTION('',(0.,0.,1.));
#5978=DIRECTION('',(1.,0.,0.));
#5979=DIRECTION('',(0.,0.,1.));
#5980=DIRECTION('',(1.,0.,0.));
#5981=DIRECTION('',(0.,0.,1.));
#5982=DIRECTION('',(1.,0.,0.));
#5983=DIRECTION('',(-0.115173168682656,-0.993345428949867,0.));
#5984=DIRECTION('',(0.993345428949868,-0.115173168682656,0.));
#5985=DIRECTION('',(0.,0.,-1.));
#5986=DIRECTION('',(-1.,0.,0.));
#5987=DIRECTION('',(0.,0.,1.));
#5988=DIRECTION('',(1.,0.,0.));
#5989=DIRECTION('',(0.,0.,1.));
#5990=DIRECTION('',(1.,0.,0.));
#5991=DIRECTION('',(-0.866025403784437,0.5,0.));
#5992=DIRECTION('',(-0.5,-0.866025403784437,0.));
#5993=DIRECTION('',(0.866025403784438,-0.5,0.));
#5994=DIRECTION('',(0.5,0.866025403784438,0.));
#5995=DIRECTION('',(0.610097595100822,-0.352240010763401,-0.709723819009616));
#5996=DIRECTION('',(-0.758325098737542,0.,-0.651876556277872));
#5997=DIRECTION('',(0.86602540378444,-0.5,-1.21957499717154E-15));
#5998=DIRECTION('',(0.5,0.86602540378444,0.));
#5999=DIRECTION('',(0.866025403784438,-0.5,0.));
#6000=DIRECTION('',(0.5,0.866025403784438,0.));
#6001=DIRECTION('',(0.86602540378444,-0.5,1.21957499717154E-15));
#6002=DIRECTION('',(0.5,0.86602540378444,0.));
#6003=DIRECTION('',(0.,0.,1.));
#6004=DIRECTION('',(1.,0.,0.));
#6005=DIRECTION('',(0.916790253412119,-0.399369041424775,-9.4318162632619E-15));
#6006=DIRECTION('',(0.399369041424775,0.916790253412119,0.));
#6007=DIRECTION('',(-0.11253139134714,-0.993648170109258,2.42365692850102E-15));
#6008=DIRECTION('',(0.993648170109258,-0.11253139134714,0.));
#6009=DIRECTION('',(0.,0.,1.));
#6010=DIRECTION('',(1.,0.,0.));
#6011=DIRECTION('',(0.,-1.,0.));
#6012=DIRECTION('',(0.,0.,-1.));
#6013=DIRECTION('',(0.,-1.,0.));
#6014=DIRECTION('',(0.,0.,-1.));
#6015=DIRECTION('',(0.,-1.,0.));
#6016=DIRECTION('',(0.,0.,-1.));
#6017=DIRECTION('',(0.,-0.704480021526805,0.709723819009614));
#6018=DIRECTION('',(0.,-0.709723819009615,-0.704480021526805));
#6019=DIRECTION('',(0.,0.,1.));
#6020=DIRECTION('',(1.,0.,0.));
#6021=DIRECTION('',(0.987404400186941,-0.158216783216782,0.));
#6022=DIRECTION('',(0.158216783216782,0.987404400186941,0.));
#6023=DIRECTION('',(0.,-1.,0.));
#6024=DIRECTION('',(0.,0.,-1.));
#6025=DIRECTION('',(0.,1.,0.));
#6026=DIRECTION('',(0.,0.,1.));
#6027=DIRECTION('',(0.,-1.,0.));
#6028=DIRECTION('',(0.,0.,-1.));
#6029=DIRECTION('',(0.,0.,1.));
#6030=DIRECTION('',(1.,0.,0.));
#6031=DIRECTION('',(0.630721953664258,-0.776008902762038,-4.26089968806673E-15));
#6032=DIRECTION('',(0.776008902762038,0.630721953664258,0.));
#6033=DIRECTION('',(0.,0.,1.));
#6034=DIRECTION('',(1.,0.,0.));
#6035=DIRECTION('',(0.,0.,1.));
#6036=DIRECTION('',(1.,0.,0.));
#6037=DIRECTION('',(-0.917848960545064,0.396929824561403,-4.84085689666775E-16));
#6038=DIRECTION('',(-0.396929824561403,-0.917848960545064,0.));
#6039=DIRECTION('',(0.,0.,1.));
#6040=DIRECTION('',(1.,0.,0.));
#6041=DIRECTION('',(-0.866025403784441,-0.5,0.));
#6042=DIRECTION('',(0.5,-0.866025403784441,0.));
#6043=DIRECTION('',(0.,-1.,0.));
#6044=DIRECTION('',(0.,0.,-1.));
#6045=DIRECTION('',(0.,-1.,0.));
#6046=DIRECTION('',(0.,0.,-1.));
#6047=DIRECTION('',(0.,0.,-1.));
#6048=DIRECTION('',(-1.,0.,0.));
#6049=DIRECTION('',(0.,0.,1.));
#6050=DIRECTION('',(1.,0.,0.));
#6051=DIRECTION('',(0.,0.,1.));
#6052=DIRECTION('',(1.,0.,0.));
#6053=DIRECTION('',(0.802675791862409,-0.596415604388462,0.));
#6054=DIRECTION('',(0.596415604388462,0.802675791862409,0.));
#6055=DIRECTION('',(-0.866025403784439,-0.5,0.));
#6056=DIRECTION('',(0.5,-0.866025403784439,0.));
#6057=DIRECTION('',(-0.866025403784438,-0.5,-1.52446874646444E-15));
#6058=DIRECTION('',(0.5,-0.866025403784438,0.));
#6059=DIRECTION('',(0.,0.,1.));
#6060=DIRECTION('',(1.,0.,0.));
#6061=DIRECTION('',(-0.917848960545064,0.396929824561403,0.));
#6062=DIRECTION('',(-0.396929824561403,-0.917848960545064,0.));
#6063=DIRECTION('',(0.,0.,1.));
#6064=DIRECTION('',(1.,0.,0.));
#6065=DIRECTION('',(0.,0.,1.));
#6066=DIRECTION('',(1.,0.,0.));
#6067=DIRECTION('',(0.,0.,1.));
#6068=DIRECTION('',(1.,0.,0.));
#6069=DIRECTION('',(0.802675791862409,-0.596415604388463,-7.27373559035126E-16));
#6070=DIRECTION('',(0.596415604388463,0.802675791862409,0.));
#6071=DIRECTION('',(0.,0.,-1.));
#6072=DIRECTION('',(-1.,0.,0.));
#6073=DIRECTION('',(0.,0.,1.));
#6074=DIRECTION('',(1.,0.,0.));
#6075=DIRECTION('',(0.,0.,1.));
#6076=DIRECTION('',(1.,0.,0.));
#6077=DIRECTION('',(-0.866025403784438,-0.5,0.));
#6078=DIRECTION('',(0.5,-0.866025403784438,0.));
#6079=DIRECTION('',(0.866025403784439,0.5,0.));
#6080=DIRECTION('',(-0.5,0.866025403784439,0.));
#6081=DIRECTION('',(0.610097595100817,0.352240010763398,-0.709723819009621));
#6082=DIRECTION('',(-0.758325098737547,0.,-0.651876556277866));
#6083=DIRECTION('',(0.86602540378444,0.5,1.21957499717154E-15));
#6084=DIRECTION('',(-0.5,0.86602540378444,0.));
#6085=DIRECTION('',(0.866025403784439,0.5,0.));
#6086=DIRECTION('',(-0.5,0.866025403784439,0.));
#6087=DIRECTION('',(0.86602540378444,0.5,0.));
#6088=DIRECTION('',(-0.5,0.86602540378444,0.));
#6089=DIRECTION('',(0.,0.,1.));
#6090=DIRECTION('',(1.,0.,0.));
#6091=DIRECTION('',(0.804258862064967,0.594279128684463,1.44953593336892E-15));
#6092=DIRECTION('',(-0.594279128684463,0.804258862064967,0.));
#6093=DIRECTION('',(-0.804258862064953,0.594279128684481,2.29991953815834E-15));
#6094=DIRECTION('',(-0.594279128684481,-0.804258862064954,0.));
#6095=DIRECTION('',(0.,0.,1.));
#6096=DIRECTION('',(1.,0.,0.));
#6097=DIRECTION('',(-0.866025403784441,0.5,0.));
#6098=DIRECTION('',(-0.5,-0.866025403784441,0.));
#6099=DIRECTION('',(-0.866025403784439,0.5,0.));
#6100=DIRECTION('',(-0.5,-0.866025403784438,0.));
#6101=DIRECTION('',(-0.86602540378444,0.5,-1.21957499717154E-15));
#6102=DIRECTION('',(-0.5,-0.86602540378444,0.));
#6103=DIRECTION('',(-0.61009759510082,0.3522400107634,0.709723819009617));
#6104=DIRECTION('',(0.758325098737543,0.,0.65187655627787));
#6105=DIRECTION('',(0.,0.,1.));
#6106=DIRECTION('',(1.,0.,0.));
#6107=DIRECTION('',(-0.630721953664265,-0.776008902762032,1.8928021107822E-15));
#6108=DIRECTION('',(0.776008902762032,-0.630721953664265,0.));
#6109=DIRECTION('',(-0.866025403784441,0.5,0.));
#6110=DIRECTION('',(-0.5,-0.866025403784441,0.));
#6111=DIRECTION('',(0.866025403784439,-0.5,0.));
#6112=DIRECTION('',(0.5,0.866025403784438,0.));
#6113=DIRECTION('',(-0.866025403784437,0.5,0.));
#6114=DIRECTION('',(-0.5,-0.866025403784438,0.));
#6115=DIRECTION('',(0.,0.,1.));
#6116=DIRECTION('',(1.,0.,0.));
#6117=DIRECTION('',(-0.987404400186941,-0.158216783216783,0.));
#6118=DIRECTION('',(0.158216783216783,-0.987404400186941,0.));
#6119=DIRECTION('',(0.,0.,1.));
#6120=DIRECTION('',(1.,0.,0.));
#6121=DIRECTION('',(0.,0.,1.));
#6122=DIRECTION('',(1.,0.,0.));
#6123=DIRECTION('',(0.802675791862406,0.596415604388466,3.63686779517565E-16));
#6124=DIRECTION('',(-0.596415604388466,0.802675791862406,0.));
#6125=DIRECTION('',(0.,0.,1.));
#6126=DIRECTION('',(1.,0.,0.));
#6127=DIRECTION('',(0.,1.,0.));
#6128=DIRECTION('',(0.,0.,1.));
#6129=DIRECTION('',(-0.866025403784439,0.5,0.));
#6130=DIRECTION('',(-0.5,-0.866025403784438,0.));
#6131=DIRECTION('',(-0.866025403784438,0.5,1.21957499717155E-15));
#6132=DIRECTION('',(-0.5,-0.866025403784438,0.));
#6133=DIRECTION('',(0.,0.,-1.));
#6134=DIRECTION('',(-1.,0.,0.));
#6135=DIRECTION('',(0.,0.,1.));
#6136=DIRECTION('',(1.,0.,0.));
#6137=DIRECTION('',(0.,0.,1.));
#6138=DIRECTION('',(1.,0.,0.));
#6139=DIRECTION('',(-0.917848960545064,-0.396929824561403,0.));
#6140=DIRECTION('',(0.396929824561403,-0.917848960545064,0.));
#6141=DIRECTION('',(0.,1.,0.));
#6142=DIRECTION('',(0.,0.,1.));
#6143=DIRECTION('',(0.,1.,0.));
#6144=DIRECTION('',(0.,0.,1.));
#6145=DIRECTION('',(0.,0.,1.));
#6146=DIRECTION('',(1.,0.,0.));
#6147=DIRECTION('',(0.802675791862406,0.596415604388466,0.));
#6148=DIRECTION('',(-0.596415604388466,0.802675791862406,0.));
#6149=DIRECTION('',(0.,0.,1.));
#6150=DIRECTION('',(1.,0.,0.));
#6151=DIRECTION('',(0.,0.,1.));
#6152=DIRECTION('',(1.,0.,0.));
#6153=DIRECTION('',(0.,0.,1.));
#6154=DIRECTION('',(1.,0.,0.));
#6155=DIRECTION('',(-0.917848960545063,-0.396929824561404,9.68171379333553E-16));
#6156=DIRECTION('',(0.396929824561404,-0.917848960545063,0.));
#6157=DIRECTION('',(0.,0.,-1.));
#6158=DIRECTION('',(-1.,0.,0.));
#6159=DIRECTION('',(0.,0.,1.));
#6160=DIRECTION('',(1.,0.,0.));
#6161=DIRECTION('',(0.,0.,1.));
#6162=DIRECTION('',(1.,0.,0.));
#6163=DIRECTION('',(0.,1.,0.));
#6164=DIRECTION('',(0.,0.,1.));
#6165=DIRECTION('',(0.,-1.,0.));
#6166=DIRECTION('',(0.,0.,-1.));
#6167=DIRECTION('',(0.,-0.704480021526806,-0.709723819009614));
#6168=DIRECTION('',(0.,0.709723819009614,-0.704480021526806));
#6169=DIRECTION('',(0.,-1.,0.));
#6170=DIRECTION('',(0.,0.,-1.));
#6171=DIRECTION('',(0.,-1.,0.));
#6172=DIRECTION('',(0.,0.,-1.));
#6173=DIRECTION('',(0.,-1.,0.));
#6174=DIRECTION('',(0.,0.,-1.));
#6175=DIRECTION('',(0.,0.,1.));
#6176=DIRECTION('',(1.,0.,0.));
#6177=DIRECTION('',(0.112531391347179,-0.993648170109254,2.9726188136368E-15));
#6178=DIRECTION('',(0.993648170109254,0.112531391347179,0.));
#6179=DIRECTION('',(0.804258862064962,-0.59427912868447,-4.86077986559402E-15));
#6180=DIRECTION('',(0.59427912868447,0.804258862064962,0.));
#6181=DIRECTION('',(0.,0.,1.));
#6182=DIRECTION('',(1.,0.,0.));
#6183=DIRECTION('',(0.866025403784439,-0.5,8.92790861570242E-16));
#6184=DIRECTION('',(0.5,0.866025403784439,0.));
#6185=DIRECTION('',(0.866025403784439,-0.5,0.));
#6186=DIRECTION('',(0.5,0.866025403784439,0.));
#6187=DIRECTION('',(0.866025403784439,-0.5,-6.09787498585772E-16));
#6188=DIRECTION('',(0.5,0.866025403784439,0.));
#6189=DIRECTION('',(0.61009759510082,-0.352240010763403,0.709723819009616));
#6190=DIRECTION('',(0.758325098737543,0.,-0.65187655627787));
#6191=DIRECTION('',(0.,0.,1.));
#6192=DIRECTION('',(1.,0.,0.));
#6193=DIRECTION('',(0.630721953664263,0.776008902762034,3.54376661069954E-16));
#6194=DIRECTION('',(-0.776008902762034,0.630721953664263,0.));
#6195=DIRECTION('',(0.866025403784439,-0.5,0.));
#6196=DIRECTION('',(0.5,0.86602540378444,0.));
#6197=DIRECTION('',(-0.866025403784439,0.5,0.));
#6198=DIRECTION('',(-0.5,-0.866025403784439,0.));
#6199=DIRECTION('',(0.866025403784438,-0.5,0.));
#6200=DIRECTION('',(0.5,0.866025403784438,0.));
#6201=DIRECTION('',(0.,0.,1.));
#6202=DIRECTION('',(1.,0.,0.));
#6203=DIRECTION('',(0.987404400186941,0.158216783216782,-7.71828931776395E-16));
#6204=DIRECTION('',(-0.158216783216782,0.987404400186941,0.));
#6205=DIRECTION('',(0.,0.,1.));
#6206=DIRECTION('',(1.,0.,0.));
#6207=DIRECTION('',(0.,0.,1.));
#6208=DIRECTION('',(1.,0.,0.));
#6209=DIRECTION('',(-0.802675791862406,-0.596415604388466,-7.27373559035129E-16));
#6210=DIRECTION('',(0.596415604388466,-0.802675791862406,0.));
#6211=DIRECTION('',(0.,0.,1.));
#6212=DIRECTION('',(1.,0.,0.));
#6213=DIRECTION('',(0.,-1.,0.));
#6214=DIRECTION('',(0.,0.,-1.));
#6215=DIRECTION('',(0.866025403784439,-0.5,0.));
#6216=DIRECTION('',(0.5,0.866025403784439,0.));
#6217=DIRECTION('',(0.866025403784438,-0.5,-6.09787498585774E-16));
#6218=DIRECTION('',(0.5,0.866025403784438,0.));
#6219=DIRECTION('',(0.,0.,-1.));
#6220=DIRECTION('',(-1.,0.,0.));
#6221=DIRECTION('',(0.,0.,1.));
#6222=DIRECTION('',(1.,0.,0.));
#6223=DIRECTION('',(0.,0.,1.));
#6224=DIRECTION('',(1.,0.,0.));
#6225=DIRECTION('',(0.917848960545064,0.396929824561403,0.));
#6226=DIRECTION('',(-0.396929824561403,0.917848960545064,0.));
#6227=DIRECTION('',(0.,-1.,0.));
#6228=DIRECTION('',(0.,0.,-1.));
#6229=DIRECTION('',(0.,-1.,0.));
#6230=DIRECTION('',(0.,0.,-1.));
#6231=DIRECTION('',(0.,0.,1.));
#6232=DIRECTION('',(1.,0.,0.));
#6233=DIRECTION('',(-0.802675791862406,-0.596415604388467,0.));
#6234=DIRECTION('',(0.596415604388467,-0.802675791862406,0.));
#6235=DIRECTION('',(0.,0.,1.));
#6236=DIRECTION('',(1.,0.,0.));
#6237=DIRECTION('',(0.,0.,1.));
#6238=DIRECTION('',(1.,0.,0.));
#6239=DIRECTION('',(0.,0.,1.));
#6240=DIRECTION('',(1.,0.,0.));
#6241=DIRECTION('',(0.917848960545063,0.396929824561403,0.));
#6242=DIRECTION('',(-0.396929824561403,0.917848960545064,0.));
#6243=DIRECTION('',(0.,0.,-1.));
#6244=DIRECTION('',(-1.,0.,0.));
#6245=DIRECTION('',(0.,0.,1.));
#6246=DIRECTION('',(1.,0.,0.));
#6247=DIRECTION('',(0.,0.,1.));
#6248=DIRECTION('',(1.,0.,0.));
#6249=DIRECTION('',(0.,-1.,0.));
#6250=DIRECTION('',(0.,0.,-1.));
#6251=DIRECTION('',(0.,1.,0.));
#6252=DIRECTION('',(0.,0.,1.));
#6253=DIRECTION('',(0.,0.704480021526804,-0.709723819009616));
#6254=DIRECTION('',(0.,0.709723819009616,0.704480021526804));
#6255=DIRECTION('',(0.,1.,-2.43914999434309E-15));
#6256=DIRECTION('',(0.,2.43914999434309E-15,1.));
#6257=DIRECTION('',(0.,1.,0.));
#6258=DIRECTION('',(0.,0.,1.));
#6259=DIRECTION('',(0.,1.,0.));
#6260=DIRECTION('',(0.,0.,1.));
#6261=DIRECTION('',(0.,0.,1.));
#6262=DIRECTION('',(1.,0.,0.));
#6263=DIRECTION('',(-0.112531391347145,0.993648170109257,4.84731385700204E-15));
#6264=DIRECTION('',(-0.993648170109258,-0.112531391347145,0.));
#6265=DIRECTION('',(0.916790253412114,-0.399369041424785,-2.72324943899E-15));
#6266=DIRECTION('',(0.399369041424785,0.916790253412114,0.));
#6267=DIRECTION('',(0.916790253412119,0.399369041424775,4.18443093168806E-15));
#6268=DIRECTION('',(-0.399369041424775,0.916790253412119,0.));
#6269=DIRECTION('',(0.,0.,1.));
#6270=DIRECTION('',(1.,0.,0.));
#6271=DIRECTION('',(0.866025403784439,-0.5,0.));
#6272=DIRECTION('',(0.5,0.86602540378444,0.));
#6273=DIRECTION('',(0.,0.,1.));
#6274=DIRECTION('',(1.,0.,0.));
#6275=DIRECTION('',(0.866025403784439,0.5,0.));
#6276=DIRECTION('',(-0.5,0.866025403784439,0.));
#6277=DIRECTION('',(-0.866025403784439,0.5,0.));
#6278=DIRECTION('',(-0.5,-0.866025403784439,0.));
#6279=DIRECTION('',(0.866025403784439,-0.5,0.));
#6280=DIRECTION('',(0.5,0.866025403784439,0.));
#6281=DIRECTION('',(0.866025403784439,0.5,0.));
#6282=DIRECTION('',(-0.5,0.866025403784439,0.));
#6283=DIRECTION('',(0.866025403784439,0.5,-6.09787498585772E-16));
#6284=DIRECTION('',(-0.5,0.866025403784439,0.));
#6285=DIRECTION('',(0.,0.,1.));
#6286=DIRECTION('',(1.,0.,0.));
#6287=DIRECTION('',(0.356682446522682,-0.934225685978818,0.));
#6288=DIRECTION('',(0.934225685978818,0.356682446522682,0.));
#6289=DIRECTION('',(0.356682446522679,0.93422568597882,6.0064568650094E-16));
#6290=DIRECTION('',(-0.93422568597882,0.356682446522679,0.));
#6291=DIRECTION('',(0.,0.,1.));
#6292=DIRECTION('',(1.,0.,0.));
#6293=DIRECTION('',(0.866025403784439,-0.5,-6.09787498585772E-16));
#6294=DIRECTION('',(0.5,0.866025403784439,0.));
#6295=DIRECTION('',(0.610097595100821,-0.352240010763403,0.709723819009615));
#6296=DIRECTION('',(0.758325098737542,0.,-0.651876556277872));
#6297=DIRECTION('',(0.610097595100822,0.352240010763403,0.709723819009614));
#6298=DIRECTION('',(0.758325098737541,0.,-0.651876556277873));
#6299=DIRECTION('',(0.,0.,1.));
#6300=DIRECTION('',(1.,0.,0.));
#6301=DIRECTION('',(0.866025403784439,0.5,0.));
#6302=DIRECTION('',(-0.5,0.866025403784439,0.));
#6303=DIRECTION('',(0.866025403784439,-0.5,0.));
#6304=DIRECTION('',(0.5,0.866025403784439,0.));
#6305=DIRECTION('',(0.866025403784438,-0.5,4.57340623939331E-16));
#6306=DIRECTION('',(0.5,0.866025403784438,0.));
#6307=DIRECTION('',(-0.866025403784439,-0.5,0.));
#6308=DIRECTION('',(0.5,-0.866025403784439,0.));
#6309=DIRECTION('',(0.866025403784438,0.5,0.));
#6310=DIRECTION('',(-0.5,0.866025403784438,0.));
#6311=DIRECTION('',(0.,0.,1.));
#6312=DIRECTION('',(1.,0.,0.));
#6313=DIRECTION('',(0.115173168682659,0.993345428949867,0.));
#6314=DIRECTION('',(-0.993345428949867,0.115173168682659,0.));
#6315=DIRECTION('',(0.115173168682659,-0.993345428949867,0.));
#6316=DIRECTION('',(0.993345428949867,0.115173168682659,0.));
#6317=DIRECTION('',(0.,0.,1.));
#6318=DIRECTION('',(1.,0.,0.));
#6319=DIRECTION('',(0.,0.,1.));
#6320=DIRECTION('',(1.,0.,0.));
#6321=DIRECTION('',(0.,0.,1.));
#6322=DIRECTION('',(1.,0.,0.));
#6323=DIRECTION('',(0.,0.,1.));
#6324=DIRECTION('',(1.,0.,0.));
#6325=DIRECTION('',(0.,0.,-1.));
#6326=DIRECTION('',(-1.,0.,0.));
#6327=DIRECTION('',(0.,0.,1.));
#6328=DIRECTION('',(1.,0.,0.));
#6329=DIRECTION('',(-0.866025403784439,0.5,0.));
#6330=DIRECTION('',(-0.5,-0.866025403784439,0.));
#6331=DIRECTION('',(0.866025403784438,-0.5,0.));
#6332=DIRECTION('',(0.5,0.866025403784438,0.));
#6333=DIRECTION('',(0.866025403784439,0.5,0.));
#6334=DIRECTION('',(-0.5,0.866025403784439,0.));
#6335=DIRECTION('',(0.866025403784438,0.5,-9.14681247878661E-16));
#6336=DIRECTION('',(-0.5,0.866025403784438,0.));
#6337=DIRECTION('',(0.,0.,-1.));
#6338=DIRECTION('',(-1.,0.,0.));
#6339=DIRECTION('',(0.,0.,1.));
#6340=DIRECTION('',(1.,0.,0.));
#6341=DIRECTION('',(0.,0.,1.));
#6342=DIRECTION('',(1.,0.,0.));
#6343=DIRECTION('',(0.115173168682659,0.993345428949867,-1.07552049218355E-16));
#6344=DIRECTION('',(-0.993345428949867,0.115173168682659,0.));
#6345=DIRECTION('',(0.,0.,1.));
#6346=DIRECTION('',(1.,0.,0.));
#6347=DIRECTION('',(0.115173168682659,-0.993345428949867,0.));
#6348=DIRECTION('',(0.993345428949867,0.115173168682659,0.));
#6349=DIRECTION('',(0.,0.,1.));
#6350=DIRECTION('',(1.,0.,0.));
#6351=DIRECTION('',(0.,0.,1.));
#6352=DIRECTION('',(1.,0.,0.));
#6353=DIRECTION('',(-1.,0.,0.));
#6354=DIRECTION('',(0.,0.,1.));
#6355=DIRECTION('',(-1.73472347597681E-15,1.,1.73472347597681E-15));
#6356=DIRECTION('',(0.,-1.73472347597681E-15,1.));
#6357=DIRECTION('',(2.87562946701502E-16,1.,0.));
#6358=DIRECTION('',(-1.,2.87562946701502E-16,0.));
#6359=DIRECTION('',(0.,1.,1.73472347597681E-15));
#6360=DIRECTION('',(0.,-1.73472347597681E-15,1.));
#6361=DIRECTION('',(1.,0.,0.));
#6362=DIRECTION('',(0.,0.,-1.));
#6363=DIRECTION('',(-1.,0.,0.));
#6364=DIRECTION('',(0.,0.,1.));
#6365=DIRECTION('',(0.,0.,1.));
#6366=DIRECTION('',(1.,0.,0.));
#6367=DIRECTION('',(-1.,0.,0.));
#6368=DIRECTION('',(0.,0.,1.));
#6369=DIRECTION('',(0.,0.,1.));
#6370=DIRECTION('',(1.,0.,0.));
#6371=DIRECTION('',(0.,1.,0.));
#6372=DIRECTION('',(0.,0.,1.));
#6373=DIRECTION('',(-1.,0.,0.));
#6374=DIRECTION('',(0.,0.,1.));
#6375=DIRECTION('',(-1.,0.,0.));
#6376=DIRECTION('',(0.,0.,1.));
#6377=DIRECTION('',(-1.79726841688438E-16,-1.,0.));
#6378=DIRECTION('',(1.,-1.79726841688438E-16,0.));
#6379=DIRECTION('',(0.,1.,0.));
#6380=DIRECTION('',(0.,0.,1.));
#6381=DIRECTION('',(0.,0.,1.));
#6382=DIRECTION('',(1.,0.,0.));
#6383=DIRECTION('',(0.,0.,1.));
#6384=DIRECTION('',(1.,0.,0.));
#6385=DIRECTION('',(-1.,0.,0.));
#6386=DIRECTION('',(0.,0.,1.));
#6387=DIRECTION('',(0.,1.,0.));
#6388=DIRECTION('',(0.,0.,1.));
#6389=DIRECTION('',(-2.87562946701502E-16,-1.,0.));
#6390=DIRECTION('',(1.,-2.87562946701502E-16,0.));
#6391=DIRECTION('',(1.73472347597681E-15,1.,0.));
#6392=DIRECTION('',(-1.,1.73472347597681E-15,0.));
#6393=DIRECTION('',(-1.,0.,0.));
#6394=DIRECTION('',(0.,0.,1.));
#6395=DIRECTION('',(-1.,0.,0.));
#6396=DIRECTION('',(0.,0.,1.));
#6397=DIRECTION('',(0.,0.,1.));
#6398=DIRECTION('',(1.,0.,0.));
#6399=DIRECTION('',(-1.,0.,0.));
#6400=DIRECTION('',(0.,0.,1.));
#6401=DIRECTION('',(0.,0.,1.));
#6402=DIRECTION('',(1.,0.,0.));
#6403=DIRECTION('',(0.,1.,0.));
#6404=DIRECTION('',(0.,0.,1.));
#6405=DIRECTION('',(1.,0.,0.));
#6406=DIRECTION('',(0.,0.,-1.));
#6407=DIRECTION('',(-1.,0.,0.));
#6408=DIRECTION('',(0.,0.,1.));
#6409=DIRECTION('',(1.79726841688438E-16,1.,0.));
#6410=DIRECTION('',(-1.,1.79726841688438E-16,0.));
#6411=DIRECTION('',(0.,1.,0.));
#6412=DIRECTION('',(0.,0.,1.));
#6413=DIRECTION('',(0.,0.,1.));
#6414=DIRECTION('',(1.,0.,0.));
#6415=DIRECTION('',(0.,0.,-1.));
#6416=DIRECTION('',(-1.,0.,0.));
#6417=DIRECTION('',(0.,0.,1.));
#6418=DIRECTION('',(0.,0.,1.));
#6419=DIRECTION('',(0.,0.,1.));
#6420=DIRECTION('',(1.,0.,0.));
#6421=DIRECTION('',(0.,0.,1.));
#6422=DIRECTION('',(1.,0.,0.));
#6423=DIRECTION('',(0.,0.,1.));
#6424=DIRECTION('',(1.,0.,0.));
#6425=DIRECTION('',(0.99033430418518,0.138700994783941,0.));
#6426=DIRECTION('',(-0.138700994783941,0.99033430418518,0.));
#6427=DIRECTION('',(0.138700994783938,0.990334304185181,0.));
#6428=DIRECTION('',(-0.990334304185181,0.138700994783938,0.));
#6429=DIRECTION('',(0.,0.,1.));
#6430=DIRECTION('',(1.,0.,0.));
#6431=DIRECTION('',(0.,0.,1.));
#6432=DIRECTION('',(1.,0.,0.));
#6433=DIRECTION('',(-0.138700994783938,0.990334304185181,0.));
#6434=DIRECTION('',(-0.990334304185181,-0.138700994783938,0.));
#6435=DIRECTION('',(-0.990334304185181,0.138700994783938,0.));
#6436=DIRECTION('',(-0.138700994783938,-0.990334304185181,0.));
#6437=DIRECTION('',(0.,0.,1.));
#6438=DIRECTION('',(1.,0.,0.));
#6439=DIRECTION('',(0.,0.,-1.));
#6440=DIRECTION('',(-1.,0.,0.));
#6441=DIRECTION('',(0.,0.,1.));
#6442=DIRECTION('',(0.,0.,1.));
#6443=DIRECTION('',(0.,0.,1.));
#6444=DIRECTION('',(1.,0.,0.));
#6445=DIRECTION('',(0.,0.,1.));
#6446=DIRECTION('',(1.,0.,0.));
#6447=DIRECTION('',(0.,0.,1.));
#6448=DIRECTION('',(1.,0.,0.));
#6449=DIRECTION('',(-0.990334304185181,-0.138700994783936,0.));
#6450=DIRECTION('',(0.138700994783936,-0.990334304185181,0.));
#6451=DIRECTION('',(-0.138700994783934,-0.990334304185181,-3.43591233307038E-15));
#6452=DIRECTION('',(0.990334304185181,-0.138700994783934,0.));
#6453=DIRECTION('',(0.,0.,1.));
#6454=DIRECTION('',(1.,0.,0.));
#6455=DIRECTION('',(0.,0.,1.));
#6456=DIRECTION('',(1.,0.,0.));
#6457=DIRECTION('',(0.138700994783938,-0.990334304185181,0.));
#6458=DIRECTION('',(0.990334304185181,0.138700994783938,0.));
#6459=DIRECTION('',(0.99033430418518,-0.138700994783941,-6.87182466614075E-15));
#6460=DIRECTION('',(0.138700994783941,0.99033430418518,0.));
#6461=DIRECTION('',(0.,0.,1.));
#6462=DIRECTION('',(1.,0.,0.));
#6463=DIRECTION('',(0.,0.,1.));
#6464=DIRECTION('',(1.,0.,0.));
#6465=DIRECTION('',(-5.54127382082001E-16,-1.,0.));
#6466=DIRECTION('',(-5.54127382082001E-16,-1.,0.));
#6467=DIRECTION('',(-1.,5.54127382082001E-16,0.));
#6468=DIRECTION('',(-5.54127382082001E-16,-1.,0.));
#6469=DIRECTION('',(-1.,5.54127382082001E-16,0.));
#6470=DIRECTION('',(-5.54127382082001E-16,-1.,0.));
#6471=DIRECTION('',(0.,0.,1.));
#6472=DIRECTION('',(1.,0.,0.));
#6473=DIRECTION('',(0.,-1.,0.));
#6474=DIRECTION('',(0.,-1.,0.));
#6475=DIRECTION('',(-1.,0.,0.));
#6476=DIRECTION('',(0.,0.,1.));
#6477=DIRECTION('',(-1.,0.,0.));
#6478=DIRECTION('',(0.,0.,1.));
#6479=DIRECTION('',(0.,0.,1.));
#6480=DIRECTION('',(1.,0.,0.));
#6481=DIRECTION('',(0.,-1.,0.));
#6482=DIRECTION('',(0.,-1.,0.));
#6483=DIRECTION('',(-1.,0.,0.));
#6484=DIRECTION('',(0.,0.,1.));
#6485=DIRECTION('',(-1.,0.,0.));
#6486=DIRECTION('',(0.,0.,1.));
#6487=DIRECTION('',(0.,0.,1.));
#6488=DIRECTION('',(1.,0.,0.));
#6489=DIRECTION('',(-5.54127382082001E-16,-1.,0.));
#6490=DIRECTION('',(-5.54127382082001E-16,-1.,0.));
#6491=DIRECTION('',(-1.,5.54127382082001E-16,0.));
#6492=DIRECTION('',(-5.54127382082001E-16,-1.,0.));
#6493=DIRECTION('',(-1.,5.54127382082001E-16,0.));
#6494=DIRECTION('',(-5.54127382082001E-16,-1.,0.));
#6495=DIRECTION('',(0.,0.,1.));
#6496=DIRECTION('',(1.,0.,0.));
#6497=DIRECTION('',(0.,0.,1.));
#6498=DIRECTION('',(1.,0.,0.));
#6499=DIRECTION('',(0.,0.,1.));
#6500=DIRECTION('',(1.,0.,0.));
#6501=DIRECTION('',(0.,0.,1.));
#6502=DIRECTION('',(1.,0.,0.));
#6503=DIRECTION('',(0.,0.,1.));
#6504=DIRECTION('',(1.,0.,0.));
#6505=DIRECTION('',(0.,0.,1.));
#6506=DIRECTION('',(1.,0.,0.));
#6507=DIRECTION('',(0.,0.,1.));
#6508=DIRECTION('',(1.,0.,0.));
#6509=DIRECTION('',(0.,0.,-1.));
#6510=DIRECTION('',(-1.,0.,0.));
#6511=DIRECTION('',(0.,0.,1.));
#6512=DIRECTION('',(1.,0.,0.));
#6513=DIRECTION('',(0.,0.,-1.));
#6514=DIRECTION('',(-1.,0.,0.));
#6515=DIRECTION('',(0.,0.,-1.));
#6516=DIRECTION('',(-1.,0.,0.));
#6517=DIRECTION('',(0.,0.,-1.));
#6518=DIRECTION('',(1.,0.,0.));
#6519=DIRECTION('',(0.,0.,-1.));
#6520=DIRECTION('',(-1.,0.,0.));
#6521=DIRECTION('',(0.,0.,-1.));
#6522=DIRECTION('',(-1.,0.,0.));
#6523=DIRECTION('',(0.,0.,-1.));
#6524=DIRECTION('',(1.,0.,0.));
#6525=DIRECTION('',(0.,0.,-1.));
#6526=DIRECTION('',(-1.,0.,0.));
#6527=DIRECTION('',(0.,0.,-1.));
#6528=DIRECTION('',(-1.,0.,0.));
#6529=DIRECTION('',(0.,0.,-1.));
#6530=DIRECTION('',(1.,0.,0.));
#6531=DIRECTION('',(0.,0.,-1.));
#6532=DIRECTION('',(-1.,0.,0.));
#6533=DIRECTION('',(0.,0.,-1.));
#6534=DIRECTION('',(-1.,0.,0.));
#6535=DIRECTION('',(0.,0.,-1.));
#6536=DIRECTION('',(1.,0.,0.));
#6537=CARTESIAN_POINT('',(0.,0.,0.));
#6538=CARTESIAN_POINT('',(0.0366522,0.0125222,0.000127));
#6539=CARTESIAN_POINT('',(0.0366522,0.0125222,-0.001032));
#6540=CARTESIAN_POINT('',(0.0369692704740761,0.0102582957806327,-0.001032));
#6541=CARTESIAN_POINT('',(0.0343882957806327,0.0128392704740761,-0.001032));
#6542=CARTESIAN_POINT('',(0.0343882957806327,0.0128392704740761,-0.001032));
#6543=CARTESIAN_POINT('',(0.0343607518105883,0.0126426047006912,-0.00103199999999999));
#6544=CARTESIAN_POINT('',(0.0343598443265757,0.0122586943025246,-0.00114321336354066));
#6545=CARTESIAN_POINT('',(0.0344788724219876,0.0117639759163859,-0.00144896495000278));
#6546=CARTESIAN_POINT('',(0.0346737927953558,0.0113395996517967,-0.00178844300835098));
#6547=CARTESIAN_POINT('',(0.0350180385286717,0.0108873395371991,-0.00206472059415139));
#6548=CARTESIAN_POINT('',(0.0354720185075843,0.0105421247814019,-0.00178652204999176));
#6549=CARTESIAN_POINT('',(0.0358966462591214,0.010348325477449,-0.00144734772030877));
#6550=CARTESIAN_POINT('',(0.0363858921179656,0.0102301467896637,-0.00114443982461521));
#6551=CARTESIAN_POINT('',(0.0367733374948022,0.0102308544418631,-0.001032));
#6552=CARTESIAN_POINT('',(0.0369692704740761,0.0102582957806327,-0.001032));
#6553=CARTESIAN_POINT('',(0.0378022,0.0105465239131882,0.000127));
#6554=CARTESIAN_POINT('',(0.0378022,0.0105465239131882,-0.000473));
#6555=CARTESIAN_POINT('',(0.0378022,0.0105465239131882,0.000127));
#6556=CARTESIAN_POINT('',(0.0366522,0.0125222,-0.000473));
#6557=CARTESIAN_POINT('',(0.0355022,0.0105465239131882,-0.000473));
#6558=CARTESIAN_POINT('',(0.0355022,0.0105465239131882,0.000127));
#6559=CARTESIAN_POINT('',(0.0355022,0.0105465239131882,0.000127));
#6560=CARTESIAN_POINT('',(0.0366522,0.0125222,0.000127));
#6561=CARTESIAN_POINT('',(0.0273841189987683,0.00284702277054453,0.000127));
#6562=CARTESIAN_POINT('',(0.0366522,0.0125222,0.000127));
#6563=CARTESIAN_POINT('',(0.0378022,0.0125222,0.000127));
#6564=CARTESIAN_POINT('',(0.0355022,0.0125222,0.000127));
#6565=CARTESIAN_POINT('',(0.0378022,-3.46944695195361E-18,0.000127));
#6566=CARTESIAN_POINT('',(0.0355022,-1.7347234759768E-18,0.000127));
#6567=CARTESIAN_POINT('',(0.0116078,0.0125222,0.000127));
#6568=CARTESIAN_POINT('',(0.0116078,0.0125222,-0.001032));
#6569=CARTESIAN_POINT('',(0.0138717042193673,0.0128392704740761,-0.001032));
#6570=CARTESIAN_POINT('',(0.0112907295259239,0.0102582957806327,-0.001032));
#6571=CARTESIAN_POINT('',(0.0112907295259239,0.0102582957806327,-0.001032));
#6572=CARTESIAN_POINT('',(0.0114873952993088,0.0102307518105883,-0.001032));
#6573=CARTESIAN_POINT('',(0.0118713056974754,0.0102298443265757,-0.00114321336354066));
#6574=CARTESIAN_POINT('',(0.0123660240836141,0.0103488724219876,-0.0014489649500028));
#6575=CARTESIAN_POINT('',(0.0127904003482033,0.0105437927953558,-0.00178844300835098));
#6576=CARTESIAN_POINT('',(0.0132426604628009,0.0108880385286717,-0.00206472059415142));
#6577=CARTESIAN_POINT('',(0.0135878752185981,0.0113420185075843,-0.00178652204999177));
#6578=CARTESIAN_POINT('',(0.013781674522551,0.0117666462591214,-0.00144734772030876));
#6579=CARTESIAN_POINT('',(0.0138998532103363,0.0122558921179656,-0.00114443982461521));
#6580=CARTESIAN_POINT('',(0.0138991455581369,0.0126433374948022,-0.001032));
#6581=CARTESIAN_POINT('',(0.0138717042193673,0.0128392704740761,-0.001032));
#6582=CARTESIAN_POINT('',(0.0127578,0.0105465239131882,0.000127));
#6583=CARTESIAN_POINT('',(0.0127578,0.0105465239131882,-0.000473));
#6584=CARTESIAN_POINT('',(0.0127578,0.0105465239131882,0.000127));
#6585=CARTESIAN_POINT('',(0.0116078,0.0125222,-0.000473));
#6586=CARTESIAN_POINT('',(0.0104578,0.0105465239131882,-0.000473));
#6587=CARTESIAN_POINT('',(0.0104578,0.0105465239131882,0.000127));
#6588=CARTESIAN_POINT('',(0.0104578,0.0105465239131882,0.000127));
#6589=CARTESIAN_POINT('',(0.0116078,0.0125222,0.000127));
#6590=CARTESIAN_POINT('',(0.0116078,0.0125222,0.000127));
#6591=CARTESIAN_POINT('',(0.0116078,0.0125222,-0.004832));
#6592=CARTESIAN_POINT('',(0.0127578,0.0125222,-0.004832));
#6593=CARTESIAN_POINT('',(0.0116078,0.0125222,-0.000473));
#6594=CARTESIAN_POINT('',(0.0104578,0.0125222,-0.000473));
#6595=CARTESIAN_POINT('',(0.0127578,0.0125222,-0.000473));
#6596=CARTESIAN_POINT('',(0.0127578,0.0125222,-0.000473));
#6597=CARTESIAN_POINT('',(0.0127578,0.0125222,0.000127));
#6598=CARTESIAN_POINT('',(0.0116078,0.0125222,0.000127));
#6599=CARTESIAN_POINT('',(0.0104578,0.0125222,0.000127));
#6600=CARTESIAN_POINT('',(0.0104578,0.0125222,-0.000473));
#6601=CARTESIAN_POINT('',(0.0212829772294554,0.00325411899876827,0.000127));
#6602=CARTESIAN_POINT('',(0.0127578,1.7347234759768E-18,0.000127));
#6603=CARTESIAN_POINT('',(0.0104578,1.7347234759768E-18,0.000127));
#6604=CARTESIAN_POINT('',(0.0116078,-0.0125222,0.000127));
#6605=CARTESIAN_POINT('',(0.0116078,-0.0125222,-0.001032));
#6606=CARTESIAN_POINT('',(0.0112907295259239,-0.0102582957806327,-0.001032));
#6607=CARTESIAN_POINT('',(0.0138717042193673,-0.0128392704740761,-0.001032));
#6608=CARTESIAN_POINT('',(0.0138717042193673,-0.0128392704740761,-0.001032));
#6609=CARTESIAN_POINT('',(0.0138992481894117,-0.0126426047006912,-0.001032));
#6610=CARTESIAN_POINT('',(0.0139001556734243,-0.0122586943025246,-0.00114321336354066));
#6611=CARTESIAN_POINT('',(0.0137811275780124,-0.0117639759163859,-0.00144896495000278));
#6612=CARTESIAN_POINT('',(0.0135862072046443,-0.0113395996517968,-0.00178844300835097));
#6613=CARTESIAN_POINT('',(0.0132419614713283,-0.0108873395371991,-0.00206472059415141));
#6614=CARTESIAN_POINT('',(0.0127879814924157,-0.0105421247814019,-0.00178652204999179));
#6615=CARTESIAN_POINT('',(0.0123633537408786,-0.010348325477449,-0.00144734772030877));
#6616=CARTESIAN_POINT('',(0.0118741078820344,-0.0102301467896637,-0.00114443982461522));
#6617=CARTESIAN_POINT('',(0.0114866625051978,-0.0102308544418631,-0.001032));
#6618=CARTESIAN_POINT('',(0.0112907295259239,-0.0102582957806327,-0.001032));
#6619=CARTESIAN_POINT('',(0.0127578,-0.0105465239131882,0.000127));
#6620=CARTESIAN_POINT('',(0.0127578,-0.0105465239131882,0.000127));
#6621=CARTESIAN_POINT('',(0.0127578,-0.0105465239131882,-0.000473));
#6622=CARTESIAN_POINT('',(0.0116078,-0.0125222,0.000127));
#6623=CARTESIAN_POINT('',(0.0104578,-0.0105465239131882,0.000127));
#6624=CARTESIAN_POINT('',(0.0104578,-0.0105465239131882,0.000127));
#6625=CARTESIAN_POINT('',(0.0104578,-0.0105465239131882,-0.000473));
#6626=CARTESIAN_POINT('',(0.0116078,-0.0125222,-0.000473));
#6627=CARTESIAN_POINT('',(0.0208758810012317,-0.00284702277054453,0.000127));
#6628=CARTESIAN_POINT('',(0.0127578,1.7347234759768E-18,0.000127));
#6629=CARTESIAN_POINT('',(0.0127578,-0.0125222,0.000127));
#6630=CARTESIAN_POINT('',(0.0116078,-0.0125222,0.000127));
#6631=CARTESIAN_POINT('',(0.0104578,-0.0125222,0.000127));
#6632=CARTESIAN_POINT('',(0.0104578,1.7347234759768E-18,0.000127));
#6633=CARTESIAN_POINT('',(0.0366522,-0.0125222,0.000127));
#6634=CARTESIAN_POINT('',(0.0366522,-0.0125222,-0.001032));
#6635=CARTESIAN_POINT('',(0.0343882957806327,-0.0128392704740761,-0.001032));
#6636=CARTESIAN_POINT('',(0.0369692704740761,-0.0102582957806327,-0.001032));
#6637=CARTESIAN_POINT('',(0.0369692704740761,-0.0102582957806327,-0.001032));
#6638=CARTESIAN_POINT('',(0.0367726047006912,-0.0102307518105883,-0.001032));
#6639=CARTESIAN_POINT('',(0.0363886943025246,-0.0102298443265757,-0.00114321336354066));
#6640=CARTESIAN_POINT('',(0.0358939759163859,-0.0103488724219876,-0.00144896495000278));
#6641=CARTESIAN_POINT('',(0.0354695996517967,-0.0105437927953558,-0.00178844300835099));
#6642=CARTESIAN_POINT('',(0.0350173395371991,-0.0108880385286717,-0.00206472059415139));
#6643=CARTESIAN_POINT('',(0.0346721247814019,-0.0113420185075843,-0.00178652204999177));
#6644=CARTESIAN_POINT('',(0.034478325477449,-0.0117666462591214,-0.00144734772030876));
#6645=CARTESIAN_POINT('',(0.0343601467896637,-0.0122558921179656,-0.00114443982461521));
#6646=CARTESIAN_POINT('',(0.0343608544418631,-0.0126433374948022,-0.001032));
#6647=CARTESIAN_POINT('',(0.0343882957806327,-0.0128392704740761,-0.001032));
#6648=CARTESIAN_POINT('',(0.0378022,-0.0105465239131882,0.000127));
#6649=CARTESIAN_POINT('',(0.0378022,-0.0105465239131882,0.000127));
#6650=CARTESIAN_POINT('',(0.0378022,-0.0105465239131882,-0.000473));
#6651=CARTESIAN_POINT('',(0.0366522,-0.0125222,0.000127));
#6652=CARTESIAN_POINT('',(0.0355022,-0.0105465239131882,0.000127));
#6653=CARTESIAN_POINT('',(0.0355022,-0.0105465239131882,0.000127));
#6654=CARTESIAN_POINT('',(0.0355022,-0.0105465239131882,-0.000473));
#6655=CARTESIAN_POINT('',(0.0366522,-0.0125222,-0.000473));
#6656=CARTESIAN_POINT('',(0.0366522,-0.0125222,0.000127));
#6657=CARTESIAN_POINT('',(0.0366522,-0.0125222,-0.004832));
#6658=CARTESIAN_POINT('',(0.0378022,-0.0125222,-0.004832));
#6659=CARTESIAN_POINT('',(0.0366522,-0.0125222,0.000127));
#6660=CARTESIAN_POINT('',(0.0355022,-0.0125222,0.000127));
#6661=CARTESIAN_POINT('',(0.0378022,-0.0125222,0.000127));
#6662=CARTESIAN_POINT('',(0.0378022,-0.0125222,-0.000473));
#6663=CARTESIAN_POINT('',(0.0378022,-0.0125222,-0.000473));
#6664=CARTESIAN_POINT('',(0.0366522,-0.0125222,-0.000473));
#6665=CARTESIAN_POINT('',(0.0355022,-0.0125222,-0.000473));
#6666=CARTESIAN_POINT('',(0.0355022,-0.0125222,-0.000473));
#6667=CARTESIAN_POINT('',(0.0269770227705445,-0.00325411899876827,0.000127));
#6668=CARTESIAN_POINT('',(0.0378022,-3.46944695195361E-18,0.000127));
#6669=CARTESIAN_POINT('',(0.0355022,-1.7347234759768E-18,0.000127));
#6670=CARTESIAN_POINT('',(0.02413,0.,-0.00274102696002064));
#6671=CARTESIAN_POINT('',(0.02413,0.,-0.0027432));
#6672=CARTESIAN_POINT('',(0.03937,6.7160934492194E-18,-0.0027432));
#6673=CARTESIAN_POINT('',(0.02413,0.,-0.002032));
#6674=CARTESIAN_POINT('',(0.0148620385235525,-0.01297797146886,-0.002032));
#6675=CARTESIAN_POINT('',(0.0333979614764475,-0.01297797146886,-0.002032));
#6676=CARTESIAN_POINT('',(0.0333979614764475,-0.01297797146886,-0.002032));
#6677=CARTESIAN_POINT('',(0.0334611270076596,-0.0127590971763805,-0.002032));
#6678=CARTESIAN_POINT('',(0.0336695202280813,-0.0123602646336408,-0.00210255928005625));
#6679=CARTESIAN_POINT('',(0.0341859679203827,-0.0116449625575515,-0.00228747397673339));
#6680=CARTESIAN_POINT('',(0.0349454776634731,-0.0108180525665963,-0.00251151115893109));
#6681=CARTESIAN_POINT('',(0.0357735309113901,-0.0100571836257557,-0.00228799096451041));
#6682=CARTESIAN_POINT('',(0.0364893310954436,-0.00953998063498101,-0.00210268451061154));
#6683=CARTESIAN_POINT('',(0.0368894395734872,-0.00933102819434135,-0.002032));
#6684=CARTESIAN_POINT('',(0.0371079714688601,-0.0092679614764475,-0.002032));
#6685=CARTESIAN_POINT('',(0.03710797146886,-0.0092679614764475,-0.002032));
#6686=CARTESIAN_POINT('',(0.02413,0.,-0.002032));
#6687=CARTESIAN_POINT('',(0.03710797146886,0.0092679614764475,-0.002032));
#6688=CARTESIAN_POINT('',(0.0371079714688601,0.00926796147644749,-0.002032));
#6689=CARTESIAN_POINT('',(0.0368890971763806,0.00933112700765962,-0.002032));
#6690=CARTESIAN_POINT('',(0.0364902646336408,0.00953952022808129,-0.00210255928005625));
#6691=CARTESIAN_POINT('',(0.0357749625575515,0.0100559679203827,-0.00228747397673338));
#6692=CARTESIAN_POINT('',(0.0349480525665963,0.0108154776634731,-0.00251151115893108));
#6693=CARTESIAN_POINT('',(0.0341871836257557,0.0116435309113901,-0.00228799096451042));
#6694=CARTESIAN_POINT('',(0.033669980634981,0.0123593310954435,-0.00210268451061154));
#6695=CARTESIAN_POINT('',(0.0334610281943414,0.0127594395734872,-0.002032));
#6696=CARTESIAN_POINT('',(0.0333979614764475,0.01297797146886,-0.002032));
#6697=CARTESIAN_POINT('',(0.0333979614764475,0.01297797146886,-0.002032));
#6698=CARTESIAN_POINT('',(0.02413,0.,-0.002032));
#6699=CARTESIAN_POINT('',(0.0148620385235525,0.01297797146886,-0.002032));
#6700=CARTESIAN_POINT('',(0.0148620385235525,0.01297797146886,-0.002032));
#6701=CARTESIAN_POINT('',(0.0147988729923404,0.0127590971763805,-0.002032));
#6702=CARTESIAN_POINT('',(0.0145904797719187,0.0123602646336408,-0.00210255928005626));
#6703=CARTESIAN_POINT('',(0.0140740320796173,0.0116449625575515,-0.00228747397673339));
#6704=CARTESIAN_POINT('',(0.0133145223365269,0.0108180525665963,-0.00251151115893109));
#6705=CARTESIAN_POINT('',(0.0124864690886099,0.0100571836257557,-0.00228799096451041));
#6706=CARTESIAN_POINT('',(0.0117706689045565,0.00953998063498102,-0.00210268451061155));
#6707=CARTESIAN_POINT('',(0.0113705604265128,0.00933102819434134,-0.002032));
#6708=CARTESIAN_POINT('',(0.01115202853114,0.00926796147644749,-0.002032));
#6709=CARTESIAN_POINT('',(0.01115202853114,0.0092679614764475,-0.002032));
#6710=CARTESIAN_POINT('',(0.02413,0.,-0.002032));
#6711=CARTESIAN_POINT('',(0.01115202853114,-0.00926796147644749,-0.002032));
#6712=CARTESIAN_POINT('',(0.01115202853114,-0.00926796147644749,-0.002032));
#6713=CARTESIAN_POINT('',(0.0113709028236195,-0.00933112700765962,-0.002032));
#6714=CARTESIAN_POINT('',(0.0117697353663592,-0.0095395202280813,-0.00210255928005626));
#6715=CARTESIAN_POINT('',(0.0124850374424485,-0.0100559679203827,-0.00228747397673338));
#6716=CARTESIAN_POINT('',(0.0133119474334037,-0.0108154776634731,-0.00251151115893109));
#6717=CARTESIAN_POINT('',(0.0140728163742443,-0.0116435309113901,-0.00228799096451041));
#6718=CARTESIAN_POINT('',(0.014590019365019,-0.0123593310954435,-0.00210268451061155));
#6719=CARTESIAN_POINT('',(0.0147989718056587,-0.0127594395734872,-0.002032));
#6720=CARTESIAN_POINT('',(0.0148620385235525,-0.01297797146886,-0.002032));
#6721=CARTESIAN_POINT('',(0.02413,0.,-0.00508));
#6722=CARTESIAN_POINT('',(0.02113,0.002032,-0.00508));
#6723=CARTESIAN_POINT('',(0.02038,0.002032,-0.00508));
#6724=CARTESIAN_POINT('',(0.02113,-0.002032,-0.00508));
#6725=CARTESIAN_POINT('',(0.02038,-0.002032,-0.00508));
#6726=CARTESIAN_POINT('',(0.02713,-0.002032,-0.00508));
#6727=CARTESIAN_POINT('',(0.02638,-0.002032,-0.00508));
#6728=CARTESIAN_POINT('',(0.02413,-0.002032,-0.00508));
#6729=CARTESIAN_POINT('',(0.02338,-0.002032,-0.00508));
#6730=CARTESIAN_POINT('',(0.007985,2.90168985905984E-18,-0.00508));
#6731=CARTESIAN_POINT('',(0.007985,-0.012065,-0.00508));
#6732=CARTESIAN_POINT('',(0.007985,0.012065,-0.00508));
#6733=CARTESIAN_POINT('',(0.012065,0.012065,-0.00508));
#6734=CARTESIAN_POINT('',(0.012065,0.016145,-0.00508));
#6735=CARTESIAN_POINT('',(0.036195,0.016145,-0.00508));
#6736=CARTESIAN_POINT('',(0.036195,0.016145,-0.00508));
#6737=CARTESIAN_POINT('',(0.036195,0.012065,-0.00508));
#6738=CARTESIAN_POINT('',(0.040275,0.012065,-0.00508));
#6739=CARTESIAN_POINT('',(0.040275,-0.012065,-0.00508));
#6740=CARTESIAN_POINT('',(0.040275,-0.012065,-0.00508));
#6741=CARTESIAN_POINT('',(0.036195,-0.012065,-0.00508));
#6742=CARTESIAN_POINT('',(0.036195,-0.016145,-0.00508));
#6743=CARTESIAN_POINT('',(0.02413,-0.016145,-0.00508));
#6744=CARTESIAN_POINT('',(0.012065,-0.016145,-0.00508));
#6745=CARTESIAN_POINT('',(0.012065,-0.012065,-0.00508));
#6746=CARTESIAN_POINT('',(0.0298826620481345,0.00066699085447499,-0.00508));
#6747=CARTESIAN_POINT('',(0.0284697275099962,0.00050316853934078,-0.00508));
#6748=CARTESIAN_POINT('',(0.0291714620481344,0.00189882538881797,-0.00508));
#6749=CARTESIAN_POINT('',(0.02413,-7.04731412115578E-18,-0.00508));
#6750=CARTESIAN_POINT('',(0.0284697275099962,-0.000503168539340797,-0.00508));
#6751=CARTESIAN_POINT('',(0.0298826620481345,-0.000666990854475008,-0.00508));
#6752=CARTESIAN_POINT('',(0.0291714620481344,-0.00189882538881799,-0.00508));
#6753=CARTESIAN_POINT('',(0.02456815,0.000758898061336301,-0.00508));
#6754=CARTESIAN_POINT('',(0.0369919781464491,-0.00641400246338171,-0.00508));
#6755=CARTESIAN_POINT('',(0.0377031781464491,-0.00518216792903873,-0.00508));
#6756=CARTESIAN_POINT('',(0.0390320207621853,-0.00568951304097259,-0.00508));
#6757=CARTESIAN_POINT('',(0.02413,2.51534904016637E-17,-0.00508));
#6758=CARTESIAN_POINT('',(0.0390320207621853,0.00568951304097258,-0.00508));
#6759=CARTESIAN_POINT('',(0.0377031781464491,0.00518216792903872,-0.00508));
#6760=CARTESIAN_POINT('',(0.0369919781464491,0.00641400246338171,-0.00508));
#6761=CARTESIAN_POINT('',(0.0287472267894955,0.00165389304804304,-0.00508));
#6762=CARTESIAN_POINT('',(0.0218313,-0.00531544690030857,-0.00508));
#6763=CARTESIAN_POINT('',(0.0223958929824561,-0.00400989853882928,-0.00508));
#6764=CARTESIAN_POINT('',(0.0232537,-0.00531544690030857,-0.00508));
#6765=CARTESIAN_POINT('',(0.02413,-4.22838847269347E-17,-0.00508));
#6766=CARTESIAN_POINT('',(0.0215243795075477,-0.00350672999948849,-0.00508));
#6767=CARTESIAN_POINT('',(0.0206760379518655,-0.00464845604583357,-0.00508));
#6768=CARTESIAN_POINT('',(0.0199648379518655,-0.00341662151149059,-0.00508));
#6769=CARTESIAN_POINT('',(0.02456815,-0.0007588980613363,-0.00508));
#6770=CARTESIAN_POINT('',(0.012144321853551,-0.00793179858605429,-0.00508));
#6771=CARTESIAN_POINT('',(0.012855521853551,-0.00916363312039728,-0.00508));
#6772=CARTESIAN_POINT('',(0.0117517267902622,-0.0100607720272893,-0.00508));
#6773=CARTESIAN_POINT('',(0.02413,2.51534904016637E-17,-0.00508));
#6774=CARTESIAN_POINT('',(0.0216062524475525,-0.0157502850682619,-0.00508));
#6775=CARTESIAN_POINT('',(0.0218313,-0.014345801049436,-0.00508));
#6776=CARTESIAN_POINT('',(0.0232537,-0.014345801049436,-0.00508));
#6777=CARTESIAN_POINT('',(0.0232537,-0.00482558221875869,-0.00508));
#6778=CARTESIAN_POINT('',(0.0183773379518655,-0.000666990854474994,-0.00508));
#6779=CARTESIAN_POINT('',(0.0197902724900038,-0.00050316853934078,-0.00508));
#6780=CARTESIAN_POINT('',(0.0190885379518655,-0.00189882538881798,-0.00508));
#6781=CARTESIAN_POINT('',(0.02413,3.46944695195361E-18,-0.00508));
#6782=CARTESIAN_POINT('',(0.0197902724900038,0.000503168539340788,-0.00508));
#6783=CARTESIAN_POINT('',(0.0183773379518655,0.000666990854475003,-0.00508));
#6784=CARTESIAN_POINT('',(0.0190885379518655,0.00189882538881799,-0.00508));
#6785=CARTESIAN_POINT('',(0.02369185,-0.000758898061336303,-0.00508));
#6786=CARTESIAN_POINT('',(0.0112680218535509,0.00641400246338171,-0.00508));
#6787=CARTESIAN_POINT('',(0.0105568218535509,0.00518216792903873,-0.00508));
#6788=CARTESIAN_POINT('',(0.00922797923781467,0.00568951304097259,-0.00508));
#6789=CARTESIAN_POINT('',(0.02413,2.51534904016637E-17,-0.00508));
#6790=CARTESIAN_POINT('',(0.00922797923781469,-0.00568951304097257,-0.00508));
#6791=CARTESIAN_POINT('',(0.010556821853551,-0.00518216792903871,-0.00508));
#6792=CARTESIAN_POINT('',(0.011268021853551,-0.00641400246338169,-0.00508));
#6793=CARTESIAN_POINT('',(0.0195127732105045,-0.00165389304804304,-0.00508));
#6794=CARTESIAN_POINT('',(0.0206760379518655,0.00464845604583358,-0.00508));
#6795=CARTESIAN_POINT('',(0.0215243795075477,0.00350672999948849,-0.00508));
#6796=CARTESIAN_POINT('',(0.0199648379518656,0.00341662151149059,-0.00508));
#6797=CARTESIAN_POINT('',(0.02413,4.46691295064028E-17,-0.00508));
#6798=CARTESIAN_POINT('',(0.0223958929824561,0.00400989853882928,-0.00508));
#6799=CARTESIAN_POINT('',(0.0218313,0.00531544690030857,-0.00508));
#6800=CARTESIAN_POINT('',(0.0232537,0.00531544690030857,-0.00508));
#6801=CARTESIAN_POINT('',(0.0232537,0.,-0.00508));
#6802=CARTESIAN_POINT('',(0.0232537,0.014345801049436,-0.00508));
#6803=CARTESIAN_POINT('',(0.0218313,0.014345801049436,-0.00508));
#6804=CARTESIAN_POINT('',(0.0216062524475525,0.015750285068262,-0.00508));
#6805=CARTESIAN_POINT('',(0.02413,2.51534904016637E-17,-0.00508));
#6806=CARTESIAN_POINT('',(0.0117517267902622,0.0100607720272894,-0.00508));
#6807=CARTESIAN_POINT('',(0.0128555218535509,0.00916363312039731,-0.00508));
#6808=CARTESIAN_POINT('',(0.0121443218535509,0.00793179858605432,-0.00508));
#6809=CARTESIAN_POINT('',(0.0203890732105045,0.00317168917071565,-0.00508));
#6810=CARTESIAN_POINT('',(0.0275839620481345,-0.00464845604583358,-0.00508));
#6811=CARTESIAN_POINT('',(0.0267356204924523,-0.00350672999948849,-0.00508));
#6812=CARTESIAN_POINT('',(0.0282951620481344,-0.00341662151149059,-0.00508));
#6813=CARTESIAN_POINT('',(0.02413,2.49366499671666E-17,-0.00508));
#6814=CARTESIAN_POINT('',(0.0258641070175438,-0.00400989853882928,-0.00508));
#6815=CARTESIAN_POINT('',(0.0264287,-0.00531544690030858,-0.00508));
#6816=CARTESIAN_POINT('',(0.0250063,-0.00531544690030858,-0.00508));
#6817=CARTESIAN_POINT('',(0.0250063,0.,-0.00508));
#6818=CARTESIAN_POINT('',(0.0250063,-0.014345801049436,-0.00508));
#6819=CARTESIAN_POINT('',(0.0264287,-0.014345801049436,-0.00508));
#6820=CARTESIAN_POINT('',(0.0266537475524476,-0.0157502850682619,-0.00508));
#6821=CARTESIAN_POINT('',(0.02413,2.51534904016637E-17,-0.00508));
#6822=CARTESIAN_POINT('',(0.0365082732097377,-0.0100607720272893,-0.00508));
#6823=CARTESIAN_POINT('',(0.0354044781464491,-0.00916363312039729,-0.00508));
#6824=CARTESIAN_POINT('',(0.0361156781464491,-0.0079317985860543,-0.00508));
#6825=CARTESIAN_POINT('',(0.0278709267894955,-0.00317168917071565,-0.00508));
#6826=CARTESIAN_POINT('',(0.0264287,0.00531544690030857,-0.00508));
#6827=CARTESIAN_POINT('',(0.0258641070175438,0.00400989853882927,-0.00508));
#6828=CARTESIAN_POINT('',(0.0250063,0.00531544690030857,-0.00508));
#6829=CARTESIAN_POINT('',(0.02413,-2.5804011705155E-17,-0.00508));
#6830=CARTESIAN_POINT('',(0.0267356204924524,0.00350672999948849,-0.00508));
#6831=CARTESIAN_POINT('',(0.0275839620481345,0.00464845604583357,-0.00508));
#6832=CARTESIAN_POINT('',(0.0282951620481345,0.00341662151149059,-0.00508));
#6833=CARTESIAN_POINT('',(0.02369185,0.0007588980613363,-0.00508));
#6834=CARTESIAN_POINT('',(0.0361156781464491,0.00793179858605432,-0.00508));
#6835=CARTESIAN_POINT('',(0.0354044781464491,0.0091636331203973,-0.00508));
#6836=CARTESIAN_POINT('',(0.0365082732097378,0.0100607720272893,-0.00508));
#6837=CARTESIAN_POINT('',(0.02413,2.51534904016637E-17,-0.00508));
#6838=CARTESIAN_POINT('',(0.0266537475524476,0.015750285068262,-0.00508));
#6839=CARTESIAN_POINT('',(0.0264287,0.014345801049436,-0.00508));
#6840=CARTESIAN_POINT('',(0.0250063,0.014345801049436,-0.00508));
#6841=CARTESIAN_POINT('',(0.0250063,0.00482558221875868,-0.00508));
#6842=CARTESIAN_POINT('',(0.02413,2.51534904016637E-17,-0.002032));
#6843=CARTESIAN_POINT('',(0.0265412237762238,0.015048043058849,-0.002032));
#6844=CARTESIAN_POINT('',(0.0265412237762238,0.015048043058849,-0.0028448));
#6845=CARTESIAN_POINT('',(0.0265412237762238,0.015048043058849,-0.0043688));
#6846=CARTESIAN_POINT('',(0.02413,2.51534904016637E-17,-0.0043688));
#6847=CARTESIAN_POINT('',(0.0359563756780934,0.00961220257384332,-0.0043688));
#6848=CARTESIAN_POINT('',(0.0359563756780934,0.00961220257384332,-0.002032));
#6849=CARTESIAN_POINT('',(0.0359563756780934,0.00961220257384333,-0.0028448));
#6850=CARTESIAN_POINT('',(0.02413,0.,-0.0028448));
#6851=CARTESIAN_POINT('',(0.0383675994543172,0.00543584048500566,-0.0028448));
#6852=CARTESIAN_POINT('',(0.0383675994543172,0.00543584048500565,-0.002032));
#6853=CARTESIAN_POINT('',(0.0383675994543172,0.00543584048500565,-0.0043688));
#6854=CARTESIAN_POINT('',(0.02413,2.51534904016637E-17,-0.0043688));
#6855=CARTESIAN_POINT('',(0.0383675994543171,-0.00543584048500566,-0.0043688));
#6856=CARTESIAN_POINT('',(0.0383675994543171,-0.00543584048500566,-0.002032));
#6857=CARTESIAN_POINT('',(0.0383675994543172,-0.00543584048500567,-0.0028448));
#6858=CARTESIAN_POINT('',(0.02413,0.,-0.0028448));
#6859=CARTESIAN_POINT('',(0.0359563756780934,-0.00961220257384334,-0.0028448));
#6860=CARTESIAN_POINT('',(0.0359563756780934,-0.00961220257384332,-0.002032));
#6861=CARTESIAN_POINT('',(0.0359563756780934,-0.00961220257384332,-0.0043688));
#6862=CARTESIAN_POINT('',(0.02413,2.51534904016637E-17,-0.0043688));
#6863=CARTESIAN_POINT('',(0.0265412237762238,-0.0150480430588489,-0.0043688));
#6864=CARTESIAN_POINT('',(0.0265412237762238,-0.0150480430588489,-0.002032));
#6865=CARTESIAN_POINT('',(0.0265412237762238,-0.015048043058849,-0.0028448));
#6866=CARTESIAN_POINT('',(0.02413,0.,-0.0028448));
#6867=CARTESIAN_POINT('',(0.0217187762237762,-0.015048043058849,-0.0028448));
#6868=CARTESIAN_POINT('',(0.0217187762237762,-0.0150480430588489,-0.002032));
#6869=CARTESIAN_POINT('',(0.0217187762237762,-0.0150480430588489,-0.0043688));
#6870=CARTESIAN_POINT('',(0.02413,2.51534904016637E-17,-0.0043688));
#6871=CARTESIAN_POINT('',(0.0123036243219066,-0.0096122025738433,-0.0043688));
#6872=CARTESIAN_POINT('',(0.0123036243219066,-0.0096122025738433,-0.002032));
#6873=CARTESIAN_POINT('',(0.0123036243219066,-0.00961220257384333,-0.0028448));
#6874=CARTESIAN_POINT('',(0.02413,0.,-0.0028448));
#6875=CARTESIAN_POINT('',(0.00989240054568279,-0.00543584048500565,-0.0028448));
#6876=CARTESIAN_POINT('',(0.00989240054568282,-0.00543584048500564,-0.002032));
#6877=CARTESIAN_POINT('',(0.00989240054568282,-0.00543584048500564,-0.0043688));
#6878=CARTESIAN_POINT('',(0.02413,2.51534904016637E-17,-0.0043688));
#6879=CARTESIAN_POINT('',(0.00989240054568281,0.00543584048500566,-0.0043688));
#6880=CARTESIAN_POINT('',(0.00989240054568281,0.00543584048500566,-0.002032));
#6881=CARTESIAN_POINT('',(0.00989240054568279,0.00543584048500566,-0.0028448));
#6882=CARTESIAN_POINT('',(0.02413,0.,-0.0028448));
#6883=CARTESIAN_POINT('',(0.0123036243219066,0.00961220257384333,-0.0028448));
#6884=CARTESIAN_POINT('',(0.0123036243219066,0.00961220257384333,-0.002032));
#6885=CARTESIAN_POINT('',(0.0123036243219066,0.00961220257384333,-0.0043688));
#6886=CARTESIAN_POINT('',(0.02413,2.51534904016637E-17,-0.0043688));
#6887=CARTESIAN_POINT('',(0.0217187762237762,0.015048043058849,-0.0043688));
#6888=CARTESIAN_POINT('',(0.0217187762237762,0.015048043058849,-0.002032));
#6889=CARTESIAN_POINT('',(0.0217187762237762,0.015048043058849,-0.0028448));
#6890=CARTESIAN_POINT('',(0.02413,0.,-0.0028448));
#6891=CARTESIAN_POINT('',(0.0335765018381095,0.00362085327445578,-0.002032));
#6892=CARTESIAN_POINT('',(0.0373475781464491,0.00579808519621021,-0.0028448));
#6893=CARTESIAN_POINT('',(0.0373475781464491,0.00579808519621021,-0.0043688));
#6894=CARTESIAN_POINT('',(0.0373475781464491,0.00579808519621021,-0.0042672));
#6895=CARTESIAN_POINT('',(0.0335765018381095,0.00362085327445578,-0.0042672));
#6896=CARTESIAN_POINT('',(0.034594415695019,0.00420854611375429,-0.0042672));
#6897=CARTESIAN_POINT('',(0.034594415695019,0.00420854611375429,-0.0042672));
#6898=CARTESIAN_POINT('',(0.0342685838061117,0.0040204269849831,-0.0042672));
#6899=CARTESIAN_POINT('',(0.0339521649125469,0.00383774245160679,-0.00411480312462151));
#6900=CARTESIAN_POINT('',(0.0337226285333087,0.0037052195612648,-0.00384778447550247));
#6901=CARTESIAN_POINT('',(0.0337226285333087,0.0037052195612648,-0.00384778447550247));
#6902=CARTESIAN_POINT('',(0.0337226285333087,0.0037052195612648,-0.00384778447550247));
#6903=CARTESIAN_POINT('',(0.0334062490197164,0.00352255776392619,-0.00347974159441878));
#6904=CARTESIAN_POINT('',(0.0330899873366736,0.00333996399608707,-0.00311156377234926));
#6905=CARTESIAN_POINT('',(0.0327738880255263,0.00315746397370553,-0.00274319999999999));
#6906=CARTESIAN_POINT('',(0.0327738880255263,0.00315746397370553,-0.0027432));
#6907=CARTESIAN_POINT('',(0.0335765018381095,0.00362085327445578,-0.0027432));
#6908=CARTESIAN_POINT('',(0.0295270620481345,0.00128290812164648,-0.0027432));
#6909=CARTESIAN_POINT('',(0.0295270620481345,0.00128290812164648,-0.002032));
#6910=CARTESIAN_POINT('',(0.0295270620481345,0.00128290812164648,-0.0043688));
#6911=CARTESIAN_POINT('',(0.0373475781464491,0.00579808519621021,-0.0043688));
#6912=CARTESIAN_POINT('',(0.02413,0.,-0.002032));
#6913=CARTESIAN_POINT('',(0.02413,7.65404249467096E-20,-0.002032));
#6914=CARTESIAN_POINT('',(0.02668,7.65404249467096E-20,-0.002032));
#6915=CARTESIAN_POINT('',(0.0218313,-0.00531544690030857,-0.002032));
#6916=CARTESIAN_POINT('',(0.0232537,-0.00531544690030857,-0.002032));
#6917=CARTESIAN_POINT('',(0.0223958929824561,-0.00400989853882928,-0.002032));
#6918=CARTESIAN_POINT('',(0.0232537,0.,-0.002032));
#6919=CARTESIAN_POINT('',(0.0232537,-0.00907190465689473,-0.002032));
#6920=CARTESIAN_POINT('',(0.02413,0.,-0.002032));
#6921=CARTESIAN_POINT('',(0.0250063573770034,-0.00907189911420079,-0.002032));
#6922=CARTESIAN_POINT('',(0.0250063,-0.00482558221875869,-0.002032));
#6923=CARTESIAN_POINT('',(0.0250063,-0.00531544690030858,-0.002032));
#6924=CARTESIAN_POINT('',(0.0264287,-0.00531544690030858,-0.002032));
#6925=CARTESIAN_POINT('',(0.0258641070175438,-0.00400989853882928,-0.002032));
#6926=CARTESIAN_POINT('',(0.02413,2.49366499671666E-17,-0.002032));
#6927=CARTESIAN_POINT('',(0.0267356204924523,-0.00350672999948849,-0.002032));
#6928=CARTESIAN_POINT('',(0.0275839620481345,-0.00464845604583358,-0.002032));
#6929=CARTESIAN_POINT('',(0.0282951620481344,-0.00341662151149059,-0.002032));
#6930=CARTESIAN_POINT('',(0.02369185,-0.000758898061336306,-0.002032));
#6931=CARTESIAN_POINT('',(0.0315483498935812,-0.00529485038978368,-0.002032));
#6932=CARTESIAN_POINT('',(0.02413,0.,-0.002032));
#6933=CARTESIAN_POINT('',(0.0324246737819688,-0.00377700180582227,-0.002032));
#6934=CARTESIAN_POINT('',(0.0287472267894955,-0.00165389304804305,-0.002032));
#6935=CARTESIAN_POINT('',(0.0291714620481344,-0.00189882538881799,-0.002032));
#6936=CARTESIAN_POINT('',(0.0298826620481345,-0.000666990854475008,-0.002032));
#6937=CARTESIAN_POINT('',(0.0284697275099962,-0.000503168539340797,-0.002032));
#6938=CARTESIAN_POINT('',(0.02413,-7.04731412115578E-18,-0.002032));
#6939=CARTESIAN_POINT('',(0.0284697275099962,0.00050316853934078,-0.002032));
#6940=CARTESIAN_POINT('',(0.0298826620481345,0.00066699085447499,-0.002032));
#6941=CARTESIAN_POINT('',(0.0291714620481344,0.00189882538881798,-0.002032));
#6942=CARTESIAN_POINT('',(0.02456815,-0.000758898061336311,-0.002032));
#6943=CARTESIAN_POINT('',(0.0324246498935812,0.00377705426711106,-0.002032));
#6944=CARTESIAN_POINT('',(0.02413,0.,-0.002032));
#6945=CARTESIAN_POINT('',(0.0315483164049647,0.00529489730838065,-0.002032));
#6946=CARTESIAN_POINT('',(0.0278709267894955,0.00317168917071564,-0.002032));
#6947=CARTESIAN_POINT('',(0.0282951620481345,0.00341662151149059,-0.002032));
#6948=CARTESIAN_POINT('',(0.0275839620481345,0.00464845604583357,-0.002032));
#6949=CARTESIAN_POINT('',(0.0267356204924524,0.00350672999948849,-0.002032));
#6950=CARTESIAN_POINT('',(0.02413,-2.5804011705155E-17,-0.002032));
#6951=CARTESIAN_POINT('',(0.0258641070175438,0.00400989853882927,-0.002032));
#6952=CARTESIAN_POINT('',(0.0264287,0.00531544690030857,-0.002032));
#6953=CARTESIAN_POINT('',(0.0250063,0.00531544690030857,-0.002032));
#6954=CARTESIAN_POINT('',(0.0250063,0.,-0.002032));
#6955=CARTESIAN_POINT('',(0.0250063,0.00907190465689473,-0.002032));
#6956=CARTESIAN_POINT('',(0.02413,0.,-0.002032));
#6957=CARTESIAN_POINT('',(0.023253642622995,0.00907189911420064,-0.002032));
#6958=CARTESIAN_POINT('',(0.0232537,0.00482558221875869,-0.002032));
#6959=CARTESIAN_POINT('',(0.0232537,0.00531544690030857,-0.002032));
#6960=CARTESIAN_POINT('',(0.0218313,0.00531544690030857,-0.002032));
#6961=CARTESIAN_POINT('',(0.0223958929824561,0.00400989853882928,-0.002032));
#6962=CARTESIAN_POINT('',(0.02413,4.46691295064028E-17,-0.002032));
#6963=CARTESIAN_POINT('',(0.0215243795075477,0.00350672999948849,-0.002032));
#6964=CARTESIAN_POINT('',(0.0206760379518655,0.00464845604583358,-0.002032));
#6965=CARTESIAN_POINT('',(0.0199648379518656,0.00341662151149059,-0.002032));
#6966=CARTESIAN_POINT('',(0.02456815,0.000758898061336306,-0.002032));
#6967=CARTESIAN_POINT('',(0.0167116501064188,0.00529485038978367,-0.002032));
#6968=CARTESIAN_POINT('',(0.02413,0.,-0.002032));
#6969=CARTESIAN_POINT('',(0.0158353262180304,0.0037770018058204,-0.002032));
#6970=CARTESIAN_POINT('',(0.0195127732105045,0.00165389304804305,-0.002032));
#6971=CARTESIAN_POINT('',(0.0190885379518655,0.00189882538881799,-0.002032));
#6972=CARTESIAN_POINT('',(0.0183773379518655,0.000666990854475003,-0.002032));
#6973=CARTESIAN_POINT('',(0.0197902724900038,0.000503168539340788,-0.002032));
#6974=CARTESIAN_POINT('',(0.02413,3.46944695195361E-18,-0.002032));
#6975=CARTESIAN_POINT('',(0.0197902724900038,-0.00050316853934078,-0.002032));
#6976=CARTESIAN_POINT('',(0.0183773379518655,-0.000666990854474994,-0.002032));
#6977=CARTESIAN_POINT('',(0.0190885379518655,-0.00189882538881798,-0.002032));
#6978=CARTESIAN_POINT('',(0.02369185,0.000758898061336308,-0.002032));
#6979=CARTESIAN_POINT('',(0.0158353501064188,-0.00377705426711105,-0.002032));
#6980=CARTESIAN_POINT('',(0.02413,0.,-0.002032));
#6981=CARTESIAN_POINT('',(0.0167116835950343,-0.00529489730837928,-0.002032));
#6982=CARTESIAN_POINT('',(0.0203890732105045,-0.00317168917071564,-0.002032));
#6983=CARTESIAN_POINT('',(0.0199648379518655,-0.00341662151149059,-0.002032));
#6984=CARTESIAN_POINT('',(0.0206760379518655,-0.00464845604583357,-0.002032));
#6985=CARTESIAN_POINT('',(0.0215243795075477,-0.00350672999948849,-0.002032));
#6986=CARTESIAN_POINT('',(0.02413,-4.22838847269347E-17,-0.002032));
#6987=CARTESIAN_POINT('',(0.041275,0.,-0.002032));
#6988=CARTESIAN_POINT('',(0.041275,-0.012065,-0.002032));
#6989=CARTESIAN_POINT('',(0.041275,-0.012065,-0.003032));
#6990=CARTESIAN_POINT('',(0.041275,-0.012065,-0.00408));
#6991=CARTESIAN_POINT('',(0.041275,0.012065,-0.00408));
#6992=CARTESIAN_POINT('',(0.041275,0.012065,-0.00408));
#6993=CARTESIAN_POINT('',(0.041275,0.012065,-0.002032));
#6994=CARTESIAN_POINT('',(0.041275,0.012065,-0.003032));
#6995=CARTESIAN_POINT('',(0.041275,0.,-0.003032));
#6996=CARTESIAN_POINT('',(0.036195,0.012065,-0.002032));
#6997=CARTESIAN_POINT('',(0.036195,0.012065,-0.00408));
#6998=CARTESIAN_POINT('',(0.036195,0.017145,-0.00408));
#6999=CARTESIAN_POINT('',(0.036195,0.017145,-0.002032));
#7000=CARTESIAN_POINT('',(0.036195,0.017145,-0.003032));
#7001=CARTESIAN_POINT('',(0.036195,0.012065,-0.003032));
#7002=CARTESIAN_POINT('',(0.02413,0.017145,-0.002032));
#7003=CARTESIAN_POINT('',(0.012065,0.017145,-0.00408));
#7004=CARTESIAN_POINT('',(0.012065,0.017145,-0.00408));
#7005=CARTESIAN_POINT('',(0.012065,0.017145,-0.002032));
#7006=CARTESIAN_POINT('',(0.012065,0.017145,-0.003032));
#7007=CARTESIAN_POINT('',(0.02413,0.017145,-0.003032));
#7008=CARTESIAN_POINT('',(0.012065,0.012065,-0.002032));
#7009=CARTESIAN_POINT('',(0.012065,0.012065,-0.00408));
#7010=CARTESIAN_POINT('',(0.006985,0.012065,-0.00408));
#7011=CARTESIAN_POINT('',(0.006985,0.012065,-0.002032));
#7012=CARTESIAN_POINT('',(0.006985,0.012065,-0.003032));
#7013=CARTESIAN_POINT('',(0.012065,0.012065,-0.003032));
#7014=CARTESIAN_POINT('',(0.006985,8.67361737988404E-19,-0.002032));
#7015=CARTESIAN_POINT('',(0.006985,8.67361737988404E-19,-0.00408));
#7016=CARTESIAN_POINT('',(0.006985,-0.012065,-0.00408));
#7017=CARTESIAN_POINT('',(0.006985,-0.012065,-0.002032));
#7018=CARTESIAN_POINT('',(0.006985,-0.012065,-0.003032));
#7019=CARTESIAN_POINT('',(0.006985,0.012065,-0.003032));
#7020=CARTESIAN_POINT('',(0.012065,-0.012065,-0.002032));
#7021=CARTESIAN_POINT('',(0.012065,-0.012065,-0.00408));
#7022=CARTESIAN_POINT('',(0.012065,-0.017145,-0.00408));
#7023=CARTESIAN_POINT('',(0.012065,-0.017145,-0.002032));
#7024=CARTESIAN_POINT('',(0.012065,-0.017145,-0.003032));
#7025=CARTESIAN_POINT('',(0.012065,-0.012065,-0.003032));
#7026=CARTESIAN_POINT('',(0.02413,-0.017145,-0.002032));
#7027=CARTESIAN_POINT('',(0.02413,-0.017145,-0.00408));
#7028=CARTESIAN_POINT('',(0.036195,-0.017145,-0.00408));
#7029=CARTESIAN_POINT('',(0.036195,-0.017145,-0.002032));
#7030=CARTESIAN_POINT('',(0.036195,-0.017145,-0.003032));
#7031=CARTESIAN_POINT('',(0.012065,-0.017145,-0.003032));
#7032=CARTESIAN_POINT('',(0.0319890018381096,0.00637048393147137,-0.002032));
#7033=CARTESIAN_POINT('',(0.0321351285333087,0.00645485021828039,-0.00384778447550247));
#7034=CARTESIAN_POINT('',(0.0323646681420952,0.00658737497320293,-0.0041148068815406));
#7035=CARTESIAN_POINT('',(0.0326810777691949,0.00677005415658315,-0.0042672));
#7036=CARTESIAN_POINT('',(0.033006915695019,0.00695817677076989,-0.0042672));
#7037=CARTESIAN_POINT('',(0.0321351285333087,0.00645485021828039,-0.00384778447550247));
#7038=CARTESIAN_POINT('',(0.033006915695019,0.00695817677076989,-0.0042672));
#7039=CARTESIAN_POINT('',(0.0357600781464491,0.00854771585322581,-0.0042672));
#7040=CARTESIAN_POINT('',(0.0357600781464491,0.00854771585322581,-0.0042672));
#7041=CARTESIAN_POINT('',(0.0357600781464491,0.00854771585322581,-0.002032));
#7042=CARTESIAN_POINT('',(0.0357600781464491,0.00854771585322581,-0.0043688));
#7043=CARTESIAN_POINT('',(0.0319890018381096,0.00637048393147137,-0.0043688));
#7044=CARTESIAN_POINT('',(0.0279395620481345,0.00403253877866208,-0.0043688));
#7045=CARTESIAN_POINT('',(0.0279395620481345,0.00403253877866208,-0.002032));
#7046=CARTESIAN_POINT('',(0.0279395620481345,0.00403253877866208,-0.0027432));
#7047=CARTESIAN_POINT('',(0.0311086627307961,0.0058622199108858,-0.0027432));
#7048=CARTESIAN_POINT('',(0.0311863880255263,0.00590709463072113,-0.0027432));
#7049=CARTESIAN_POINT('',(0.0311863880255263,0.00590709463072113,-0.00274320000000001));
#7050=CARTESIAN_POINT('',(0.0315024873366736,0.00608959465310267,-0.00311156377234928));
#7051=CARTESIAN_POINT('',(0.0318187490197164,0.0062721884209418,-0.00347974159441878));
#7052=CARTESIAN_POINT('',(0.0321351285333087,0.0064548502182804,-0.00384778447550248));
#7053=CARTESIAN_POINT('',(0.02413,-2.5804011705155E-17,-0.002032));
#7054=CARTESIAN_POINT('',(0.02413,-2.5804011705155E-17,-0.0027432));
#7055=CARTESIAN_POINT('',(0.0261464035087719,0.00466267271956892,-0.0027432));
#7056=CARTESIAN_POINT('',(0.0271597912702934,0.00407759302266103,-0.0027432));
#7057=CARTESIAN_POINT('',(0.0271597912702934,0.00407759302266103,-0.002032));
#7058=CARTESIAN_POINT('',(0.0271597912702934,0.00407759302266103,-0.0043688));
#7059=CARTESIAN_POINT('',(0.02413,-2.5804011705155E-17,-0.0043688));
#7060=CARTESIAN_POINT('',(0.0261464035087719,0.00466267271956892,-0.0043688));
#7061=CARTESIAN_POINT('',(0.0261464035087719,0.00466267271956892,-0.002032));
#7062=CARTESIAN_POINT('',(0.0257175,0.00999133720592715,-0.002032));
#7063=CARTESIAN_POINT('',(0.0257175,0.014345801049436,-0.0028448));
#7064=CARTESIAN_POINT('',(0.0257175,0.014345801049436,-0.0043688));
#7065=CARTESIAN_POINT('',(0.0257175,0.014345801049436,-0.0042672));
#7066=CARTESIAN_POINT('',(0.0257175,0.00999133720592715,-0.0042672));
#7067=CARTESIAN_POINT('',(0.0257175,0.0111667228845242,-0.0042672));
#7068=CARTESIAN_POINT('',(0.0257175,0.0111667228845242,-0.0042672));
#7069=CARTESIAN_POINT('',(0.0257175,0.0107904846269818,-0.0042672));
#7070=CARTESIAN_POINT('',(0.0257175,0.0104251155602292,-0.00411480312462151));
#7071=CARTESIAN_POINT('',(0.0257175,0.0101600697795452,-0.00384778447550248));
#7072=CARTESIAN_POINT('',(0.0257175,0.0101600697795452,-0.00384778447550248));
#7073=CARTESIAN_POINT('',(0.0257175,0.0101600697795452,-0.00384778447550248));
#7074=CARTESIAN_POINT('',(0.0257175,0.00979474618486799,-0.00347974159441878));
#7075=CARTESIAN_POINT('',(0.0257175,0.00942955864918974,-0.00311156377234928));
#7076=CARTESIAN_POINT('',(0.0257175,0.00906455860442666,-0.0027432));
#7077=CARTESIAN_POINT('',(0.0257175,0.00906455860442667,-0.0027432));
#7078=CARTESIAN_POINT('',(0.0257175,0.00999133720592715,-0.0027432));
#7079=CARTESIAN_POINT('',(0.0257175,0.00531544690030857,-0.0027432));
#7080=CARTESIAN_POINT('',(0.0257175,0.00531544690030857,-0.002032));
#7081=CARTESIAN_POINT('',(0.0257175,0.00531544690030857,-0.0043688));
#7082=CARTESIAN_POINT('',(0.0257175,0.014345801049436,-0.0043688));
#7083=CARTESIAN_POINT('',(0.0335765018381095,-0.00362085327445579,-0.002032));
#7084=CARTESIAN_POINT('',(0.0337226285333087,-0.00370521956126481,-0.00384778447550248));
#7085=CARTESIAN_POINT('',(0.0339521681420952,-0.00383774431618735,-0.0041148068815406));
#7086=CARTESIAN_POINT('',(0.0342685777691949,-0.00402042349956757,-0.0042672));
#7087=CARTESIAN_POINT('',(0.034594415695019,-0.00420854611375431,-0.0042672));
#7088=CARTESIAN_POINT('',(0.0337226285333087,-0.00370521956126481,-0.00384778447550248));
#7089=CARTESIAN_POINT('',(0.034594415695019,-0.00420854611375431,-0.0042672));
#7090=CARTESIAN_POINT('',(0.0373475781464491,-0.00579808519621022,-0.0042672));
#7091=CARTESIAN_POINT('',(0.0373475781464491,-0.00579808519621022,-0.0042672));
#7092=CARTESIAN_POINT('',(0.0373475781464491,-0.00579808519621022,-0.002032));
#7093=CARTESIAN_POINT('',(0.0373475781464491,-0.00579808519621022,-0.0043688));
#7094=CARTESIAN_POINT('',(0.0335765018381095,-0.00362085327445579,-0.0043688));
#7095=CARTESIAN_POINT('',(0.0295270620481345,-0.0012829081216465,-0.0043688));
#7096=CARTESIAN_POINT('',(0.0295270620481345,-0.0012829081216465,-0.002032));
#7097=CARTESIAN_POINT('',(0.0295270620481345,-0.0012829081216465,-0.0027432));
#7098=CARTESIAN_POINT('',(0.0326961627307961,-0.00311258925387022,-0.0027432));
#7099=CARTESIAN_POINT('',(0.0327738880255263,-0.00315746397370555,-0.0027432));
#7100=CARTESIAN_POINT('',(0.0327738880255263,-0.00315746397370554,-0.00274320000000001));
#7101=CARTESIAN_POINT('',(0.0330899873366736,-0.00333996399608708,-0.00311156377234928));
#7102=CARTESIAN_POINT('',(0.0334062490197164,-0.00352255776392621,-0.00347974159441878));
#7103=CARTESIAN_POINT('',(0.0337226285333087,-0.00370521956126481,-0.00384778447550247));
#7104=CARTESIAN_POINT('',(0.02413,-7.04731412115578E-18,-0.002032));
#7105=CARTESIAN_POINT('',(0.02413,-7.04731412115578E-18,-0.0027432));
#7106=CARTESIAN_POINT('',(0.0291761947790654,0.000585079696907885,-0.0027432));
#7107=CARTESIAN_POINT('',(0.0291761947790654,-0.000585079696907903,-0.0027432));
#7108=CARTESIAN_POINT('',(0.0291761947790654,-0.000585079696907903,-0.002032));
#7109=CARTESIAN_POINT('',(0.0291761947790654,-0.000585079696907903,-0.0043688));
#7110=CARTESIAN_POINT('',(0.02413,-7.04731412115578E-18,-0.0043688));
#7111=CARTESIAN_POINT('',(0.0291761947790654,0.000585079696907885,-0.0043688));
#7112=CARTESIAN_POINT('',(0.0291761947790654,0.000585079696907885,-0.002032));
#7113=CARTESIAN_POINT('',(0.0257175,-0.00999133720592715,-0.002032));
#7114=CARTESIAN_POINT('',(0.0257175,-0.0101600697795452,-0.00384778447550248));
#7115=CARTESIAN_POINT('',(0.0257175,-0.0104251192893903,-0.00411480688154061));
#7116=CARTESIAN_POINT('',(0.0257175,-0.0107904776561507,-0.0042672));
#7117=CARTESIAN_POINT('',(0.0257175,-0.0111667228845242,-0.0042672));
#7118=CARTESIAN_POINT('',(0.0257175,-0.0101600697795452,-0.00384778447550248));
#7119=CARTESIAN_POINT('',(0.0257175,-0.0111667228845242,-0.0042672));
#7120=CARTESIAN_POINT('',(0.0257175,-0.014345801049436,-0.0042672));
#7121=CARTESIAN_POINT('',(0.0257175,-0.014345801049436,-0.0042672));
#7122=CARTESIAN_POINT('',(0.0257175,-0.014345801049436,-0.002032));
#7123=CARTESIAN_POINT('',(0.0257175,-0.014345801049436,-0.0043688));
#7124=CARTESIAN_POINT('',(0.0257175,-0.00999133720592715,-0.0043688));
#7125=CARTESIAN_POINT('',(0.0257175,-0.00531544690030858,-0.0043688));
#7126=CARTESIAN_POINT('',(0.0257175,-0.00531544690030858,-0.002032));
#7127=CARTESIAN_POINT('',(0.0257175,-0.00531544690030858,-0.0027432));
#7128=CARTESIAN_POINT('',(0.0257175,-0.008974809164756,-0.0027432));
#7129=CARTESIAN_POINT('',(0.0257175,-0.00906455860442667,-0.0027432));
#7130=CARTESIAN_POINT('',(0.0257175,-0.00906455860442666,-0.0027432));
#7131=CARTESIAN_POINT('',(0.0257175,-0.00942955864918974,-0.00311156377234928));
#7132=CARTESIAN_POINT('',(0.0257175,-0.00979474618486799,-0.00347974159441878));
#7133=CARTESIAN_POINT('',(0.0257175,-0.0101600697795452,-0.00384778447550248));
#7134=CARTESIAN_POINT('',(0.02413,2.49366499671666E-17,-0.002032));
#7135=CARTESIAN_POINT('',(0.02413,2.49366499671666E-17,-0.0027432));
#7136=CARTESIAN_POINT('',(0.0271597912702934,-0.00407759302266103,-0.0027432));
#7137=CARTESIAN_POINT('',(0.0261464035087719,-0.00466267271956893,-0.0027432));
#7138=CARTESIAN_POINT('',(0.0261464035087719,-0.00466267271956893,-0.002032));
#7139=CARTESIAN_POINT('',(0.0261464035087719,-0.00466267271956893,-0.0043688));
#7140=CARTESIAN_POINT('',(0.02413,2.49366499671666E-17,-0.0043688));
#7141=CARTESIAN_POINT('',(0.0271597912702934,-0.00407759302266103,-0.0043688));
#7142=CARTESIAN_POINT('',(0.0271597912702934,-0.00407759302266103,-0.002032));
#7143=CARTESIAN_POINT('',(0.0319890018381096,-0.00637048393147138,-0.002032));
#7144=CARTESIAN_POINT('',(0.0357600781464491,-0.0085477158532258,-0.0028448));
#7145=CARTESIAN_POINT('',(0.0357600781464491,-0.0085477158532258,-0.0043688));
#7146=CARTESIAN_POINT('',(0.0357600781464491,-0.0085477158532258,-0.0042672));
#7147=CARTESIAN_POINT('',(0.0319890018381096,-0.00637048393147138,-0.0042672));
#7148=CARTESIAN_POINT('',(0.033006915695019,-0.0069581767707699,-0.0042672));
#7149=CARTESIAN_POINT('',(0.033006915695019,-0.0069581767707699,-0.0042672));
#7150=CARTESIAN_POINT('',(0.0326810838061117,-0.00677005764199871,-0.0042672));
#7151=CARTESIAN_POINT('',(0.0323646649125469,-0.0065873731086224,-0.00411480312462151));
#7152=CARTESIAN_POINT('',(0.0321351285333087,-0.0064548502182804,-0.00384778447550248));
#7153=CARTESIAN_POINT('',(0.0321351285333087,-0.0064548502182804,-0.00384778447550247));
#7154=CARTESIAN_POINT('',(0.0321351285333087,-0.0064548502182804,-0.00384778447550247));
#7155=CARTESIAN_POINT('',(0.0318187490197164,-0.00627218842094179,-0.00347974159441877));
#7156=CARTESIAN_POINT('',(0.0315024873366736,-0.00608959465310266,-0.00311156377234927));
#7157=CARTESIAN_POINT('',(0.0311863880255263,-0.00590709463072112,-0.0027432));
#7158=CARTESIAN_POINT('',(0.0311863880255263,-0.00590709463072113,-0.0027432));
#7159=CARTESIAN_POINT('',(0.0319890018381096,-0.00637048393147138,-0.0027432));
#7160=CARTESIAN_POINT('',(0.0279395620481345,-0.00403253877866208,-0.0027432));
#7161=CARTESIAN_POINT('',(0.0279395620481345,-0.00403253877866208,-0.002032));
#7162=CARTESIAN_POINT('',(0.0279395620481345,-0.00403253877866208,-0.0043688));
#7163=CARTESIAN_POINT('',(0.0357600781464491,-0.00854771585322581,-0.0043688));
#7164=CARTESIAN_POINT('',(0.0162709981618905,-0.00637048393147137,-0.002032));
#7165=CARTESIAN_POINT('',(0.0161248714666913,-0.00645485021828039,-0.00384778447550248));
#7166=CARTESIAN_POINT('',(0.0158953318579048,-0.00658737497320293,-0.00411480688154061));
#7167=CARTESIAN_POINT('',(0.0155789222308051,-0.00677005415658315,-0.0042672));
#7168=CARTESIAN_POINT('',(0.015253084304981,-0.00695817677076989,-0.0042672));
#7169=CARTESIAN_POINT('',(0.0161248714666913,-0.00645485021828039,-0.00384778447550248));
#7170=CARTESIAN_POINT('',(0.015253084304981,-0.00695817677076989,-0.0042672));
#7171=CARTESIAN_POINT('',(0.0124999218535509,-0.0085477158532258,-0.0042672));
#7172=CARTESIAN_POINT('',(0.012499921853551,-0.00854771585322579,-0.0042672));
#7173=CARTESIAN_POINT('',(0.012499921853551,-0.00854771585322579,-0.002032));
#7174=CARTESIAN_POINT('',(0.012499921853551,-0.00854771585322579,-0.0043688));
#7175=CARTESIAN_POINT('',(0.0162709981618905,-0.00637048393147137,-0.0043688));
#7176=CARTESIAN_POINT('',(0.0203204379518655,-0.00403253877866208,-0.0043688));
#7177=CARTESIAN_POINT('',(0.0203204379518655,-0.00403253877866208,-0.002032));
#7178=CARTESIAN_POINT('',(0.0203204379518655,-0.00403253877866208,-0.0027432));
#7179=CARTESIAN_POINT('',(0.0171513372692039,-0.00586221991088579,-0.0027432));
#7180=CARTESIAN_POINT('',(0.0170736119744737,-0.00590709463072113,-0.0027432));
#7181=CARTESIAN_POINT('',(0.0170736119744737,-0.00590709463072114,-0.00274320000000002));
#7182=CARTESIAN_POINT('',(0.0167575126633264,-0.00608959465310268,-0.00311156377234929));
#7183=CARTESIAN_POINT('',(0.0164412509802836,-0.00627218842094179,-0.00347974159441878));
#7184=CARTESIAN_POINT('',(0.0161248714666913,-0.00645485021828039,-0.00384778447550248));
#7185=CARTESIAN_POINT('',(0.02413,-4.22838847269347E-17,-0.002032));
#7186=CARTESIAN_POINT('',(0.02413,-4.22838847269347E-17,-0.0043688));
#7187=CARTESIAN_POINT('',(0.0211002087297066,-0.00407759302266103,-0.0043688));
#7188=CARTESIAN_POINT('',(0.0221135964912281,-0.00466267271956893,-0.0043688));
#7189=CARTESIAN_POINT('',(0.0221135964912281,-0.00466267271956893,-0.002032));
#7190=CARTESIAN_POINT('',(0.0221135964912281,-0.00466267271956893,-0.0027432));
#7191=CARTESIAN_POINT('',(0.02413,-4.22838847269347E-17,-0.0027432));
#7192=CARTESIAN_POINT('',(0.0211002087297066,-0.00407759302266103,-0.0027432));
#7193=CARTESIAN_POINT('',(0.0211002087297066,-0.00407759302266103,-0.002032));
#7194=CARTESIAN_POINT('',(0.0225425,-0.00999133720592715,-0.002032));
#7195=CARTESIAN_POINT('',(0.0225425,-0.014345801049436,-0.0028448));
#7196=CARTESIAN_POINT('',(0.0225425,-0.014345801049436,-0.0043688));
#7197=CARTESIAN_POINT('',(0.0225425,-0.014345801049436,-0.0042672));
#7198=CARTESIAN_POINT('',(0.0225425,-0.00999133720592715,-0.0042672));
#7199=CARTESIAN_POINT('',(0.0225425,-0.0111667228845242,-0.0042672));
#7200=CARTESIAN_POINT('',(0.0225425,-0.0111667228845242,-0.0042672));
#7201=CARTESIAN_POINT('',(0.0225425,-0.0107904846269818,-0.0042672));
#7202=CARTESIAN_POINT('',(0.0225425,-0.0104251155602292,-0.00411480312462151));
#7203=CARTESIAN_POINT('',(0.0225425,-0.0101600697795452,-0.00384778447550248));
#7204=CARTESIAN_POINT('',(0.0225425,-0.0101600697795452,-0.00384778447550248));
#7205=CARTESIAN_POINT('',(0.0225425,-0.0101600697795452,-0.00384778447550248));
#7206=CARTESIAN_POINT('',(0.0225425,-0.00979474618486799,-0.00347974159441878));
#7207=CARTESIAN_POINT('',(0.0225425,-0.00942955864918974,-0.00311156377234927));
#7208=CARTESIAN_POINT('',(0.0225425,-0.00906455860442666,-0.0027432));
#7209=CARTESIAN_POINT('',(0.0225425,-0.00906455860442666,-0.0027432));
#7210=CARTESIAN_POINT('',(0.0225425,-0.00999133720592715,-0.0027432));
#7211=CARTESIAN_POINT('',(0.0225425,-0.00531544690030857,-0.0027432));
#7212=CARTESIAN_POINT('',(0.0225425,-0.00531544690030857,-0.002032));
#7213=CARTESIAN_POINT('',(0.0225425,-0.00531544690030857,-0.0043688));
#7214=CARTESIAN_POINT('',(0.0225425,-0.014345801049436,-0.0043688));
#7215=CARTESIAN_POINT('',(0.0146834981618905,0.00362085327445578,-0.002032));
#7216=CARTESIAN_POINT('',(0.0145373714666913,0.00370521956126481,-0.00384778447550248));
#7217=CARTESIAN_POINT('',(0.0143078318579048,0.00383774431618735,-0.00411480688154061));
#7218=CARTESIAN_POINT('',(0.0139914222308051,0.00402042349956756,-0.0042672));
#7219=CARTESIAN_POINT('',(0.013665584304981,0.00420854611375431,-0.0042672));
#7220=CARTESIAN_POINT('',(0.0145373714666913,0.00370521956126481,-0.00384778447550248));
#7221=CARTESIAN_POINT('',(0.013665584304981,0.00420854611375431,-0.0042672));
#7222=CARTESIAN_POINT('',(0.0109124218535509,0.00579808519621022,-0.0042672));
#7223=CARTESIAN_POINT('',(0.0109124218535509,0.00579808519621022,-0.0042672));
#7224=CARTESIAN_POINT('',(0.0109124218535509,0.00579808519621022,-0.002032));
#7225=CARTESIAN_POINT('',(0.0109124218535509,0.00579808519621022,-0.0043688));
#7226=CARTESIAN_POINT('',(0.0146834981618905,0.00362085327445578,-0.0043688));
#7227=CARTESIAN_POINT('',(0.0187329379518655,0.00128290812164649,-0.0043688));
#7228=CARTESIAN_POINT('',(0.0187329379518655,0.00128290812164649,-0.002032));
#7229=CARTESIAN_POINT('',(0.0187329379518655,0.00128290812164649,-0.0027432));
#7230=CARTESIAN_POINT('',(0.0155638372692039,0.00311258925387021,-0.0027432));
#7231=CARTESIAN_POINT('',(0.0154861119744737,0.00315746397370554,-0.0027432));
#7232=CARTESIAN_POINT('',(0.0154861119744737,0.00315746397370553,-0.00274319999999999));
#7233=CARTESIAN_POINT('',(0.0151700126633264,0.00333996399608707,-0.00311156377234927));
#7234=CARTESIAN_POINT('',(0.0148537509802836,0.0035225577639262,-0.00347974159441878));
#7235=CARTESIAN_POINT('',(0.0145373714666913,0.00370521956126481,-0.00384778447550248));
#7236=CARTESIAN_POINT('',(0.02413,3.46944695195361E-18,-0.002032));
#7237=CARTESIAN_POINT('',(0.02413,3.46944695195361E-18,-0.0043688));
#7238=CARTESIAN_POINT('',(0.0190838052209347,0.000585079696907895,-0.0043688));
#7239=CARTESIAN_POINT('',(0.0190838052209347,-0.000585079696907887,-0.0043688));
#7240=CARTESIAN_POINT('',(0.0190838052209347,-0.000585079696907887,-0.002032));
#7241=CARTESIAN_POINT('',(0.0190838052209347,-0.000585079696907887,-0.0027432));
#7242=CARTESIAN_POINT('',(0.02413,3.46944695195361E-18,-0.0027432));
#7243=CARTESIAN_POINT('',(0.0190838052209347,0.000585079696907895,-0.0027432));
#7244=CARTESIAN_POINT('',(0.0190838052209347,0.000585079696907896,-0.002032));
#7245=CARTESIAN_POINT('',(0.0146834981618904,-0.00362085327445577,-0.002032));
#7246=CARTESIAN_POINT('',(0.010912421853551,-0.0057980851962102,-0.0028448));
#7247=CARTESIAN_POINT('',(0.010912421853551,-0.0057980851962102,-0.0043688));
#7248=CARTESIAN_POINT('',(0.010912421853551,-0.0057980851962102,-0.0042672));
#7249=CARTESIAN_POINT('',(0.0146834981618904,-0.00362085327445577,-0.0042672));
#7250=CARTESIAN_POINT('',(0.013665584304981,-0.00420854611375429,-0.0042672));
#7251=CARTESIAN_POINT('',(0.013665584304981,-0.00420854611375429,-0.0042672));
#7252=CARTESIAN_POINT('',(0.0139914161938883,-0.0040204269849831,-0.0042672));
#7253=CARTESIAN_POINT('',(0.0143078350874531,-0.0038377424516068,-0.00411480312462151));
#7254=CARTESIAN_POINT('',(0.0145373714666913,-0.0037052195612648,-0.00384778447550247));
#7255=CARTESIAN_POINT('',(0.0145373714666913,-0.0037052195612648,-0.00384778447550248));
#7256=CARTESIAN_POINT('',(0.0145373714666913,-0.0037052195612648,-0.00384778447550248));
#7257=CARTESIAN_POINT('',(0.0148537509802836,-0.00352255776392619,-0.00347974159441878));
#7258=CARTESIAN_POINT('',(0.0151700126633264,-0.00333996399608707,-0.00311156377234926));
#7259=CARTESIAN_POINT('',(0.0154861119744737,-0.00315746397370553,-0.00274319999999999));
#7260=CARTESIAN_POINT('',(0.0154861119744737,-0.00315746397370553,-0.0027432));
#7261=CARTESIAN_POINT('',(0.0146834981618904,-0.00362085327445577,-0.0027432));
#7262=CARTESIAN_POINT('',(0.0187329379518655,-0.00128290812164649,-0.0027432));
#7263=CARTESIAN_POINT('',(0.0187329379518655,-0.00128290812164649,-0.002032));
#7264=CARTESIAN_POINT('',(0.0187329379518655,-0.00128290812164649,-0.0043688));
#7265=CARTESIAN_POINT('',(0.0109124218535509,-0.0057980851962102,-0.0043688));
#7266=CARTESIAN_POINT('',(0.0225425,0.00999133720592715,-0.002032));
#7267=CARTESIAN_POINT('',(0.0225425,0.0101600697795452,-0.00384778447550248));
#7268=CARTESIAN_POINT('',(0.0225425,0.0104251192893903,-0.0041148068815406));
#7269=CARTESIAN_POINT('',(0.0225425,0.0107904776561507,-0.0042672));
#7270=CARTESIAN_POINT('',(0.0225425,0.0111667228845242,-0.0042672));
#7271=CARTESIAN_POINT('',(0.0225425,0.0101600697795452,-0.00384778447550248));
#7272=CARTESIAN_POINT('',(0.0225425,0.0111667228845242,-0.0042672));
#7273=CARTESIAN_POINT('',(0.0225425,0.014345801049436,-0.0042672));
#7274=CARTESIAN_POINT('',(0.0225425,0.014345801049436,-0.0042672));
#7275=CARTESIAN_POINT('',(0.0225425,0.014345801049436,-0.002032));
#7276=CARTESIAN_POINT('',(0.0225425,0.014345801049436,-0.0043688));
#7277=CARTESIAN_POINT('',(0.0225425,0.00999133720592715,-0.0043688));
#7278=CARTESIAN_POINT('',(0.0225425,0.00531544690030857,-0.0043688));
#7279=CARTESIAN_POINT('',(0.0225425,0.00531544690030857,-0.002032));
#7280=CARTESIAN_POINT('',(0.0225425,0.00531544690030857,-0.0027432));
#7281=CARTESIAN_POINT('',(0.0225425,0.008974809164756,-0.0027432));
#7282=CARTESIAN_POINT('',(0.0225425,0.00906455860442666,-0.0027432));
#7283=CARTESIAN_POINT('',(0.0225425,0.00906455860442666,-0.0027432));
#7284=CARTESIAN_POINT('',(0.0225425,0.00942955864918974,-0.00311156377234928));
#7285=CARTESIAN_POINT('',(0.0225425,0.00979474618486799,-0.00347974159441878));
#7286=CARTESIAN_POINT('',(0.0225425,0.0101600697795452,-0.00384778447550248));
#7287=CARTESIAN_POINT('',(0.02413,4.46691295064028E-17,-0.002032));
#7288=CARTESIAN_POINT('',(0.02413,4.46691295064028E-17,-0.0027432));
#7289=CARTESIAN_POINT('',(0.0211002087297066,0.00407759302266103,-0.0027432));
#7290=CARTESIAN_POINT('',(0.0221135964912281,0.00466267271956893,-0.0027432));
#7291=CARTESIAN_POINT('',(0.0221135964912281,0.00466267271956893,-0.002032));
#7292=CARTESIAN_POINT('',(0.0221135964912281,0.00466267271956893,-0.0043688));
#7293=CARTESIAN_POINT('',(0.02413,4.46691295064028E-17,-0.0043688));
#7294=CARTESIAN_POINT('',(0.0211002087297066,0.00407759302266103,-0.0043688));
#7295=CARTESIAN_POINT('',(0.0211002087297066,0.00407759302266103,-0.002032));
#7296=CARTESIAN_POINT('',(0.0162709981618905,0.00637048393147138,-0.002032));
#7297=CARTESIAN_POINT('',(0.0124999218535509,0.00854771585322582,-0.0028448));
#7298=CARTESIAN_POINT('',(0.0124999218535509,0.00854771585322582,-0.0043688));
#7299=CARTESIAN_POINT('',(0.0124999218535509,0.00854771585322582,-0.0042672));
#7300=CARTESIAN_POINT('',(0.0162709981618905,0.00637048393147138,-0.0042672));
#7301=CARTESIAN_POINT('',(0.015253084304981,0.0069581767707699,-0.0042672));
#7302=CARTESIAN_POINT('',(0.015253084304981,0.0069581767707699,-0.0042672));
#7303=CARTESIAN_POINT('',(0.0155789161938883,0.00677005764199871,-0.0042672));
#7304=CARTESIAN_POINT('',(0.0158953350874531,0.0065873731086224,-0.00411480312462151));
#7305=CARTESIAN_POINT('',(0.0161248714666913,0.0064548502182804,-0.00384778447550248));
#7306=CARTESIAN_POINT('',(0.0161248714666913,0.0064548502182804,-0.00384778447550248));
#7307=CARTESIAN_POINT('',(0.0161248714666913,0.0064548502182804,-0.00384778447550248));
#7308=CARTESIAN_POINT('',(0.0164412509802836,0.0062721884209418,-0.00347974159441878));
#7309=CARTESIAN_POINT('',(0.0167575126633264,0.00608959465310267,-0.00311156377234928));
#7310=CARTESIAN_POINT('',(0.0170736119744737,0.00590709463072113,-0.00274320000000001));
#7311=CARTESIAN_POINT('',(0.0170736119744737,0.00590709463072113,-0.0027432));
#7312=CARTESIAN_POINT('',(0.0162709981618905,0.00637048393147138,-0.0027432));
#7313=CARTESIAN_POINT('',(0.0203204379518655,0.00403253877866208,-0.0027432));
#7314=CARTESIAN_POINT('',(0.0203204379518655,0.00403253877866208,-0.002032));
#7315=CARTESIAN_POINT('',(0.0203204379518655,0.00403253877866208,-0.0043688));
#7316=CARTESIAN_POINT('',(0.0124999218535509,0.00854771585322581,-0.0043688));
#7317=CARTESIAN_POINT('',(0.036195,-0.012065,-0.002032));
#7318=CARTESIAN_POINT('',(0.036195,-0.012065,-0.00408));
#7319=CARTESIAN_POINT('',(0.036195,-0.012065,-0.003032));
#7320=CARTESIAN_POINT('',(0.02413,0.,-0.002032));
#7321=CARTESIAN_POINT('',(0.02413,0.016145,-0.002032));
#7322=CARTESIAN_POINT('',(0.036195,0.016145,-0.002032));
#7323=CARTESIAN_POINT('',(0.012065,0.016145,-0.002032));
#7324=CARTESIAN_POINT('',(0.012065,0.012065,-0.002032));
#7325=CARTESIAN_POINT('',(0.007985,0.012065,-0.002032));
#7326=CARTESIAN_POINT('',(0.007985,-0.012065,-0.002032));
#7327=CARTESIAN_POINT('',(0.007985,-0.012065,-0.002032));
#7328=CARTESIAN_POINT('',(0.012065,-0.012065,-0.002032));
#7329=CARTESIAN_POINT('',(0.012065,-0.016145,-0.002032));
#7330=CARTESIAN_POINT('',(0.036195,-0.016145,-0.002032));
#7331=CARTESIAN_POINT('',(0.036195,-0.016145,-0.002032));
#7332=CARTESIAN_POINT('',(0.036195,-0.012065,-0.002032));
#7333=CARTESIAN_POINT('',(0.040275,-0.012065,-0.002032));
#7334=CARTESIAN_POINT('',(0.040275,-4.64270377449574E-18,-0.002032));
#7335=CARTESIAN_POINT('',(0.040275,0.012065,-0.002032));
#7336=CARTESIAN_POINT('',(0.036195,0.012065,-0.002032));
#7337=CARTESIAN_POINT('',(0.0366522,-0.0125222,-0.002032));
#7338=CARTESIAN_POINT('',(0.0116078,-0.0125222,-0.002032));
#7339=CARTESIAN_POINT('',(0.0116078,0.0125222,-0.002032));
#7340=CARTESIAN_POINT('',(0.0366522,0.0125222,-0.002032));
#7341=CARTESIAN_POINT('',(0.0329073904904663,0.00391208847096137,-0.00224030565722012));
#7342=CARTESIAN_POINT('',(0.0326436148831011,0.00450391085046288,-0.00224030565722012));
#7343=CARTESIAN_POINT('',(0.0323215297332379,0.00506613185341219,-0.00224030565722012));
#7344=CARTESIAN_POINT('',(0.0319444156794741,0.00559302490743132,-0.00224030565722012));
#7345=CARTESIAN_POINT('',(0.0338304927701634,0.00452380072531293,-0.00334769434277988));
#7346=CARTESIAN_POINT('',(0.0335254719883543,0.00517786399386762,-0.00334769434277988));
#7347=CARTESIAN_POINT('',(0.0331560781301743,0.00579785158579725,-0.00334769434277988));
#7348=CARTESIAN_POINT('',(0.032726073702989,0.00637744853990326,-0.00334769434277988));
#7349=CARTESIAN_POINT('',(0.02413,0.,-0.00334769434277988));
#7350=CARTESIAN_POINT('',(0.0338250697709338,0.00453541124078731,-0.00334769434277988));
#7351=CARTESIAN_POINT('',(0.0329053162365982,0.00612847109269758,-0.00334769434277988));
#7352=CARTESIAN_POINT('',(0.0329053162365982,0.00612847109269758,-0.00334769434277987));
#7353=CARTESIAN_POINT('',(0.0325872190490221,0.00594663301163378,-0.00297870437395831));
#7354=CARTESIAN_POINT('',(0.032269147417139,0.0057650034264423,-0.00260958980997344));
#7355=CARTESIAN_POINT('',(0.0319511062373459,0.00558366521658552,-0.00224030565722013));
#7356=CARTESIAN_POINT('',(0.0319511062373459,0.00558366521658551,-0.00224030565722013));
#7357=CARTESIAN_POINT('',(0.02413,0.,-0.00224030565722013));
#7358=CARTESIAN_POINT('',(0.0328761148716419,0.00398151914123239,-0.00224030565722013));
#7359=CARTESIAN_POINT('',(0.0328761526291422,0.00398144617562237,-0.00224030984783726));
#7360=CARTESIAN_POINT('',(0.0331922155219373,0.00416620811203732,-0.00260959260242317));
#7361=CARTESIAN_POINT('',(0.0335085459768721,0.00435085073413622,-0.00297870576971789));
#7362=CARTESIAN_POINT('',(0.0338250697709338,0.00453541124078731,-0.00334769434277987));
#7363=CARTESIAN_POINT('',(0.0319066632429379,-0.00564539890819912,-0.00224030565722012));
#7364=CARTESIAN_POINT('',(0.0322873086544318,-0.00512105134157137,-0.00224030565722012));
#7365=CARTESIAN_POINT('',(0.0326131637505954,-0.00456100691813345,-0.00224030565722012));
#7366=CARTESIAN_POINT('',(0.0328809094935717,-0.00397097004044033,-0.00224030565722012));
#7367=CARTESIAN_POINT('',(0.0328979727348612,-0.00613897280553231,-0.00334769434277988));
#7368=CARTESIAN_POINT('',(0.0333118977502073,-0.00554778542552613,-0.00334769434277988));
#7369=CARTESIAN_POINT('',(0.0336641258257595,-0.00491788716437543,-0.00334769434277988));
#7370=CARTESIAN_POINT('',(0.0339510692983787,-0.00425569392964024,-0.00334769434277988));
#7371=CARTESIAN_POINT('',(0.02413,0.,-0.00334769434277988));
#7372=CARTESIAN_POINT('',(0.0329053162365982,-0.00612847109269757,-0.00334769434277988));
#7373=CARTESIAN_POINT('',(0.0338250697709338,-0.00453541124078732,-0.00334769434277988));
#7374=CARTESIAN_POINT('',(0.0338250697709338,-0.00453541124078732,-0.00334769434277988));
#7375=CARTESIAN_POINT('',(0.0335085447795691,-0.00435085003600595,-0.00297870437395831));
#7376=CARTESIAN_POINT('',(0.0331922131287728,-0.0041662067151677,-0.00260958980997344));
#7377=CARTESIAN_POINT('',(0.0328761490424635,-0.00398144407894573,-0.00224030565722013));
#7378=CARTESIAN_POINT('',(0.0328761490424635,-0.00398144407894573,-0.00224030565722013));
#7379=CARTESIAN_POINT('',(0.02413,0.,-0.00224030565722013));
#7380=CARTESIAN_POINT('',(0.031951154157782,-0.00558359809264279,-0.00224030565722013));
#7381=CARTESIAN_POINT('',(0.0319511098464605,-0.00558366727440199,-0.00224030984783724));
#7382=CARTESIAN_POINT('',(0.0322691498234457,-0.00576500480054866,-0.00260959260242313));
#7383=CARTESIAN_POINT('',(0.0325872202522722,-0.00594663369946346,-0.00297870576971792));
#7384=CARTESIAN_POINT('',(0.0329053162365982,-0.00612847109269759,-0.00334769434277988));
#7385=CARTESIAN_POINT('',(0.0231292727524716,-0.00955748737916049,-0.00224030565722012));
#7386=CARTESIAN_POINT('',(0.0237736937713307,-0.00962496219203426,-0.00224030565722012));
#7387=CARTESIAN_POINT('',(0.0244216340173576,-0.00962713877154565,-0.00224030565722012));
#7388=CARTESIAN_POINT('',(0.0250664938140976,-0.00956399494787166,-0.00224030565722012));
#7389=CARTESIAN_POINT('',(0.0231974799646977,-0.0106627735308452,-0.00334769434277988));
#7390=CARTESIAN_POINT('',(0.0239164257618529,-0.0107256494193938,-0.00334769434277988));
#7391=CARTESIAN_POINT('',(0.0246380476955852,-0.0107157387501727,-0.00334769434277988));
#7392=CARTESIAN_POINT('',(0.0253549955953897,-0.0106331424695435,-0.00334769434277988));
#7393=CARTESIAN_POINT('',(0.02413,0.,-0.00224030565722013));
#7394=CARTESIAN_POINT('',(0.0232050392861403,-0.00956511723387497,-0.00224030565722013));
#7395=CARTESIAN_POINT('',(0.0250550428051176,-0.00956510929553123,-0.00224030565722013));
#7396=CARTESIAN_POINT('',(0.0232049572173183,-0.00956511345002438,-0.00224030984783726));
#7397=CARTESIAN_POINT('',(0.0232069343015085,-0.00993121291258601,-0.00260959260242317));
#7398=CARTESIAN_POINT('',(0.0232086742754001,-0.0102974844335997,-0.00297870576971789));
#7399=CARTESIAN_POINT('',(0.0232102464656644,-0.0106638823334849,-0.00334769434277987));
#7400=CARTESIAN_POINT('',(0.0232102464656644,-0.0106638823334849,-0.00334769434277988));
#7401=CARTESIAN_POINT('',(0.02413,0.,-0.00334769434277988));
#7402=CARTESIAN_POINT('',(0.0250497535343356,-0.0106638823334849,-0.00334769434277988));
#7403=CARTESIAN_POINT('',(0.0250497535343356,-0.0106638823334849,-0.00334769434277988));
#7404=CARTESIAN_POINT('',(0.025051325730547,-0.0102974830476397,-0.00297870437395831));
#7405=CARTESIAN_POINT('',(0.0250530657116339,-0.00993121014160999,-0.00260958980997344));
#7406=CARTESIAN_POINT('',(0.0250550428051176,-0.00956510929553123,-0.00224030565722013));
#7407=CARTESIAN_POINT('',(0.0153526095095337,-0.00391208847096136,-0.00224030565722012));
#7408=CARTESIAN_POINT('',(0.0156163851168989,-0.00450391085046288,-0.00224030565722012));
#7409=CARTESIAN_POINT('',(0.0159384702667621,-0.00506613185341219,-0.00224030565722012));
#7410=CARTESIAN_POINT('',(0.0163155843205259,-0.00559302490743133,-0.00224030565722012));
#7411=CARTESIAN_POINT('',(0.0144295072298366,-0.00452380072531292,-0.00334769434277988));
#7412=CARTESIAN_POINT('',(0.0147345280116456,-0.00517786399386762,-0.00334769434277988));
#7413=CARTESIAN_POINT('',(0.0151039218698257,-0.00579785158579726,-0.00334769434277988));
#7414=CARTESIAN_POINT('',(0.015533926297011,-0.00637744853990327,-0.00334769434277988));
#7415=CARTESIAN_POINT('',(0.02413,0.,-0.00334769434277988));
#7416=CARTESIAN_POINT('',(0.0144349302290662,-0.00453541124078731,-0.00334769434277988));
#7417=CARTESIAN_POINT('',(0.0153546837634018,-0.00612847109269758,-0.00334769434277988));
#7418=CARTESIAN_POINT('',(0.0153546837634018,-0.00612847109269758,-0.00334769434277988));
#7419=CARTESIAN_POINT('',(0.0156727809509779,-0.00594663301163378,-0.00297870437395831));
#7420=CARTESIAN_POINT('',(0.015990852582861,-0.00576500342644229,-0.00260958980997344));
#7421=CARTESIAN_POINT('',(0.0163088937626541,-0.00558366521658551,-0.00224030565722013));
#7422=CARTESIAN_POINT('',(0.0163088937626541,-0.00558366521658551,-0.00224030565722013));
#7423=CARTESIAN_POINT('',(0.02413,0.,-0.00224030565722013));
#7424=CARTESIAN_POINT('',(0.0153838851283581,-0.00398151914123239,-0.00224030565722013));
#7425=CARTESIAN_POINT('',(0.0153838473708578,-0.00398144617562237,-0.00224030984783725));
#7426=CARTESIAN_POINT('',(0.0150677844780627,-0.00416620811203731,-0.00260959260242316));
#7427=CARTESIAN_POINT('',(0.0147514540231279,-0.00435085073413622,-0.00297870576971789));
#7428=CARTESIAN_POINT('',(0.0144349302290662,-0.00453541124078731,-0.00334769434277988));
#7429=CARTESIAN_POINT('',(0.0163533367570621,0.00564539890819914,-0.00224030565722012));
#7430=CARTESIAN_POINT('',(0.0159726913455682,0.00512105134157139,-0.00224030565722012));
#7431=CARTESIAN_POINT('',(0.0156468362494046,0.00456100691813346,-0.00224030565722012));
#7432=CARTESIAN_POINT('',(0.0153790905064283,0.00397097004044034,-0.00224030565722012));
#7433=CARTESIAN_POINT('',(0.0153620272651389,0.00613897280553233,-0.00334769434277988));
#7434=CARTESIAN_POINT('',(0.0149481022497927,0.00554778542552615,-0.00334769434277988));
#7435=CARTESIAN_POINT('',(0.0145958741742406,0.00491788716437544,-0.00334769434277988));
#7436=CARTESIAN_POINT('',(0.0143089307016213,0.00425569392964025,-0.00334769434277988));
#7437=CARTESIAN_POINT('',(0.02413,0.,-0.00224030565722013));
#7438=CARTESIAN_POINT('',(0.0163088458422178,0.00558359809264257,-0.00224030565722013));
#7439=CARTESIAN_POINT('',(0.0153838509575365,0.00398144407894572,-0.00224030565722013));
#7440=CARTESIAN_POINT('',(0.0163088901535395,0.005583667274402,-0.00224030984783726));
#7441=CARTESIAN_POINT('',(0.0159908501765542,0.00576500480054868,-0.00260959260242316));
#7442=CARTESIAN_POINT('',(0.0156727797477278,0.00594663369946345,-0.00297870576971789));
#7443=CARTESIAN_POINT('',(0.0153546837634018,0.00612847109269759,-0.00334769434277987));
#7444=CARTESIAN_POINT('',(0.0153546837634018,0.00612847109269759,-0.00334769434277988));
#7445=CARTESIAN_POINT('',(0.02413,0.,-0.00334769434277988));
#7446=CARTESIAN_POINT('',(0.0144349302290662,0.00453541124078731,-0.00334769434277988));
#7447=CARTESIAN_POINT('',(0.0144349302290662,0.00453541124078732,-0.00334769434277988));
#7448=CARTESIAN_POINT('',(0.0147514552204309,0.00435085003600595,-0.00297870437395831));
#7449=CARTESIAN_POINT('',(0.0150677868712272,0.00416620671516769,-0.00260958980997344));
#7450=CARTESIAN_POINT('',(0.0153838509575365,0.00398144407894572,-0.00224030565722012));
#7451=CARTESIAN_POINT('',(0.0251307272475284,0.00955748737916049,-0.00224030565722012));
#7452=CARTESIAN_POINT('',(0.0244863062286693,0.00962496219203426,-0.00224030565722012));
#7453=CARTESIAN_POINT('',(0.0238383659826424,0.00962713877154565,-0.00224030565722012));
#7454=CARTESIAN_POINT('',(0.0231935061859024,0.00956399494787167,-0.00224030565722012));
#7455=CARTESIAN_POINT('',(0.0250625200353022,0.0106627735308452,-0.00334769434277988));
#7456=CARTESIAN_POINT('',(0.0243435742381471,0.0107256494193938,-0.00334769434277988));
#7457=CARTESIAN_POINT('',(0.0236219523044148,0.0107157387501727,-0.00334769434277988));
#7458=CARTESIAN_POINT('',(0.0229050044046103,0.0106331424695435,-0.00334769434277988));
#7459=CARTESIAN_POINT('',(0.02413,0.,-0.00224030565722013));
#7460=CARTESIAN_POINT('',(0.0250549607138598,0.00956511723387497,-0.00224030565722013));
#7461=CARTESIAN_POINT('',(0.0232049571948823,0.00956510929553123,-0.00224030565722013));
#7462=CARTESIAN_POINT('',(0.0250550427826817,0.00956511345002438,-0.00224030984783726));
#7463=CARTESIAN_POINT('',(0.0250530656984915,0.00993121291258601,-0.00260959260242317));
#7464=CARTESIAN_POINT('',(0.0250513257245999,0.0102974844335997,-0.00297870576971789));
#7465=CARTESIAN_POINT('',(0.0250497535343356,0.0106638823334849,-0.00334769434277988));
#7466=CARTESIAN_POINT('',(0.0250497535343356,0.0106638823334849,-0.00334769434277988));
#7467=CARTESIAN_POINT('',(0.02413,0.,-0.00334769434277988));
#7468=CARTESIAN_POINT('',(0.0232102464656644,0.0106638823334849,-0.00334769434277988));
#7469=CARTESIAN_POINT('',(0.0232102464656644,0.0106638823334849,-0.00334769434277988));
#7470=CARTESIAN_POINT('',(0.023208674269453,0.0102974830476397,-0.00297870437395831));
#7471=CARTESIAN_POINT('',(0.0232069342883661,0.00993121014160998,-0.00260958980997344));
#7472=CARTESIAN_POINT('',(0.0232049571948824,0.00956510929553123,-0.00224030565722013));
#7473=CARTESIAN_POINT('',(0.02413,0.,-0.00285641347591932));
#7474=CARTESIAN_POINT('',(0.02413,0.,-0.003556));
#7475=CARTESIAN_POINT('',(0.034238815695019,0.00482446338092579,-0.003556));
#7476=CARTESIAN_POINT('',(0.033362515695019,0.0063422595035984,-0.003556));
#7477=CARTESIAN_POINT('',(0.033362515695019,0.0063422595035984,-0.003556));
#7478=CARTESIAN_POINT('',(0.0331925501180039,0.00626127236770106,-0.003556));
#7479=CARTESIAN_POINT('',(0.0330266366814341,0.00618411066135563,-0.00348048588884194));
#7480=CARTESIAN_POINT('',(0.0329053162365982,0.00612847109269758,-0.00334769434277988));
#7481=CARTESIAN_POINT('',(0.0338250697709338,0.00453541124078731,-0.00334769434277988));
#7482=CARTESIAN_POINT('',(0.0339339097398273,0.0046126541166469,-0.00348047913804597));
#7483=CARTESIAN_POINT('',(0.0340837004803445,0.0047177655305302,-0.00355599999999847));
#7484=CARTESIAN_POINT('',(0.034238815695014,0.00482446338092302,-0.003556));
#7485=CARTESIAN_POINT('',(0.02413,0.,-0.0028564134759191));
#7486=CARTESIAN_POINT('',(0.02413,0.,-0.003556));
#7487=CARTESIAN_POINT('',(0.033362515695019,-0.00634225950359841,-0.003556));
#7488=CARTESIAN_POINT('',(0.034238815695019,-0.0048244633809258,-0.003556));
#7489=CARTESIAN_POINT('',(0.034238815695019,-0.00482446338092581,-0.003556));
#7490=CARTESIAN_POINT('',(0.0340836959894446,-0.00471776244141051,-0.003556));
#7491=CARTESIAN_POINT('',(0.0339339152732652,-0.00461265804368458,-0.00348048588884193));
#7492=CARTESIAN_POINT('',(0.0338250697709338,-0.00453541124078731,-0.00334769434277987));
#7493=CARTESIAN_POINT('',(0.0329053162365982,-0.00612847109269759,-0.00334769434277987));
#7494=CARTESIAN_POINT('',(0.0330266305138007,-0.00618410783277666,-0.00348047913804597));
#7495=CARTESIAN_POINT('',(0.03319255503871,-0.0062612747123746,-0.00355599999999847));
#7496=CARTESIAN_POINT('',(0.0333625156950141,-0.00634225950359544,-0.003556));
#7497=CARTESIAN_POINT('',(0.02413,0.,-0.00285641347591909));
#7498=CARTESIAN_POINT('',(0.0232102464656644,-0.0106638823334849,-0.00334769434277987));
#7499=CARTESIAN_POINT('',(0.0232227207739734,-0.0107967619494236,-0.00348047913804596));
#7500=CARTESIAN_POINT('',(0.0232388545583654,-0.0109790402429048,-0.00355599999999848));
#7501=CARTESIAN_POINT('',(0.0232537,-0.0111667228845185,-0.003556));
#7502=CARTESIAN_POINT('',(0.0232537,-0.0111667228845242,-0.003556));
#7503=CARTESIAN_POINT('',(0.02413,0.,-0.003556));
#7504=CARTESIAN_POINT('',(0.0250063,-0.0111667228845242,-0.003556));
#7505=CARTESIAN_POINT('',(0.0250063,-0.0111667228845242,-0.003556));
#7506=CARTESIAN_POINT('',(0.0250211458714407,-0.0109790348091116,-0.003556));
#7507=CARTESIAN_POINT('',(0.0250372785918311,-0.0107967687050402,-0.00348048588884193));
#7508=CARTESIAN_POINT('',(0.0250497535343355,-0.0106638823334849,-0.00334769434277987));
#7509=CARTESIAN_POINT('',(0.02413,0.,-0.00285641347591934));
#7510=CARTESIAN_POINT('',(0.02413,0.,-0.003556));
#7511=CARTESIAN_POINT('',(0.014021184304981,-0.00482446338092579,-0.003556));
#7512=CARTESIAN_POINT('',(0.014897484304981,-0.0063422595035984,-0.003556));
#7513=CARTESIAN_POINT('',(0.014897484304981,-0.00634225950359839,-0.003556));
#7514=CARTESIAN_POINT('',(0.0150674498819961,-0.00626127236770105,-0.003556));
#7515=CARTESIAN_POINT('',(0.0152333633185659,-0.00618411066135563,-0.00348048588884193));
#7516=CARTESIAN_POINT('',(0.0153546837634018,-0.00612847109269758,-0.00334769434277987));
#7517=CARTESIAN_POINT('',(0.0144349302290662,-0.00453541124078731,-0.00334769434277987));
#7518=CARTESIAN_POINT('',(0.0143260902601727,-0.0046126541166469,-0.00348047913804596));
#7519=CARTESIAN_POINT('',(0.0141762995196555,-0.0047177655305302,-0.00355599999999847));
#7520=CARTESIAN_POINT('',(0.014021184304986,-0.00482446338092302,-0.003556));
#7521=CARTESIAN_POINT('',(0.02413,0.,-0.00285641347591932));
#7522=CARTESIAN_POINT('',(0.0153546837634018,0.00612847109269759,-0.00334769434277987));
#7523=CARTESIAN_POINT('',(0.0152333694861993,0.00618410783277666,-0.00348047913804597));
#7524=CARTESIAN_POINT('',(0.01506744496129,0.0062612747123746,-0.00355599999999847));
#7525=CARTESIAN_POINT('',(0.0148974843049859,0.00634225950359544,-0.003556));
#7526=CARTESIAN_POINT('',(0.014897484304981,0.00634225950359841,-0.003556));
#7527=CARTESIAN_POINT('',(0.02413,0.,-0.003556));
#7528=CARTESIAN_POINT('',(0.014021184304981,0.00482446338092579,-0.003556));
#7529=CARTESIAN_POINT('',(0.014021184304981,0.00482446338092579,-0.003556));
#7530=CARTESIAN_POINT('',(0.0141763040105554,0.0047177624414105,-0.003556));
#7531=CARTESIAN_POINT('',(0.0143260847267348,0.00461265804368459,-0.00348048588884193));
#7532=CARTESIAN_POINT('',(0.0144349302290662,0.00453541124078732,-0.00334769434277987));
#7533=CARTESIAN_POINT('',(0.02413,0.,-0.00285641347591932));
#7534=CARTESIAN_POINT('',(0.0250497535343356,0.0106638823334849,-0.00334769434277987));
#7535=CARTESIAN_POINT('',(0.0250372792260266,0.0107967619494236,-0.00348047913804596));
#7536=CARTESIAN_POINT('',(0.0250211454416346,0.0109790402429048,-0.00355599999999848));
#7537=CARTESIAN_POINT('',(0.0250063,0.0111667228845185,-0.003556));
#7538=CARTESIAN_POINT('',(0.0250063,0.0111667228845242,-0.003556));
#7539=CARTESIAN_POINT('',(0.02413,0.,-0.003556));
#7540=CARTESIAN_POINT('',(0.0232537,0.0111667228845242,-0.003556));
#7541=CARTESIAN_POINT('',(0.0232537,0.0111667228845242,-0.003556));
#7542=CARTESIAN_POINT('',(0.0232388541285593,0.0109790348091116,-0.003556));
#7543=CARTESIAN_POINT('',(0.0232227214081689,0.0107967687050402,-0.00348048588884193));
#7544=CARTESIAN_POINT('',(0.0232102464656644,0.0106638823334849,-0.00334769434277987));
#7545=CARTESIAN_POINT('',(0.03598024381822,0.00500865435373497,-0.003556));
#7546=CARTESIAN_POINT('',(0.02413,0.,-0.003556));
#7547=CARTESIAN_POINT('',(0.0371351156219264,0.00648621038549211,-0.003556));
#7548=CARTESIAN_POINT('',(0.0362497807790899,0.0080196553149961,-0.003556));
#7549=CARTESIAN_POINT('',(0.0354044781464491,0.0091636331203973,-0.003556));
#7550=CARTESIAN_POINT('',(0.0361156781464491,0.00793179858605432,-0.003556));
#7551=CARTESIAN_POINT('',(0.033294328016888,0.00630289132927405,-0.003556));
#7552=CARTESIAN_POINT('',(0.0356246438182201,0.00562457162090647,-0.003556));
#7553=CARTESIAN_POINT('',(0.0369919781464491,0.0064140024633817,-0.003556));
#7554=CARTESIAN_POINT('',(0.0377031781464491,0.00518216792903872,-0.003556));
#7555=CARTESIAN_POINT('',(0.03598024381822,0.00500865435373497,-0.003556));
#7556=CARTESIAN_POINT('',(0.02413,0.,-0.003556));
#7557=CARTESIAN_POINT('',(0.0362497807790899,-0.0080196553149961,-0.003556));
#7558=CARTESIAN_POINT('',(0.0371351156219264,-0.00648621038549212,-0.003556));
#7559=CARTESIAN_POINT('',(0.0377031781464491,-0.00518216792903873,-0.003556));
#7560=CARTESIAN_POINT('',(0.0369919781464491,-0.00641400246338171,-0.003556));
#7561=CARTESIAN_POINT('',(0.034170628016888,-0.00478509520660145,-0.003556));
#7562=CARTESIAN_POINT('',(0.03041072190911,-0.0046380405667116,-0.003556));
#7563=CARTESIAN_POINT('',(0.0361156781464491,-0.00793179858605431,-0.003556));
#7564=CARTESIAN_POINT('',(0.0354044781464491,-0.00916363312039729,-0.003556));
#7565=CARTESIAN_POINT('',(0.03598024381822,0.00500865435373497,-0.003556));
#7566=CARTESIAN_POINT('',(0.0232537,0.00500865435373497,-0.003556));
#7567=CARTESIAN_POINT('',(0.0232537,-0.014345801049436,-0.003556));
#7568=CARTESIAN_POINT('',(0.0218313,-0.014345801049436,-0.003556));
#7569=CARTESIAN_POINT('',(0.0232446651571634,-0.0145058657004882,-0.003556));
#7570=CARTESIAN_POINT('',(0.02413,0.,-0.003556));
#7571=CARTESIAN_POINT('',(0.0250153348428366,-0.0145058657004882,-0.003556));
#7572=CARTESIAN_POINT('',(0.0264287,-0.014345801049436,-0.003556));
#7573=CARTESIAN_POINT('',(0.0250063,-0.014345801049436,-0.003556));
#7574=CARTESIAN_POINT('',(0.0250063,-0.0110879865358755,-0.003556));
#7575=CARTESIAN_POINT('',(0.03598024381822,0.00500865435373497,-0.003556));
#7576=CARTESIAN_POINT('',(0.02413,0.,-0.003556));
#7577=CARTESIAN_POINT('',(0.0111248843780735,-0.00648621038549211,-0.003556));
#7578=CARTESIAN_POINT('',(0.0120102192209101,-0.00801965531499608,-0.003556));
#7579=CARTESIAN_POINT('',(0.012855521853551,-0.00916363312039728,-0.003556));
#7580=CARTESIAN_POINT('',(0.012144321853551,-0.0079317985860543,-0.003556));
#7581=CARTESIAN_POINT('',(0.014965671983112,-0.00630289132927405,-0.003556));
#7582=CARTESIAN_POINT('',(0.03474834381822,0.00714236774357908,-0.003556));
#7583=CARTESIAN_POINT('',(0.011268021853551,-0.00641400246338169,-0.003556));
#7584=CARTESIAN_POINT('',(0.010556821853551,-0.00518216792903871,-0.003556));
#7585=CARTESIAN_POINT('',(0.03598024381822,0.00500865435373497,-0.003556));
#7586=CARTESIAN_POINT('',(0.0312870219091101,-0.00312024444403898,-0.003556));
#7587=CARTESIAN_POINT('',(0.0121443218535509,0.00793179858605432,-0.003556));
#7588=CARTESIAN_POINT('',(0.0128555218535509,0.00916363312039731,-0.003556));
#7589=CARTESIAN_POINT('',(0.0120102192209102,0.0080196553149961,-0.003556));
#7590=CARTESIAN_POINT('',(0.02413,0.,-0.003556));
#7591=CARTESIAN_POINT('',(0.0111248843780736,0.00648621038549212,-0.003556));
#7592=CARTESIAN_POINT('',(0.0105568218535509,0.00518216792903873,-0.003556));
#7593=CARTESIAN_POINT('',(0.0112680218535509,0.00641400246338171,-0.003556));
#7594=CARTESIAN_POINT('',(0.014089371983112,0.00478509520660145,-0.003556));
#7595=CARTESIAN_POINT('',(0.03598024381822,0.00500865435373497,-0.003556));
#7596=CARTESIAN_POINT('',(0.0250063,0.00500865435373497,-0.003556));
#7597=CARTESIAN_POINT('',(0.0250063,0.014345801049436,-0.003556));
#7598=CARTESIAN_POINT('',(0.0264287,0.014345801049436,-0.003556));
#7599=CARTESIAN_POINT('',(0.0250153348428366,0.0145058657004882,-0.003556));
#7600=CARTESIAN_POINT('',(0.02413,0.,-0.003556));
#7601=CARTESIAN_POINT('',(0.0232446651571634,0.0145058657004882,-0.003556));
#7602=CARTESIAN_POINT('',(0.0218313,0.014345801049436,-0.003556));
#7603=CARTESIAN_POINT('',(0.0232537,0.014345801049436,-0.003556));
#7604=CARTESIAN_POINT('',(0.0232537,0.0110879865358755,-0.003556));
#7605=CARTESIAN_POINT('',(0.02413,0.,-0.00284704015784788));
#7606=CARTESIAN_POINT('',(0.0359563756780934,0.00961220257384333,-0.0028448));
#7607=CARTESIAN_POINT('',(0.0361346037702081,0.00939291959915092,-0.00298651336007276));
#7608=CARTESIAN_POINT('',(0.0363483362031066,0.00901403417367089,-0.00320157843912383));
#7609=CARTESIAN_POINT('',(0.0364520628217731,0.00844613334314953,-0.00345502120997496));
#7610=CARTESIAN_POINT('',(0.036374289075672,0.00812210811018457,-0.003556));
#7611=CARTESIAN_POINT('',(0.0362497807790899,0.00801965531499609,-0.003556));
#7612=CARTESIAN_POINT('',(0.0371351156219264,0.00648621038549211,-0.003556));
#7613=CARTESIAN_POINT('',(0.0372860096426716,0.00654277877635268,-0.003556));
#7614=CARTESIAN_POINT('',(0.0376048878377806,0.00644845406172061,-0.00345528827289442));
#7615=CARTESIAN_POINT('',(0.0380449973634079,0.00607517214919253,-0.00320205206743634));
#7616=CARTESIAN_POINT('',(0.0382666498036368,0.00570024866537911,-0.00298673701863499));
#7617=CARTESIAN_POINT('',(0.0383675994543172,0.00543584048500565,-0.0028448));
#7618=CARTESIAN_POINT('',(0.02413,0.,-0.00284704015784789));
#7619=CARTESIAN_POINT('',(0.0383675994543172,-0.00543584048500567,-0.0028448));
#7620=CARTESIAN_POINT('',(0.0382668088736939,-0.00569983202773776,-0.0029865133601869));
#7621=CARTESIAN_POINT('',(0.0380455506865287,-0.00607437245704616,-0.00320157843909789));
#7622=CARTESIAN_POINT('',(0.0376055974498057,-0.00644815275910605,-0.00345502120998014));
#7623=CARTESIAN_POINT('',(0.0372860964935395,-0.00654281133571997,-0.003556));
#7624=CARTESIAN_POINT('',(0.0371351156219264,-0.00648621038549212,-0.003556));
#7625=CARTESIAN_POINT('',(0.0362497807790899,-0.00801965531499612,-0.003556));
#7626=CARTESIAN_POINT('',(0.0363742174529989,-0.0081220491748103,-0.003556));
#7627=CARTESIAN_POINT('',(0.0364519689514762,-0.00844536814980509,-0.00345528827289803));
#7628=CARTESIAN_POINT('',(0.0363487520952741,-0.00901315513570146,-0.00320205206741821));
#7629=CARTESIAN_POINT('',(0.0361348850538998,-0.00939257352169528,-0.00298673701871477));
#7630=CARTESIAN_POINT('',(0.0359563756780934,-0.00961220257384334,-0.0028448));
#7631=CARTESIAN_POINT('',(0.02413,0.,-0.00284704015784788));
#7632=CARTESIAN_POINT('',(0.0232446651571634,-0.0145058657004882,-0.003556));
#7633=CARTESIAN_POINT('',(0.0232182078103273,-0.014664827951163,-0.003556));
#7634=CARTESIAN_POINT('',(0.0229770811136938,-0.0148938222115238,-0.00345528827290019));
#7635=CARTESIAN_POINT('',(0.0224337547318747,-0.0150883272849033,-0.00320205206740753));
#7636=CARTESIAN_POINT('',(0.0219982352502254,-0.0150928221870333,-0.00298673701876183));
#7637=CARTESIAN_POINT('',(0.0217187762237762,-0.015048043058849,-0.0028448));
#7638=CARTESIAN_POINT('',(0.0265412237762238,-0.0150480430588489,-0.0028448));
#7639=CARTESIAN_POINT('',(0.0262622051035498,-0.0150927516269286,-0.00298651336024321));
#7640=CARTESIAN_POINT('',(0.0258272144834076,-0.015088406630708,-0.0032015784390851));
#7641=CARTESIAN_POINT('',(0.0252835346280356,-0.0148942861022574,-0.0034550212099827));
#7642=CARTESIAN_POINT('',(0.0250418074178675,-0.0146649194459046,-0.003556));
#7643=CARTESIAN_POINT('',(0.0250153348428366,-0.0145058657004882,-0.003556));
#7644=CARTESIAN_POINT('',(0.02413,0.,-0.00284704015784742));
#7645=CARTESIAN_POINT('',(0.0123036243219066,-0.00961220257384332,-0.0028448));
#7646=CARTESIAN_POINT('',(0.0121253962298307,-0.00939291959919869,-0.00298651336019563));
#7647=CARTESIAN_POINT('',(0.0119116637968845,-0.00901403417365992,-0.00320157843909598));
#7648=CARTESIAN_POINT('',(0.0118079371782287,-0.00844613334315148,-0.00345502120998064));
#7649=CARTESIAN_POINT('',(0.0118857109243281,-0.00812210811018426,-0.00355600000000007));
#7650=CARTESIAN_POINT('',(0.0120102192209104,-0.00801965531499588,-0.003556));
#7651=CARTESIAN_POINT('',(0.0111248843780736,-0.0064862103854921,-0.003556));
#7652=CARTESIAN_POINT('',(0.0109739903573284,-0.00654277877635267,-0.003556));
#7653=CARTESIAN_POINT('',(0.0106551121622188,-0.00644845406171907,-0.00345528827289766));
#7654=CARTESIAN_POINT('',(0.0102150026365949,-0.00607517214920013,-0.00320205206742015));
#7655=CARTESIAN_POINT('',(0.00999335019635044,-0.00570024866534568,-0.00298673701870631));
#7656=CARTESIAN_POINT('',(0.00989240054568281,-0.00543584048500564,-0.0028448));
#7657=CARTESIAN_POINT('',(0.02413,0.,-0.00284704015784741));
#7658=CARTESIAN_POINT('',(0.0120102192209102,0.0080196553149961,-0.003556));
#7659=CARTESIAN_POINT('',(0.0118857825470011,0.00812204917481027,-0.003556));
#7660=CARTESIAN_POINT('',(0.0118080310485224,0.00844536814980329,-0.0034552882728935));
#7661=CARTESIAN_POINT('',(0.011911247904733,0.00901315513571029,-0.00320205206744094));
#7662=CARTESIAN_POINT('',(0.0121251149460685,0.00939257352165634,-0.00298673701861475));
#7663=CARTESIAN_POINT('',(0.0123036243219066,0.00961220257384333,-0.0028448));
#7664=CARTESIAN_POINT('',(0.0098924005456828,0.00543584048500566,-0.0028448));
#7665=CARTESIAN_POINT('',(0.00999319112632125,0.00569983202777752,-0.00298651336010203));
#7666=CARTESIAN_POINT('',(0.0102144493134678,0.00607437245703714,-0.00320157843911717));
#7667=CARTESIAN_POINT('',(0.010654402550195,0.00644815275910782,-0.00345502120997629));
#7668=CARTESIAN_POINT('',(0.0109739035064605,0.00654281133571998,-0.003556));
#7669=CARTESIAN_POINT('',(0.0111248843780736,0.00648621038549213,-0.003556));
#7670=CARTESIAN_POINT('',(0.02413,0.,-0.00284704015784788));
#7671=CARTESIAN_POINT('',(0.0250153348428366,0.0145058657004882,-0.003556));
#7672=CARTESIAN_POINT('',(0.0250417921896727,0.014664827951163,-0.003556));
#7673=CARTESIAN_POINT('',(0.0252829188863018,0.0148938222115245,-0.00345528827289134));
#7674=CARTESIAN_POINT('',(0.0258262452681472,0.0150883272848998,-0.00320205206745175));
#7675=CARTESIAN_POINT('',(0.0262617647496782,0.0150928221870487,-0.00298673701856711));
#7676=CARTESIAN_POINT('',(0.0265412237762238,0.015048043058849,-0.0028448));
#7677=CARTESIAN_POINT('',(0.0217187762237763,0.015048043058849,-0.0028448));
#7678=CARTESIAN_POINT('',(0.0219977948965413,0.0150927516269432,-0.00298651336005934));
#7679=CARTESIAN_POINT('',(0.0224327855165718,0.0150884066307047,-0.00320157843912688));
#7680=CARTESIAN_POINT('',(0.0229764653719686,0.014894286102258,-0.00345502120997435));
#7681=CARTESIAN_POINT('',(0.0232181925821326,0.0146649194459045,-0.003556));
#7682=CARTESIAN_POINT('',(0.0232446651571634,0.0145058657004882,-0.003556));
#7683=CARTESIAN_POINT('',(0.02413,0.,-0.0027281237118115));
#7684=CARTESIAN_POINT('',(0.031951055240735,0.00558362880894779,-0.00224036717811614));
#7685=CARTESIAN_POINT('',(0.0318463629987054,0.00550843750321107,-0.00210908678604519));
#7686=CARTESIAN_POINT('',(0.0316978970107868,0.00540201565194383,-0.00203224946822225));
#7687=CARTESIAN_POINT('',(0.0315483501471198,0.0052948505713925,-0.00203192236867434));
#7688=CARTESIAN_POINT('',(0.0324246500191758,0.00377705432430183,-0.00203192236836524));
#7689=CARTESIAN_POINT('',(0.0325922311623914,0.00385298318017838,-0.0020322494220233));
#7690=CARTESIAN_POINT('',(0.0327586282287245,0.00392834759230681,-0.00210908672203877));
#7691=CARTESIAN_POINT('',(0.0328760919644807,0.00398141809584252,-0.00224036712248963));
#7692=CARTESIAN_POINT('',(0.02413,0.,-0.00272812371181071));
#7693=CARTESIAN_POINT('',(0.0328760920142187,-0.00398141811840393,-0.00224036717811638));
#7694=CARTESIAN_POINT('',(0.0327586283122924,-0.00392834763009561,-0.00210908678604525));
#7695=CARTESIAN_POINT('',(0.0325922312916179,-0.00385298323859376,-0.00203224946822211));
#7696=CARTESIAN_POINT('',(0.0324246501776284,-0.00377705439587755,-0.00203192236867406));
#7697=CARTESIAN_POINT('',(0.0315483500059071,-0.00529485046995636,-0.00203192236836496));
#7698=CARTESIAN_POINT('',(0.0316978968955844,-0.00540201556923811,-0.00203224942202316));
#7699=CARTESIAN_POINT('',(0.0318463629241954,-0.00550843744973353,-0.00210908672203884));
#7700=CARTESIAN_POINT('',(0.0319510551963269,-0.00558362877715384,-0.00224036712248987));
#7701=CARTESIAN_POINT('',(0.02413,0.,-0.00272812371181073));
#7702=CARTESIAN_POINT('',(0.0232536999867314,-0.0090719047942582,-0.00203192236836496));
#7703=CARTESIAN_POINT('',(0.0232356657331929,-0.00925499874941649,-0.00203224942202315));
#7704=CARTESIAN_POINT('',(0.0232177346954709,-0.00943678504204032,-0.00210908672203884));
#7705=CARTESIAN_POINT('',(0.0232049632318464,-0.00956504687299627,-0.00224036712248987));
#7706=CARTESIAN_POINT('',(0.0250550367734839,-0.00956504692735159,-0.00224036717811638));
#7707=CARTESIAN_POINT('',(0.025042265313587,-0.00943678513330664,-0.00210908678604525));
#7708=CARTESIAN_POINT('',(0.0250243342808311,-0.0092549988905376,-0.00203224946822211));
#7709=CARTESIAN_POINT('',(0.0250063000305085,-0.00907190496727006,-0.00203192236867406));
#7710=CARTESIAN_POINT('',(0.02413,0.,-0.00272812371181071));
#7711=CARTESIAN_POINT('',(0.0163089447592652,-0.00558362880894765,-0.00224036717811637));
#7712=CARTESIAN_POINT('',(0.0164136370012946,-0.00550843750321103,-0.00210908678604525));
#7713=CARTESIAN_POINT('',(0.0165621029892132,-0.00540201565194383,-0.00203224946822211));
#7714=CARTESIAN_POINT('',(0.0167116498528802,-0.00529485057139249,-0.00203192236867406));
#7715=CARTESIAN_POINT('',(0.0158353499808242,-0.00377705432430183,-0.00203192236836496));
#7716=CARTESIAN_POINT('',(0.0156677688376086,-0.00385298318017838,-0.00203224942202315));
#7717=CARTESIAN_POINT('',(0.0155013717712755,-0.00392834759230678,-0.00210908672203883));
#7718=CARTESIAN_POINT('',(0.0153839080355195,-0.00398141809584242,-0.00224036712248987));
#7719=CARTESIAN_POINT('',(0.02413,0.,-0.00272812371181071));
#7720=CARTESIAN_POINT('',(0.0167116499940929,0.00529485046995636,-0.00203192236836496));
#7721=CARTESIAN_POINT('',(0.0165621031044156,0.0054020155692381,-0.00203224942202316));
#7722=CARTESIAN_POINT('',(0.0164136370758046,0.00550843744973352,-0.00210908672203883));
#7723=CARTESIAN_POINT('',(0.0163089448036731,0.00558362877715384,-0.00224036712248987));
#7724=CARTESIAN_POINT('',(0.0153839079857813,0.00398141811840393,-0.00224036717811638));
#7725=CARTESIAN_POINT('',(0.0155013716877076,0.00392834763009561,-0.00210908678604525));
#7726=CARTESIAN_POINT('',(0.0156677687083821,0.00385298323859375,-0.00203224946822211));
#7727=CARTESIAN_POINT('',(0.0158353498223716,0.00377705439587754,-0.00203192236867406));
#7728=CARTESIAN_POINT('',(0.02413,0.,-0.00272812371181152));
#7729=CARTESIAN_POINT('',(0.0250063000132686,0.0090719047942582,-0.00203192236836524));
#7730=CARTESIAN_POINT('',(0.0250243342668071,0.0092549987494165,-0.0020322494220233));
#7731=CARTESIAN_POINT('',(0.0250422653045291,0.00943678504204038,-0.00210908672203878));
#7732=CARTESIAN_POINT('',(0.0250550367681537,0.00956504687299651,-0.00224036712248964));
#7733=CARTESIAN_POINT('',(0.0232049632265161,0.00956504692735182,-0.00224036717811613));
#7734=CARTESIAN_POINT('',(0.023217734686413,0.0094367851333067,-0.00210908678604519));
#7735=CARTESIAN_POINT('',(0.0232356657191689,0.00925499889053759,-0.00203224946822225));
#7736=CARTESIAN_POINT('',(0.0232536999694915,0.00907190496727006,-0.00203192236867434));
#7737=CARTESIAN_POINT('',(0.0128555218535509,0.00916363312039731,-0.002032));
#7738=CARTESIAN_POINT('',(0.0124328705372305,0.00859164421769671,-0.0042672));
#7739=CARTESIAN_POINT('',(0.0123037717630282,0.00868703726919532,-0.0042672));
#7740=CARTESIAN_POINT('',(0.0121589316525853,0.00892573298346759,-0.00405819242750742));
#7741=CARTESIAN_POINT('',(0.0121230120820258,0.0092863743957476,-0.00354600380250031));
#7742=CARTESIAN_POINT('',(0.0122113587571956,0.00949868361478681,-0.00312440387731114));
#7743=CARTESIAN_POINT('',(0.0123036243219066,0.00961220257384333,-0.0028448));
#7744=CARTESIAN_POINT('',(0.0124328705372305,0.00859164421769671,-0.0042672));
#7745=CARTESIAN_POINT('',(0.0128555218535509,0.00916363312039731,-0.0042672));
#7746=CARTESIAN_POINT('',(0.0128555218535509,0.00916363312039731,-0.0043688));
#7747=CARTESIAN_POINT('',(0.0218313,0.014345801049436,-0.002032));
#7748=CARTESIAN_POINT('',(0.0218313,0.014345801049436,-0.0042672));
#7749=CARTESIAN_POINT('',(0.0225379825785817,0.0144258333749621,-0.0042672));
#7750=CARTESIAN_POINT('',(0.0225379825785817,0.0144258333749621,-0.0042672));
#7751=CARTESIAN_POINT('',(0.0225199191597405,0.014585332718768,-0.0042672));
#7752=CARTESIAN_POINT('',(0.0223856226626288,0.0148301157910349,-0.00405819242750686));
#7753=CARTESIAN_POINT('',(0.022091257823211,0.0150415437577715,-0.00354600380250314));
#7754=CARTESIAN_POINT('',(0.0218632193085092,0.0150711879022587,-0.00312440387729876));
#7755=CARTESIAN_POINT('',(0.0217187762237762,0.015048043058849,-0.0028448));
#7756=CARTESIAN_POINT('',(0.0218313,0.014345801049436,-0.0043688));
#7757=CARTESIAN_POINT('',(0.0218313,-0.014345801049436,-0.002032));
#7758=CARTESIAN_POINT('',(0.0225379825785817,-0.0144258333749621,-0.0042672));
#7759=CARTESIAN_POINT('',(0.0225199191597405,-0.014585332718768,-0.0042672));
#7760=CARTESIAN_POINT('',(0.0223856226626203,-0.0148301157910335,-0.00405819242751135));
#7761=CARTESIAN_POINT('',(0.0220912578232535,-0.0150415437577783,-0.00354600380248063));
#7762=CARTESIAN_POINT('',(0.0218632193083223,-0.0150711879022287,-0.00312440387739777));
#7763=CARTESIAN_POINT('',(0.0217187762237762,-0.0150480430588489,-0.0028448));
#7764=CARTESIAN_POINT('',(0.0225379825785817,-0.0144258333749621,-0.0042672));
#7765=CARTESIAN_POINT('',(0.0218313,-0.014345801049436,-0.0042672));
#7766=CARTESIAN_POINT('',(0.0218313,-0.014345801049436,-0.0043688));
#7767=CARTESIAN_POINT('',(0.0354044781464491,0.0091636331203973,-0.002032));
#7768=CARTESIAN_POINT('',(0.0354044781464491,0.0091636331203973,-0.0042672));
#7769=CARTESIAN_POINT('',(0.0358271294627694,0.0085916442176967,-0.0042672));
#7770=CARTESIAN_POINT('',(0.0358271294627695,0.0085916442176967,-0.0042672));
#7771=CARTESIAN_POINT('',(0.0359562282369717,0.00868703726919531,-0.0042672));
#7772=CARTESIAN_POINT('',(0.0361010683474145,0.0089257329834678,-0.00405819242750757));
#7773=CARTESIAN_POINT('',(0.0361369879179751,0.0092863743957465,-0.00354600380249959));
#7774=CARTESIAN_POINT('',(0.0360486412428005,0.00949868361479163,-0.00312440387731439));
#7775=CARTESIAN_POINT('',(0.0359563756780935,0.00961220257384333,-0.0028448));
#7776=CARTESIAN_POINT('',(0.0354044781464491,0.0091636331203973,-0.0043688));
#7777=CARTESIAN_POINT('',(0.010556821853551,-0.00518216792903871,-0.002032));
#7778=CARTESIAN_POINT('',(0.0108408531158123,-0.0058341891572654,-0.0042672));
#7779=CARTESIAN_POINT('',(0.0106936909227688,-0.00589829544957272,-0.0042672));
#7780=CARTESIAN_POINT('',(0.0104145543152113,-0.00590438280756241,-0.00405819242751006));
#7781=CARTESIAN_POINT('',(0.0100842699052511,-0.00575516936204829,-0.00354600380248712));
#7782=CARTESIAN_POINT('',(0.00994457806564182,-0.00557250428736428,-0.00312440387736928));
#7783=CARTESIAN_POINT('',(0.00989240054568282,-0.00543584048500564,-0.0028448));
#7784=CARTESIAN_POINT('',(0.0108408531158123,-0.0058341891572654,-0.0042672));
#7785=CARTESIAN_POINT('',(0.010556821853551,-0.00518216792903871,-0.0042672));
#7786=CARTESIAN_POINT('',(0.010556821853551,-0.00518216792903871,-0.0043688));
#7787=CARTESIAN_POINT('',(0.0354044781464491,-0.00916363312039729,-0.002032));
#7788=CARTESIAN_POINT('',(0.0358271294627695,-0.0085916442176967,-0.0042672));
#7789=CARTESIAN_POINT('',(0.0359562282369718,-0.00868703726919531,-0.0042672));
#7790=CARTESIAN_POINT('',(0.0361010683474112,-0.00892573298347186,-0.0040581924275103));
#7791=CARTESIAN_POINT('',(0.0361369879179916,-0.00928637439572621,-0.00354600380248589));
#7792=CARTESIAN_POINT('',(0.0360486412427279,-0.00949868361488089,-0.00312440387737459));
#7793=CARTESIAN_POINT('',(0.0359563756780934,-0.00961220257384331,-0.0028448));
#7794=CARTESIAN_POINT('',(0.0358271294627694,-0.0085916442176967,-0.0042672));
#7795=CARTESIAN_POINT('',(0.0354044781464491,-0.00916363312039729,-0.0042672));
#7796=CARTESIAN_POINT('',(0.0354044781464491,-0.00916363312039729,-0.0043688));
#7797=CARTESIAN_POINT('',(0.0264287,-0.014345801049436,-0.002032));
#7798=CARTESIAN_POINT('',(0.0264287,-0.014345801049436,-0.0042672));
#7799=CARTESIAN_POINT('',(0.0257220174214183,-0.0144258333749621,-0.0042672));
#7800=CARTESIAN_POINT('',(0.0257220174214183,-0.0144258333749621,-0.0042672));
#7801=CARTESIAN_POINT('',(0.0257400808402595,-0.014585332718768,-0.0042672));
#7802=CARTESIAN_POINT('',(0.0258743773373796,-0.0148301157910335,-0.00405819242751134));
#7803=CARTESIAN_POINT('',(0.0261687421767467,-0.0150415437577782,-0.00354600380248076));
#7804=CARTESIAN_POINT('',(0.0263967806916767,-0.0150711879022288,-0.00312440387739728));
#7805=CARTESIAN_POINT('',(0.0265412237762238,-0.0150480430588489,-0.0028448));
#7806=CARTESIAN_POINT('',(0.0264287,-0.014345801049436,-0.0043688));
#7807=CARTESIAN_POINT('',(0.0377031781464491,-0.00518216792903873,-0.002032));
#7808=CARTESIAN_POINT('',(0.0377031781464491,-0.00518216792903873,-0.0042672));
#7809=CARTESIAN_POINT('',(0.0374191468841877,-0.00583418915726543,-0.0042672));
#7810=CARTESIAN_POINT('',(0.0374191468841877,-0.00583418915726543,-0.0042672));
#7811=CARTESIAN_POINT('',(0.0375663090772312,-0.00589829544957275,-0.0042672));
#7812=CARTESIAN_POINT('',(0.0378454456847882,-0.00590438280756396,-0.00405819242750919));
#7813=CARTESIAN_POINT('',(0.0381757300947518,-0.00575516936204064,-0.00354600380249141));
#7814=CARTESIAN_POINT('',(0.0383154219343452,-0.00557250428739812,-0.00312440387735035));
#7815=CARTESIAN_POINT('',(0.0383675994543171,-0.00543584048500566,-0.0028448));
#7816=CARTESIAN_POINT('',(0.0377031781464491,-0.00518216792903873,-0.0043688));
#7817=CARTESIAN_POINT('',(0.0377031781464491,0.00518216792903872,-0.002032));
#7818=CARTESIAN_POINT('',(0.0374191468841878,0.00583418915726541,-0.0042672));
#7819=CARTESIAN_POINT('',(0.0375663090772312,0.00589829544957273,-0.0042672));
#7820=CARTESIAN_POINT('',(0.0378454456847876,0.00590438280756547,-0.00405819242750836));
#7821=CARTESIAN_POINT('',(0.0381757300947547,0.00575516936203308,-0.00354600380249564));
#7822=CARTESIAN_POINT('',(0.0383154219343326,0.00557250428743131,-0.00312440387733175));
#7823=CARTESIAN_POINT('',(0.0383675994543172,0.00543584048500565,-0.0028448));
#7824=CARTESIAN_POINT('',(0.0374191468841877,0.00583418915726541,-0.0042672));
#7825=CARTESIAN_POINT('',(0.0377031781464491,0.00518216792903872,-0.0042672));
#7826=CARTESIAN_POINT('',(0.0377031781464491,0.00518216792903872,-0.0043688));
#7827=CARTESIAN_POINT('',(0.0264287,0.014345801049436,-0.002032));
#7828=CARTESIAN_POINT('',(0.0257220174214183,0.0144258333749621,-0.0042672));
#7829=CARTESIAN_POINT('',(0.0257400808402595,0.014585332718768,-0.0042672));
#7830=CARTESIAN_POINT('',(0.0258743773373708,0.014830115791035,-0.00405819242750666));
#7831=CARTESIAN_POINT('',(0.0261687421767908,0.0150415437577712,-0.0035460038025041));
#7832=CARTESIAN_POINT('',(0.0263967806914827,0.01507118790226,-0.00312440387729447));
#7833=CARTESIAN_POINT('',(0.0265412237762238,0.015048043058849,-0.0028448));
#7834=CARTESIAN_POINT('',(0.0257220174214183,0.0144258333749621,-0.0042672));
#7835=CARTESIAN_POINT('',(0.0264287,0.014345801049436,-0.0042672));
#7836=CARTESIAN_POINT('',(0.0264287,0.014345801049436,-0.0043688));
#7837=CARTESIAN_POINT('',(0.0105568218535509,0.00518216792903873,-0.002032));
#7838=CARTESIAN_POINT('',(0.0105568218535509,0.00518216792903873,-0.0043688));
#7839=CARTESIAN_POINT('',(0.0105568218535509,0.00518216792903873,-0.0042672));
#7840=CARTESIAN_POINT('',(0.0108408531158122,0.00583418915726542,-0.0042672));
#7841=CARTESIAN_POINT('',(0.0108408531158122,0.00583418915726542,-0.0042672));
#7842=CARTESIAN_POINT('',(0.0106936909227688,0.00589829544957274,-0.0042672));
#7843=CARTESIAN_POINT('',(0.0104145543152127,0.00590438280756623,-0.00405819242750793));
#7844=CARTESIAN_POINT('',(0.0100842699052439,0.00575516936202934,-0.00354600380249773));
#7845=CARTESIAN_POINT('',(0.00994457806567371,0.00557250428744783,-0.0031244038773225));
#7846=CARTESIAN_POINT('',(0.00989240054568281,0.00543584048500566,-0.0028448));
#7847=CARTESIAN_POINT('',(0.012855521853551,-0.00916363312039728,-0.002032));
#7848=CARTESIAN_POINT('',(0.012855521853551,-0.00916363312039728,-0.0042672));
#7849=CARTESIAN_POINT('',(0.0124328705372308,-0.00859164421769649,-0.0042672));
#7850=CARTESIAN_POINT('',(0.0124328705372308,-0.00859164421769649,-0.0042672));
#7851=CARTESIAN_POINT('',(0.0123037717630285,-0.00868703726919506,-0.00426720000000015));
#7852=CARTESIAN_POINT('',(0.0121589316525888,-0.00892573298347174,-0.00405819242751053));
#7853=CARTESIAN_POINT('',(0.0121230120820082,-0.00928637439572598,-0.00354600380248591));
#7854=CARTESIAN_POINT('',(0.0122113587572728,-0.00949868361488165,-0.00312440387737517));
#7855=CARTESIAN_POINT('',(0.0123036243219066,-0.0096122025738433,-0.0028448));
#7856=CARTESIAN_POINT('',(0.012855521853551,-0.00916363312039728,-0.0043688));
#7857=CARTESIAN_POINT('',(0.0120102192209102,-0.00801965531499602,-0.003556));
#7858=CARTESIAN_POINT('',(0.0124328705372306,-0.00859164421769669,-0.00355599999999996));
#7859=CARTESIAN_POINT('',(0.0124328705372306,-0.00859164421769664,-0.0042672));
#7860=CARTESIAN_POINT('',(0.011920069098152,-0.00809383621819805,-0.00355600000000001));
#7861=CARTESIAN_POINT('',(0.0124331801809151,-0.00859141538080275,-0.00356206037918322));
#7862=CARTESIAN_POINT('',(0.0123387926423618,-0.00866115980779853,-0.00426719996300762));
#7863=CARTESIAN_POINT('',(0.01181478727725,-0.00833363866827158,-0.00349650357911612));
#7864=CARTESIAN_POINT('',(0.0123427631350931,-0.008576044421042,-0.00363564868963172));
#7865=CARTESIAN_POINT('',(0.0121938719558016,-0.00884297992312802,-0.00414742965681506));
#7866=CARTESIAN_POINT('',(0.0118566864223542,-0.00878381130189793,-0.00330843885986827));
#7867=CARTESIAN_POINT('',(0.0121244565968469,-0.00889587109720096,-0.00351110839469855));
#7868=CARTESIAN_POINT('',(0.0121269675401139,-0.00913673529264749,-0.00377035234788291));
#7869=CARTESIAN_POINT('',(0.0120267448583044,-0.00922122548920569,-0.00308453556845583));
#7870=CARTESIAN_POINT('',(0.012116180846782,-0.00928769527483657,-0.00320968734146964));
#7871=CARTESIAN_POINT('',(0.0121685214992717,-0.00939963697691887,-0.00332297248732124));
#7872=CARTESIAN_POINT('',(0.0122034782988289,-0.0094889878909978,-0.00292442849385483));
#7873=CARTESIAN_POINT('',(0.0122273464255274,-0.00951835404620675,-0.00296402615879968));
#7874=CARTESIAN_POINT('',(0.0122512145693103,-0.0095477202225157,-0.00300362379697805));
#7875=CARTESIAN_POINT('',(0.0123036243219066,-0.00961220257384334,-0.0028448));
#7876=CARTESIAN_POINT('',(0.0123036243219066,-0.00961220257384333,-0.0028448));
#7877=CARTESIAN_POINT('',(0.0123036243219066,-0.00961220257384332,-0.0028448));
#7878=CARTESIAN_POINT('',(0.0120102192209107,-0.0080196553149957,-0.0042672));
#7879=CARTESIAN_POINT('',(0.0225379825785817,-0.0144258333749621,-0.0042672));
#7880=CARTESIAN_POINT('',(0.0225379825785817,-0.0144258333749621,-0.003556));
#7881=CARTESIAN_POINT('',(0.0232446651571634,-0.0145058657004882,-0.003556));
#7882=CARTESIAN_POINT('',(0.0225248192590196,-0.0145420650169858,-0.00426719996300803));
#7883=CARTESIAN_POINT('',(0.0225380259353081,-0.0144254507972131,-0.00356206037917954));
#7884=CARTESIAN_POINT('',(0.0232254976718948,-0.0146210284486312,-0.003556));
#7885=CARTESIAN_POINT('',(0.0224398187635197,-0.0147584800706261,-0.00414742965681253));
#7886=CARTESIAN_POINT('',(0.0225965460998468,-0.0144960687759572,-0.00363564868963124));
#7887=CARTESIAN_POINT('',(0.0230704635686926,-0.0148321064050104,-0.00349650357911495));
#7888=CARTESIAN_POINT('',(0.0222188713588517,-0.014963298679044,-0.00377035234789002));
#7889=CARTESIAN_POINT('',(0.0224287213426035,-0.0148450411219672,-0.00351110839470403));
#7890=CARTESIAN_POINT('',(0.0226596530593238,-0.0150209069978116,-0.0033084388598718));
#7891=CARTESIAN_POINT('',(0.0219704148420143,-0.0150587627369108,-0.00332297248729412));
#7892=CARTESIAN_POINT('',(0.0220935295260107,-0.0150481202205782,-0.00320968734144917));
#7893=CARTESIAN_POINT('',(0.0221958120431952,-0.015092339165797,-0.00308453556844231));
#7894=CARTESIAN_POINT('',(0.0218008244543914,-0.015061190060335,-0.00300362379703618));
#7895=CARTESIAN_POINT('',(0.0218381903809664,-0.0150671773910402,-0.00296402615884302));
#7896=CARTESIAN_POINT('',(0.0218755562807262,-0.015073164717491,-0.00292442849388382));
#7897=CARTESIAN_POINT('',(0.0217187762237762,-0.0150480430588489,-0.0028448));
#7898=CARTESIAN_POINT('',(0.0217187762237762,-0.0150480430588489,-0.0028448));
#7899=CARTESIAN_POINT('',(0.0217187762237762,-0.0150480430588489,-0.0028448));
#7900=CARTESIAN_POINT('',(0.0232446651571634,-0.0145058657004882,-0.0042672));
#7901=CARTESIAN_POINT('',(0.012855521853551,-0.00916363312039728,-0.0042672));
#7902=CARTESIAN_POINT('',(0.012144321853551,-0.0079317985860543,-0.0042672));
#7903=CARTESIAN_POINT('',(0.0218313,-0.014345801049436,-0.0042672));
#7904=CARTESIAN_POINT('',(0.0232537,-0.014345801049436,-0.0042672));
#7905=CARTESIAN_POINT('',(0.0356246438182201,0.00562457162090647,-0.0042672));
#7906=CARTESIAN_POINT('',(0.014897484304981,-0.00634225950359839,-0.0042672));
#7907=CARTESIAN_POINT('',(0.0232537,-0.00999133720592715,-0.0042672));
#7908=CARTESIAN_POINT('',(0.0232537,-0.0111667228845242,-0.0042672));
#7909=CARTESIAN_POINT('',(0.02413,2.51534904016637E-17,-0.0043688));
#7910=CARTESIAN_POINT('',(0.0216062524475525,-0.0157502850682619,-0.0043688));
#7911=CARTESIAN_POINT('',(0.0117517267902622,-0.0100607720272893,-0.0043688));
#7912=CARTESIAN_POINT('',(0.012855521853551,-0.00916363312039728,-0.0043688));
#7913=CARTESIAN_POINT('',(0.012144321853551,-0.0079317985860543,-0.0043688));
#7914=CARTESIAN_POINT('',(0.0153546837634018,-0.00612847109269758,-0.00334769434277988));
#7915=CARTESIAN_POINT('',(0.0157136803209923,-0.00669225153693809,-0.0033764899195107));
#7916=CARTESIAN_POINT('',(0.0161248714666913,-0.00645485021828039,-0.00384778447550248));
#7917=CARTESIAN_POINT('',(0.0152330711806983,-0.00618424463742253,-0.00348080564709859));
#7918=CARTESIAN_POINT('',(0.0155838564023642,-0.00676720541130678,-0.00351061357660347));
#7919=CARTESIAN_POINT('',(0.0158953318419477,-0.0065873749824158,-0.0041148068557573));
#7920=CARTESIAN_POINT('',(0.0150671683129595,-0.00626140653287699,-0.003556));
#7921=CARTESIAN_POINT('',(0.0154136842369527,-0.00686545435668209,-0.00357066843946307));
#7922=CARTESIAN_POINT('',(0.0155789222304095,-0.00677005415681157,-0.00426719998936603));
#7923=CARTESIAN_POINT('',(0.014897484304981,-0.00634225950359838,-0.003556));
#7924=CARTESIAN_POINT('',(0.015253084304981,-0.00695817677076988,-0.00355599999999998));
#7925=CARTESIAN_POINT('',(0.015253084304981,-0.00695817677076988,-0.0042672));
#7926=CARTESIAN_POINT('',(0.0157692714666913,-0.0058389329511089,-0.00384778447550248));
#7927=CARTESIAN_POINT('',(0.0232537,-0.0111667228845242,-0.003556));
#7928=CARTESIAN_POINT('',(0.0225425,-0.0111667228845242,-0.003556));
#7929=CARTESIAN_POINT('',(0.0225425,-0.0111667228845242,-0.0042672));
#7930=CARTESIAN_POINT('',(0.0232388789971502,-0.0109793492117123,-0.003556));
#7931=CARTESIAN_POINT('',(0.0225425000000035,-0.0109812814568798,-0.00357066816000095));
#7932=CARTESIAN_POINT('',(0.0225425,-0.0107904846324087,-0.0042671999681512));
#7933=CARTESIAN_POINT('',(0.0232227512734378,-0.010797086819509,-0.0034808037761608));
#7934=CARTESIAN_POINT('',(0.0225424999999777,-0.0107847780338873,-0.00351061168522589));
#7935=CARTESIAN_POINT('',(0.0225425,-0.0104251155672135,-0.00411480311712591));
#7936=CARTESIAN_POINT('',(0.0232102464656644,-0.0106638823334849,-0.00334769434277988));
#7937=CARTESIAN_POINT('',(0.0225425,-0.0106348724168606,-0.00337648991951072));
#7938=CARTESIAN_POINT('',(0.0225425,-0.0101600697795452,-0.00384778447550248));
#7939=CARTESIAN_POINT('',(0.0232537,-0.0101600697795452,-0.00384778447550248));
#7940=CARTESIAN_POINT('',(0.0218313,-0.014345801049436,-0.0043688));
#7941=CARTESIAN_POINT('',(0.0232537,-0.014345801049436,-0.0043688));
#7942=CARTESIAN_POINT('',(0.0159153981618904,-0.00575456666429988,-0.0043688));
#7943=CARTESIAN_POINT('',(0.0199648379518655,-0.00341662151149059,-0.0043688));
#7944=CARTESIAN_POINT('',(0.0163146181129632,-0.00558040138166264,-0.00223365897406687));
#7945=CARTESIAN_POINT('',(0.0166738443074,-0.00613790060091943,-0.00226571236849744));
#7946=CARTESIAN_POINT('',(0.0170823150169933,-0.00590206992677967,-0.00273305788401579));
#7947=CARTESIAN_POINT('',(0.0159946908700619,-0.00576281162218209,-0.00260513556879144));
#7948=CARTESIAN_POINT('',(0.0163534183118602,-0.00632289863570179,-0.00263646740931423));
#7949=CARTESIAN_POINT('',(0.0167633177264307,-0.00608624309835677,-0.00310480582437163));
#7950=CARTESIAN_POINT('',(0.0156747082138736,-0.00594553130497389,-0.00297646876576828));
#7951=CARTESIAN_POINT('',(0.0160334434962833,-0.00650763618160483,-0.0030066285317735));
#7952=CARTESIAN_POINT('',(0.0164441545798925,-0.00627051202692601,-0.0034763638499292));
#7953=CARTESIAN_POINT('',(0.0153546837634018,-0.00612847109269757,-0.00334769434277988));
#7954=CARTESIAN_POINT('',(0.0157136803209923,-0.00669225153693809,-0.00337648991951069));
#7955=CARTESIAN_POINT('',(0.0161248714666913,-0.00645485021828039,-0.00384778447550247));
#7956=CARTESIAN_POINT('',(0.0163088937626541,-0.00558366521658551,-0.00224030565722013));
#7957=CARTESIAN_POINT('',(0.0165038495369134,-0.00588647190520377,-0.00225782059133915));
#7958=CARTESIAN_POINT('',(0.0168557632869949,-0.00603286962907956,-0.002490472209342));
#7959=CARTESIAN_POINT('',(0.0170736119744737,-0.00590709463072112,-0.0027432));
#7960=CARTESIAN_POINT('',(0.0232102464656644,-0.0106638823334849,-0.00334769434277988));
#7961=CARTESIAN_POINT('',(0.0225425,-0.0106348724168606,-0.00337648991951072));
#7962=CARTESIAN_POINT('',(0.0225425,-0.0101600697795452,-0.00384778447550247));
#7963=CARTESIAN_POINT('',(0.0232086647439923,-0.010295263135684,-0.00297646876576726));
#7964=CARTESIAN_POINT('',(0.0225424999999995,-0.0102656417062095,-0.00300662853174539));
#7965=CARTESIAN_POINT('',(0.0225425,-0.00979139339683125,-0.0034763638499328));
#7966=CARTESIAN_POINT('',(0.0232069133029307,-0.00992679018526012,-0.00260513556879514));
#7967=CARTESIAN_POINT('',(0.0225424999999972,-0.00989616661438162,-0.002636467409319));
#7968=CARTESIAN_POINT('',(0.0225425,-0.00942285553970208,-0.00310480582437389));
#7969=CARTESIAN_POINT('',(0.0232049215836848,-0.0095585199452819,-0.00223365897406685));
#7970=CARTESIAN_POINT('',(0.0225425,-0.00952617054482326,-0.00226571236849742));
#7971=CARTESIAN_POINT('',(0.0225425,-0.00905450919654374,-0.00273305788401577));
#7972=CARTESIAN_POINT('',(0.0232049571948823,-0.00956510929553122,-0.00224030565722013));
#7973=CARTESIAN_POINT('',(0.0228452410229721,-0.00954767598671756,-0.00225782059133756));
#7974=CARTESIAN_POINT('',(0.0225425,-0.00931610860114255,-0.00249047220933826));
#7975=CARTESIAN_POINT('',(0.0225425,-0.00906455860442666,-0.0027432));
#7976=CARTESIAN_POINT('',(0.0232537,0.,-0.0043688));
#7977=CARTESIAN_POINT('',(0.0232537,-0.00531544690030857,-0.0043688));
#7978=CARTESIAN_POINT('',(0.02413,-4.22838847269347E-17,-0.0043688));
#7979=CARTESIAN_POINT('',(0.0215243795075477,-0.00350672999948849,-0.0043688));
#7980=CARTESIAN_POINT('',(0.0223958929824561,-0.00400989853882928,-0.0043688));
#7981=CARTESIAN_POINT('',(0.0206760379518655,-0.00464845604583357,-0.0043688));
#7982=CARTESIAN_POINT('',(0.0206760379518655,-0.00464845604583357,-0.0043688));
#7983=CARTESIAN_POINT('',(0.0163088937626541,-0.00558366521658551,-0.00224030565722013));
#7984=CARTESIAN_POINT('',(0.0163121764553908,-0.00558131499208478,-0.00223621213863695));
#7985=CARTESIAN_POINT('',(0.0163155001941815,-0.00557893527213873,-0.00223216855655859));
#7986=CARTESIAN_POINT('',(0.0163424094090209,-0.0055596680079134,-0.00220022761500889));
#7987=CARTESIAN_POINT('',(0.0163970550585859,-0.00552052963886849,-0.00214568960999196));
#7988=CARTESIAN_POINT('',(0.0164588966885807,-0.00547620804839485,-0.00210423750228426));
#7989=CARTESIAN_POINT('',(0.0165277946256119,-0.00542680974806537,-0.00206851889127495));
#7990=CARTESIAN_POINT('',(0.0165636901427071,-0.00540106380724375,-0.00205492434208004));
#7991=CARTESIAN_POINT('',(0.0166369372878752,-0.00534850281439288,-0.00203666489644257));
#7992=CARTESIAN_POINT('',(0.0166742889159481,-0.00532168776236364,-0.002032));
#7993=CARTESIAN_POINT('',(0.0167116501064188,-0.00529485038978366,-0.002032));
#7994=CARTESIAN_POINT('',(0.0163119399466269,-0.00558839657109517,-0.00224057932806574));
#7995=CARTESIAN_POINT('',(0.016315221612265,-0.00558604940746432,-0.00223648846032717));
#7996=CARTESIAN_POINT('',(0.0163185425056884,-0.00558367352761628,-0.00223244050978975));
#7997=CARTESIAN_POINT('',(0.0163454362652651,-0.00556443383295706,-0.00220049183918304));
#7998=CARTESIAN_POINT('',(0.016400053472435,-0.00552534700855558,-0.00214593188701535));
#7999=CARTESIAN_POINT('',(0.0164618692998416,-0.00548107646119952,-0.00210444382201192));
#8000=CARTESIAN_POINT('',(0.0165307410936566,-0.00543173189081532,-0.00206867949678212));
#8001=CARTESIAN_POINT('',(0.0165666258864681,-0.00540601152748132,-0.00205505761578634));
#8002=CARTESIAN_POINT('',(0.0166398564394199,-0.00535349879297539,-0.00203673652470128));
#8003=CARTESIAN_POINT('',(0.0166772281254298,-0.00532668962180555,-0.00203203414570424));
#8004=CARTESIAN_POINT('',(0.0167145598766448,-0.00529989025965344,-0.002032));
#8005=CARTESIAN_POINT('',(0.016315021565326,-0.00559309552420656,-0.00224090010652055));
#8006=CARTESIAN_POINT('',(0.0163182993662022,-0.00559075414300906,-0.00223680704047943));
#8007=CARTESIAN_POINT('',(0.0163216147735953,-0.00558838465877409,-0.00223275041180203));
#8008=CARTESIAN_POINT('',(0.0163484727981581,-0.00556919199311376,-0.00220076112055931));
#8009=CARTESIAN_POINT('',(0.0164030376167896,-0.00553017898790852,-0.00214614976091142));
#8010=CARTESIAN_POINT('',(0.0164648244608267,-0.00548596123579212,-0.00210464073937158));
#8011=CARTESIAN_POINT('',(0.0165336724526902,-0.00543666705614769,-0.00206885604495879));
#8012=CARTESIAN_POINT('',(0.0165695505120366,-0.00541096802221495,-0.00205522419765992));
#8013=CARTESIAN_POINT('',(0.0166427720744033,-0.00535849630807866,-0.0020368697457595));
#8014=CARTESIAN_POINT('',(0.0166801666189794,-0.00533169055287919,-0.00203214090237081));
#8015=CARTESIAN_POINT('',(0.0167174701565694,-0.00530492951861207,-0.00203207230715763));
#8016=CARTESIAN_POINT('',(0.016327486314093,-0.00561175855995511,-0.00224237022898037));
#8017=CARTESIAN_POINT('',(0.0163307557234935,-0.00560943427270236,-0.00223827707482919));
#8018=CARTESIAN_POINT('',(0.0163340559011464,-0.00560708472114433,-0.00223419481800139));
#8019=CARTESIAN_POINT('',(0.0163608194376396,-0.00558803901867483,-0.00220210873904565));
#8020=CARTESIAN_POINT('',(0.0164152081146621,-0.00554929219390077,-0.00214736782792834));
#8021=CARTESIAN_POINT('',(0.0164768344982513,-0.00550532246539485,-0.00210578187480276));
#8022=CARTESIAN_POINT('',(0.0165455249263137,-0.00545628260407879,-0.00206990441954552));
#8023=CARTESIAN_POINT('',(0.0165813372603105,-0.00543070209375284,-0.00205621782745204));
#8024=CARTESIAN_POINT('',(0.0166544597559503,-0.00537845027392927,-0.00203770286925857));
#8025=CARTESIAN_POINT('',(0.0166919182571149,-0.00535168284022479,-0.00203285637168344));
#8026=CARTESIAN_POINT('',(0.0167291099030286,-0.00532507822912958,-0.00203264940209389));
#8027=CARTESIAN_POINT('',(0.0163371459921009,-0.00562545708919831,-0.00224389359026652));
#8028=CARTESIAN_POINT('',(0.0163404107086764,-0.00562314500827715,-0.00223979944385525));
#8029=CARTESIAN_POINT('',(0.0163437011639518,-0.00562080985023001,-0.00223569917522384));
#8030=CARTESIAN_POINT('',(0.0163704024073777,-0.00560187284502577,-0.00220354424951728));
#8031=CARTESIAN_POINT('',(0.0164246352766352,-0.00556334983926214,-0.00214873552554898));
#8032=CARTESIAN_POINT('',(0.0164860679440624,-0.0055196247124353,-0.00210714584771826));
#8033=CARTESIAN_POINT('',(0.0165545571033124,-0.00547084242385626,-0.00207125548318627));
#8034=CARTESIAN_POINT('',(0.0165902757662168,-0.00544538662054659,-0.0020575558913956));
#8035=CARTESIAN_POINT('',(0.0166632534832267,-0.00539336046834681,-0.00203896222492587));
#8036=CARTESIAN_POINT('',(0.0167007267295756,-0.00536665132259885,-0.00203404196962216));
#8037=CARTESIAN_POINT('',(0.0167378366230847,-0.00534017103005439,-0.00203372992248399));
#8038=CARTESIAN_POINT('',(0.0163603566063952,-0.00565667330155387,-0.0022484075020062));
#8039=CARTESIAN_POINT('',(0.0163636038512012,-0.00565439402211752,-0.00224432070942887));
#8040=CARTESIAN_POINT('',(0.0163668661281074,-0.00565209642817254,-0.00224019197612659));
#8041=CARTESIAN_POINT('',(0.0163933733199583,-0.00563344769804735,-0.00220796651106514));
#8042=CARTESIAN_POINT('',(0.0164471455910512,-0.00559552432844477,-0.00215314389810259));
#8043=CARTESIAN_POINT('',(0.0165080172900809,-0.00555246600691845,-0.00211164270646852));
#8044=CARTESIAN_POINT('',(0.0165759147012168,-0.00550439283367122,-0.0020758030536399));
#8045=CARTESIAN_POINT('',(0.0166113498964041,-0.00547928537855754,-0.00206210253443841));
#8046=CARTESIAN_POINT('',(0.0166838542700991,-0.00542790119558033,-0.00204336813116754));
#8047=CARTESIAN_POINT('',(0.0167212758783974,-0.00540139609274505,-0.00203829116975832));
#8048=CARTESIAN_POINT('',(0.0167581380208465,-0.00537525122128972,-0.00203774097821727));
#8049=CARTESIAN_POINT('',(0.0163741313312181,-0.00567394197715115,-0.00225171785315039));
#8050=CARTESIAN_POINT('',(0.0163773616088776,-0.00567168590702783,-0.00224764493093018));
#8051=CARTESIAN_POINT('',(0.0163806017104884,-0.00566941391084951,-0.00224351242311815));
#8052=CARTESIAN_POINT('',(0.0164069467631515,-0.00565096455444766,-0.00221133146233294));
#8053=CARTESIAN_POINT('',(0.016460367968264,-0.00561345091737534,-0.00215662679771996));
#8054=CARTESIAN_POINT('',(0.0165208398704441,-0.00557084462063169,-0.00211524589457837));
#8055=CARTESIAN_POINT('',(0.0165883141523318,-0.00552325433082558,-0.00207948760226704));
#8056=CARTESIAN_POINT('',(0.0166235439597105,-0.00549838611617596,-0.0020658020534088));
#8057=CARTESIAN_POINT('',(0.0166956846644855,-0.00544745083455051,-0.00204700842075796));
#8058=CARTESIAN_POINT('',(0.0167330152368965,-0.00542111181760831,-0.00204184904027104));
#8059=CARTESIAN_POINT('',(0.0167696923822067,-0.00539519316351493,-0.00204116812739034));
#8060=CARTESIAN_POINT('',(0.0164168237387468,-0.00572388831085352,-0.00226377357938449));
#8061=CARTESIAN_POINT('',(0.0164199810497106,-0.00572171519576766,-0.00225977274289669));
#8062=CARTESIAN_POINT('',(0.0164231358369317,-0.00571953196902877,-0.00225566669727486));
#8063=CARTESIAN_POINT('',(0.016448843043088,-0.00570177747730772,-0.00222387876555254));
#8064=CARTESIAN_POINT('',(0.016501028649749,-0.00566563646940178,-0.00216989766646631));
#8065=CARTESIAN_POINT('',(0.0165601965781947,-0.00562450841330159,-0.00212906399219139));
#8066=CARTESIAN_POINT('',(0.016626244660569,-0.00557852442975987,-0.00209368868764087));
#8067=CARTESIAN_POINT('',(0.0166607554280016,-0.00555446744525664,-0.00208008838787483));
#8068=CARTESIAN_POINT('',(0.0167314629927507,-0.00550513281877275,-0.00206118802163629));
#8069=CARTESIAN_POINT('',(0.0167682496036017,-0.00547947297683939,-0.00205581586251229));
#8070=CARTESIAN_POINT('',(0.0168040523765901,-0.00545442502589833,-0.00205478953529624));
#8071=CARTESIAN_POINT('',(0.016447109654513,-0.00575470627586913,-0.00227464362727592));
#8072=CARTESIAN_POINT('',(0.0164501971440322,-0.00575260147704547,-0.00227072177278647));
#8073=CARTESIAN_POINT('',(0.0164532769650797,-0.00575048932065549,-0.00226667474711447));
#8074=CARTESIAN_POINT('',(0.0164784032391255,-0.00573329947863406,-0.00223542817955897));
#8075=CARTESIAN_POINT('',(0.0165294840255104,-0.00569827916105395,-0.00218236752462736));
#8076=CARTESIAN_POINT('',(0.0165874897268074,-0.00565837713187406,-0.00214218314356827));
#8077=CARTESIAN_POINT('',(0.0166522468127061,-0.00561374212531276,-0.00210729985307097));
#8078=CARTESIAN_POINT('',(0.0166860917861476,-0.00559037712692128,-0.00209384245634255));
#8079=CARTESIAN_POINT('',(0.0167554201354677,-0.0055424353341363,-0.00207500459430175));
#8080=CARTESIAN_POINT('',(0.0167915646210222,-0.00551743013979581,-0.00206954332184154));
#8081=CARTESIAN_POINT('',(0.0168265549199161,-0.00549312098176424,-0.00206832375441574));
#8082=CARTESIAN_POINT('',(0.0165104430840535,-0.00581057122173596,-0.00230168553735513));
#8083=CARTESIAN_POINT('',(0.0165133543596374,-0.00580862350460479,-0.00229797396385359));
#8084=CARTESIAN_POINT('',(0.0165162518301938,-0.00580667222396322,-0.00229411371959961));
#8085=CARTESIAN_POINT('',(0.0165399355222017,-0.00579077132392414,-0.00226442285610101));
#8086=CARTESIAN_POINT('',(0.0165882382485019,-0.00575831681682508,-0.00221399161464094));
#8087=CARTESIAN_POINT('',(0.0166432648082274,-0.00572124797944212,-0.00217569452427963));
#8088=CARTESIAN_POINT('',(0.0167046977490653,-0.00567975241283098,-0.00214231824737486));
#8089=CARTESIAN_POINT('',(0.0167368143209762,-0.0056580117011996,-0.00212935739937611));
#8090=CARTESIAN_POINT('',(0.0168025480103797,-0.00561337466396273,-0.00211098004217863));
#8091=CARTESIAN_POINT('',(0.0168369040151575,-0.00558999953841649,-0.00210547321910879));
#8092=CARTESIAN_POINT('',(0.0168698782867605,-0.00556742328056324,-0.00210394999854021));
#8093=CARTESIAN_POINT('',(0.0165440221846949,-0.00583600652430819,-0.00231812485283309));
#8094=CARTESIAN_POINT('',(0.016546825824727,-0.00583414820086108,-0.00231454612483376));
#8095=CARTESIAN_POINT('',(0.0165496142694412,-0.00583228691235899,-0.00231081478422811));
#8096=CARTESIAN_POINT('',(0.0165724201900653,-0.00581710848866759,-0.0022821443543999));
#8097=CARTESIAN_POINT('',(0.0166189802147811,-0.00578605225499904,-0.00223339356004726));
#8098=CARTESIAN_POINT('',(0.0166720753946915,-0.00575049440263557,-0.00219625794504253));
#8099=CARTESIAN_POINT('',(0.0167313528897388,-0.00571068709077117,-0.00216381218540459));
#8100=CARTESIAN_POINT('',(0.0167623456051136,-0.00568982776748896,-0.00215116131262563));
#8101=CARTESIAN_POINT('',(0.0168257665525203,-0.00564702965982316,-0.00213311620440385));
#8102=CARTESIAN_POINT('',(0.0168589401533046,-0.00562460787549932,-0.00212763086286298));
#8103=CARTESIAN_POINT('',(0.0168907001240749,-0.0056030322854438,-0.00212599816677446));
#8104=CARTESIAN_POINT('',(0.0166120182442814,-0.00587955103510585,-0.00235541268585815));
#8105=CARTESIAN_POINT('',(0.0166145740013497,-0.00587788765448867,-0.00235214512996263));
#8106=CARTESIAN_POINT('',(0.0166171152171468,-0.00587622207096707,-0.00234872882091469));
#8107=CARTESIAN_POINT('',(0.0166379211565889,-0.00586262694647596,-0.00232250498932199));
#8108=CARTESIAN_POINT('',(0.0166805597211567,-0.00583471966355635,-0.00227783072931249));
#8109=CARTESIAN_POINT('',(0.0167293513032946,-0.00580266397143844,-0.0022436128102247));
#8110=CARTESIAN_POINT('',(0.0167838127413611,-0.00576677212108871,-0.00221357911161786));
#8111=CARTESIAN_POINT('',(0.0168122849491718,-0.00574795994087533,-0.00220178328212479));
#8112=CARTESIAN_POINT('',(0.016870463847604,-0.00570939052308292,-0.00218478014616903));
#8113=CARTESIAN_POINT('',(0.0169008834996409,-0.00568917128556103,-0.00217948569474298));
#8114=CARTESIAN_POINT('',(0.0169298659746657,-0.00566980106033956,-0.0021777194566864));
#8115=CARTESIAN_POINT('',(0.016646530712588,-0.00589783783723098,-0.00237625509150524));
#8116=CARTESIAN_POINT('',(0.0166489462222443,-0.00589628000575966,-0.00237316586221132));
#8117=CARTESIAN_POINT('',(0.0166513491407499,-0.00589471996003524,-0.00236993568579249));
#8118=CARTESIAN_POINT('',(0.016671031410036,-0.00588198294521726,-0.00234513809192052));
#8119=CARTESIAN_POINT('',(0.016711479203422,-0.00585580402152686,-0.00230286052091051));
#8120=CARTESIAN_POINT('',(0.0167578759556148,-0.00582569749411412,-0.00227039995511491));
#8121=CARTESIAN_POINT('',(0.0168096526630373,-0.00579198803931,-0.00224184900851965));
#8122=CARTESIAN_POINT('',(0.0168367161600932,-0.00577431920820512,-0.00223059885121631));
#8123=CARTESIAN_POINT('',(0.0168919476619577,-0.00573810594229829,-0.00221430634473634));
#8124=CARTESIAN_POINT('',(0.0169207897393771,-0.00571912470755039,-0.00220918160395797));
#8125=CARTESIAN_POINT('',(0.0169482090194893,-0.00570095917936522,-0.00220739129945327));
#8126=CARTESIAN_POINT('',(0.0167165839948378,-0.00592744413523757,-0.00242233461013618));
#8127=CARTESIAN_POINT('',(0.016718692843118,-0.00592610800730597,-0.00241963758622771));
#8128=CARTESIAN_POINT('',(0.0167207935017352,-0.00592476890595205,-0.00241682142992874));
#8129=CARTESIAN_POINT('',(0.0167380058280969,-0.00591383059928366,-0.00239517675938513));
#8130=CARTESIAN_POINT('',(0.0167735232740252,-0.00589126829316218,-0.00235817972370096));
#8131=CARTESIAN_POINT('',(0.0168144094201572,-0.0058652403142056,-0.00232958742723704));
#8132=CARTESIAN_POINT('',(0.0168600220015401,-0.00583610567632466,-0.00230432306456413));
#8133=CARTESIAN_POINT('',(0.0168838562594066,-0.00582083838190589,-0.00229429755954572));
#8134=CARTESIAN_POINT('',(0.0169324123518962,-0.00578959287113841,-0.0022796570534226));
#8135=CARTESIAN_POINT('',(0.0169577045556517,-0.00577324505483543,-0.0022749723363472));
#8136=CARTESIAN_POINT('',(0.0169817122321528,-0.00575762854378286,-0.00227322001498698));
#8137=CARTESIAN_POINT('',(0.0167522724577144,-0.00593871213676984,-0.00244772605726916));
#8138=CARTESIAN_POINT('',(0.0167542151706223,-0.00593749189714706,-0.00244524240630614));
#8139=CARTESIAN_POINT('',(0.0167561519770022,-0.00593626800880833,-0.00244265351048256));
#8140=CARTESIAN_POINT('',(0.0167720176510079,-0.00592626929643718,-0.0024227296046695));
#8141=CARTESIAN_POINT('',(0.0168047782390917,-0.00590560050957237,-0.00238859343876969));
#8142=CARTESIAN_POINT('',(0.0168425122392203,-0.00588171540979838,-0.002362076365863));
#8143=CARTESIAN_POINT('',(0.0168846064461503,-0.00585498767403037,-0.00233857880585808));
#8144=CARTESIAN_POINT('',(0.0169066005937985,-0.00584098585036106,-0.0023292142876826));
#8145=CARTESIAN_POINT('',(0.0169514000000252,-0.00581236199588376,-0.00231548848536964));
#8146=CARTESIAN_POINT('',(0.0169747108130621,-0.00579741236511628,-0.00231106540753087));
#8147=CARTESIAN_POINT('',(0.0169968715715597,-0.00578313838791313,-0.00230937526000911));
#8148=CARTESIAN_POINT('',(0.0168217540698327,-0.00595322095888822,-0.00250089225924369));
#8149=CARTESIAN_POINT('',(0.0168233449155695,-0.00595223866285453,-0.00249886086099445));
#8150=CARTESIAN_POINT('',(0.0168249351884184,-0.00595125183148059,-0.00249675442878308));
#8151=CARTESIAN_POINT('',(0.0168379573691056,-0.00594319111530746,-0.00248049376321532));
#8152=CARTESIAN_POINT('',(0.0168649523075887,-0.00592648493003604,-0.00245256219406879));
#8153=CARTESIAN_POINT('',(0.0168961476789095,-0.00590714248723747,-0.00243072851602304));
#8154=CARTESIAN_POINT('',(0.0169309355664747,-0.00588551083643694,-0.00241130071609425));
#8155=CARTESIAN_POINT('',(0.0169491043305192,-0.00587418556554647,-0.00240351041336528));
#8156=CARTESIAN_POINT('',(0.0169860474264917,-0.00585106869020402,-0.00239202057593822));
#8157=CARTESIAN_POINT('',(0.0170051912020621,-0.00583903768578166,-0.00238827588430458));
#8158=CARTESIAN_POINT('',(0.0170234246366219,-0.00582753056995863,-0.00238678164054381));
#8159=CARTESIAN_POINT('',(0.0168559135938856,-0.00595665292263567,-0.00252888977051596));
#8160=CARTESIAN_POINT('',(0.0168573187078235,-0.00595579268188227,-0.00252709725203505));
#8161=CARTESIAN_POINT('',(0.0168587259409495,-0.00595492750672271,-0.00252524580355576));
#8162=CARTESIAN_POINT('',(0.0168702457250236,-0.00594786228255474,-0.00251092421272922));
#8163=CARTESIAN_POINT('',(0.0168941861720414,-0.00593320124338196,-0.00248630839644701));
#8164=CARTESIAN_POINT('',(0.0169219090375763,-0.00591621352192806,-0.00246703023256683));
#8165=CARTESIAN_POINT('',(0.0169528172223826,-0.00589722299377069,-0.00244984922243216));
#8166=CARTESIAN_POINT('',(0.0169689548341182,-0.0058872847748039,-0.0024429440644998));
#8167=CARTESIAN_POINT('',(0.0170017294877139,-0.00586701717714761,-0.00243273336243799));
#8168=CARTESIAN_POINT('',(0.017018664677075,-0.005856494598482,-0.00242939137586932));
#8169=CARTESIAN_POINT('',(0.0170348177057003,-0.00584641181018968,-0.00242803086203108));
#8170=CARTESIAN_POINT('',(0.016956611625168,-0.00595524017054617,-0.002617214823319));
#8171=CARTESIAN_POINT('',(0.0169574391684812,-0.00595474948693109,-0.00261616365385353));
#8172=CARTESIAN_POINT('',(0.0169582734189016,-0.00595425359367356,-0.00261509580333693));
#8173=CARTESIAN_POINT('',(0.0169650845696697,-0.00595020951331882,-0.0026067549953283));
#8174=CARTESIAN_POINT('',(0.01697927402891,-0.00594178194581057,-0.00259230838145594));
#8175=CARTESIAN_POINT('',(0.0169957365163179,-0.00593199257626608,-0.00258080914346551));
#8176=CARTESIAN_POINT('',(0.0170140867445343,-0.0059210663713445,-0.0025704723620962));
#8177=CARTESIAN_POINT('',(0.0170236623460949,-0.00591535833178699,-0.00256626634537585));
#8178=CARTESIAN_POINT('',(0.0170430955006738,-0.00590375567621786,-0.00255999605577361));
#8179=CARTESIAN_POINT('',(0.0170530567571705,-0.00589779386021457,-0.00255791910726069));
#8180=CARTESIAN_POINT('',(0.017062691452793,-0.00589202535970884,-0.00255704490464368));
#8181=CARTESIAN_POINT('',(0.017019149802604,-0.00593853838031073,-0.0026800180523355));
#8182=CARTESIAN_POINT('',(0.0170195651318631,-0.00593829858985116,-0.0026794940618276));
#8183=CARTESIAN_POINT('',(0.0170199876026177,-0.00593805467624734,-0.00267897532143528));
#8184=CARTESIAN_POINT('',(0.0170234225032951,-0.00593607153541657,-0.00267486843536252));
#8185=CARTESIAN_POINT('',(0.0170305865842365,-0.00593193535135655,-0.00266773288546465));
#8186=CARTESIAN_POINT('',(0.0170389081043716,-0.00592713091946648,-0.00266201174332994));
#8187=CARTESIAN_POINT('',(0.0170481871897053,-0.00592177363705126,-0.00265684645864682));
#8188=CARTESIAN_POINT('',(0.0170530281309669,-0.00591897871831075,-0.00265473244976889));
#8189=CARTESIAN_POINT('',(0.0170628571535722,-0.00591330392946369,-0.00265157432500668));
#8190=CARTESIAN_POINT('',(0.0170678452349159,-0.00591042405935713,-0.00265053020912239));
#8191=CARTESIAN_POINT('',(0.0170727790577472,-0.00590757551541742,-0.00265008735276815));
#8192=CARTESIAN_POINT('',(0.0170736119744737,-0.00590709463072112,-0.0027432));
#8193=CARTESIAN_POINT('',(0.0170736119744737,-0.00590709463072112,-0.0027432));
#8194=CARTESIAN_POINT('',(0.0170736119744737,-0.00590709463072112,-0.0027432));
#8195=CARTESIAN_POINT('',(0.0170736119744737,-0.00590709463072112,-0.0027432));
#8196=CARTESIAN_POINT('',(0.0170736119744737,-0.00590709463072112,-0.0027432));
#8197=CARTESIAN_POINT('',(0.0170736119744737,-0.00590709463072112,-0.0027432));
#8198=CARTESIAN_POINT('',(0.0170736119744737,-0.00590709463072112,-0.0027432));
#8199=CARTESIAN_POINT('',(0.0170736119744737,-0.00590709463072112,-0.0027432));
#8200=CARTESIAN_POINT('',(0.0170736119744737,-0.00590709463072112,-0.0027432));
#8201=CARTESIAN_POINT('',(0.0170736119744737,-0.00590709463072112,-0.0027432));
#8202=CARTESIAN_POINT('',(0.0170736119744737,-0.00590709463072112,-0.0027432));
#8203=CARTESIAN_POINT('',(0.0167116787949558,-0.00529490007971389,-0.00203200000231448));
#8204=CARTESIAN_POINT('',(0.016779336149546,-0.00541208570930659,-0.00203201091898532));
#8205=CARTESIAN_POINT('',(0.0169472430589552,-0.00570045997713808,-0.00210964977705074));
#8206=CARTESIAN_POINT('',(0.0170714915016491,-0.0059083188862772,-0.00250615008638586));
#8207=CARTESIAN_POINT('',(0.0170736119744737,-0.00590709463072113,-0.0027432));
#8208=CARTESIAN_POINT('',(0.0232537,-0.00907190465689473,-0.002032));
#8209=CARTESIAN_POINT('',(0.0232491387519615,-0.00911767905162397,-0.002032));
#8210=CARTESIAN_POINT('',(0.0232445921782183,-0.00916343405172508,-0.00203666489735204));
#8211=CARTESIAN_POINT('',(0.023235696722408,-0.0092531484696441,-0.00205492434470925));
#8212=CARTESIAN_POINT('',(0.0232313478403408,-0.00929710788746201,-0.00206851889471443));
#8213=CARTESIAN_POINT('',(0.0232230161109678,-0.00938147434778772,-0.00210423750532699));
#8214=CARTESIAN_POINT('',(0.0232155533040962,-0.00945719155223217,-0.00214568960153059));
#8215=CARTESIAN_POINT('',(0.0232089815338136,-0.00952408527683738,-0.00220022760457855));
#8216=CARTESIAN_POINT('',(0.0232057502293932,-0.00955702298314713,-0.00223216855407349));
#8217=CARTESIAN_POINT('',(0.0232053512027644,-0.00956109128667133,-0.00223621213730564));
#8218=CARTESIAN_POINT('',(0.0232049571948823,-0.00956510929553122,-0.00224030565722013));
#8219=CARTESIAN_POINT('',(0.023247880459548,-0.00907190465689473,-0.002032));
#8220=CARTESIAN_POINT('',(0.0232433374098665,-0.00911763455129825,-0.00203203414568313));
#8221=CARTESIAN_POINT('',(0.0232388059546919,-0.00916340466745715,-0.00203673666112056));
#8222=CARTESIAN_POINT('',(0.0232299440021787,-0.00925307926824491,-0.00205505749055391));
#8223=CARTESIAN_POINT('',(0.0232256119141675,-0.00929701597530194,-0.00206867897062767));
#8224=CARTESIAN_POINT('',(0.0232173136280604,-0.00938133540528123,-0.00210444432973498));
#8225=CARTESIAN_POINT('',(0.0232098820936235,-0.00945700350085814,-0.00214593209354132));
#8226=CARTESIAN_POINT('',(0.0232033407809888,-0.00952384602781003,-0.00220049106301515));
#8227=CARTESIAN_POINT('',(0.0232001256240006,-0.00955675718399459,-0.00223244030293413));
#8228=CARTESIAN_POINT('',(0.0231997285003358,-0.00956082131115105,-0.00223648845899751));
#8229=CARTESIAN_POINT('',(0.0231993366296962,-0.00956483690008103,-0.00224057932806574));
#8230=CARTESIAN_POINT('',(0.0232420611933113,-0.00907190391002722,-0.00203207230715763));
#8231=CARTESIAN_POINT('',(0.0232375372297272,-0.00911759020680279,-0.00203214090232777));
#8232=CARTESIAN_POINT('',(0.0232330221072245,-0.00916335948365791,-0.00203688125734577));
#8233=CARTESIAN_POINT('',(0.0232241954057313,-0.00925298546226175,-0.00205526454863941));
#8234=CARTESIAN_POINT('',(0.0232198811301861,-0.00929689546242695,-0.00206891382556549));
#8235=CARTESIAN_POINT('',(0.0232116179701069,-0.00938115927910754,-0.00210472008994322));
#8236=CARTESIAN_POINT('',(0.0232042194207615,-0.009456774756276,-0.00214623520842434));
#8237=CARTESIAN_POINT('',(0.0231977084563017,-0.00952356113805717,-0.00220080392008749));
#8238=CARTESIAN_POINT('',(0.0231945102619036,-0.00955644578884006,-0.00223276134531365));
#8239=CARTESIAN_POINT('',(0.0231941152028664,-0.00956050826582991,-0.00223680703914989));
#8240=CARTESIAN_POINT('',(0.023193726407581,-0.00956451761655845,-0.00224090010652055));
#8241=CARTESIAN_POINT('',(0.02321879202492,-0.00907189794915871,-0.00203264940209389));
#8242=CARTESIAN_POINT('',(0.0232143475818865,-0.00911740913343783,-0.00203285637155021));
#8243=CARTESIAN_POINT('',(0.0232099021201404,-0.00916312344540738,-0.00203774832471259));
#8244=CARTESIAN_POINT('',(0.0232012233508632,-0.00925251751774401,-0.0020563827657816));
#8245=CARTESIAN_POINT('',(0.0231969840180169,-0.00929630279013586,-0.00207014071427216));
#8246=CARTESIAN_POINT('',(0.0231888676328678,-0.00938031397155253,-0.00210609210836204));
#8247=CARTESIAN_POINT('',(0.0231816071196527,-0.00945569837800328,-0.00214768287280732));
#8248=CARTESIAN_POINT('',(0.0231752191057876,-0.00952224419738452,-0.00220225895707768));
#8249=CARTESIAN_POINT('',(0.0231720943036526,-0.00955501444611277,-0.00223423065466108));
#8250=CARTESIAN_POINT('',(0.0231717095573568,-0.00955906080883185,-0.00223827707350184));
#8251=CARTESIAN_POINT('',(0.0231713313701276,-0.00956305434534882,-0.00224237022898037));
#8252=CARTESIAN_POINT('',(0.0232013579158768,-0.0090718867883608,-0.00203372992248399));
#8253=CARTESIAN_POINT('',(0.0231969802596178,-0.009117265013802,-0.00203404196941586));
#8254=CARTESIAN_POINT('',(0.0231925966158186,-0.00916282466713996,-0.00203904844422005));
#8255=CARTESIAN_POINT('',(0.0231840446255044,-0.00925195841259634,-0.00205787259392003));
#8256=CARTESIAN_POINT('',(0.0231798694957858,-0.00929561010327752,-0.00207170653798326));
#8257=CARTESIAN_POINT('',(0.0231718777452158,-0.00937936417190444,-0.00210772333814173));
#8258=CARTESIAN_POINT('',(0.0231647330091662,-0.00945452882262258,-0.00214930249120104));
#8259=CARTESIAN_POINT('',(0.0231584436283048,-0.00952085682774538,-0.00220380346748952));
#8260=CARTESIAN_POINT('',(0.0231553848355402,-0.00955352061764597,-0.00223575452615142));
#8261=CARTESIAN_POINT('',(0.0231550082194505,-0.00955755471418176,-0.00223979944253006));
#8262=CARTESIAN_POINT('',(0.0231546382568046,-0.00956153808342317,-0.00224389359026652));
#8263=CARTESIAN_POINT('',(0.0231608268802165,-0.00907184535778449,-0.00203774097821727));
#8264=CARTESIAN_POINT('',(0.023156615831494,-0.00911684131429832,-0.00203829116938316));
#8265=CARTESIAN_POINT('',(0.0231523937382633,-0.00916191159540669,-0.00204355731900728));
#8266=CARTESIAN_POINT('',(0.0231441697294332,-0.00925023162169904,-0.00206278512494585));
#8267=CARTESIAN_POINT('',(0.023140158424365,-0.00929348419948538,-0.00207676138499532));
#8268=CARTESIAN_POINT('',(0.0231324866156363,-0.00937648604744904,-0.00211283909636121));
#8269=CARTESIAN_POINT('',(0.0231256311547275,-0.00945101349138304,-0.00215428506065232));
#8270=CARTESIAN_POINT('',(0.0231196080531006,-0.00951673026631946,-0.00220845694763005));
#8271=CARTESIAN_POINT('',(0.0231167058487072,-0.00954909484732176,-0.00224028848578011));
#8272=CARTESIAN_POINT('',(0.0231163492083526,-0.0095530933704997,-0.00224432070811119));
#8273=CARTESIAN_POINT('',(0.0231159989167475,-0.00955704520798458,-0.0022484075020062));
#8274=CARTESIAN_POINT('',(0.0231377794709686,-0.0090718099584346,-0.00204116812739034));
#8275=CARTESIAN_POINT('',(0.0231336718335845,-0.00911653259431267,-0.00204184903980064));
#8276=CARTESIAN_POINT('',(0.0231295549638729,-0.00916121929109082,-0.00204725671922748));
#8277=CARTESIAN_POINT('',(0.0231215431609498,-0.00924892677865085,-0.00206668634429285));
#8278=CARTESIAN_POINT('',(0.0231176360854192,-0.00929188031457204,-0.00208071785363821));
#8279=CARTESIAN_POINT('',(0.0231101692764177,-0.00937433860977496,-0.00211676112276756));
#8280=CARTESIAN_POINT('',(0.0231034953997917,-0.00944840234773636,-0.00215804531803578));
#8281=CARTESIAN_POINT('',(0.0230976486247546,-0.00951370027126382,-0.00221192001593175));
#8282=CARTESIAN_POINT('',(0.023094840716098,-0.00954585264722917,-0.00224362711228228));
#8283=CARTESIAN_POINT('',(0.0230944951178991,-0.00954982474532199,-0.00224764492962417));
#8284=CARTESIAN_POINT('',(0.0230941564425791,-0.00955375028415651,-0.00225171785315039));
#8285=CARTESIAN_POINT('',(0.0230693031762394,-0.00907166926161631,-0.00205478953529624));
#8286=CARTESIAN_POINT('',(0.0230655124035233,-0.00911519931860151,-0.00205581586180358));
#8287=CARTESIAN_POINT('',(0.0230617491910403,-0.00915873674171762,-0.00206161705121653));
#8288=CARTESIAN_POINT('',(0.0230544203169867,-0.00924415594590893,-0.00208150585263059));
#8289=CARTESIAN_POINT('',(0.0230508539041632,-0.00928605016455667,-0.00209560946177801));
#8290=CARTESIAN_POINT('',(0.0230440391762438,-0.00936652618977179,-0.00213135712900119));
#8291=CARTESIAN_POINT('',(0.0230379711161706,-0.00943889310084211,-0.00217193202894579));
#8292=CARTESIAN_POINT('',(0.023032677460501,-0.00950270297180775,-0.00222468649695316));
#8293=CARTESIAN_POINT('',(0.0230301663252715,-0.00953405825569523,-0.00225582653061105));
#8294=CARTESIAN_POINT('',(0.0230298587624891,-0.00953792987129596,-0.00225977274164013));
#8295=CARTESIAN_POINT('',(0.0230295554450026,-0.00954175074153909,-0.00226377357938449));
#8296=CARTESIAN_POINT('',(0.0230245402237728,-0.00907152946537929,-0.00206832375441574));
#8297=CARTESIAN_POINT('',(0.0230209830272739,-0.00911398650396676,-0.00206954332099987));
#8298=CARTESIAN_POINT('',(0.0230174905254209,-0.00915646290283339,-0.00207554963168094));
#8299=CARTESIAN_POINT('',(0.0230106836324257,-0.00923987261523598,-0.00209554379252423));
#8300=CARTESIAN_POINT('',(0.0230073735872399,-0.00928079997651584,-0.00210957587196708));
#8301=CARTESIAN_POINT('',(0.0230010561804041,-0.00935949976003988,-0.00214485874197489));
#8302=CARTESIAN_POINT('',(0.0229954187595722,-0.00943031879252919,-0.00218470180601703));
#8303=CARTESIAN_POINT('',(0.0229906476863482,-0.0094928418664951,-0.00223631799209742));
#8304=CARTESIAN_POINT('',(0.0229882922509443,-0.00952343048667063,-0.00226685157985859));
#8305=CARTESIAN_POINT('',(0.022988002411105,-0.00952720510670452,-0.00227072177157891));
#8306=CARTESIAN_POINT('',(0.0229877233465231,-0.00953093135161652,-0.00227464362727592));
#8307=CARTESIAN_POINT('',(0.0229385308620311,-0.00907116147851403,-0.00210394999854021));
#8308=CARTESIAN_POINT('',(0.022935466387117,-0.00911100613916099,-0.00210547321806092));
#8309=CARTESIAN_POINT('',(0.0229325125966636,-0.00915091128729605,-0.00211159940466586));
#8310=CARTESIAN_POINT('',(0.0229267693427517,-0.00922938573283772,-0.00213135065363395));
#8311=CARTESIAN_POINT('',(0.0229239803190253,-0.00926795033808447,-0.00214498153688355));
#8312=CARTESIAN_POINT('',(0.0229186582343587,-0.0093422010526773,-0.00217882492533386));
#8313=CARTESIAN_POINT('',(0.0229138596764196,-0.00940909662690217,-0.00221674733952708));
#8314=CARTESIAN_POINT('',(0.0229099280820626,-0.00946816033322556,-0.0022655025194127));
#8315=CARTESIAN_POINT('',(0.0229081304465795,-0.00949696920742693,-0.00229431946417535));
#8316=CARTESIAN_POINT('',(0.0229079073042504,-0.00950052036746277,-0.0022979739627681));
#8317=CARTESIAN_POINT('',(0.0229076761694511,-0.00950401546565902,-0.00230168553735513));
#8318=CARTESIAN_POINT('',(0.0228972816405438,-0.00907093374088654,-0.00212599816677446));
#8319=CARTESIAN_POINT('',(0.0228944766187635,-0.00910922645402423,-0.00212763086174277));
#8320=CARTESIAN_POINT('',(0.0228917984021954,-0.00914762215850532,-0.00213373675167076));
#8321=CARTESIAN_POINT('',(0.0228865957150112,-0.00922317839828146,-0.00215313199471122));
#8322=CARTESIAN_POINT('',(0.022884076304551,-0.00926033877056796,-0.00216643715502123));
#8323=CARTESIAN_POINT('',(0.0228792376985595,-0.00933191461488222,-0.00219931050780866));
#8324=CARTESIAN_POINT('',(0.0228749152270122,-0.00939645569270406,-0.00223600075284613));
#8325=CARTESIAN_POINT('',(0.0228711058671886,-0.0094532707126483,-0.0022831475952926));
#8326=CARTESIAN_POINT('',(0.0228692875585917,-0.00948089067244344,-0.0023110144134718));
#8327=CARTESIAN_POINT('',(0.0228690665363169,-0.00948429557659424,-0.00231454612382032));
#8328=CARTESIAN_POINT('',(0.0228688590009499,-0.00948765276275348,-0.00231812485283308));
#8329=CARTESIAN_POINT('',(0.0228198752600091,-0.00907039950676194,-0.0021777194566864));
#8330=CARTESIAN_POINT('',(0.0228175913919586,-0.00910518415937848,-0.00217948569353947));
#8331=CARTESIAN_POINT('',(0.0228154477146736,-0.00914015349209507,-0.00218537913885819));
#8332=CARTESIAN_POINT('',(0.0228112975445335,-0.00920905745974369,-0.00220369822968926));
#8333=CARTESIAN_POINT('',(0.022809294382595,-0.00924299811568837,-0.00221612258746163));
#8334=CARTESIAN_POINT('',(0.0228054334133982,-0.00930842094108276,-0.00224655731974111));
#8335=CARTESIAN_POINT('',(0.0228019840803015,-0.00936748577629912,-0.00228030161326631));
#8336=CARTESIAN_POINT('',(0.0227988693433163,-0.00941930743483785,-0.00232346720565508));
#8337=CARTESIAN_POINT('',(0.0227974806984413,-0.00944440175121349,-0.00234892062275853));
#8338=CARTESIAN_POINT('',(0.0227973129700024,-0.00944749366154834,-0.00235214512910442));
#8339=CARTESIAN_POINT('',(0.0227971503186105,-0.00945053870319316,-0.00235541268585814));
#8340=CARTESIAN_POINT('',(0.022783720014987,-0.00907009302347484,-0.00220739129945327));
#8341=CARTESIAN_POINT('',(0.0227816978475325,-0.00910292156307949,-0.00220918160274351));
#8342=CARTESIAN_POINT('',(0.0227798149839685,-0.00913597295638608,-0.00221490321651043));
#8343=CARTESIAN_POINT('',(0.0227761755943533,-0.00920113983776769,-0.00223248997455088));
#8344=CARTESIAN_POINT('',(0.0227744210712965,-0.00923326249794847,-0.00224436569761638));
#8345=CARTESIAN_POINT('',(0.0227710544064129,-0.00929520935507862,-0.00227332723005543));
#8346=CARTESIAN_POINT('',(0.0227680021961211,-0.00935113223418193,-0.00230537812549307));
#8347=CARTESIAN_POINT('',(0.022765505158076,-0.00940029238160398,-0.00234608386933913));
#8348=CARTESIAN_POINT('',(0.0227643420326816,-0.00942400414096539,-0.00237011928631991));
#8349=CARTESIAN_POINT('',(0.022764198616112,-0.00942692262078753,-0.00237316586143627));
#8350=CARTESIAN_POINT('',(0.0227640572492629,-0.00942979342995495,-0.0023762550915052));
#8351=CARTESIAN_POINT('',(0.0227178912994533,-0.00906941307240873,-0.00227322001498698));
#8352=CARTESIAN_POINT('',(0.0227163708434324,-0.0090980125720624,-0.00227497233517208));
#8353=CARTESIAN_POINT('',(0.0227149732853854,-0.00912687604168308,-0.00228020703144595));
#8354=CARTESIAN_POINT('',(0.0227122840782731,-0.00918385235307763,-0.00229603496488145));
#8355=CARTESIAN_POINT('',(0.0227109923990637,-0.009211972772324,-0.00230662030296625));
#8356=CARTESIAN_POINT('',(0.0227085092510235,-0.00926622819363832,-0.00233223917054857));
#8357=CARTESIAN_POINT('',(0.0227062596101445,-0.00931522312011383,-0.00236044797163574));
#8358=CARTESIAN_POINT('',(0.0227044247234666,-0.00935822566060772,-0.00239602038448003));
#8359=CARTESIAN_POINT('',(0.0227035955098019,-0.00937889299870875,-0.00241698055591413));
#8360=CARTESIAN_POINT('',(0.022703493498577,-0.0093814342762213,-0.00241963758561935));
#8361=CARTESIAN_POINT('',(0.0227033908019522,-0.00938392865691141,-0.00242233461013614));
#8362=CARTESIAN_POINT('',(0.0226882194566864,-0.00906903962144286,-0.00230937526000911));
#8363=CARTESIAN_POINT('',(0.0226869382099165,-0.00909536837826159,-0.00231106540640603));
#8364=CARTESIAN_POINT('',(0.0226857685541229,-0.00912196125552064,-0.00231602115940516));
#8365=CARTESIAN_POINT('',(0.0226835174662182,-0.00917447868661553,-0.00233080733603846));
#8366=CARTESIAN_POINT('',(0.0226824397727279,-0.00920041453325499,-0.00234065513903976));
#8367=CARTESIAN_POINT('',(0.0226803492211466,-0.00925044842742962,-0.00236440325070345));
#8368=CARTESIAN_POINT('',(0.0226784834470472,-0.00929567189739544,-0.00239044667502328));
#8369=CARTESIAN_POINT('',(0.0226767524873854,-0.00933511209032965,-0.00242339894152422));
#8370=CARTESIAN_POINT('',(0.0226759672704955,-0.00935403430004942,-0.00244278774403519));
#8371=CARTESIAN_POINT('',(0.0226758735970137,-0.00935636298320622,-0.0024452424057788));
#8372=CARTESIAN_POINT('',(0.0226757881949285,-0.00935865554220778,-0.00244772605726577));
#8373=CARTESIAN_POINT('',(0.0226364981667744,-0.00906824008357338,-0.00238678164054381));
#8374=CARTESIAN_POINT('',(0.0226356494299823,-0.00908978425112599,-0.00238827588332653));
#8375=CARTESIAN_POINT('',(0.0226348805966251,-0.00911156302194914,-0.00239250094387123));
#8376=CARTESIAN_POINT('',(0.0226334098880041,-0.00915461513689008,-0.00240494661472263));
#8377=CARTESIAN_POINT('',(0.0226327076328055,-0.00917589206538677,-0.00241314851241531));
#8378=CARTESIAN_POINT('',(0.0226313533491407,-0.00921696148667121,-0.00243276785207886));
#8379=CARTESIAN_POINT('',(0.022630120546686,-0.00925409501867194,-0.0024541718313809));
#8380=CARTESIAN_POINT('',(0.0226290493198449,-0.00928648294095341,-0.0024810395778549));
#8381=CARTESIAN_POINT('',(0.0226285932007173,-0.00930196514353348,-0.00249685696638273));
#8382=CARTESIAN_POINT('',(0.0226285376508033,-0.00930386825092909,-0.00249886086062676));
#8383=CARTESIAN_POINT('',(0.0226284823803359,-0.00930573711207658,-0.00250089225924033));
#8384=CARTESIAN_POINT('',(0.0226144499985402,-0.00906781401643993,-0.00242803086203108));
#8385=CARTESIAN_POINT('',(0.0226137945624749,-0.00908684433756136,-0.00242939137498778));
#8386=CARTESIAN_POINT('',(0.0226132023880061,-0.00910608538735522,-0.00243329173953935));
#8387=CARTESIAN_POINT('',(0.0226120697744493,-0.00914411635718752,-0.00244440570322666));
#8388=CARTESIAN_POINT('',(0.0226115311649913,-0.00916291239367167,-0.00245168467404095));
#8389=CARTESIAN_POINT('',(0.0226105051065248,-0.00919920705062006,-0.00246904612996913));
#8390=CARTESIAN_POINT('',(0.0226095875211394,-0.00923200764600195,-0.00248798012369418));
#8391=CARTESIAN_POINT('',(0.0226088622364069,-0.0092608356218552,-0.00251143546550099));
#8392=CARTESIAN_POINT('',(0.0226085156821749,-0.00927454126150143,-0.00252533361882328));
#8393=CARTESIAN_POINT('',(0.022608472883917,-0.00927622309335402,-0.00252709725174592));
#8394=CARTESIAN_POINT('',(0.0226084304505277,-0.00927787007833599,-0.00252888977051591));
#8395=CARTESIAN_POINT('',(0.0225610106323535,-0.00906648141811857,-0.00255704490464368));
#8396=CARTESIAN_POINT('',(0.0225608323122929,-0.00907770955773607,-0.00255791910671561));
#8397=CARTESIAN_POINT('',(0.0225606624608931,-0.0090890908499117,-0.0025600424837035));
#8398=CARTESIAN_POINT('',(0.0225603462609372,-0.0091116037593249,-0.00256651191178516));
#8399=CARTESIAN_POINT('',(0.0225601984497445,-0.00912273712481898,-0.00257081990351707));
#8400=CARTESIAN_POINT('',(0.0225599170583587,-0.00914416623395455,-0.00258120191535582));
#8401=CARTESIAN_POINT('',(0.0225596687046949,-0.0091634876093829,-0.00259257477945584));
#8402=CARTESIAN_POINT('',(0.0225594288059976,-0.00918007591733262,-0.00260686909481428));
#8403=CARTESIAN_POINT('',(0.0225593280574728,-0.00918801740801122,-0.00261512166907657));
#8404=CARTESIAN_POINT('',(0.0225593160869073,-0.00918899463368541,-0.00261616365375967));
#8405=CARTESIAN_POINT('',(0.0225593049140853,-0.00918995664908957,-0.00261721482331894));
#8406=CARTESIAN_POINT('',(0.0225425,-0.00906552037381925,-0.00265008735276815));
#8407=CARTESIAN_POINT('',(0.0225425,-0.00907121746169276,-0.00265053020889456));
#8408=CARTESIAN_POINT('',(0.0225425,-0.00907697720191995,-0.00265157432465646));
#8409=CARTESIAN_POINT('',(0.0225425,-0.00908832677965446,-0.00265473244931206));
#8410=CARTESIAN_POINT('',(0.0225425,-0.00909391661716177,-0.00265684645820578));
#8411=CARTESIAN_POINT('',(0.0225425,-0.00910463118202925,-0.00266201174298583));
#8412=CARTESIAN_POINT('',(0.0225425,-0.00911424004582958,-0.00266773288527274));
#8413=CARTESIAN_POINT('',(0.0225425,-0.0091225124138937,-0.0026748684353099));
#8414=CARTESIAN_POINT('',(0.0225425,-0.00912647869549587,-0.00267897532142589));
#8415=CARTESIAN_POINT('',(0.0225425,-0.00912696652269557,-0.00267949406182306));
#8416=CARTESIAN_POINT('',(0.0225425,-0.00912744610360619,-0.00268001805233517));
#8417=CARTESIAN_POINT('',(0.0225425,-0.00906455860442666,-0.0027432));
#8418=CARTESIAN_POINT('',(0.0225425,-0.00906455860442666,-0.0027432));
#8419=CARTESIAN_POINT('',(0.0225425,-0.00906455860442666,-0.0027432));
#8420=CARTESIAN_POINT('',(0.0225425,-0.00906455860442666,-0.0027432));
#8421=CARTESIAN_POINT('',(0.0225425,-0.00906455860442666,-0.0027432));
#8422=CARTESIAN_POINT('',(0.0225425,-0.00906455860442666,-0.0027432));
#8423=CARTESIAN_POINT('',(0.0225425,-0.00906455860442666,-0.0027432));
#8424=CARTESIAN_POINT('',(0.0225425,-0.00906455860442666,-0.0027432));
#8425=CARTESIAN_POINT('',(0.0225425,-0.00906455860442666,-0.0027432));
#8426=CARTESIAN_POINT('',(0.0225425,-0.00906455860442666,-0.0027432));
#8427=CARTESIAN_POINT('',(0.0225425,-0.00906455860442666,-0.0027432));
#8428=CARTESIAN_POINT('',(0.0232537,-0.00907190465689473,-0.002032));
#8429=CARTESIAN_POINT('',(0.0231183832174609,-0.00907190465689473,-0.002032));
#8430=CARTESIAN_POINT('',(0.022784669295607,-0.00907068031481672,-0.00210961408651938));
#8431=CARTESIAN_POINT('',(0.0225425,-0.00906700728858268,-0.00250613333333354));
#8432=CARTESIAN_POINT('',(0.0225425,-0.00906455860442666,-0.0027432));
#8433=CARTESIAN_POINT('',(0.0218313,-0.00531544690030857,-0.0043688));
#8434=CARTESIAN_POINT('',(0.0218313,-0.00531544690030857,-0.0043688));
#8435=CARTESIAN_POINT('',(0.0206760379518655,-0.00464845604583357,-0.002032));
#8436=CARTESIAN_POINT('',(0.0206760379518655,-0.00464845604583357,-0.0027432));
#8437=CARTESIAN_POINT('',(0.02456815,-0.000758898061336299,-0.0027432));
#8438=CARTESIAN_POINT('',(0.0199648379518655,-0.00341662151149059,-0.0027432));
#8439=CARTESIAN_POINT('',(0.0232537,-0.00999133720592715,-0.0027432));
#8440=CARTESIAN_POINT('',(0.0232537,-0.00531544690030857,-0.0027432));
#8441=CARTESIAN_POINT('',(0.0218313,-0.00531544690030857,-0.002032));
#8442=CARTESIAN_POINT('',(0.0218313,-0.00531544690030857,-0.0027432));
#8443=CARTESIAN_POINT('',(0.0206760379518655,-0.00464845604583357,-0.0027432));
#8444=CARTESIAN_POINT('',(0.0215243795075477,-0.00350672999948849,-0.0027432));
#8445=CARTESIAN_POINT('',(0.0218313,-0.00531544690030857,-0.0027432));
#8446=CARTESIAN_POINT('',(0.0223958929824561,-0.00400989853882928,-0.0027432));
#8447=CARTESIAN_POINT('',(0.02413,-4.22838847269347E-17,-0.0027432));
#8448=CARTESIAN_POINT('',(0.0374191468841878,0.00583418915726541,-0.0042672));
#8449=CARTESIAN_POINT('',(0.0374191468841877,0.00583418915726541,-0.00355599999999999));
#8450=CARTESIAN_POINT('',(0.0371351156219264,0.00648621038549212,-0.003556));
#8451=CARTESIAN_POINT('',(0.0375263880986847,0.00588090520913822,-0.00426719996300803));
#8452=CARTESIAN_POINT('',(0.0374187938837804,0.0058340354164153,-0.00356206037917936));
#8453=CARTESIAN_POINT('',(0.0372444332300297,0.00652719223039088,-0.003556));
#8454=CARTESIAN_POINT('',(0.0377563092806497,0.00591550014751904,-0.00414742965681781));
#8455=CARTESIAN_POINT('',(0.0374506907650617,0.00592002435491043,-0.00363564868963637));
#8456=CARTESIAN_POINT('',(0.0375047491540248,0.00649846773675523,-0.00349650357911756));
#8457=CARTESIAN_POINT('',(0.0380441611010373,0.00582656338639563,-0.00377035234787154));
#8458=CARTESIAN_POINT('',(0.0378368220605407,0.00594917002477403,-0.00351110839468874));
#8459=CARTESIAN_POINT('',(0.0378736605183216,0.00623709569591809,-0.00330843885986265));
#8460=CARTESIAN_POINT('',(0.0382510636587316,0.00565912575997381,-0.00332297248736269));
#8461=CARTESIAN_POINT('',(0.0381802896272392,0.00576042494571554,-0.00320968734150129));
#8462=CARTESIAN_POINT('',(0.0381674430985344,0.00587111367655598,-0.00308453556847627));
#8463=CARTESIAN_POINT('',(0.0383379609762553,0.00551346983786198,-0.00300362379688834));
#8464=CARTESIAN_POINT('',(0.0383244631934382,0.0055488233448883,-0.00296402615873271));
#8465=CARTESIAN_POINT('',(0.0383109654203656,0.00558417682657232,-0.0029244284938106));
#8466=CARTESIAN_POINT('',(0.0383675994543172,0.00543584048500565,-0.0028448));
#8467=CARTESIAN_POINT('',(0.0383675994543172,0.00543584048500564,-0.0028448));
#8468=CARTESIAN_POINT('',(0.0383675994543172,0.00543584048500563,-0.0028448));
#8469=CARTESIAN_POINT('',(0.0371351156219264,0.00648621038549211,-0.0042672));
#8470=CARTESIAN_POINT('',(0.0377031781464491,0.00518216792903872,-0.0042672));
#8471=CARTESIAN_POINT('',(0.0369919781464491,0.00641400246338171,-0.0042672));
#8472=CARTESIAN_POINT('',(0.0332209018381096,0.00423677054162727,-0.0042672));
#8473=CARTESIAN_POINT('',(0.034238815695019,0.00482446338092579,-0.0042672));
#8474=CARTESIAN_POINT('',(0.034238815695019,0.00482446338092579,-0.003556));
#8475=CARTESIAN_POINT('',(0.034594415695019,0.00420854611375429,-0.003556));
#8476=CARTESIAN_POINT('',(0.034594415695019,0.0042085461137543,-0.0042672));
#8477=CARTESIAN_POINT('',(0.0340839558357933,0.00471794117953842,-0.003556));
#8478=CARTESIAN_POINT('',(0.0344338187077658,0.0041158253999394,-0.00357066816001068));
#8479=CARTESIAN_POINT('',(0.0342685838108084,0.00402042698769477,-0.0042671999681512));
#8480=CARTESIAN_POINT('',(0.0339341758358505,0.00461284296498513,-0.00348080377616194));
#8481=CARTESIAN_POINT('',(0.0342636417515203,0.00401757368841132,-0.00351061168523577));
#8482=CARTESIAN_POINT('',(0.0339521649185961,0.00383774245509931,-0.00411480311712338));
#8483=CARTESIAN_POINT('',(0.0338250697709338,0.00453541124078731,-0.00334769434277988));
#8484=CARTESIAN_POINT('',(0.0341338196790077,0.00394262087992249,-0.0033764899195107));
#8485=CARTESIAN_POINT('',(0.0337226285333087,0.0037052195612648,-0.00384778447550247));
#8486=CARTESIAN_POINT('',(0.0333670285333087,0.00432113682843629,-0.00384778447550247));
#8487=CARTESIAN_POINT('',(0.0377031781464491,0.00518216792903872,-0.0043688));
#8488=CARTESIAN_POINT('',(0.0390320207621854,0.00568951304097258,-0.0043688));
#8489=CARTESIAN_POINT('',(0.0369919781464491,0.00641400246338171,-0.0043688));
#8490=CARTESIAN_POINT('',(0.0338250697709338,0.00453541124078731,-0.00334769434277988));
#8491=CARTESIAN_POINT('',(0.0341338196790077,0.00394262087992249,-0.0033764899195107));
#8492=CARTESIAN_POINT('',(0.0337226285333087,0.0037052195612648,-0.00384778447550247));
#8493=CARTESIAN_POINT('',(0.033506627042165,0.00434973183071552,-0.00297646876577025));
#8494=CARTESIAN_POINT('',(0.0338140565037205,0.00375800552459568,-0.00300662853176796));
#8495=CARTESIAN_POINT('',(0.0334033454201071,0.00352088136991015,-0.00347636384992917));
#8496=CARTESIAN_POINT('',(0.0331883958270007,0.00416397856307586,-0.00260513556878988));
#8497=CARTESIAN_POINT('',(0.0334940816881392,0.00357326797868308,-0.00263646740931444));
#8498=CARTESIAN_POINT('',(0.0330841822735694,0.00333661244134122,-0.00310480582437254));
#8499=CARTESIAN_POINT('',(0.032870460303352,0.00397811856361927,-0.00223365897406687));
#8500=CARTESIAN_POINT('',(0.0331736556926,0.00338826994390383,-0.00226571236849744));
#8501=CARTESIAN_POINT('',(0.0327651849830067,0.00315243926976407,-0.00273305788401579));
#8502=CARTESIAN_POINT('',(0.0328761490424635,0.00398144407894571,-0.00224030565722013));
#8503=CARTESIAN_POINT('',(0.0330409094401149,0.00366120408151462,-0.00225782059133915));
#8504=CARTESIAN_POINT('',(0.0329917367130061,0.0032832389720646,-0.00249047220934068));
#8505=CARTESIAN_POINT('',(0.0327738880255263,0.00315746397370553,-0.0027432));
#8506=CARTESIAN_POINT('',(0.02456815,-0.000758898061336313,-0.0043688));
#8507=CARTESIAN_POINT('',(0.0291714620481344,0.00189882538881797,-0.0043688));
#8508=CARTESIAN_POINT('',(0.02413,2.51534904016637E-17,-0.0043688));
#8509=CARTESIAN_POINT('',(0.0390320207621853,-0.00568951304097259,-0.0043688));
#8510=CARTESIAN_POINT('',(0.0324246498935812,0.00377705426711105,-0.002032));
#8511=CARTESIAN_POINT('',(0.0324665723062788,0.00379599130780136,-0.002032));
#8512=CARTESIAN_POINT('',(0.0325084705855881,0.00381493135949015,-0.00203666489735204));
#8513=CARTESIAN_POINT('',(0.0325906132784969,0.00385208487773969,-0.00205492434470925));
#8514=CARTESIAN_POINT('',(0.0326308576920964,0.00387029834430042,-0.00206851889471443));
#8515=CARTESIAN_POINT('',(0.0327080870546523,0.00390526608516879,-0.00210423750532699));
#8516=CARTESIAN_POINT('',(0.0327773914806406,0.00393666170705665,-0.00214568960153058));
#8517=CARTESIAN_POINT('',(0.0328386090306437,0.00396441724934674,-0.00220022760457854));
#8518=CARTESIAN_POINT('',(0.0328687495732606,0.00397808771078612,-0.00223216855407349));
#8519=CARTESIAN_POINT('',(0.0328724723407772,0.00397977629535089,-0.00223621213730564));
#8520=CARTESIAN_POINT('',(0.0328761490424635,0.00398144407894571,-0.00224030565722013));
#8521=CARTESIAN_POINT('',(0.0324275596638072,0.00377201439724128,-0.002032));
#8522=CARTESIAN_POINT('',(0.0324694344389137,0.00379094494800823,-0.00203203414568313));
#8523=CARTESIAN_POINT('',(0.0325113382498274,0.00380990565078957,-0.00203673666112023));
#8524=CARTESIAN_POINT('',(0.0325934297084433,0.00384706827518149,-0.00205505749055424));
#8525=CARTESIAN_POINT('',(0.0326336460569175,0.00386528493044007,-0.00206867897062769));
#8526=CARTESIAN_POINT('',(0.0327108179683657,0.003900258118853,-0.00210444432973496));
#8527=CARTESIAN_POINT('',(0.0327800642286099,0.00393165626903014,-0.00214593209354145));
#8528=CARTESIAN_POINT('',(0.0328412222113203,0.00395941258959011,-0.00220049106301483));
#8529=CARTESIAN_POINT('',(0.0328713316871386,0.0039730837600536,-0.00223244030293418));
#8530=CARTESIAN_POINT('',(0.0328750498863326,0.00397477190444972,-0.00223648845899751));
#8531=CARTESIAN_POINT('',(0.0328787234236768,0.00397644032898584,-0.00224057932806574));
#8532=CARTESIAN_POINT('',(0.0324304686501193,0.00376697439141513,-0.00203207230715763));
#8533=CARTESIAN_POINT('',(0.0324722961255238,0.00378589967241337,-0.00203214090232776));
#8534=CARTESIAN_POINT('',(0.0325141910432425,0.00380487410005115,-0.00203688125734529));
#8535=CARTESIAN_POINT('',(0.0325962227683032,0.00384204294163066,-0.00205526454863989));
#8536=CARTESIAN_POINT('',(0.0326364070816972,0.00386026166949127,-0.00206891382556555));
#8537=CARTESIAN_POINT('',(0.0327135132676017,0.0038952374712872,-0.00210472008994319));
#8538=CARTESIAN_POINT('',(0.0327826974664219,0.00392663787818721,-0.00214623520842444));
#8539=CARTESIAN_POINT('',(0.0328437916519005,0.00395439240845223,-0.00220080392008707));
#8540=CARTESIAN_POINT('',(0.0328738696920726,0.00396806501624892,-0.00223276134531365));
#8541=CARTESIAN_POINT('',(0.0328775854298666,0.00396975412358163,-0.00223680703914989));
#8542=CARTESIAN_POINT('',(0.0328812520270929,0.00397142209235188,-0.00224090010652055));
#8543=CARTESIAN_POINT('',(0.0324420980720514,0.00374681972002912,-0.00203264940209389));
#8544=CARTESIAN_POINT('',(0.0324837341353102,0.00376572631159599,-0.0020328563715502));
#8545=CARTESIAN_POINT('',(0.0325255466216619,0.00378473358477508,-0.00203774832471177));
#8546=CARTESIAN_POINT('',(0.032607303543899,0.00382191458627971,-0.00205638276578239));
#8547=CARTESIAN_POINT('',(0.0326473423685227,0.00384013585253428,-0.00207014071427236));
#8548=CARTESIAN_POINT('',(0.0327241563784047,0.00387511244751593,-0.00210609210836193));
#8549=CARTESIAN_POINT('',(0.0327930714460484,0.00390651686185264,-0.00214768287280715));
#8550=CARTESIAN_POINT('',(0.0328538958230794,0.003934257589256,-0.00220225895707711));
#8551=CARTESIAN_POINT('',(0.0328838380920346,0.00394793655558972,-0.00223423065466101));
#8552=CARTESIAN_POINT('',(0.0328875347180902,0.00394962653688311,-0.00223827707350185));
#8553=CARTESIAN_POINT('',(0.0328911823157794,0.0039512957853937,-0.00224237022898037));
#8554=CARTESIAN_POINT('',(0.0324508054610384,0.0037317157583064,-0.00203372992248399));
#8555=CARTESIAN_POINT('',(0.0324922929851787,0.00375061370949762,-0.00203404196941584));
#8556=CARTESIAN_POINT('',(0.0325339406242545,0.00376959718927406,-0.0020390484442195));
#8557=CARTESIAN_POINT('',(0.0326154087073163,0.00380675782113998,-0.0020578725939205));
#8558=CARTESIAN_POINT('',(0.0326552997452228,0.00382496789807955,-0.00207170653798345));
#8559=CARTESIAN_POINT('',(0.0327318287716074,0.00385992387337783,-0.0021077233381415));
#8560=CARTESIAN_POINT('',(0.0328004956366208,0.00389131867581461,-0.00214930249120028));
#8561=CARTESIAN_POINT('',(0.032861082064469,0.00391903591477577,-0.00220380346748941));
#8562=CARTESIAN_POINT('',(0.0328908991326898,0.00393271881748722,-0.0022357545261513));
#8563=CARTESIAN_POINT('',(0.032894581070816,0.00393440970665408,-0.00223979944252993));
#8564=CARTESIAN_POINT('',(0.0328982157510945,0.00393608099422485,-0.00224389359026652));
#8565=CARTESIAN_POINT('',(0.032471035098937,0.00369659413649476,-0.00203774097821727));
#8566=CARTESIAN_POINT('',(0.0325121082647069,0.00371544523958137,-0.00203829116938315));
#8567=CARTESIAN_POINT('',(0.0325532513197172,0.00373432394014009,-0.00204355731900699));
#8568=CARTESIAN_POINT('',(0.0326338507105674,0.00377136175271971,-0.00206278512494585));
#8569=CARTESIAN_POINT('',(0.0326733141942442,0.00378951414952153,-0.00207676138499512));
#8570=CARTESIAN_POINT('',(0.0327490318075047,0.00382437109225056,-0.00211283909636057));
#8571=CARTESIAN_POINT('',(0.0328170021976851,0.00385569781091575,-0.00215428506065028));
#8572=CARTESIAN_POINT('',(0.0328769261450458,0.0038833400393655,-0.00220845694763051));
#8573=CARTESIAN_POINT('',(0.0329064057965738,0.00389700894713506,-0.00224028848578038));
#8574=CARTESIAN_POINT('',(0.032910046939401,0.00389869934911689,-0.00224432070811135));
#8575=CARTESIAN_POINT('',(0.0329136444768572,0.00390037190643069,-0.0022484075020062));
#8576=CARTESIAN_POINT('',(0.0324825281468248,0.00367661679491966,-0.00204116812739034));
#8577=CARTESIAN_POINT('',(0.0325233129043113,0.00369542079453458,-0.00204184903980064));
#8578=CARTESIAN_POINT('',(0.0325640711537884,0.00371419882916899,-0.00204725671922725));
#8579=CARTESIAN_POINT('',(0.0326440339675814,0.00375111414808823,-0.00206668634429256));
#8580=CARTESIAN_POINT('',(0.0326831863586376,0.00376920728938494,-0.00208071785363762));
#8581=CARTESIAN_POINT('',(0.0327583307415359,0.00380396999070524,-0.00211676112276649));
#8582=CARTESIAN_POINT('',(0.0328258087584227,0.003835222112986,-0.00215804531803332));
#8583=CARTESIAN_POINT('',(0.0328852818065279,0.00386280761903755,-0.00221192001593165));
#8584=CARTESIAN_POINT('',(0.0329145305352334,0.003876452086792,-0.00224362711228313));
#8585=CARTESIAN_POINT('',(0.0329181432721877,0.00387813883901871,-0.00224764492962494));
#8586=CARTESIAN_POINT('',(0.0329217122262027,0.00387980830700535,-0.00225171785315039));
#8587=CARTESIAN_POINT('',(0.0325166444471705,0.00361724423571798,-0.00205478953529624));
#8588=CARTESIAN_POINT('',(0.0325562379687058,0.00363572635873853,-0.00205581586180358));
#8589=CARTESIAN_POINT('',(0.0325958240893823,0.00365423603268652,-0.00206161705121627));
#8590=CARTESIAN_POINT('',(0.0326734637272118,0.0036905986436703,-0.00208150585262942));
#8591=CARTESIAN_POINT('',(0.0327115283912451,0.00370845714888853,-0.00209560946177644));
#8592=CARTESIAN_POINT('',(0.032784630037438,0.00374279343399774,-0.00213135712899822));
#8593=CARTESIAN_POINT('',(0.0328503356508524,0.00377372179535754,-0.00217193202894359));
#8594=CARTESIAN_POINT('',(0.0329082434479568,0.00380104229055307,-0.00222468649694936));
#8595=CARTESIAN_POINT('',(0.0329366534879593,0.00381454522559554,-0.00225582653060896));
#8596=CARTESIAN_POINT('',(0.0329401601868137,0.00381621467621298,-0.00225977274163857));
#8597=CARTESIAN_POINT('',(0.0329436208162505,0.00381786243068556,-0.0022637735793845));
#8598=CARTESIAN_POINT('',(0.0325389048563111,0.00357840848361504,-0.00206832375441574));
#8599=CARTESIAN_POINT('',(0.0325774523285468,0.00359655638037447,-0.00206954332099986));
#8600=CARTESIAN_POINT('',(0.0326159842199542,0.00361476998448009,-0.00207554963168045));
#8601=CARTESIAN_POINT('',(0.0326916225963173,0.00365057989842639,-0.00209554379252252));
#8602=CARTESIAN_POINT('',(0.0327287217534898,0.00366817699584736,-0.00210957587196452));
#8603=CARTESIAN_POINT('',(0.0328000364687131,0.0037020558528031,-0.00214485874197109));
#8604=CARTESIAN_POINT('',(0.0328641862603371,0.00373258321939534,-0.00218470180601225));
#8605=CARTESIAN_POINT('',(0.0329207183673204,0.00375971288576491,-0.00223631799209538));
#8606=CARTESIAN_POINT('',(0.0329483866071594,0.00377296732895565,-0.00226685157985865));
#8607=CARTESIAN_POINT('',(0.0329518004439181,0.00377460363030864,-0.00227072177157915));
#8608=CARTESIAN_POINT('',(0.0329551669989639,0.00377622507574738,-0.00227464362727592));
#8609=CARTESIAN_POINT('',(0.0325815908512084,0.00350373819795078,-0.00210394999854021));
#8610=CARTESIAN_POINT('',(0.0326176295769909,0.00352100661514938,-0.00210547321806095));
#8611=CARTESIAN_POINT('',(0.0326536653442455,0.00353840113164655,-0.00211159940466523));
#8612=CARTESIAN_POINT('',(0.0327244978345911,0.0035726645506286,-0.00213135065363173));
#8613=CARTESIAN_POINT('',(0.0327592902742866,0.00358953148785257,-0.00214498153688026));
#8614=CARTESIAN_POINT('',(0.0328262543217093,0.00362204778462569,-0.00217882492532868));
#8615=CARTESIAN_POINT('',(0.0328865868673617,0.00365133989865982,-0.00221674733951902));
#8616=CARTESIAN_POINT('',(0.0329397033346507,0.00367746689123353,-0.00226550251941028));
#8617=CARTESIAN_POINT('',(0.0329655513693013,0.00369031453034042,-0.00229431946417492));
#8618=CARTESIAN_POINT('',(0.0329687383352694,0.00369189686343282,-0.00229797396276788));
#8619=CARTESIAN_POINT('',(0.0329718807464953,0.00369344424392305,-0.00230168553735513));
#8620=CARTESIAN_POINT('',(0.0326020182353812,0.00346790145544272,-0.00212599816677446));
#8621=CARTESIAN_POINT('',(0.0326365832086285,0.00348461859189165,-0.00212763086174279));
#8622=CARTESIAN_POINT('',(0.0326711739723904,0.00350149704054709,-0.0021337367516702));
#8623=CARTESIAN_POINT('',(0.0327392089390455,0.003534769501165,-0.00215313199470916));
#8624=CARTESIAN_POINT('',(0.0327726504706914,0.00355116781384666,-0.00216643715501815));
#8625=CARTESIAN_POINT('',(0.0328370562731644,0.00358276538029472,-0.002199310507803));
#8626=CARTESIAN_POINT('',(0.0328951117219245,0.00361129254903614,-0.00223600075283745));
#8627=CARTESIAN_POINT('',(0.0329462196524214,0.00363640105663026,-0.00228314759528547));
#8628=CARTESIAN_POINT('',(0.0329710483935456,0.00364863633509414,-0.00231101441347014));
#8629=CARTESIAN_POINT('',(0.0329741076381739,0.00365014737626516,-0.00231454612381945));
#8630=CARTESIAN_POINT('',(0.0329771188143552,0.00365164623844528,-0.00231812485283309));
#8631=CARTESIAN_POINT('',(0.0326402587653251,0.00340059844642237,-0.0021777194566864));
#8632=CARTESIAN_POINT('',(0.0326715250921781,0.00341601288498001,-0.00217948569353948));
#8633=CARTESIAN_POINT('',(0.0327028812613065,0.00343164107235214,-0.00218537913885823));
#8634=CARTESIAN_POINT('',(0.0327646289327819,0.00346249890340536,-0.00220369822968923));
#8635=CARTESIAN_POINT('',(0.0327950239840207,0.00347773444225104,-0.00221612258746136));
#8636=CARTESIAN_POINT('',(0.0328536122974011,0.00350710215753936,-0.00224655731973892));
#8637=CARTESIAN_POINT('',(0.0329064886117221,0.00353364736505733,-0.0022803016132609));
#8638=CARTESIAN_POINT('',(0.0329529248529834,0.00355686075296713,-0.00232346720564493));
#8639=CARTESIAN_POINT('',(0.0329753514908806,0.00356820530942193,-0.00234892062275598));
#8640=CARTESIAN_POINT('',(0.0329781130279944,0.00356960600750125,-0.00235214512910302));
#8641=CARTESIAN_POINT('',(0.0329808314371081,0.00357098766808729,-0.00235541268585815));
#8642=CARTESIAN_POINT('',(0.0326580709655237,0.0033691338441096,-0.00220739129945327));
#8643=CARTESIAN_POINT('',(0.0326875123985177,0.00338379686552563,-0.00220918160274351));
#8644=CARTESIAN_POINT('',(0.0327170771765328,0.00339869195450116,-0.00221490321651103));
#8645=CARTESIAN_POINT('',(0.0327753330461001,0.00342812359133227,-0.0022324899745528));
#8646=CARTESIAN_POINT('',(0.0328040293473811,0.00344266545988462,-0.00224436569761898));
#8647=CARTESIAN_POINT('',(0.0328593602317832,0.00347072327113406,-0.00227332723005734));
#8648=CARTESIAN_POINT('',(0.0329093169708876,0.00349604141903439,-0.00230537812549353));
#8649=CARTESIAN_POINT('',(0.0329531394264434,0.00351845899435756,-0.00234608386933229));
#8650=CARTESIAN_POINT('',(0.0329742559751084,0.00352930757790267,-0.00237011928631777));
#8651=CARTESIAN_POINT('',(0.0329768551610582,0.00353064261542183,-0.00237316586143498));
#8652=CARTESIAN_POINT('',(0.0329794120381492,0.0035319555927239,-0.0023762550915052));
#8653=CARTESIAN_POINT('',(0.032690396468394,0.00331178452862586,-0.00227322001498698));
#8654=CARTESIAN_POINT('',(0.03271592458964,0.00332476752491331,-0.00227497233517209));
#8655=CARTESIAN_POINT('',(0.0327416198665933,0.0033379889389532,-0.00228020703144784));
#8656=CARTESIAN_POINT('',(0.0327923074032234,0.00336414817297905,-0.00229603496488797));
#8657=CARTESIAN_POINT('',(0.0328173062402562,0.00337708975559556,-0.00230662030297547));
#8658=CARTESIAN_POINT('',(0.0328655343874215,0.00340206699697151,-0.00233223917056147));
#8659=CARTESIAN_POINT('',(0.032909090058844,0.00342461621405927,-0.00236044797164947));
#8660=CARTESIAN_POINT('',(0.0329472487946851,0.00344452842582654,-0.00239602038448938));
#8661=CARTESIAN_POINT('',(0.0329655618413531,0.00345414397477251,-0.00241698055591646));
#8662=CARTESIAN_POINT('',(0.0329678136578511,0.00345532626921571,-0.00241963758562064));
#8663=CARTESIAN_POINT('',(0.03297002520321,0.00345648452167376,-0.00242233461013615));
#8664=CARTESIAN_POINT('',(0.0327049089717539,0.00328590123352972,-0.00230937526000911));
#8665=CARTESIAN_POINT('',(0.032728350967394,0.00329795601968789,-0.00231106540640603));
#8666=CARTESIAN_POINT('',(0.0327519659025526,0.00331023950668848,-0.00231602115940775));
#8667=CARTESIAN_POINT('',(0.032798572875964,0.00333454872292966,-0.00233080733604748));
#8668=CARTESIAN_POINT('',(0.0328215728247611,0.00334658333631248,-0.00234065513905269));
#8669=CARTESIAN_POINT('',(0.0328659487239477,0.00336978981262713,-0.00236440325072226));
#8670=CARTESIAN_POINT('',(0.032906046284829,0.0033907857398452,-0.00239044667504572));
#8671=CARTESIAN_POINT('',(0.0329410679736822,0.00340900678126675,-0.00242339894154025));
#8672=CARTESIAN_POINT('',(0.0329578476964602,0.00341778786834264,-0.00244278774403882));
#8673=CARTESIAN_POINT('',(0.032959911231975,0.0034188710863048,-0.00244524240578072));
#8674=CARTESIAN_POINT('',(0.0329619393473557,0.00341994340542877,-0.00244772605726577));
#8675=CARTESIAN_POINT('',(0.0327300771966036,0.00324070951361474,-0.00238678164054381));
#8676=CARTESIAN_POINT('',(0.0327491593614036,0.00325074656976797,-0.00238827588332653));
#8677=CARTESIAN_POINT('',(0.0327684047468728,0.00326097012596353,-0.00239250094387458));
#8678=CARTESIAN_POINT('',(0.0328064243263947,0.00328122251241357,-0.00240494661473435));
#8679=CARTESIAN_POINT('',(0.0328252018145782,0.00329125280582415,-0.00241314851243212));
#8680=CARTESIAN_POINT('',(0.0328614461185485,0.00331061467241501,-0.00243276785210354));
#8681=CARTESIAN_POINT('',(0.0328942211018118,0.00332811380017617,-0.00245417183141121));
#8682=CARTESIAN_POINT('',(0.0329228054787204,0.00334338005165132,-0.00248103957787512));
#8683=CARTESIAN_POINT('',(0.0329364415190511,0.00335072614217688,-0.00249685696638725));
#8684=CARTESIAN_POINT('',(0.0329381174333625,0.00335162958823626,-0.00249886086062914));
#8685=CARTESIAN_POINT('',(0.03293976354983,0.00335251615317926,-0.00250089225924034));
#8686=CARTESIAN_POINT('',(0.0327407322957595,0.00322140220625024,-0.00242803086203108));
#8687=CARTESIAN_POINT('',(0.0327575407553255,0.00323034974252779,-0.00242939137498778));
#8688=CARTESIAN_POINT('',(0.0327745000804709,0.00323945742929424,-0.00243329173954288));
#8689=CARTESIAN_POINT('',(0.0328080021732404,0.00325749204210435,-0.00244440570323855));
#8690=CARTESIAN_POINT('',(0.0328245493230466,0.00326642361087719,-0.00245168467405787));
#8691=CARTESIAN_POINT('',(0.0328564944472063,0.00328368234665962,-0.0024690461299935));
#8692=CARTESIAN_POINT('',(0.0328853593887514,0.0032992879921004,-0.00248798012372318));
#8693=CARTESIAN_POINT('',(0.0329106877905642,0.0033130738650152,-0.00251143546551972));
#8694=CARTESIAN_POINT('',(0.0329227304998129,0.00331962656005795,-0.00252533361882746));
#8695=CARTESIAN_POINT('',(0.0329242084080543,0.00332043041160405,-0.00252709725174811));
#8696=CARTESIAN_POINT('',(0.0329256559555867,0.00332121715570017,-0.00252888977051591));
#8697=CARTESIAN_POINT('',(0.0327662979148535,0.00317445605840972,-0.00255704490464368));
#8698=CARTESIAN_POINT('',(0.0327761109290298,0.00317991569851597,-0.00255791910671561));
#8699=CARTESIAN_POINT('',(0.0327860523428775,0.00318545924897856,-0.00256004248370586));
#8700=CARTESIAN_POINT('',(0.0328057071943093,0.00319644186649579,-0.00256651191179372));
#8701=CARTESIAN_POINT('',(0.0328154228772465,0.00320188054099813,-0.00257081990352944));
#8702=CARTESIAN_POINT('',(0.0328341217258219,0.00321235140348172,-0.00258120191537335));
#8703=CARTESIAN_POINT('',(0.032850978704606,0.0032217970106161,-0.00259257477947599));
#8704=CARTESIAN_POINT('',(0.032865464550061,0.00322988340621726,-0.00260686909482521));
#8705=CARTESIAN_POINT('',(0.0328723924570107,0.00323376690076749,-0.0026151216690789));
#8706=CARTESIAN_POINT('',(0.0328732447445546,0.00323424514678987,-0.00261616365376087));
#8707=CARTESIAN_POINT('',(0.0328740834607466,0.00323471647854324,-0.00261721482331895));
#8708=CARTESIAN_POINT('',(0.0327747209422528,0.00315794485840182,-0.00265008735276814));
#8709=CARTESIAN_POINT('',(0.0327796547650789,0.00316079340233858,-0.00265053020889455));
#8710=CARTESIAN_POINT('',(0.0327846428464348,0.00316367327245209,-0.00265157432465625));
#8711=CARTESIAN_POINT('',(0.0327944718690747,0.00316934806131912,-0.00265473244931136));
#8712=CARTESIAN_POINT('',(0.0327993128103587,0.00317214298007264,-0.00265684645820477));
#8713=CARTESIAN_POINT('',(0.0328085918957242,0.00317750026250619,-0.00266201174298443));
#8714=CARTESIAN_POINT('',(0.0328169134158766,0.00318230469440627,-0.00266773288527115));
#8715=CARTESIAN_POINT('',(0.0328240774967701,0.00318644087843865,-0.002674868435309));
#8716=CARTESIAN_POINT('',(0.0328275123973968,0.00318842401924004,-0.00267897532142569));
#8717=CARTESIAN_POINT('',(0.0328279348681444,0.00318866793283994,-0.00267949406182294));
#8718=CARTESIAN_POINT('',(0.0328283501973963,0.0031889077232953,-0.00268001805233517));
#8719=CARTESIAN_POINT('',(0.0327738880255263,0.00315746397370553,-0.0027432));
#8720=CARTESIAN_POINT('',(0.0327738880255263,0.00315746397370553,-0.0027432));
#8721=CARTESIAN_POINT('',(0.0327738880255263,0.00315746397370553,-0.0027432));
#8722=CARTESIAN_POINT('',(0.0327738880255263,0.00315746397370553,-0.0027432));
#8723=CARTESIAN_POINT('',(0.0327738880255263,0.00315746397370553,-0.0027432));
#8724=CARTESIAN_POINT('',(0.0327738880255263,0.00315746397370553,-0.0027432));
#8725=CARTESIAN_POINT('',(0.0327738880255263,0.00315746397370553,-0.0027432));
#8726=CARTESIAN_POINT('',(0.0327738880255263,0.00315746397370553,-0.0027432));
#8727=CARTESIAN_POINT('',(0.0327738880255263,0.00315746397370553,-0.0027432));
#8728=CARTESIAN_POINT('',(0.0327738880255263,0.00315746397370553,-0.0027432));
#8729=CARTESIAN_POINT('',(0.0327738880255263,0.00315746397370553,-0.0027432));
#8730=CARTESIAN_POINT('',(0.0324246498935812,0.00377705426711106,-0.002032));
#8731=CARTESIAN_POINT('',(0.0324923082848507,0.00365986649587389,-0.002032));
#8732=CARTESIAN_POINT('',(0.0326581049344352,0.00337024959091288,-0.00210961408651935));
#8733=CARTESIAN_POINT('',(0.0327760086482113,0.00315868831578354,-0.00250613333333352));
#8734=CARTESIAN_POINT('',(0.0327738880255263,0.00315746397370553,-0.0027432));
#8735=CARTESIAN_POINT('',(0.0298826620481345,0.00066699085447499,-0.0043688));
#8736=CARTESIAN_POINT('',(0.0298826620481345,0.00066699085447499,-0.0043688));
#8737=CARTESIAN_POINT('',(0.0284697275099962,0.00050316853934078,-0.0043688));
#8738=CARTESIAN_POINT('',(0.0377031781464491,-0.00518216792903873,-0.0043688));
#8739=CARTESIAN_POINT('',(0.0369919781464491,-0.00641400246338171,-0.0043688));
#8740=CARTESIAN_POINT('',(0.0332209018381096,0.00423677054162727,-0.0027432));
#8741=CARTESIAN_POINT('',(0.0291714620481344,0.00189882538881798,-0.0027432));
#8742=CARTESIAN_POINT('',(0.0298826620481345,0.00066699085447499,-0.002032));
#8743=CARTESIAN_POINT('',(0.0298826620481345,0.00066699085447499,-0.0027432));
#8744=CARTESIAN_POINT('',(0.02413,-7.04731412115578E-18,-0.0043688));
#8745=CARTESIAN_POINT('',(0.0284697275099962,-0.000503168539340797,-0.0043688));
#8746=CARTESIAN_POINT('',(0.0332209018381096,-0.00423677054162729,-0.0043688));
#8747=CARTESIAN_POINT('',(0.0291714620481344,-0.00189882538881799,-0.0043688));
#8748=CARTESIAN_POINT('',(0.0298826620481345,0.00066699085447499,-0.0027432));
#8749=CARTESIAN_POINT('',(0.0284697275099962,0.00050316853934078,-0.0027432));
#8750=CARTESIAN_POINT('',(0.0298826620481345,-0.000666990854475008,-0.0043688));
#8751=CARTESIAN_POINT('',(0.0298826620481345,-0.000666990854475008,-0.0043688));
#8752=CARTESIAN_POINT('',(0.02413,-7.04731412115578E-18,-0.0027432));
#8753=CARTESIAN_POINT('',(0.0284697275099962,-0.000503168539340797,-0.0027432));
#8754=CARTESIAN_POINT('',(0.0298826620481345,-0.000666990854475008,-0.002032));
#8755=CARTESIAN_POINT('',(0.0298826620481345,-0.000666990854475008,-0.0027432));
#8756=CARTESIAN_POINT('',(0.0298826620481345,-0.000666990854475008,-0.0027432));
#8757=CARTESIAN_POINT('',(0.0291714620481344,-0.00189882538881799,-0.0027432));
#8758=CARTESIAN_POINT('',(0.02456815,0.0007588980613363,-0.0027432));
#8759=CARTESIAN_POINT('',(0.0324246785820542,-0.00377700457714488,-0.00203200000231448));
#8760=CARTESIAN_POINT('',(0.0324923356369451,-0.00365981877451996,-0.00203201091898516));
#8761=CARTESIAN_POINT('',(0.0326581216239808,-0.0033702199915842,-0.00210964977705109));
#8762=CARTESIAN_POINT('',(0.0327760084983509,-0.00315868822926161,-0.00250615008638625));
#8763=CARTESIAN_POINT('',(0.0327738880255263,-0.00315746397370554,-0.0027432));
#8764=CARTESIAN_POINT('',(0.0328761490424635,-0.00398144407894572,-0.00224030565722013));
#8765=CARTESIAN_POINT('',(0.032872472341973,-0.00397977629589331,-0.00223621213863695));
#8766=CARTESIAN_POINT('',(0.0328687495746504,-0.00397808771363803,-0.00223216855655859));
#8767=CARTESIAN_POINT('',(0.0328386090269502,-0.0039644172821039,-0.0022002276150089));
#8768=CARTESIAN_POINT('',(0.0327773913803121,-0.00393666194589673,-0.00214568960999196));
#8769=CARTESIAN_POINT('',(0.0327080869420284,-0.00390526631854665,-0.00210423750228426));
#8770=CARTESIAN_POINT('',(0.0326308577905237,-0.00387029810497405,-0.00206851889127495));
#8771=CARTESIAN_POINT('',(0.0325906133931802,-0.00385208464569837,-0.00205492434208005));
#8772=CARTESIAN_POINT('',(0.0325084706655391,-0.00381493125365352,-0.00203666489644257));
#8773=CARTESIAN_POINT('',(0.0324665723352416,-0.00379599132088434,-0.002032));
#8774=CARTESIAN_POINT('',(0.0324246498935812,-0.00377705426711107,-0.002032));
#8775=CARTESIAN_POINT('',(0.0328787234236768,-0.00397644032898586,-0.00224057932806574));
#8776=CARTESIAN_POINT('',(0.0328750498875266,-0.00397477190499192,-0.00223648846032717));
#8777=CARTESIAN_POINT('',(0.03287133186851,-0.00397308386684797,-0.00223244050978955));
#8778=CARTESIAN_POINT('',(0.0328412229243872,-0.00395941303518171,-0.00220049183918445));
#8779=CARTESIAN_POINT('',(0.0327800641379139,-0.00393165655848761,-0.0021459318870138));
#8780=CARTESIAN_POINT('',(0.0327108168055646,-0.00390025775527775,-0.00210444382201276));
#8781=CARTESIAN_POINT('',(0.0326336472571621,-0.00386528531741991,-0.00206867949678129));
#8782=CARTESIAN_POINT('',(0.0325934303727154,-0.00384706835690308,-0.00205505761578614));
#8783=CARTESIAN_POINT('',(0.032511337734137,-0.00380990520496762,-0.00203673652470149));
#8784=CARTESIAN_POINT('',(0.0324694344678436,-0.00379094496108517,-0.00203203414570421));
#8785=CARTESIAN_POINT('',(0.0324275596638072,-0.00377201439724129,-0.002032));
#8786=CARTESIAN_POINT('',(0.0328812520270929,-0.00397142209235189,-0.00224090010652055));
#8787=CARTESIAN_POINT('',(0.0328775854310577,-0.00396975412412334,-0.00223680704047957));
#8788=CARTESIAN_POINT('',(0.0328738756938193,-0.00396806763921422,-0.00223275041180191));
#8789=CARTESIAN_POINT('',(0.0328438253455116,-0.00395440424047886,-0.00220076112056334));
#8790=CARTESIAN_POINT('',(0.0327827566826026,-0.00392665622398967,-0.00214614976091059));
#8791=CARTESIAN_POINT('',(0.0327135695639605,-0.00389525612349636,-0.0021046407393752));
#8792=CARTESIAN_POINT('',(0.0326364555561919,-0.00386027910336155,-0.00206885604495856));
#8793=CARTESIAN_POINT('',(0.0325962605102822,-0.00384205730949651,-0.0020552241976605));
#8794=CARTESIAN_POINT('',(0.0325142078916811,-0.00380488143345261,-0.00203686974576021));
#8795=CARTESIAN_POINT('',(0.0324722961544211,-0.00378589968548559,-0.00203214090237076));
#8796=CARTESIAN_POINT('',(0.0324304686501193,-0.00376697439141515,-0.00203207230715763));
#8797=CARTESIAN_POINT('',(0.0328911823157794,-0.00395129578539371,-0.00224237022898037));
#8798=CARTESIAN_POINT('',(0.032887534719273,-0.00394962653742397,-0.00223827707482876));
#8799=CARTESIAN_POINT('',(0.0328838498591091,-0.00394794327551812,-0.00223419481799934));
#8800=CARTESIAN_POINT('',(0.0328539740287022,-0.00393428822426048,-0.00220210873904964));
#8801=CARTESIAN_POINT('',(0.0327932239556048,-0.00390655966065812,-0.00214736782791221));
#8802=CARTESIAN_POINT('',(0.0327243318619469,-0.00387517451119129,-0.0021057818748012));
#8803=CARTESIAN_POINT('',(0.0326475168821967,-0.00384020678613865,-0.00206990441953627));
#8804=CARTESIAN_POINT('',(0.0326074573434177,-0.0038219826502938,-0.00205621782744774));
#8805=CARTESIAN_POINT('',(0.032525644692245,-0.00378478262139861,-0.00203770286925896));
#8806=CARTESIAN_POINT('',(0.0324837341640744,-0.00376572632465138,-0.00203285637168332));
#8807=CARTESIAN_POINT('',(0.0324420980720514,-0.00374681972002914,-0.00203264940209389));
#8808=CARTESIAN_POINT('',(0.0328982157510945,-0.00393608099422486,-0.00224389359026652));
#8809=CARTESIAN_POINT('',(0.0328945810719941,-0.00393440970719508,-0.00223979944385458));
#8810=CARTESIAN_POINT('',(0.0328909135381648,-0.00393272766835943,-0.00223569917522082));
#8811=CARTESIAN_POINT('',(0.03286116298889,-0.00391907221585049,-0.0022035442495227));
#8812=CARTESIAN_POINT('',(0.0328006846526172,-0.00389136667622104,-0.00214873552552513));
#8813=CARTESIAN_POINT('',(0.0327321012483174,-0.00386002698903727,-0.00210714584771558));
#8814=CARTESIAN_POINT('',(0.0326556099674973,-0.00382510478151552,-0.00207125548317264));
#8815=CARTESIAN_POINT('',(0.0326157052637099,-0.00380689941370915,-0.00205755589138926));
#8816=CARTESIAN_POINT('',(0.0325341604357505,-0.00376971193297579,-0.00203896222492646));
#8817=CARTESIAN_POINT('',(0.0324922930138361,-0.00375061372254484,-0.00203404196962205));
#8818=CARTESIAN_POINT('',(0.0324508054610384,-0.00373171575830641,-0.00203372992248399));
#8819=CARTESIAN_POINT('',(0.0329136444768572,-0.00390037190643071,-0.0022484075020062));
#8820=CARTESIAN_POINT('',(0.0329100469405592,-0.0038986993496544,-0.00224432070942977));
#8821=CARTESIAN_POINT('',(0.0329064260273787,-0.0038970229319503,-0.00224019197612549));
#8822=CARTESIAN_POINT('',(0.0328770221574298,-0.00388339139549678,-0.002207966511092));
#8823=CARTESIAN_POINT('',(0.0328172934203594,-0.0038557849274852,-0.00215314389809519));
#8824=CARTESIAN_POINT('',(0.0327495679706106,-0.00382459765054621,-0.0021116427064923));
#8825=CARTESIAN_POINT('',(0.0326739866757273,-0.00378983335424925,-0.00207580305363775));
#8826=CARTESIAN_POINT('',(0.0326345253841947,-0.00377169930259292,-0.00206210253444225));
#8827=CARTESIAN_POINT('',(0.0325537731895655,-0.00373460076459134,-0.00204336813117273));
#8828=CARTESIAN_POINT('',(0.0325121082930205,-0.00371544525256585,-0.00203829116975828));
#8829=CARTESIAN_POINT('',(0.032471035098937,-0.00369659413649478,-0.00203774097821727));
#8830=CARTESIAN_POINT('',(0.0329217122262027,-0.00387980830700536,-0.00225171785315039));
#8831=CARTESIAN_POINT('',(0.0329181432733328,-0.0038781388395525,-0.00224764493093082));
#8832=CARTESIAN_POINT('',(0.0329145556161159,-0.00387646882733403,-0.00224351242311601));
#8833=CARTESIAN_POINT('',(0.0328854054784751,-0.00386287802067749,-0.00221133146236111));
#8834=CARTESIAN_POINT('',(0.0328262071131675,-0.00383537071845423,-0.00215662679770441));
#8835=CARTESIAN_POINT('',(0.032759073026798,-0.00380430366335732,-0.0021152458946008));
#8836=CARTESIAN_POINT('',(0.0326841214858562,-0.00376966436601219,-0.00207948760226034));
#8837=CARTESIAN_POINT('',(0.0326449700765491,-0.00375158856518442,-0.00206580205341051));
#8838=CARTESIAN_POINT('',(0.0325647884763581,-0.00371458052303243,-0.00204700842076338));
#8839=CARTESIAN_POINT('',(0.0325233129323565,-0.00369542080744991,-0.00204184904027107));
#8840=CARTESIAN_POINT('',(0.0324825281468247,-0.00367661679491967,-0.00204116812739034));
#8841=CARTESIAN_POINT('',(0.0329436208162505,-0.00381786243068557,-0.00226377357938449));
#8842=CARTESIAN_POINT('',(0.0329401601879004,-0.0038162146767265,-0.00225977274289541));
#8843=CARTESIAN_POINT('',(0.0329366920644687,-0.0038145741642168,-0.00225566669726763));
#8844=CARTESIAN_POINT('',(0.0329084626205719,-0.00380118831650683,-0.00222387876557259));
#8845=CARTESIAN_POINT('',(0.0328510707862113,-0.00377406475933858,-0.00216989766640981));
#8846=CARTESIAN_POINT('',(0.0327858688806796,-0.00374338785831282,-0.00212906399219228));
#8847=CARTESIAN_POINT('',(0.0327130215414946,-0.00370918053283057,-0.00209368868760949));
#8848=CARTESIAN_POINT('',(0.0326749321980747,-0.00369132182379119,-0.00208008838786181));
#8849=CARTESIAN_POINT('',(0.032596853375913,-0.00365475458974274,-0.00206118802163941));
#8850=CARTESIAN_POINT('',(0.0325562379954924,-0.00363572637118146,-0.00205581586251223));
#8851=CARTESIAN_POINT('',(0.0325166444471705,-0.00361724423571799,-0.00205478953529624));
#8852=CARTESIAN_POINT('',(0.0329551669989639,-0.0037762250757474,-0.00227464362727592));
#8853=CARTESIAN_POINT('',(0.0329518004449538,-0.00377460363080166,-0.00227072177278599));
#8854=CARTESIAN_POINT('',(0.0329484313533351,-0.00377299250572764,-0.00226667474710822));
#8855=CARTESIAN_POINT('',(0.0329209813764754,-0.00375982743513384,-0.00223542817959));
#8856=CARTESIAN_POINT('',(0.0328651124985296,-0.00373310033522115,-0.00218236752457916));
#8857=CARTESIAN_POINT('',(0.0328015534770429,-0.00370281693897735,-0.00214218314358253));
#8858=CARTESIAN_POINT('',(0.0327305198844241,-0.00366905316074464,-0.00210729985304519));
#8859=CARTESIAN_POINT('',(0.0326933627155563,-0.00365142505316146,-0.00209384245633447));
#8860=CARTESIAN_POINT('',(0.0326171797304852,-0.00361535583786669,-0.00207500459430702));
#8861=CARTESIAN_POINT('',(0.032577452354158,-0.00359655639232734,-0.00206954332184138));
#8862=CARTESIAN_POINT('',(0.0325389048563111,-0.00357840848361506,-0.00206832375441574));
#8863=CARTESIAN_POINT('',(0.0329718807464953,-0.00369344424392307,-0.00230168553735513));
#8864=CARTESIAN_POINT('',(0.0329687383361879,-0.00369189686387565,-0.00229797396385406));
#8865=CARTESIAN_POINT('',(0.0329655997422982,-0.00369036322108494,-0.00229411371959459));
#8866=CARTESIAN_POINT('',(0.0329399873129546,-0.00367780299219468,-0.0022644228561448));
#8867=CARTESIAN_POINT('',(0.0328877295220914,-0.0036521988576429,-0.00221399161460334));
#8868=CARTESIAN_POINT('',(0.0328281136874736,-0.00362307887778936,-0.00217569452431018));
#8869=CARTESIAN_POINT('',(0.0327614610021299,-0.003590624173644,-0.00214231824735676));
#8870=CARTESIAN_POINT('',(0.0327265747076307,-0.00357368076231555,-0.00212935739937479));
#8871=CARTESIAN_POINT('',(0.0326550510547867,-0.00353907223605507,-0.00211098004218705));
#8872=CARTESIAN_POINT('',(0.0326176295998333,-0.00352100662590378,-0.00210547321910896));
#8873=CARTESIAN_POINT('',(0.0325815908512084,-0.00350373819795079,-0.00210394999854021));
#8874=CARTESIAN_POINT('',(0.0329771188143552,-0.0036516462384453,-0.00231812485283309));
#8875=CARTESIAN_POINT('',(0.0329741076390245,-0.00365014737667825,-0.00231454612483448));
#8876=CARTESIAN_POINT('',(0.0329711014935345,-0.00364866315696698,-0.00231081478422349));
#8877=CARTESIAN_POINT('',(0.032946553632751,-0.00363650186222164,-0.00228214435444615));
#8878=CARTESIAN_POINT('',(0.0328963781329889,-0.00361170781479903,-0.00223339356001304));
#8879=CARTESIAN_POINT('',(0.0328390365396918,-0.00358350496642005,-0.00219625794507667));
#8880=CARTESIAN_POINT('',(0.0327749236487429,-0.00355207280571123,-0.00216381218538876));
#8881=CARTESIAN_POINT('',(0.0327413625872141,-0.00353566198851803,-0.00215116131262605));
#8882=CARTESIAN_POINT('',(0.0326725878650952,-0.00350213689079288,-0.00213311620441291));
#8883=CARTESIAN_POINT('',(0.0326365832298561,-0.00348461860192569,-0.00212763086286321));
#8884=CARTESIAN_POINT('',(0.0326020182353812,-0.00346790145544274,-0.00212599816677446));
#8885=CARTESIAN_POINT('',(0.0329808314371081,-0.00357098766808731,-0.00235541268585815));
#8886=CARTESIAN_POINT('',(0.0329781130287022,-0.00356960600784928,-0.00235214512996334));
#8887=CARTESIAN_POINT('',(0.0329753999831556,-0.00356823804217084,-0.00234872882091034));
#8888=CARTESIAN_POINT('',(0.0329532232902899,-0.00355701713233648,-0.00232250498936648));
#8889=CARTESIAN_POINT('',(0.0329077355919489,-0.00353404469365117,-0.0022778307292802));
#8890=CARTESIAN_POINT('',(0.0328555787572744,-0.00350781779014503,-0.00224361281025775));
#8891=CARTESIAN_POINT('',(0.0327972647839599,-0.0034785987263721,-0.002213579111603));
#8892=CARTESIAN_POINT('',(0.0327667368541151,-0.00346334716122423,-0.00220178328212538));
#8893=CARTESIAN_POINT('',(0.0327042453093369,-0.00343224746613985,-0.00218478014617774));
#8894=CARTESIAN_POINT('',(0.0326715251099563,-0.00341601289344791,-0.00217948569474318));
#8895=CARTESIAN_POINT('',(0.0326402587653251,-0.00340059844642239,-0.0021777194566864));
#8896=CARTESIAN_POINT('',(0.0329794120381491,-0.00353195559272395,-0.00237625509150524));
#8897=CARTESIAN_POINT('',(0.0329768551616912,-0.00353064261573456,-0.00237316586221179));
#8898=CARTESIAN_POINT('',(0.0329743026632042,-0.0035293416501254,-0.00236993568578798));
#8899=CARTESIAN_POINT('',(0.0329534309501925,-0.00351866481235359,-0.00234513809196078));
#8900=CARTESIAN_POINT('',(0.0329105354404488,-0.00349672545755378,-0.00230286052087674));
#8901=CARTESIAN_POINT('',(0.0328612640468915,-0.00347159795526217,-0.00227039995514326));
#8902=CARTESIAN_POINT('',(0.0328061824488865,-0.00344361273865928,-0.00224184900850347));
#8903=CARTESIAN_POINT('',(0.0327773490437904,-0.00342900947825679,-0.00223059885121534));
#8904=CARTESIAN_POINT('',(0.0327183716846801,-0.00339928422753086,-0.00221430634474406));
#8905=CARTESIAN_POINT('',(0.0326875124144613,-0.00338379687314775,-0.00220918160395811));
#8906=CARTESIAN_POINT('',(0.0326580709655237,-0.00336913384410962,-0.00220739129945327));
#8907=CARTESIAN_POINT('',(0.0329700252032099,-0.00345648452167379,-0.00242233461013618));
#8908=CARTESIAN_POINT('',(0.0329678136583392,-0.00345532626945585,-0.00241963758622724));
#8909=CARTESIAN_POINT('',(0.0329656036332363,-0.00345417659640295,-0.00241682142992324));
#8910=CARTESIAN_POINT('',(0.0329475246186434,-0.00344473943786537,-0.00239517675941138));
#8911=CARTESIAN_POINT('',(0.032910226365343,-0.00342526158043034,-0.00235817972365844));
#8912=CARTESIAN_POINT('',(0.032867242401372,-0.00340286712874263,-0.00232958742724853));
#8913=CARTESIAN_POINT('',(0.0328192047740674,-0.00337793279343174,-0.0023043230645413));
#8914=CARTESIAN_POINT('',(0.0327940657803363,-0.00336492536785983,-0.00229429755953834));
#8915=CARTESIAN_POINT('',(0.0327427283280488,-0.00333849731366375,-0.00227965705342703));
#8916=CARTESIAN_POINT('',(0.0327159246019346,-0.00332476753083525,-0.00227497233634707));
#8917=CARTESIAN_POINT('',(0.032690396468394,-0.00331178452862588,-0.00227322001498698));
#8918=CARTESIAN_POINT('',(0.0329619393473485,-0.00341994340543457,-0.00244772605726916));
#8919=CARTESIAN_POINT('',(0.0329599112323836,-0.00341887108651476,-0.00244524240630543));
#8920=CARTESIAN_POINT('',(0.0329578829107983,-0.00341780570715432,-0.00244265351047712));
#8921=CARTESIAN_POINT('',(0.0329412909349133,-0.00340906498661491,-0.00242272960469022));
#8922=CARTESIAN_POINT('',(0.0329070109463249,-0.0033910278784828,-0.00238859343872748));
#8923=CARTESIAN_POINT('',(0.0328674588431548,-0.00337029182571421,-0.00236207636586918));
#8924=CARTESIAN_POINT('',(0.0328232648414579,-0.0033472010410089,-0.00233857880583498));
#8925=CARTESIAN_POINT('',(0.0328001418326496,-0.00333515446225656,-0.00232921428767404));
#8926=CARTESIAN_POINT('',(0.0327529531444343,-0.00331066896565157,-0.00231548848537297));
#8927=CARTESIAN_POINT('',(0.0327283509778738,-0.00329795602475414,-0.00231106540753074));
#8928=CARTESIAN_POINT('',(0.0327049089717539,-0.00328590123352973,-0.00230937526000912));
#8929=CARTESIAN_POINT('',(0.0329397635498228,-0.00335251615318503,-0.00250089225924369));
#8930=CARTESIAN_POINT('',(0.0329381174336367,-0.00335162958837945,-0.00249886086099358));
#8931=CARTESIAN_POINT('',(0.0329364676761717,-0.00335074578737816,-0.00249675442877842));
#8932=CARTESIAN_POINT('',(0.0329229758008804,-0.00334349860618345,-0.0024804937632273));
#8933=CARTESIAN_POINT('',(0.0328950103507568,-0.00332847339628703,-0.00245256219403235));
#8934=CARTESIAN_POINT('',(0.0328626616183119,-0.00331112863367346,-0.00243072851602265));
#8935=CARTESIAN_POINT('',(0.0328265341153557,-0.00329181726467343,-0.00241130071607389));
#8936=CARTESIAN_POINT('',(0.032807641761045,-0.00328174528890974,-0.00240351041335661));
#8937=CARTESIAN_POINT('',(0.0327691504117747,-0.00326131006699293,-0.00239202057594001));
#8938=CARTESIAN_POINT('',(0.0327491593685105,-0.00325074657323019,-0.00238827588430452));
#8939=CARTESIAN_POINT('',(0.0327300771966036,-0.00324070951361476,-0.00238678164054381));
#8940=CARTESIAN_POINT('',(0.0329256559555865,-0.00332121715570028,-0.00252888977051596));
#8941=CARTESIAN_POINT('',(0.0329242084082731,-0.00332043041171078,-0.00252709725203425));
#8942=CARTESIAN_POINT('',(0.0329227555280423,-0.00331964429965251,-0.00252524580355181));
#8943=CARTESIAN_POINT('',(0.0329108769724187,-0.00331320048608692,-0.00251092421273798));
#8944=CARTESIAN_POINT('',(0.0328862099165119,-0.00329979797035124,-0.00248630839641603));
#8945=CARTESIAN_POINT('',(0.0328576366854532,-0.00328428312528496,-0.00246703023256517));
#8946=CARTESIAN_POINT('',(0.0328257363131897,-0.00326701111611685,-0.00244984922241482));
#8947=CARTESIAN_POINT('',(0.0328090607572338,-0.00325800464388832,-0.0024429440644922));
#8948=CARTESIAN_POINT('',(0.0327751211760058,-0.00323975476011777,-0.0024327333624393));
#8949=CARTESIAN_POINT('',(0.0327575407608742,-0.00323034974524167,-0.00242939137586932));
#8950=CARTESIAN_POINT('',(0.0327407322957595,-0.00322140220625026,-0.00242803086203108));
#8951=CARTESIAN_POINT('',(0.0328740834607465,-0.00323471647854335,-0.002617214823319));
#8952=CARTESIAN_POINT('',(0.0328732447446149,-0.0032342451468186,-0.00261616365385309));
#8953=CARTESIAN_POINT('',(0.032872398163246,-0.00323377061138929,-0.00261509580333526));
#8954=CARTESIAN_POINT('',(0.0328654903115514,-0.00322989402197307,-0.00260675499532998));
#8955=CARTESIAN_POINT('',(0.0328510970943694,-0.0032218193735488,-0.00259230838144272));
#8956=CARTESIAN_POINT('',(0.0328343880079663,-0.00321245712602549,-0.00258080914346279));
#8957=CARTESIAN_POINT('',(0.0328157505228121,-0.00320202846467939,-0.00257047236208863));
#8958=CARTESIAN_POINT('',(0.0328060194147701,-0.00319658977025319,-0.00256626634537212));
#8959=CARTESIAN_POINT('',(0.0327862546430097,-0.003185561492503,-0.00255999605577376));
#8960=CARTESIAN_POINT('',(0.0327761109306445,-0.00317991569932369,-0.00255791910726069));
#8961=CARTESIAN_POINT('',(0.0327662979148535,-0.00317445605840974,-0.00255704490464368));
#8962=CARTESIAN_POINT('',(0.032828350197396,-0.00318890772329515,-0.00268001805233551));
#8963=CARTESIAN_POINT('',(0.0328279348681369,-0.0031886679328356,-0.00267949406182764));
#8964=CARTESIAN_POINT('',(0.0328275123973824,-0.0031884240192318,-0.00267897532143536));
#8965=CARTESIAN_POINT('',(0.0328240774967051,-0.00318644087840115,-0.00267486843536289));
#8966=CARTESIAN_POINT('',(0.032816913415764,-0.00318230469434126,-0.00266773288546528));
#8967=CARTESIAN_POINT('',(0.0328085918956288,-0.00317750026245115,-0.0026620117433305));
#8968=CARTESIAN_POINT('',(0.0327993128102951,-0.00317214298003586,-0.00265684645864723));
#8969=CARTESIAN_POINT('',(0.0327944718690334,-0.0031693480612953,-0.00265473244976917));
#8970=CARTESIAN_POINT('',(0.0327846428464278,-0.00316367327244814,-0.00265157432500675));
#8971=CARTESIAN_POINT('',(0.0327796547650841,-0.00316079340234154,-0.0026505302091224));
#8972=CARTESIAN_POINT('',(0.0327747209422528,-0.00315794485840183,-0.00265008735276815));
#8973=CARTESIAN_POINT('',(0.0327738880255263,-0.00315746397370555,-0.0027432));
#8974=CARTESIAN_POINT('',(0.0327738880255263,-0.00315746397370555,-0.0027432));
#8975=CARTESIAN_POINT('',(0.0327738880255263,-0.00315746397370555,-0.0027432));
#8976=CARTESIAN_POINT('',(0.0327738880255263,-0.00315746397370555,-0.0027432));
#8977=CARTESIAN_POINT('',(0.0327738880255263,-0.00315746397370555,-0.0027432));
#8978=CARTESIAN_POINT('',(0.0327738880255263,-0.00315746397370555,-0.0027432));
#8979=CARTESIAN_POINT('',(0.0327738880255263,-0.00315746397370555,-0.0027432));
#8980=CARTESIAN_POINT('',(0.0327738880255263,-0.00315746397370555,-0.0027432));
#8981=CARTESIAN_POINT('',(0.0327738880255263,-0.00315746397370555,-0.0027432));
#8982=CARTESIAN_POINT('',(0.0327738880255263,-0.00315746397370555,-0.0027432));
#8983=CARTESIAN_POINT('',(0.0327738880255263,-0.00315746397370555,-0.0027432));
#8984=CARTESIAN_POINT('',(0.0328761490424635,-0.00398144407894572,-0.00224030565722013));
#8985=CARTESIAN_POINT('',(0.0330409094401149,-0.00366120408151464,-0.00225782059133885));
#8986=CARTESIAN_POINT('',(0.0329917367130049,-0.00328323897206394,-0.00249047220934202));
#8987=CARTESIAN_POINT('',(0.0327738880255263,-0.00315746397370555,-0.0027432));
#8988=CARTESIAN_POINT('',(0.032870460303352,-0.00397811856361928,-0.00223365897406686));
#8989=CARTESIAN_POINT('',(0.0331736556926,-0.00338826994390385,-0.00226571236849742));
#8990=CARTESIAN_POINT('',(0.0327651849830067,-0.00315243926976409,-0.00273305788401578));
#8991=CARTESIAN_POINT('',(0.0331883958270012,-0.00416397856307086,-0.00260513556878816));
#8992=CARTESIAN_POINT('',(0.0334940816881315,-0.00357326797867745,-0.00263646740931305));
#8993=CARTESIAN_POINT('',(0.0330841822735627,-0.00333661244133734,-0.00310480582436845));
#8994=CARTESIAN_POINT('',(0.0335066270421666,-0.00434973183071238,-0.00297646876577038));
#8995=CARTESIAN_POINT('',(0.0338140565037186,-0.00375800552459399,-0.00300662853177566));
#8996=CARTESIAN_POINT('',(0.0334033454201025,-0.0035208813699075,-0.00347636384993191));
#8997=CARTESIAN_POINT('',(0.0338250697709338,-0.00453541124078732,-0.00334769434277987));
#8998=CARTESIAN_POINT('',(0.0341338196790077,-0.0039426208799225,-0.00337648991951069));
#8999=CARTESIAN_POINT('',(0.0337226285333087,-0.00370521956126481,-0.00384778447550247));
#9000=CARTESIAN_POINT('',(0.0333670285333087,-0.0043211368284363,-0.00384778447550248));
#9001=CARTESIAN_POINT('',(0.0338250697709338,-0.00453541124078732,-0.00334769434277987));
#9002=CARTESIAN_POINT('',(0.0341338196790077,-0.0039426208799225,-0.00337648991951069));
#9003=CARTESIAN_POINT('',(0.0337226285333087,-0.00370521956126481,-0.00384778447550247));
#9004=CARTESIAN_POINT('',(0.0339341773688768,-0.00461284405447382,-0.00348080564710231));
#9005=CARTESIAN_POINT('',(0.0342636435976383,-0.00401757475429317,-0.00351061357661113));
#9006=CARTESIAN_POINT('',(0.0339521681580531,-0.00383774432540067,-0.00411480685576456));
#9007=CARTESIAN_POINT('',(0.0340839529644105,-0.00471793920476565,-0.003556));
#9008=CARTESIAN_POINT('',(0.0344338157629254,-0.00411582369987489,-0.00357066843946782));
#9009=CARTESIAN_POINT('',(0.0342685777695842,-0.00402042349979232,-0.00426719998936602));
#9010=CARTESIAN_POINT('',(0.034238815695019,-0.00482446338092582,-0.003556));
#9011=CARTESIAN_POINT('',(0.034594415695019,-0.0042085461137543,-0.00355599999999997));
#9012=CARTESIAN_POINT('',(0.034594415695019,-0.00420854611375431,-0.0042672));
#9013=CARTESIAN_POINT('',(0.034238815695019,-0.0048244633809258,-0.0042672));
#9014=CARTESIAN_POINT('',(0.03128702190911,-0.00312024444403899,-0.0042672));
#9015=CARTESIAN_POINT('',(0.0369919781464491,-0.00641400246338171,-0.0042672));
#9016=CARTESIAN_POINT('',(0.0377031781464491,-0.00518216792903873,-0.0042672));
#9017=CARTESIAN_POINT('',(0.0371351156219264,-0.00648621038549212,-0.0042672));
#9018=CARTESIAN_POINT('',(0.0371351156219265,-0.00648621038549209,-0.003556));
#9019=CARTESIAN_POINT('',(0.0374191468841878,-0.00583418915726542,-0.00355600000000004));
#9020=CARTESIAN_POINT('',(0.0374191468841878,-0.00583418915726542,-0.0042672));
#9021=CARTESIAN_POINT('',(0.0372444332300159,-0.00652719223040403,-0.003556));
#9022=CARTESIAN_POINT('',(0.0374187938837739,-0.00583403541641104,-0.00356206037916121));
#9023=CARTESIAN_POINT('',(0.0375263880986842,-0.005880905209138,-0.00426719996300803));
#9024=CARTESIAN_POINT('',(0.0375047491540302,-0.00649846773675173,-0.00349650357911617));
#9025=CARTESIAN_POINT('',(0.0374506907650632,-0.00592002435491426,-0.00363564868964093));
#9026=CARTESIAN_POINT('',(0.0377563092806495,-0.00591550014752044,-0.00414742965681496));
#9027=CARTESIAN_POINT('',(0.0378736605183233,-0.00623709569591068,-0.00330843885986755));
#9028=CARTESIAN_POINT('',(0.037836822060544,-0.00594917002476631,-0.00351110839469511));
#9029=CARTESIAN_POINT('',(0.0380441611010389,-0.00582656338639117,-0.00377035234788148));
#9030=CARTESIAN_POINT('',(0.0381674430985221,-0.00587111367658916,-0.0030845355684581));
#9031=CARTESIAN_POINT('',(0.0381802896272274,-0.00576042494574109,-0.00320968734147382));
#9032=CARTESIAN_POINT('',(0.0382510636587254,-0.00565912575999024,-0.00332297248732585));
#9033=CARTESIAN_POINT('',(0.0383109654203932,-0.00558417682649988,-0.00292442849384973));
#9034=CARTESIAN_POINT('',(0.0383244631934629,-0.00554882334483459,-0.00296402615879202));
#9035=CARTESIAN_POINT('',(0.0383379609762688,-0.00551346983782666,-0.00300362379696764));
#9036=CARTESIAN_POINT('',(0.0383675994543172,-0.00543584048500566,-0.0028448));
#9037=CARTESIAN_POINT('',(0.0383675994543172,-0.00543584048500567,-0.0028448));
#9038=CARTESIAN_POINT('',(0.0383675994543172,-0.00543584048500567,-0.0028448));
#9039=CARTESIAN_POINT('',(0.0257220174214183,0.0144258333749621,-0.0042672));
#9040=CARTESIAN_POINT('',(0.0257220174214183,0.0144258333749621,-0.00355600000000001));
#9041=CARTESIAN_POINT('',(0.0250153348428366,0.0145058657004882,-0.003556));
#9042=CARTESIAN_POINT('',(0.0257351807409806,0.0145420650169867,-0.00426719996300803));
#9043=CARTESIAN_POINT('',(0.0257219740646957,0.0144254507972125,-0.00356206037917282));
#9044=CARTESIAN_POINT('',(0.0250345023281028,0.0146210284486316,-0.003556));
#9045=CARTESIAN_POINT('',(0.025820181236484,0.0147584800706251,-0.00414742965682049));
#9046=CARTESIAN_POINT('',(0.0256634539001585,0.0144960687759564,-0.0036356486896416));
#9047=CARTESIAN_POINT('',(0.0251895364313152,0.0148321064050092,-0.00349650357911894));
#9048=CARTESIAN_POINT('',(0.0260411286411352,0.0149632986790463,-0.00377035234786215));
#9049=CARTESIAN_POINT('',(0.0258312786573766,0.0148450411219702,-0.00351110839468021));
#9050=CARTESIAN_POINT('',(0.0256003469406522,0.0150209069978155,-0.00330843885985784));
#9051=CARTESIAN_POINT('',(0.0262895851580343,0.015058762736903,-0.00332297248739753));
#9052=CARTESIAN_POINT('',(0.0261664704740586,0.0150481202205684,-0.00320968734152838));
#9053=CARTESIAN_POINT('',(0.0260641879568927,0.0150923391657829,-0.00308453556849413));
#9054=CARTESIAN_POINT('',(0.0264591755455037,0.0150611900603518,-0.00300362379681327));
#9055=CARTESIAN_POINT('',(0.0264218096188866,0.0150671773910608,-0.00296402615867583));
#9056=CARTESIAN_POINT('',(0.0263844437190844,0.0150731647175214,-0.00292442849377211));
#9057=CARTESIAN_POINT('',(0.0265412237762238,0.015048043058849,-0.0028448));
#9058=CARTESIAN_POINT('',(0.0265412237762238,0.015048043058849,-0.0028448));
#9059=CARTESIAN_POINT('',(0.0265412237762238,0.015048043058849,-0.0028448));
#9060=CARTESIAN_POINT('',(0.0250153348428366,0.0145058657004882,-0.0042672));
#9061=CARTESIAN_POINT('',(0.0264287,0.014345801049436,-0.0042672));
#9062=CARTESIAN_POINT('',(0.0250063,0.014345801049436,-0.0042672));
#9063=CARTESIAN_POINT('',(0.0250063,0.00999133720592715,-0.0042672));
#9064=CARTESIAN_POINT('',(0.0250063,0.0111667228845242,-0.0042672));
#9065=CARTESIAN_POINT('',(0.0250063,0.0111667228845242,-0.003556));
#9066=CARTESIAN_POINT('',(0.0257175,0.0111667228845242,-0.00355600000000001));
#9067=CARTESIAN_POINT('',(0.0257175,0.0111667228845242,-0.0042672));
#9068=CARTESIAN_POINT('',(0.0250211210028498,0.0109793492117152,-0.003556));
#9069=CARTESIAN_POINT('',(0.0257174999999989,0.0109812814568828,-0.00357066815999864));
#9070=CARTESIAN_POINT('',(0.0257175,0.0107904846324084,-0.0042671999681512));
#9071=CARTESIAN_POINT('',(0.025037248726574,0.0107970868195077,-0.00348080377616049));
#9072=CARTESIAN_POINT('',(0.0257175000000146,0.0107847780338723,-0.00351061168523534));
#9073=CARTESIAN_POINT('',(0.0257175,0.0104251155672122,-0.00411480311712591));
#9074=CARTESIAN_POINT('',(0.0250497535343356,0.0106638823334849,-0.00334769434277988));
#9075=CARTESIAN_POINT('',(0.0257175,0.0106348724168606,-0.0033764899195107));
#9076=CARTESIAN_POINT('',(0.0257175,0.0101600697795452,-0.00384778447550248));
#9077=CARTESIAN_POINT('',(0.0250063,0.0101600697795452,-0.00384778447550248));
#9078=CARTESIAN_POINT('',(0.0264287,0.014345801049436,-0.0043688));
#9079=CARTESIAN_POINT('',(0.0266537475524476,0.015750285068262,-0.0043688));
#9080=CARTESIAN_POINT('',(0.0250063,0.014345801049436,-0.0043688));
#9081=CARTESIAN_POINT('',(0.0250497535343356,0.0106638823334849,-0.00334769434277988));
#9082=CARTESIAN_POINT('',(0.0257175,0.0106348724168606,-0.0033764899195107));
#9083=CARTESIAN_POINT('',(0.0257175,0.0101600697795452,-0.00384778447550247));
#9084=CARTESIAN_POINT('',(0.0250513352560302,0.0102952631356848,-0.00297646876576993));
#9085=CARTESIAN_POINT('',(0.0257175000000004,0.0102656417062033,-0.00300662853176621));
#9086=CARTESIAN_POINT('',(0.0257175,0.00979139339683307,-0.00347636384993189));
#9087=CARTESIAN_POINT('',(0.025053086697064,0.00992679018525633,-0.00260513556879079));
#9088=CARTESIAN_POINT('',(0.0257174999999942,0.00989616661437851,-0.0026364674093151));
#9089=CARTESIAN_POINT('',(0.0257175,0.00942285553969664,-0.00310480582437117));
#9090=CARTESIAN_POINT('',(0.0250550784163152,0.00955851994528191,-0.00223365897406686));
#9091=CARTESIAN_POINT('',(0.0257175,0.00952617054482326,-0.00226571236849742));
#9092=CARTESIAN_POINT('',(0.0257175,0.00905450919654374,-0.00273305788401578));
#9093=CARTESIAN_POINT('',(0.0250550428051176,0.00956510929553122,-0.00224030565722013));
#9094=CARTESIAN_POINT('',(0.025414758977025,0.00954767598671912,-0.00225782059133915));
#9095=CARTESIAN_POINT('',(0.0257175,0.00931610860114479,-0.0024904722093407));
#9096=CARTESIAN_POINT('',(0.0257175,0.00906455860442667,-0.0027432));
#9097=CARTESIAN_POINT('',(0.0250063,0.,-0.0043688));
#9098=CARTESIAN_POINT('',(0.0250063,0.00531544690030857,-0.0043688));
#9099=CARTESIAN_POINT('',(0.02413,2.51534904016637E-17,-0.0043688));
#9100=CARTESIAN_POINT('',(0.0365082732097378,0.0100607720272893,-0.0043688));
#9101=CARTESIAN_POINT('',(0.0250063,0.00907190465689473,-0.002032));
#9102=CARTESIAN_POINT('',(0.0250108612480386,0.00911767905162397,-0.002032));
#9103=CARTESIAN_POINT('',(0.0250154078217817,0.00916343405172507,-0.00203666489735204));
#9104=CARTESIAN_POINT('',(0.025024303277592,0.00925314846964409,-0.00205492434470925));
#9105=CARTESIAN_POINT('',(0.0250286521596591,0.00929710788746201,-0.00206851889471443));
#9106=CARTESIAN_POINT('',(0.0250369838890321,0.00938147434778772,-0.00210423750532699));
#9107=CARTESIAN_POINT('',(0.0250444466959038,0.00945719155223217,-0.00214568960153058));
#9108=CARTESIAN_POINT('',(0.0250510184661864,0.00952408527683738,-0.00220022760457855));
#9109=CARTESIAN_POINT('',(0.0250542497706068,0.00955702298314714,-0.00223216855407349));
#9110=CARTESIAN_POINT('',(0.0250546487972356,0.00956109128667134,-0.00223621213730564));
#9111=CARTESIAN_POINT('',(0.0250550428051176,0.00956510929553122,-0.00224030565722013));
#9112=CARTESIAN_POINT('',(0.025012119540452,0.00907190465689473,-0.002032));
#9113=CARTESIAN_POINT('',(0.0250166625901334,0.00911763455129824,-0.00203203414568313));
#9114=CARTESIAN_POINT('',(0.025021194045308,0.00916340466745502,-0.00203673666112013));
#9115=CARTESIAN_POINT('',(0.0250300559978213,0.00925307926824704,-0.00205505749055433));
#9116=CARTESIAN_POINT('',(0.0250343880858325,0.0092970159753022,-0.00206867897062777));
#9117=CARTESIAN_POINT('',(0.0250426863719396,0.00938133540528098,-0.00210444432973487));
#9118=CARTESIAN_POINT('',(0.0250501179063765,0.00945700350085847,-0.00214593209354156));
#9119=CARTESIAN_POINT('',(0.0250566592190112,0.00952384602780929,-0.00220049106301445));
#9120=CARTESIAN_POINT('',(0.0250598743759994,0.0095567571839947,-0.00223244030293423));
#9121=CARTESIAN_POINT('',(0.0250602714996641,0.00956082131115106,-0.00223648845899751));
#9122=CARTESIAN_POINT('',(0.0250606633703037,0.00956483690008103,-0.00224057932806574));
#9123=CARTESIAN_POINT('',(0.0250179388066888,0.00907190391002722,-0.00203207230715763));
#9124=CARTESIAN_POINT('',(0.0250224627702728,0.00911759020680279,-0.00203214090232777));
#9125=CARTESIAN_POINT('',(0.0250269778927755,0.00916335948365477,-0.00203688125734514));
#9126=CARTESIAN_POINT('',(0.0250358045942688,0.0092529854622649,-0.00205526454864005));
#9127=CARTESIAN_POINT('',(0.0250401188698138,0.0092968954624276,-0.00206891382556568));
#9128=CARTESIAN_POINT('',(0.0250483820298931,0.00938115927910715,-0.00210472008994309));
#9129=CARTESIAN_POINT('',(0.0250557805792385,0.00945677475627626,-0.00214623520842451));
#9130=CARTESIAN_POINT('',(0.0250622915436984,0.00952356113805619,-0.00220080392008651));
#9131=CARTESIAN_POINT('',(0.0250654897380964,0.00955644578884009,-0.00223276134531364));
#9132=CARTESIAN_POINT('',(0.0250658847971336,0.00956050826582992,-0.00223680703914988));
#9133=CARTESIAN_POINT('',(0.025066273592419,0.00956451761655845,-0.00224090010652055));
#9134=CARTESIAN_POINT('',(0.02504120797508,0.00907189794915871,-0.00203264940209389));
#9135=CARTESIAN_POINT('',(0.0250456524181135,0.00911740913343782,-0.00203285637155021));
#9136=CARTESIAN_POINT('',(0.0250500978798596,0.00916312344540208,-0.00203774832471151));
#9137=CARTESIAN_POINT('',(0.025058776649137,0.00925251751774955,-0.00205638276578274));
#9138=CARTESIAN_POINT('',(0.0250630159819832,0.00929630279013792,-0.00207014071427267));
#9139=CARTESIAN_POINT('',(0.0250711323671321,0.00938031397155199,-0.00210609210836183));
#9140=CARTESIAN_POINT('',(0.0250783928803472,0.00945569837800293,-0.00214768287280711));
#9141=CARTESIAN_POINT('',(0.0250847808942125,0.00952224419738304,-0.00220225895707614));
#9142=CARTESIAN_POINT('',(0.0250879056963474,0.00955501444611281,-0.00223423065466075));
#9143=CARTESIAN_POINT('',(0.0250882904426432,0.00955906080883181,-0.00223827707350188));
#9144=CARTESIAN_POINT('',(0.0250886686298724,0.00956305434534882,-0.00224237022898037));
#9145=CARTESIAN_POINT('',(0.0250586420841232,0.0090718867883608,-0.00203372992248399));
#9146=CARTESIAN_POINT('',(0.0250630197403823,0.00911726501380199,-0.00203404196941586));
#9147=CARTESIAN_POINT('',(0.0250674033841814,0.00916282466713652,-0.00203904844421934));
#9148=CARTESIAN_POINT('',(0.0250759553744958,0.0092519584126005,-0.00205787259392087));
#9149=CARTESIAN_POINT('',(0.0250801305042143,0.00929561010328028,-0.00207170653798381));
#9150=CARTESIAN_POINT('',(0.0250881222547842,0.0093793641719042,-0.00210772333814161));
#9151=CARTESIAN_POINT('',(0.0250952669908339,0.00945452882262174,-0.00214930249120004));
#9152=CARTESIAN_POINT('',(0.0251015563716951,0.00952085682774395,-0.00220380346748897));
#9153=CARTESIAN_POINT('',(0.0251046151644601,0.00955352061764655,-0.0022357545261507));
#9154=CARTESIAN_POINT('',(0.0251049917805496,0.00955755471418265,-0.00223979944252917));
#9155=CARTESIAN_POINT('',(0.0251053617431954,0.00956153808342317,-0.00224389359026652));
#9156=CARTESIAN_POINT('',(0.0250991731197834,0.00907184535778449,-0.00203774097821727));
#9157=CARTESIAN_POINT('',(0.025103384168506,0.00911684131429832,-0.00203829116938316));
#9158=CARTESIAN_POINT('',(0.0251076062617368,0.00916191159540557,-0.00204355731900703));
#9159=CARTESIAN_POINT('',(0.0251158302705672,0.00925023162170192,-0.00206278512494633));
#9160=CARTESIAN_POINT('',(0.0251198415756353,0.00929348419948852,-0.00207676138499578));
#9161=CARTESIAN_POINT('',(0.025127513384364,0.00937648604744953,-0.00211283909636105));
#9162=CARTESIAN_POINT('',(0.0251343688452728,0.00945101349138195,-0.00215428506065074));
#9163=CARTESIAN_POINT('',(0.0251403919468991,0.00951673026631816,-0.00220845694763052));
#9164=CARTESIAN_POINT('',(0.0251432941512925,0.00954909484732059,-0.0022402884857812));
#9165=CARTESIAN_POINT('',(0.0251436507916472,0.00955309337049851,-0.00224432070811236));
#9166=CARTESIAN_POINT('',(0.0251440010832525,0.00955704520798458,-0.0022484075020062));
#9167=CARTESIAN_POINT('',(0.0251222205290314,0.0090718099584346,-0.00204116812739034));
#9168=CARTESIAN_POINT('',(0.0251263281664155,0.00911653259431267,-0.00204184903980064));
#9169=CARTESIAN_POINT('',(0.0251304450361273,0.00916121929109055,-0.00204725671922737));
#9170=CARTESIAN_POINT('',(0.0251384568390507,0.00924892677865326,-0.00206668634429316));
#9171=CARTESIAN_POINT('',(0.0251423639145812,0.00929188031457491,-0.00208071785363844));
#9172=CARTESIAN_POINT('',(0.0251498307235828,0.00937433860977576,-0.00211676112276737));
#9173=CARTESIAN_POINT('',(0.0251565046002088,0.00944840234773585,-0.00215804531803407));
#9174=CARTESIAN_POINT('',(0.025162351375245,0.00951370027126237,-0.00221192001593268));
#9175=CARTESIAN_POINT('',(0.0251651592839018,0.00954585264722875,-0.00224362711228267));
#9176=CARTESIAN_POINT('',(0.0251655048821008,0.00954982474532187,-0.00224764492962431));
#9177=CARTESIAN_POINT('',(0.0251658435574209,0.00955375028415652,-0.00225171785315039));
#9178=CARTESIAN_POINT('',(0.0251906968237606,0.00907166926161632,-0.00205478953529624));
#9179=CARTESIAN_POINT('',(0.0251944875964767,0.0091151993186015,-0.00205581586180358));
#9180=CARTESIAN_POINT('',(0.0251982508089599,0.00915873674171845,-0.00206161705121658));
#9181=CARTESIAN_POINT('',(0.0252055796830141,0.00924415594591071,-0.00208150585263043));
#9182=CARTESIAN_POINT('',(0.0252091460958379,0.00928605016455879,-0.00209560946177781));
#9183=CARTESIAN_POINT('',(0.0252159608237575,0.00936652618977361,-0.00213135712900032));
#9184=CARTESIAN_POINT('',(0.0252220288838302,0.0094388931008417,-0.00217193202894535));
#9185=CARTESIAN_POINT('',(0.0252273225394992,0.00950270297180843,-0.00222468649695232));
#9186=CARTESIAN_POINT('',(0.0252298336747286,0.00953405825569569,-0.00225582653061054));
#9187=CARTESIAN_POINT('',(0.0252301412375109,0.00953792987129621,-0.00225977274163984));
#9188=CARTESIAN_POINT('',(0.0252304445549974,0.00954175074153909,-0.00226377357938449));
#9189=CARTESIAN_POINT('',(0.0252354597762272,0.0090715294653793,-0.00206832375441574));
#9190=CARTESIAN_POINT('',(0.0252390169727261,0.00911398650396676,-0.00206954332099987));
#9191=CARTESIAN_POINT('',(0.0252425094745795,0.00915646290283397,-0.00207554963168085));
#9192=CARTESIAN_POINT('',(0.0252493163675753,0.00923987261523765,-0.00209554379252385));
#9193=CARTESIAN_POINT('',(0.0252526264127615,0.00928079997651789,-0.00210957587196643));
#9194=CARTESIAN_POINT('',(0.0252589438195977,0.00935949976004176,-0.00214485874197381));
#9195=CARTESIAN_POINT('',(0.0252645812404296,0.00943031879253048,-0.00218470180601565));
#9196=CARTESIAN_POINT('',(0.025269352313652,0.00949284186649524,-0.00223631799209699));
#9197=CARTESIAN_POINT('',(0.0252717077490556,0.00952343048667052,-0.00226685157985862));
#9198=CARTESIAN_POINT('',(0.025271997588895,0.00952720510670445,-0.00227072177157894));
#9199=CARTESIAN_POINT('',(0.0252722766534769,0.00953093135161652,-0.00227464362727592));
#9200=CARTESIAN_POINT('',(0.025321469137969,0.00907116147851403,-0.00210394999854021));
#9201=CARTESIAN_POINT('',(0.025324533612883,0.00911100613916099,-0.00210547321806092));
#9202=CARTESIAN_POINT('',(0.0253274874033368,0.0091509112872965,-0.00211159940466569));
#9203=CARTESIAN_POINT('',(0.0253332306572495,0.00922938573283899,-0.0021313506536333));
#9204=CARTESIAN_POINT('',(0.0253360196809765,0.00926795033808618,-0.00214498153688257));
#9205=CARTESIAN_POINT('',(0.0253413417656439,0.00934220105267958,-0.00217882492533222));
#9206=CARTESIAN_POINT('',(0.0253461403235844,0.00940909662690505,-0.00221674733952443));
#9207=CARTESIAN_POINT('',(0.0253500719179388,0.00946816033322651,-0.00226550251941195));
#9208=CARTESIAN_POINT('',(0.0253518695534207,0.00949696920742708,-0.00229431946417524));
#9209=CARTESIAN_POINT('',(0.0253520926957497,0.00950052036746283,-0.00229797396276807));
#9210=CARTESIAN_POINT('',(0.0253523238305489,0.00950401546565902,-0.00230168553735512));
#9211=CARTESIAN_POINT('',(0.0253627183594562,0.00907093374088654,-0.00212599816677446));
#9212=CARTESIAN_POINT('',(0.0253655233812365,0.00910922645402423,-0.00212763086174277));
#9213=CARTESIAN_POINT('',(0.025368201597805,0.00914762215850565,-0.0021337367516706));
#9214=CARTESIAN_POINT('',(0.0253734042849899,0.00922317839828252,-0.00215313199471061));
#9215=CARTESIAN_POINT('',(0.0253759236954506,0.00926033877056944,-0.00216643715502029));
#9216=CARTESIAN_POINT('',(0.0253807623014435,0.00933191461488456,-0.00219931050780681));
#9217=CARTESIAN_POINT('',(0.0253850847729929,0.00939645569270748,-0.00223600075284302));
#9218=CARTESIAN_POINT('',(0.0253888941328149,0.00945327071265098,-0.00228314759529017));
#9219=CARTESIAN_POINT('',(0.0253907124414091,0.00948089067244406,-0.00231101441347125));
#9220=CARTESIAN_POINT('',(0.0253909334636836,0.00948429557659458,-0.00231454612382003));
#9221=CARTESIAN_POINT('',(0.0253911409990501,0.00948765276275348,-0.00231812485283309));
#9222=CARTESIAN_POINT('',(0.0254401247399909,0.00907039950676195,-0.0021777194566864));
#9223=CARTESIAN_POINT('',(0.0254424086080414,0.00910518415937848,-0.00217948569353947));
#9224=CARTESIAN_POINT('',(0.0254445522853263,0.00914015349209507,-0.00218537913885826));
#9225=CARTESIAN_POINT('',(0.0254487024554662,0.0092090574597437,-0.00220369822968942));
#9226=CARTESIAN_POINT('',(0.0254507056174049,0.00924299811568845,-0.00221612258746178));
#9227=CARTESIAN_POINT('',(0.0254545665866028,0.00930842094108358,-0.00224655731974055));
#9228=CARTESIAN_POINT('',(0.0254580159197015,0.00936748577630116,-0.00228030161326449));
#9229=CARTESIAN_POINT('',(0.0254611306566902,0.009419307434842,-0.00232346720565109));
#9230=CARTESIAN_POINT('',(0.0254625193015603,0.00944440175121455,-0.00234892062275752));
#9231=CARTESIAN_POINT('',(0.0254626870299984,0.00944749366154891,-0.00235214512910387));
#9232=CARTESIAN_POINT('',(0.0254628496813895,0.00945053870319316,-0.00235541268585815));
#9233=CARTESIAN_POINT('',(0.025476279985013,0.00907009302347484,-0.00220739129945327));
#9234=CARTESIAN_POINT('',(0.0254783021524675,0.00910292156307949,-0.00220918160274351));
#9235=CARTESIAN_POINT('',(0.0254801850160311,0.00913597295638583,-0.00221490321651072));
#9236=CARTESIAN_POINT('',(0.0254838244056452,0.00920113983776686,-0.00223248997455182));
#9237=CARTESIAN_POINT('',(0.0254855789287015,0.00923326249794731,-0.00224436569761767));
#9238=CARTESIAN_POINT('',(0.0254889455935855,0.00929520935507769,-0.0022733272300565));
#9239=CARTESIAN_POINT('',(0.0254919978038781,0.00935113223418158,-0.00230537812549356));
#9240=CARTESIAN_POINT('',(0.0254944948419288,0.00940029238160677,-0.00234608386933635));
#9241=CARTESIAN_POINT('',(0.0254956579673199,0.00942400414096625,-0.00237011928631902));
#9242=CARTESIAN_POINT('',(0.0254958013838888,0.00942692262078807,-0.00237316586143573));
#9243=CARTESIAN_POINT('',(0.0254959427507372,0.00942979342995495,-0.0023762550915052));
#9244=CARTESIAN_POINT('',(0.0255421087005467,0.00906941307240873,-0.00227322001498698));
#9245=CARTESIAN_POINT('',(0.0255436291565676,0.0090980125720624,-0.00227497233517208));
#9246=CARTESIAN_POINT('',(0.0255450267146133,0.00912687604168225,-0.00228020703144676));
#9247=CARTESIAN_POINT('',(0.0255477159217222,0.00918385235307475,-0.00229603496488426));
#9248=CARTESIAN_POINT('',(0.0255490076009297,0.00921197277231993,-0.00230662030297022));
#9249=CARTESIAN_POINT('',(0.0255514907489675,0.00926622819363265,-0.0023322391705541));
#9250=CARTESIAN_POINT('',(0.025553740389846,0.00931522312010782,-0.00236044797164162));
#9251=CARTESIAN_POINT('',(0.025555575276527,0.0093582256606038,-0.00239602038448395));
#9252=CARTESIAN_POINT('',(0.0255564044901965,0.0093788929987078,-0.00241698055591511));
#9253=CARTESIAN_POINT('',(0.0255565065014221,0.00938143427622076,-0.0024196375856199));
#9254=CARTESIAN_POINT('',(0.0255566091980478,0.00938392865691141,-0.00242233461013615));
#9255=CARTESIAN_POINT('',(0.0255717805433136,0.00906903962144286,-0.00230937526000911));
#9256=CARTESIAN_POINT('',(0.0255730617900835,0.00909536837826159,-0.00231106540640603));
#9257=CARTESIAN_POINT('',(0.0255742314458753,0.0091219612555195,-0.00231602115940625));
#9258=CARTESIAN_POINT('',(0.0255764825337754,0.00917447868661155,-0.00233080733604229));
#9259=CARTESIAN_POINT('',(0.0255775602272629,0.00920041453324929,-0.00234065513904525));
#9260=CARTESIAN_POINT('',(0.0255796507788403,0.00925044842742137,-0.00236440325071143));
#9261=CARTESIAN_POINT('',(0.0255815165529372,0.00929567189738565,-0.00239044667503276));
#9262=CARTESIAN_POINT('',(0.0255832475126038,0.00933511209032281,-0.00242339894153099));
#9263=CARTESIAN_POINT('',(0.025584032729502,0.00935403430004787,-0.00244278774403672));
#9264=CARTESIAN_POINT('',(0.025584126402985,0.00935636298320541,-0.00244524240577961));
#9265=CARTESIAN_POINT('',(0.0255842118050714,0.00935865554220779,-0.00244772605726577));
#9266=CARTESIAN_POINT('',(0.0256235018332256,0.00906824008357339,-0.00238678164054381));
#9267=CARTESIAN_POINT('',(0.0256243505700177,0.00908978425112599,-0.00238827588332653));
#9268=CARTESIAN_POINT('',(0.0256251194033726,0.00911156302194764,-0.00239250094387265));
#9269=CARTESIAN_POINT('',(0.0256265901119876,0.00915461513688486,-0.00240494661472758));
#9270=CARTESIAN_POINT('',(0.0256272923671826,0.00917589206537926,-0.00241314851242241));
#9271=CARTESIAN_POINT('',(0.0256286466508419,0.00921696148666022,-0.00243276785208927));
#9272=CARTESIAN_POINT('',(0.0256298794532928,0.00925409501865849,-0.00245417183139368));
#9273=CARTESIAN_POINT('',(0.025630950680141,0.00928648294094458,-0.00248103957786343));
#9274=CARTESIAN_POINT('',(0.0256314067992796,0.0093019651435315,-0.00249685696638464));
#9275=CARTESIAN_POINT('',(0.0256314623491951,0.00930386825092807,-0.00249886086062776));
#9276=CARTESIAN_POINT('',(0.0256315176196641,0.00930573711207659,-0.00250089225924033));
#9277=CARTESIAN_POINT('',(0.0256455500014598,0.00906781401643994,-0.00242803086203108));
#9278=CARTESIAN_POINT('',(0.0256462054375251,0.00908684433756136,-0.00242939137498779));
#9279=CARTESIAN_POINT('',(0.0256467976119913,0.00910608538735366,-0.00243329173954084));
#9280=CARTESIAN_POINT('',(0.0256479302255422,0.00914411635718216,-0.00244440570323168));
#9281=CARTESIAN_POINT('',(0.0256484688349967,0.00916291239366405,-0.0024516846740481));
#9282=CARTESIAN_POINT('',(0.0256494948934579,0.00919920705060905,-0.00246904612997941));
#9283=CARTESIAN_POINT('',(0.02565041247884,0.00923200764598883,-0.00248798012370641));
#9284=CARTESIAN_POINT('',(0.0256511377635797,0.00926083562184666,-0.00251143546550885));
#9285=CARTESIAN_POINT('',(0.0256514843178221,0.00927454126149956,-0.00252533361882503));
#9286=CARTESIAN_POINT('',(0.0256515271160815,0.00927622309335306,-0.00252709725174684));
#9287=CARTESIAN_POINT('',(0.0256515695494722,0.00927787007833599,-0.00252888977051591));
#9288=CARTESIAN_POINT('',(0.0256989893676465,0.00906648141811858,-0.00255704490464368));
#9289=CARTESIAN_POINT('',(0.0256991676877072,0.00907770955773608,-0.00255791910671561));
#9290=CARTESIAN_POINT('',(0.0256993375391053,0.00908909084991056,-0.00256004248370451));
#9291=CARTESIAN_POINT('',(0.0256996537390568,0.00911160375932086,-0.0025665119117888));
#9292=CARTESIAN_POINT('',(0.0256998015502468,0.00912273712481316,-0.00257081990352232));
#9293=CARTESIAN_POINT('',(0.0257000829416289,0.00914416623394633,-0.00258120191536327));
#9294=CARTESIAN_POINT('',(0.0257003312952908,0.00916348760937349,-0.00259257477946442));
#9295=CARTESIAN_POINT('',(0.0257005711939947,0.00918007591732754,-0.00260686909481897));
#9296=CARTESIAN_POINT('',(0.0257006719425256,0.00918801740801012,-0.00261512166907757));
#9297=CARTESIAN_POINT('',(0.0257006839130918,0.00918899463368483,-0.00261616365376018));
#9298=CARTESIAN_POINT('',(0.0257006950859148,0.00918995664908957,-0.00261721482331895));
#9299=CARTESIAN_POINT('',(0.0257175,0.00906552037381925,-0.00265008735276815));
#9300=CARTESIAN_POINT('',(0.0257175,0.00907121746169277,-0.00265053020889456));
#9301=CARTESIAN_POINT('',(0.0257175,0.00907697720191989,-0.00265157432465638));
#9302=CARTESIAN_POINT('',(0.0257175,0.00908832677965423,-0.0026547324493118));
#9303=CARTESIAN_POINT('',(0.0257175,0.00909391661716143,-0.0026568464582054));
#9304=CARTESIAN_POINT('',(0.0257175,0.00910463118202878,-0.0026620117429853));
#9305=CARTESIAN_POINT('',(0.0257175,0.00911424004582904,-0.00266773288527215));
#9306=CARTESIAN_POINT('',(0.0257175,0.0091225124138934,-0.00267486843530956));
#9307=CARTESIAN_POINT('',(0.0257175,0.00912647869549581,-0.00267897532142581));
#9308=CARTESIAN_POINT('',(0.0257175,0.00912696652269554,-0.00267949406182301));
#9309=CARTESIAN_POINT('',(0.0257175,0.0091274461036062,-0.00268001805233517));
#9310=CARTESIAN_POINT('',(0.0257175,0.00906455860442667,-0.0027432));
#9311=CARTESIAN_POINT('',(0.0257175,0.00906455860442667,-0.0027432));
#9312=CARTESIAN_POINT('',(0.0257175,0.00906455860442667,-0.0027432));
#9313=CARTESIAN_POINT('',(0.0257175,0.00906455860442667,-0.0027432));
#9314=CARTESIAN_POINT('',(0.0257175,0.00906455860442667,-0.0027432));
#9315=CARTESIAN_POINT('',(0.0257175,0.00906455860442667,-0.0027432));
#9316=CARTESIAN_POINT('',(0.0257175,0.00906455860442667,-0.0027432));
#9317=CARTESIAN_POINT('',(0.0257175,0.00906455860442666,-0.0027432));
#9318=CARTESIAN_POINT('',(0.0257175,0.00906455860442667,-0.0027432));
#9319=CARTESIAN_POINT('',(0.0257175,0.00906455860442667,-0.0027432));
#9320=CARTESIAN_POINT('',(0.0257175,0.00906455860442667,-0.0027432));
#9321=CARTESIAN_POINT('',(0.0250063,0.00907190465689474,-0.002032));
#9322=CARTESIAN_POINT('',(0.0251416167825387,0.00907190465689474,-0.002032));
#9323=CARTESIAN_POINT('',(0.0254753307043923,0.00907068031481672,-0.00210961408651886));
#9324=CARTESIAN_POINT('',(0.0257175,0.00906700728858269,-0.00250613333333317));
#9325=CARTESIAN_POINT('',(0.0257175,0.00906455860442667,-0.0027432));
#9326=CARTESIAN_POINT('',(0.0264287,0.00531544690030857,-0.0043688));
#9327=CARTESIAN_POINT('',(0.0264287,0.00531544690030857,-0.0043688));
#9328=CARTESIAN_POINT('',(0.0258641070175438,0.00400989853882927,-0.0043688));
#9329=CARTESIAN_POINT('',(0.0354044781464491,0.0091636331203973,-0.0043688));
#9330=CARTESIAN_POINT('',(0.0361156781464491,0.00793179858605432,-0.0043688));
#9331=CARTESIAN_POINT('',(0.0250063,0.00999133720592715,-0.0027432));
#9332=CARTESIAN_POINT('',(0.0250063,0.00531544690030857,-0.0027432));
#9333=CARTESIAN_POINT('',(0.0264287,0.00531544690030857,-0.002032));
#9334=CARTESIAN_POINT('',(0.0264287,0.00531544690030857,-0.0027432));
#9335=CARTESIAN_POINT('',(0.02413,-2.5804011705155E-17,-0.0043688));
#9336=CARTESIAN_POINT('',(0.0267356204924524,0.00350672999948849,-0.0043688));
#9337=CARTESIAN_POINT('',(0.0323446018381095,0.00575456666429988,-0.0043688));
#9338=CARTESIAN_POINT('',(0.0282951620481345,0.00341662151149059,-0.0043688));
#9339=CARTESIAN_POINT('',(0.0264287,0.00531544690030857,-0.0027432));
#9340=CARTESIAN_POINT('',(0.0258641070175438,0.00400989853882927,-0.0027432));
#9341=CARTESIAN_POINT('',(0.0275839620481345,0.00464845604583357,-0.0043688));
#9342=CARTESIAN_POINT('',(0.0275839620481345,0.00464845604583357,-0.0043688));
#9343=CARTESIAN_POINT('',(0.02413,-2.5804011705155E-17,-0.0027432));
#9344=CARTESIAN_POINT('',(0.0267356204924524,0.00350672999948849,-0.0027432));
#9345=CARTESIAN_POINT('',(0.0275839620481345,0.00464845604583357,-0.002032));
#9346=CARTESIAN_POINT('',(0.0275839620481345,0.00464845604583357,-0.0027432));
#9347=CARTESIAN_POINT('',(0.0275839620481345,0.00464845604583357,-0.0027432));
#9348=CARTESIAN_POINT('',(0.0282951620481345,0.00341662151149059,-0.0027432));
#9349=CARTESIAN_POINT('',(0.02369185,0.0007588980613363,-0.0027432));
#9350=CARTESIAN_POINT('',(0.0315483212050434,0.00529490007971535,-0.00203200000231448));
#9351=CARTESIAN_POINT('',(0.0314806638504532,0.00541208570930793,-0.00203201091898564));
#9352=CARTESIAN_POINT('',(0.0313127569410444,0.00570045997713884,-0.0021096497770517));
#9353=CARTESIAN_POINT('',(0.0311885084983509,0.0059083188862772,-0.00250615008638629));
#9354=CARTESIAN_POINT('',(0.0311863880255263,0.00590709463072113,-0.0027432));
#9355=CARTESIAN_POINT('',(0.0319511062373459,0.00558366521658551,-0.00224030565722013));
#9356=CARTESIAN_POINT('',(0.0319478235446092,0.00558131499208479,-0.00223621213863695));
#9357=CARTESIAN_POINT('',(0.0319444998058185,0.00557893527213874,-0.00223216855655859));
#9358=CARTESIAN_POINT('',(0.0319175905909791,0.0055596680079134,-0.00220022761500889));
#9359=CARTESIAN_POINT('',(0.0318629449414141,0.0055205296388685,-0.00214568960999196));
#9360=CARTESIAN_POINT('',(0.0318011033114193,0.00547620804839486,-0.00210423750228426));
#9361=CARTESIAN_POINT('',(0.0317322053743882,0.00542680974806539,-0.00206851889127495));
#9362=CARTESIAN_POINT('',(0.0316963098572929,0.00540106380724376,-0.00205492434208004));
#9363=CARTESIAN_POINT('',(0.0316230627121247,0.00534850281439289,-0.00203666489644257));
#9364=CARTESIAN_POINT('',(0.0315857110840519,0.00532168776236364,-0.002032));
#9365=CARTESIAN_POINT('',(0.0315483498935812,0.00529485038978367,-0.002032));
#9366=CARTESIAN_POINT('',(0.0319480600533731,0.00558839657109518,-0.00224057932806574));
#9367=CARTESIAN_POINT('',(0.0319447783877349,0.00558604940746432,-0.00223648846032717));
#9368=CARTESIAN_POINT('',(0.0319414574943114,0.00558367352761619,-0.00223244050978956));
#9369=CARTESIAN_POINT('',(0.0319145637347361,0.00556443383295776,-0.00220049183918436));
#9370=CARTESIAN_POINT('',(0.0318599465275637,0.0055253470085549,-0.00214593188701423));
#9371=CARTESIAN_POINT('',(0.0317981307001587,0.0054810764611997,-0.00210444382201205));
#9372=CARTESIAN_POINT('',(0.0317292589063431,0.00543173189081518,-0.00206867949678199));
#9373=CARTESIAN_POINT('',(0.0316933741135325,0.00540601152748166,-0.00205505761578648));
#9374=CARTESIAN_POINT('',(0.0316201435605796,0.00535349879297507,-0.00203673652470115));
#9375=CARTESIAN_POINT('',(0.0315827718745701,0.00532668962180551,-0.00203203414570415));
#9376=CARTESIAN_POINT('',(0.0315454401233552,0.00529989025965345,-0.002032));
#9377=CARTESIAN_POINT('',(0.0319449784346739,0.00559309552420656,-0.00224090010652055));
#9378=CARTESIAN_POINT('',(0.0319417006337976,0.00559075414300888,-0.00223680704047973));
#9379=CARTESIAN_POINT('',(0.0319383852264039,0.00558838465877354,-0.00223275041180225));
#9380=CARTESIAN_POINT('',(0.0319115272018419,0.00556919199311347,-0.00220076112056463));
#9381=CARTESIAN_POINT('',(0.031856962383204,0.00553017898790424,-0.00214614976091404));
#9382=CARTESIAN_POINT('',(0.0317951755391703,0.00548596123578988,-0.00210464073937611));
#9383=CARTESIAN_POINT('',(0.0317263275473067,0.00543666705614556,-0.00206885604496161));
#9384=CARTESIAN_POINT('',(0.0316904494879627,0.00541096802221433,-0.00205522419766235));
#9385=CARTESIAN_POINT('',(0.0316172279255951,0.00535849630807767,-0.00203686974575989));
#9386=CARTESIAN_POINT('',(0.0315798333810206,0.00533169055287912,-0.00203214090237065));
#9387=CARTESIAN_POINT('',(0.0315425298434306,0.00530492951861208,-0.00203207230715763));
#9388=CARTESIAN_POINT('',(0.031932513685907,0.00561175855995512,-0.00224237022898037));
#9389=CARTESIAN_POINT('',(0.0319292442765073,0.00560943427270291,-0.00223827707482827));
#9390=CARTESIAN_POINT('',(0.0319259440988541,0.00560708472114482,-0.00223419481799852));
#9391=CARTESIAN_POINT('',(0.031899180562374,0.00558803901868366,-0.00220210873904497));
#9392=CARTESIAN_POINT('',(0.0318447918853431,0.00554929219390545,-0.00214736782790738));
#9393=CARTESIAN_POINT('',(0.0317831655017609,0.00550532246540346,-0.00210578187479081));
#9394=CARTESIAN_POINT('',(0.0317144750736923,0.00545628260408343,-0.00206990441953586));
#9395=CARTESIAN_POINT('',(0.031678662739698,0.00543070209375864,-0.00205621782744665));
#9396=CARTESIAN_POINT('',(0.0316055402440481,0.00537845027392861,-0.00203770286925624));
#9397=CARTESIAN_POINT('',(0.031568081742885,0.00535168284022462,-0.00203285637168309));
#9398=CARTESIAN_POINT('',(0.0315308900969714,0.00532507822912959,-0.00203264940209389));
#9399=CARTESIAN_POINT('',(0.0319228540078991,0.00562545708919832,-0.00224389359026652));
#9400=CARTESIAN_POINT('',(0.0319195892913232,0.00562314500827685,-0.00223979944385569));
#9401=CARTESIAN_POINT('',(0.031916298836046,0.00562080985022859,-0.0022356991752231));
#9402=CARTESIAN_POINT('',(0.031889597592629,0.0056018728450287,-0.00220354424953204));
#9403=CARTESIAN_POINT('',(0.0318353647233494,0.00556334983925155,-0.0021487355255467));
#9404=CARTESIAN_POINT('',(0.0317739320559349,0.0055196247124325,-0.00210714584772583));
#9405=CARTESIAN_POINT('',(0.0317054428966819,0.00547084242385213,-0.00207125548319021));
#9406=CARTESIAN_POINT('',(0.0316697242337855,0.00544538662054744,-0.00205755589140047));
#9407=CARTESIAN_POINT('',(0.0315967465167681,0.00539336046834377,-0.00203896222492629));
#9408=CARTESIAN_POINT('',(0.0315592732704243,0.00536665132259869,-0.00203404196962184));
#9409=CARTESIAN_POINT('',(0.0315221633769153,0.0053401710300544,-0.00203372992248399));
#9410=CARTESIAN_POINT('',(0.0318996433936048,0.00565667330155388,-0.0022484075020062));
#9411=CARTESIAN_POINT('',(0.0318963961487993,0.00565439402211793,-0.00224432070942829));
#9412=CARTESIAN_POINT('',(0.0318931338718912,0.00565209642817195,-0.00224019197612288));
#9413=CARTESIAN_POINT('',(0.0318666266800622,0.00563344769806032,-0.0022079665110779));
#9414=CARTESIAN_POINT('',(0.0318128544089402,0.00559552432844183,-0.00215314389807856));
#9415=CARTESIAN_POINT('',(0.0317519827099296,0.00555246600692675,-0.0021116427064634));
#9416=CARTESIAN_POINT('',(0.0316840852987846,0.0055043928336738,-0.00207580305363415));
#9417=CARTESIAN_POINT('',(0.0316486501036073,0.00547928537856562,-0.00206210253443812));
#9418=CARTESIAN_POINT('',(0.0315761457298946,0.00542790119557741,-0.00204336813116622));
#9419=CARTESIAN_POINT('',(0.0315387241216025,0.00540139609274495,-0.00203829116975819));
#9420=CARTESIAN_POINT('',(0.0315018619791536,0.00537525122128972,-0.00203774097821727));
#9421=CARTESIAN_POINT('',(0.031885868668782,0.00567394197715116,-0.0022517178531504));
#9422=CARTESIAN_POINT('',(0.0318826383911227,0.00567168590702813,-0.00224764493092981));
#9423=CARTESIAN_POINT('',(0.0318793982895093,0.00566941391084845,-0.00224351242311434));
#9424=CARTESIAN_POINT('',(0.0318530532368702,0.00565096455446144,-0.00221133146235095));
#9425=CARTESIAN_POINT('',(0.031799632031721,0.00561345091736894,-0.00215662679769642));
#9426=CARTESIAN_POINT('',(0.0317391601295643,0.0055708446206391,-0.00211524589457689));
#9427=CARTESIAN_POINT('',(0.0316716858476669,0.00552325433082697,-0.00207948760226367));
#9428=CARTESIAN_POINT('',(0.031636456040301,0.00549838611618447,-0.00206580205341102));
#9429=CARTESIAN_POINT('',(0.0315643153355065,0.00544745083454681,-0.00204700842075733));
#9430=CARTESIAN_POINT('',(0.0315269847631035,0.0054211118176083,-0.00204184904027108));
#9431=CARTESIAN_POINT('',(0.0314903076177933,0.00539519316351494,-0.00204116812739034));
#9432=CARTESIAN_POINT('',(0.0318431762612532,0.00572388831085352,-0.0022637735793845));
#9433=CARTESIAN_POINT('',(0.0318400189502889,0.00572171519576706,-0.00225977274289745));
#9434=CARTESIAN_POINT('',(0.0318368641630634,0.00571953196902531,-0.00225566669727198));
#9435=CARTESIAN_POINT('',(0.0318111569569347,0.005701777477318,-0.00222387876558932));
#9436=CARTESIAN_POINT('',(0.031758971350216,0.00566563646937671,-0.00216989766645348));
#9437=CARTESIAN_POINT('',(0.0316998034218049,0.00562450841329786,-0.00212906399220707));
#9438=CARTESIAN_POINT('',(0.0316337553394205,0.00557852442975176,-0.00209368868764871));
#9439=CARTESIAN_POINT('',(0.0315992445720085,0.00555446744526158,-0.00208008838788666));
#9440=CARTESIAN_POINT('',(0.0315285370072363,0.00550513281876561,-0.00206118802163775));
#9441=CARTESIAN_POINT('',(0.0314917503963984,0.00547947297683942,-0.0020558158625122));
#9442=CARTESIAN_POINT('',(0.0314559476234098,0.00545442502589834,-0.00205478953529624));
#9443=CARTESIAN_POINT('',(0.031812890345487,0.00575470627586913,-0.00227464362727592));
#9444=CARTESIAN_POINT('',(0.0318098028559683,0.00575260147704635,-0.00227072177278567));
#9445=CARTESIAN_POINT('',(0.0318067230349167,0.00575048932065461,-0.00226667474710805));
#9446=CARTESIAN_POINT('',(0.0317815967609092,0.00573329947865939,-0.00223542817958541));
#9447=CARTESIAN_POINT('',(0.0317305159744666,0.00569827916105028,-0.00218236752458686));
#9448=CARTESIAN_POINT('',(0.0316725102732066,0.00565837713189137,-0.00214218314356294));
#9449=CARTESIAN_POINT('',(0.0316077531872924,0.00561374212531897,-0.00210729985306353));
#9450=CARTESIAN_POINT('',(0.0315739082138709,0.00559037712693749,-0.00209384245634456));
#9451=CARTESIAN_POINT('',(0.0315045798645198,0.00554243533413129,-0.00207500459430031));
#9452=CARTESIAN_POINT('',(0.0314684353789779,0.00551743013979579,-0.00206954332184161));
#9453=CARTESIAN_POINT('',(0.031433445080084,0.00549312098176426,-0.00206832375441574));
#9454=CARTESIAN_POINT('',(0.0317495569159465,0.00581057122173596,-0.00230168553735513));
#9455=CARTESIAN_POINT('',(0.0317466456403621,0.00580862350460392,-0.00229797396385439));
#9456=CARTESIAN_POINT('',(0.0317437481698004,0.00580667222395865,-0.00229411371959573));
#9457=CARTESIAN_POINT('',(0.0317200644778284,0.00579077132393589,-0.00226442285614587));
#9458=CARTESIAN_POINT('',(0.0316717617514571,0.00575831681679164,-0.00221399161462272));
#9459=CARTESIAN_POINT('',(0.0316167351917747,0.00572124797943565,-0.00217569452429742));
#9460=CARTESIAN_POINT('',(0.0315553022509234,0.00567975241281953,-0.00214231824738339));
#9461=CARTESIAN_POINT('',(0.0315231856790378,0.00565801170120488,-0.00212935739939006));
#9462=CARTESIAN_POINT('',(0.0314574519896044,0.00561337466395352,-0.00211098004218025));
#9463=CARTESIAN_POINT('',(0.0314230959848426,0.00558999953841652,-0.00210547321910874));
#9464=CARTESIAN_POINT('',(0.0313901217132395,0.00556742328056324,-0.00210394999854021));
#9465=CARTESIAN_POINT('',(0.0317159778153051,0.00583600652430819,-0.00231812485283309));
#9466=CARTESIAN_POINT('',(0.0317131741752725,0.00583414820085901,-0.00231454612483521));
#9467=CARTESIAN_POINT('',(0.0317103857305529,0.00583228691235207,-0.00231081478422543));
#9468=CARTESIAN_POINT('',(0.0316875798099646,0.00581710848866877,-0.00228214435445083));
#9469=CARTESIAN_POINT('',(0.0316410197851769,0.00578605225494641,-0.00223339356003895));
#9470=CARTESIAN_POINT('',(0.0315879246053099,0.00575049440261237,-0.00219625794506936));
#9471=CARTESIAN_POINT('',(0.0315286471102494,0.00571068709074771,-0.00216381218541954));
#9472=CARTESIAN_POINT('',(0.0314976543949001,0.00568982776748596,-0.00215116131264414));
#9473=CARTESIAN_POINT('',(0.0314342334474635,0.00564702965981149,-0.00213311620440675));
#9474=CARTESIAN_POINT('',(0.0314010598466954,0.00562460787549935,-0.00212763086286292));
#9475=CARTESIAN_POINT('',(0.0313692998759251,0.00560303228544381,-0.00212599816677446));
#9476=CARTESIAN_POINT('',(0.0316479817557186,0.00587955103510585,-0.00235541268585815));
#9477=CARTESIAN_POINT('',(0.03164542599865,0.00587788765448584,-0.00235214512996431));
#9478=CARTESIAN_POINT('',(0.0316428847828478,0.00587622207095881,-0.00234872882091272));
#9479=CARTESIAN_POINT('',(0.0316220788434412,0.00586262694646945,-0.0023225049893734));
#9480=CARTESIAN_POINT('',(0.0315794402788056,0.00583471966349249,-0.00227783072930933));
#9481=CARTESIAN_POINT('',(0.0315306486967089,0.00580266397140432,-0.00224361281025462));
#9482=CARTESIAN_POINT('',(0.0314761872586292,0.00576677212105774,-0.00221357911163522));
#9483=CARTESIAN_POINT('',(0.0314477150508425,0.00574795994086648,-0.00220178328214465));
#9484=CARTESIAN_POINT('',(0.0313895361523808,0.00570939052307004,-0.00218478014617244));
#9485=CARTESIAN_POINT('',(0.0313591165003591,0.00568917128556106,-0.00217948569474295));
#9486=CARTESIAN_POINT('',(0.0313301340253343,0.00566980106033957,-0.0021777194566864));
#9487=CARTESIAN_POINT('',(0.031613469287412,0.00589783783723098,-0.00237625509150524));
#9488=CARTESIAN_POINT('',(0.0316110537777556,0.00589628000575727,-0.00237316586221261));
#9489=CARTESIAN_POINT('',(0.0316086508592454,0.00589471996002797,-0.00236993568579002));
#9490=CARTESIAN_POINT('',(0.0315889685899942,0.00588198294521364,-0.00234513809196634));
#9491=CARTESIAN_POINT('',(0.0315485207965457,0.00585580402147095,-0.00230286052090259));
#9492=CARTESIAN_POINT('',(0.0315021240443916,0.00582569749408579,-0.00227039995513887));
#9493=CARTESIAN_POINT('',(0.0314503473369556,0.00579198803928352,-0.002241849008533));
#9494=CARTESIAN_POINT('',(0.0314232838399218,0.0057743192081987,-0.00223059885123297));
#9495=CARTESIAN_POINT('',(0.0313680523380284,0.00573810594228666,-0.00221430634473898));
#9496=CARTESIAN_POINT('',(0.0313392102606229,0.0057191247075504,-0.00220918160395797));
#9497=CARTESIAN_POINT('',(0.0313117909805107,0.00570095917936522,-0.00220739129945328));
#9498=CARTESIAN_POINT('',(0.0315434160051621,0.00592744413523758,-0.00242233461013618));
#9499=CARTESIAN_POINT('',(0.0315413071568822,0.00592610800730837,-0.00241963758622643));
#9500=CARTESIAN_POINT('',(0.0315392064982613,0.00592476890595448,-0.00241682142992206));
#9501=CARTESIAN_POINT('',(0.0315219941719304,0.00591383059932025,-0.00239517675940268));
#9502=CARTESIAN_POINT('',(0.0314864767259503,0.00589126829318511,-0.00235817972365667));
#9503=CARTESIAN_POINT('',(0.0314455905798508,0.00586524031424356,-0.00232958742722415));
#9504=CARTESIAN_POINT('',(0.0313999779984557,0.00583610567634648,-0.00230432306455174));
#9505=CARTESIAN_POINT('',(0.0313761437406073,0.00582083838193141,-0.00229429755954324));
#9506=CARTESIAN_POINT('',(0.0313275876480923,0.0057895928711374,-0.00227965705342011));
#9507=CARTESIAN_POINT('',(0.0313022954443484,0.00577324505483543,-0.0022749723363472));
#9508=CARTESIAN_POINT('',(0.0312782877678473,0.00575762854378287,-0.00227322001498698));
#9509=CARTESIAN_POINT('',(0.0315077275422856,0.00593871213676985,-0.00244772605726916));
#9510=CARTESIAN_POINT('',(0.0315057848293778,0.00593749189715067,-0.00244524240630422));
#9511=CARTESIAN_POINT('',(0.0315038480229948,0.00593626800881334,-0.00244265351047513));
#9512=CARTESIAN_POINT('',(0.031487982349017,0.00592626929648283,-0.0024227296046781));
#9513=CARTESIAN_POINT('',(0.0314552217608877,0.00590560050961613,-0.00238859343871809));
#9514=CARTESIAN_POINT('',(0.0314174877607877,0.0058817154098527,-0.0023620763658407));
#9515=CARTESIAN_POINT('',(0.0313753935538467,0.00585498767406449,-0.00233857880583932));
#9516=CARTESIAN_POINT('',(0.0313533994062144,0.00584098585039404,-0.00232921428767495));
#9517=CARTESIAN_POINT('',(0.0313085999999647,0.00581236199588584,-0.00231548848536586));
#9518=CARTESIAN_POINT('',(0.031285289186938,0.0057974123651163,-0.00231106540753086));
#9519=CARTESIAN_POINT('',(0.0312631284284403,0.00578313838791314,-0.00230937526000911));
#9520=CARTESIAN_POINT('',(0.0314382459301673,0.00595322095888823,-0.00250089225924369));
#9521=CARTESIAN_POINT('',(0.0314366550844307,0.00595223866285906,-0.00249886086099208));
#9522=CARTESIAN_POINT('',(0.0314350648115796,0.00595125183148789,-0.00249675442877577));
#9523=CARTESIAN_POINT('',(0.0314220426309134,0.00594319111535767,-0.00248049376321292));
#9524=CARTESIAN_POINT('',(0.0313950476923979,0.00592648493009787,-0.0024525621940157));
#9525=CARTESIAN_POINT('',(0.0313638523210978,0.00590714248730352,-0.00243072851599316));
#9526=CARTESIAN_POINT('',(0.0313290644335241,0.00588551083648071,-0.00241130071607082));
#9527=CARTESIAN_POINT('',(0.0313108956694909,0.00587418556558377,-0.00240351041335288));
#9528=CARTESIAN_POINT('',(0.0312739525735012,0.00585106869020933,-0.00239202057593351));
#9529=CARTESIAN_POINT('',(0.0312548087979378,0.00583903768578169,-0.00238827588430456));
#9530=CARTESIAN_POINT('',(0.0312365753633781,0.00582753056995864,-0.00238678164054381));
#9531=CARTESIAN_POINT('',(0.0314040864061144,0.00595665292263567,-0.00252888977051596));
#9532=CARTESIAN_POINT('',(0.0314026812921767,0.00595579268188649,-0.00252709725203285));
#9533=CARTESIAN_POINT('',(0.0314012740590489,0.00595492750672973,-0.00252524580354932));
#9534=CARTESIAN_POINT('',(0.0313897542749922,0.00594786228260045,-0.00251092421272477));
#9535=CARTESIAN_POINT('',(0.0313658138279485,0.00593320124344106,-0.00248630839639972));
#9536=CARTESIAN_POINT('',(0.0313380909624302,0.00591621352198946,-0.00246703023253879));
#9537=CARTESIAN_POINT('',(0.0313071827776168,0.00589722299381181,-0.00244984922241045));
#9538=CARTESIAN_POINT('',(0.0312910451658902,0.00588728477483807,-0.00244294406448783));
#9539=CARTESIAN_POINT('',(0.0312582705122804,0.00586701717715306,-0.00243273336243362));
#9540=CARTESIAN_POINT('',(0.0312413353229249,0.00585649459848204,-0.0024293913758693));
#9541=CARTESIAN_POINT('',(0.0312251822942997,0.00584641181018969,-0.00242803086203108));
#9542=CARTESIAN_POINT('',(0.031303388374832,0.00595524017054618,-0.002617214823319));
#9543=CARTESIAN_POINT('',(0.031302560831519,0.00595474948693354,-0.00261616365385233));
#9544=CARTESIAN_POINT('',(0.0313017265810979,0.00595425359367788,-0.00261509580333384));
#9545=CARTESIAN_POINT('',(0.0312949154303366,0.0059502095133434,-0.00260675499532286));
#9546=CARTESIAN_POINT('',(0.031280725971088,0.00594178194584648,-0.0025923083814326));
#9547=CARTESIAN_POINT('',(0.0312642634836857,0.00593199257630093,-0.00258080914344973));
#9548=CARTESIAN_POINT('',(0.0312459132554665,0.00592106637136838,-0.00257047236208438));
#9549=CARTESIAN_POINT('',(0.0312363376539087,0.00591535833180553,-0.00256626634536872));
#9550=CARTESIAN_POINT('',(0.0312169044993245,0.0059037556762216,-0.00255999605577128));
#9551=CARTESIAN_POINT('',(0.0312069432428295,0.00589779386021452,-0.00255791910726073));
#9552=CARTESIAN_POINT('',(0.031197308547207,0.00589202535970884,-0.00255704490464368));
#9553=CARTESIAN_POINT('',(0.031240850197396,0.00593853838031073,-0.00268001805233551));
#9554=CARTESIAN_POINT('',(0.0312404348681369,0.00593829858985121,-0.00267949406182769));
#9555=CARTESIAN_POINT('',(0.0312400123973825,0.00593805467624742,-0.00267897532143546));
#9556=CARTESIAN_POINT('',(0.0312365774967055,0.00593607153541693,-0.00267486843536329));
#9557=CARTESIAN_POINT('',(0.0312294134157646,0.00593193535135718,-0.00266773288546601));
#9558=CARTESIAN_POINT('',(0.0312210918956293,0.00592713091946702,-0.00266201174333114));
#9559=CARTESIAN_POINT('',(0.0312118128102954,0.00592177363705164,-0.00265684645864768));
#9560=CARTESIAN_POINT('',(0.0312069718690336,0.00591897871831102,-0.00265473244976949));
#9561=CARTESIAN_POINT('',(0.0311971428464279,0.00591330392946376,-0.00265157432500684));
#9562=CARTESIAN_POINT('',(0.031192154765084,0.00591042405935712,-0.00265053020912239));
#9563=CARTESIAN_POINT('',(0.0311872209422529,0.00590757551541742,-0.00265008735276815));
#9564=CARTESIAN_POINT('',(0.0311863880255263,0.00590709463072113,-0.0027432));
#9565=CARTESIAN_POINT('',(0.0311863880255263,0.00590709463072113,-0.0027432));
#9566=CARTESIAN_POINT('',(0.0311863880255263,0.00590709463072113,-0.0027432));
#9567=CARTESIAN_POINT('',(0.0311863880255263,0.00590709463072113,-0.0027432));
#9568=CARTESIAN_POINT('',(0.0311863880255263,0.00590709463072113,-0.0027432));
#9569=CARTESIAN_POINT('',(0.0311863880255263,0.00590709463072113,-0.0027432));
#9570=CARTESIAN_POINT('',(0.0311863880255263,0.00590709463072113,-0.0027432));
#9571=CARTESIAN_POINT('',(0.0311863880255263,0.00590709463072113,-0.0027432));
#9572=CARTESIAN_POINT('',(0.0311863880255263,0.00590709463072113,-0.0027432));
#9573=CARTESIAN_POINT('',(0.0311863880255263,0.00590709463072113,-0.0027432));
#9574=CARTESIAN_POINT('',(0.0311863880255263,0.00590709463072113,-0.0027432));
#9575=CARTESIAN_POINT('',(0.0319511062373459,0.00558366521658551,-0.00224030565722013));
#9576=CARTESIAN_POINT('',(0.0317561504630866,0.00588647190520444,-0.00225782059133885));
#9577=CARTESIAN_POINT('',(0.0314042367130051,0.00603286962907953,-0.00249047220934202));
#9578=CARTESIAN_POINT('',(0.0311863880255263,0.00590709463072113,-0.0027432));
#9579=CARTESIAN_POINT('',(0.0319453818870368,0.00558040138166263,-0.00223365897406685));
#9580=CARTESIAN_POINT('',(0.0315861556926,0.00613790060091942,-0.00226571236849742));
#9581=CARTESIAN_POINT('',(0.0311776849830067,0.00590206992677966,-0.00273305788401577));
#9582=CARTESIAN_POINT('',(0.0322653091299353,0.00576281162218272,-0.00260513556878955));
#9583=CARTESIAN_POINT('',(0.0319065816881352,0.00632289863569911,-0.00263646740931516));
#9584=CARTESIAN_POINT('',(0.0314966822735679,0.00608624309835591,-0.00310480582437162));
#9585=CARTESIAN_POINT('',(0.0325852917861308,0.00594553130497064,-0.00297646876577008));
#9586=CARTESIAN_POINT('',(0.0322265565037208,0.00650763618161139,-0.00300662853176866));
#9587=CARTESIAN_POINT('',(0.0318158454201029,0.00627051202692331,-0.00347636384993282));
#9588=CARTESIAN_POINT('',(0.0329053162365982,0.00612847109269758,-0.00334769434277987));
#9589=CARTESIAN_POINT('',(0.0325463196790077,0.00669225153693808,-0.0033764899195107));
#9590=CARTESIAN_POINT('',(0.0321351285333087,0.00645485021828039,-0.00384778447550248));
#9591=CARTESIAN_POINT('',(0.0324907285333087,0.0058389329511089,-0.00384778447550247));
#9592=CARTESIAN_POINT('',(0.0329053162365982,0.00612847109269758,-0.00334769434277987));
#9593=CARTESIAN_POINT('',(0.0325463196790077,0.00669225153693808,-0.0033764899195107));
#9594=CARTESIAN_POINT('',(0.0321351285333087,0.00645485021828039,-0.00384778447550247));
#9595=CARTESIAN_POINT('',(0.0330269288193069,0.00618424463742039,-0.00348080564710163));
#9596=CARTESIAN_POINT('',(0.0326761435976408,0.00676720541131134,-0.00351061357660633));
#9597=CARTESIAN_POINT('',(0.0323646681580527,0.00658737498241601,-0.00411480685576194));
#9598=CARTESIAN_POINT('',(0.0331928316870497,0.00626140653286217,-0.003556));
#9599=CARTESIAN_POINT('',(0.0328463157630459,0.00686545435667905,-0.00357066843944709));
#9600=CARTESIAN_POINT('',(0.0326810777695854,0.00677005415680861,-0.00426719998936602));
#9601=CARTESIAN_POINT('',(0.033362515695019,0.0063422595035984,-0.003556));
#9602=CARTESIAN_POINT('',(0.033006915695019,0.00695817677076989,-0.003556));
#9603=CARTESIAN_POINT('',(0.033006915695019,0.00695817677076989,-0.0042672));
#9604=CARTESIAN_POINT('',(0.033362515695019,0.0063422595035984,-0.0042672));
#9605=CARTESIAN_POINT('',(0.03474834381822,0.00714236774357908,-0.0042672));
#9606=CARTESIAN_POINT('',(0.0361156781464491,0.00793179858605432,-0.0042672));
#9607=CARTESIAN_POINT('',(0.0354044781464491,0.0091636331203973,-0.0042672));
#9608=CARTESIAN_POINT('',(0.0362497807790899,0.0080196553149961,-0.0042672));
#9609=CARTESIAN_POINT('',(0.0362497807790898,0.0080196553149961,-0.003556));
#9610=CARTESIAN_POINT('',(0.0358271294627695,0.00859164421769669,-0.00355600000000001));
#9611=CARTESIAN_POINT('',(0.0358271294627695,0.00859164421769669,-0.0042672));
#9612=CARTESIAN_POINT('',(0.0363399309019135,0.00809383621824134,-0.003556));
#9613=CARTESIAN_POINT('',(0.0358268198190792,0.00859141538080452,-0.00356206037917433));
#9614=CARTESIAN_POINT('',(0.0359212073577038,0.00866115980784696,-0.00426719996300803));
#9615=CARTESIAN_POINT('',(0.0364452127227171,0.00833363866825502,-0.00349650357911832));
#9616=CARTESIAN_POINT('',(0.0359172368649068,0.00857604442104463,-0.00363564868963982));
#9617=CARTESIAN_POINT('',(0.0360661280441668,0.00884297992310749,-0.00414742965681925));
#9618=CARTESIAN_POINT('',(0.0364033135776628,0.00878381130189262,-0.00330843885986001));
#9619=CARTESIAN_POINT('',(0.0361355434031602,0.00889587109719195,-0.00351110839468393));
#9620=CARTESIAN_POINT('',(0.036133032459899,0.00913673529264791,-0.00377035234786648));
#9621=CARTESIAN_POINT('',(0.0362332551416604,0.00922122548924469,-0.00308453556848615));
#9622=CARTESIAN_POINT('',(0.0361438191531927,0.00928769527486918,-0.00320968734151622));
#9623=CARTESIAN_POINT('',(0.0360914785007086,0.00939963697693853,-0.00332297248738162));
#9624=CARTESIAN_POINT('',(0.0360565217012419,0.00948898789091063,-0.00292442849378936));
#9625=CARTESIAN_POINT('',(0.0360326535745262,0.00951835404613758,-0.00296402615870155));
#9626=CARTESIAN_POINT('',(0.036008785430727,0.00954772022246976,-0.00300362379684761));
#9627=CARTESIAN_POINT('',(0.0359563756780934,0.00961220257384333,-0.0028448));
#9628=CARTESIAN_POINT('',(0.0359563756780934,0.00961220257384333,-0.0028448));
#9629=CARTESIAN_POINT('',(0.0359563756780934,0.00961220257384333,-0.0028448));
#9630=CARTESIAN_POINT('',(0.0358271294627694,-0.0085916442176967,-0.0042672));
#9631=CARTESIAN_POINT('',(0.0358271294627694,-0.0085916442176967,-0.00355599999999996));
#9632=CARTESIAN_POINT('',(0.0362497807790899,-0.00801965531499607,-0.003556));
#9633=CARTESIAN_POINT('',(0.035921207357705,-0.00866115980784794,-0.00426719996300803));
#9634=CARTESIAN_POINT('',(0.0358268198190839,-0.00859141538080156,-0.00356206037918837));
#9635=CARTESIAN_POINT('',(0.0363399309019119,-0.00809383621825085,-0.003556));
#9636=CARTESIAN_POINT('',(0.0360661280441675,-0.00884297992310545,-0.00414742965681481));
#9637=CARTESIAN_POINT('',(0.0359172368649078,-0.00857604442104176,-0.00363564868962988));
#9638=CARTESIAN_POINT('',(0.0364452127227213,-0.00833363866824641,-0.00349650357911609));
#9639=CARTESIAN_POINT('',(0.0361330324598946,-0.00913673529265361,-0.00377035234788198));
#9640=CARTESIAN_POINT('',(0.0361355434031524,-0.00889587109720357,-0.00351110839469828));
#9641=CARTESIAN_POINT('',(0.0364033135776506,-0.00878381130190854,-0.00330843885986779));
#9642=CARTESIAN_POINT('',(0.0360914785007254,-0.00939963697691784,-0.00332297248732393));
#9643=CARTESIAN_POINT('',(0.0361438191532198,-0.00928769527482781,-0.00320968734147155));
#9644=CARTESIAN_POINT('',(0.0362332551417048,-0.00922122548918976,-0.00308453556845716));
#9645=CARTESIAN_POINT('',(0.0360087854306908,-0.00954772022251427,-0.00300362379697183));
#9646=CARTESIAN_POINT('',(0.0360326535744687,-0.00951835404622566,-0.00296402615879502));
#9647=CARTESIAN_POINT('',(0.0360565217011463,-0.00948898789102827,-0.00292442849385177));
#9648=CARTESIAN_POINT('',(0.0359563756780934,-0.00961220257384331,-0.0028448));
#9649=CARTESIAN_POINT('',(0.0359563756780934,-0.00961220257384328,-0.0028448));
#9650=CARTESIAN_POINT('',(0.0359563756780934,-0.00961220257384325,-0.0028448));
#9651=CARTESIAN_POINT('',(0.0362497807790899,-0.0080196553149961,-0.0042672));
#9652=CARTESIAN_POINT('',(0.0354044781464491,-0.00916363312039729,-0.0042672));
#9653=CARTESIAN_POINT('',(0.0361156781464491,-0.0079317985860543,-0.0042672));
#9654=CARTESIAN_POINT('',(0.0323446018381095,-0.00575456666429988,-0.0042672));
#9655=CARTESIAN_POINT('',(0.033362515695019,-0.00634225950359841,-0.0042672));
#9656=CARTESIAN_POINT('',(0.033362515695019,-0.00634225950359838,-0.003556));
#9657=CARTESIAN_POINT('',(0.033006915695019,-0.0069581767707699,-0.00355599999999997));
#9658=CARTESIAN_POINT('',(0.033006915695019,-0.0069581767707699,-0.0042672));
#9659=CARTESIAN_POINT('',(0.0331928348329286,-0.00626140803218674,-0.003556));
#9660=CARTESIAN_POINT('',(0.0328463187077703,-0.00686545605694654,-0.00357066816002059));
#9661=CARTESIAN_POINT('',(0.0326810838108105,-0.00677005764471157,-0.0042671999681512));
#9662=CARTESIAN_POINT('',(0.033026927109254,-0.0061842438545431,-0.00348080377615947));
#9663=CARTESIAN_POINT('',(0.032676141751475,-0.00676720434544558,-0.00351061168525127));
#9664=CARTESIAN_POINT('',(0.0323646649185932,-0.00658737311211322,-0.00411480311712461));
#9665=CARTESIAN_POINT('',(0.0329053162365982,-0.00612847109269754,-0.00334769434277988));
#9666=CARTESIAN_POINT('',(0.0325463196790077,-0.00669225153693811,-0.00337648991951067));
#9667=CARTESIAN_POINT('',(0.0321351285333087,-0.0064548502182804,-0.00384778447550248));
#9668=CARTESIAN_POINT('',(0.0324907285333087,-0.00583893295110891,-0.00384778447550247));
#9669=CARTESIAN_POINT('',(0.0354044781464491,-0.00916363312039729,-0.0043688));
#9670=CARTESIAN_POINT('',(0.0365082732097377,-0.0100607720272893,-0.0043688));
#9671=CARTESIAN_POINT('',(0.0361156781464491,-0.0079317985860543,-0.0043688));
#9672=CARTESIAN_POINT('',(0.0329053162365982,-0.00612847109269755,-0.00334769434277987));
#9673=CARTESIAN_POINT('',(0.0325463196790077,-0.00669225153693811,-0.00337648991951066));
#9674=CARTESIAN_POINT('',(0.0321351285333087,-0.0064548502182804,-0.00384778447550247));
#9675=CARTESIAN_POINT('',(0.0325852917861042,-0.00594553130500359,-0.00297646876576706));
#9676=CARTESIAN_POINT('',(0.0322265565037046,-0.00650763618159908,-0.00300662853180377));
#9677=CARTESIAN_POINT('',(0.0318158454201004,-0.0062705120269219,-0.0034763638499319));
#9678=CARTESIAN_POINT('',(0.0322653091299301,-0.00576281162218215,-0.00260513556878492));
#9679=CARTESIAN_POINT('',(0.0319065816881251,-0.00632289863569467,-0.00263646740931322));
#9680=CARTESIAN_POINT('',(0.0314966822735631,-0.00608624309835316,-0.00310480582437072));
#9681=CARTESIAN_POINT('',(0.0319453818870368,-0.00558040138166264,-0.00223365897406687));
#9682=CARTESIAN_POINT('',(0.0315861556926,-0.00613790060091943,-0.00226571236849743));
#9683=CARTESIAN_POINT('',(0.0311776849830067,-0.00590206992677967,-0.00273305788401578));
#9684=CARTESIAN_POINT('',(0.0319511062373459,-0.00558366521658552,-0.00224030565722013));
#9685=CARTESIAN_POINT('',(0.0317561504630866,-0.00588647190520378,-0.00225782059133915));
#9686=CARTESIAN_POINT('',(0.0314042367130061,-0.00603286962908018,-0.00249047220934068));
#9687=CARTESIAN_POINT('',(0.0311863880255263,-0.00590709463072114,-0.0027432));
#9688=CARTESIAN_POINT('',(0.02369185,-0.000758898061336306,-0.0043688));
#9689=CARTESIAN_POINT('',(0.0282951620481344,-0.00341662151149059,-0.0043688));
#9690=CARTESIAN_POINT('',(0.02413,2.51534904016637E-17,-0.0043688));
#9691=CARTESIAN_POINT('',(0.0266537475524476,-0.0157502850682619,-0.0043688));
#9692=CARTESIAN_POINT('',(0.0315483498935812,-0.00529485038978367,-0.002032));
#9693=CARTESIAN_POINT('',(0.0315857110582403,-0.00532168774382262,-0.002032));
#9694=CARTESIAN_POINT('',(0.0316230627638065,-0.00534850269223493,-0.00203666489735204));
#9695=CARTESIAN_POINT('',(0.0316963100009049,-0.00540106359190442,-0.00205492434470926));
#9696=CARTESIAN_POINT('',(0.0317322055324371,-0.0054268095431616,-0.00206851889471443));
#9697=CARTESIAN_POINT('',(0.0318011031656201,-0.00547620826261895,-0.002104237505327));
#9698=CARTESIAN_POINT('',(0.0318629447847368,-0.00552052984517552,-0.00214568960153059));
#9699=CARTESIAN_POINT('',(0.0319175905644574,-0.00555966802749063,-0.00220022760457855));
#9700=CARTESIAN_POINT('',(0.0319444998026538,-0.00557893527236101,-0.00223216855407349));
#9701=CARTESIAN_POINT('',(0.0319478235435416,-0.00558131499132044,-0.00223621213730564));
#9702=CARTESIAN_POINT('',(0.0319511062373459,-0.00558366521658552,-0.00224030565722013));
#9703=CARTESIAN_POINT('',(0.0315454401233552,-0.00529989025965345,-0.002032));
#9704=CARTESIAN_POINT('',(0.0315827718487803,-0.00532668960329001,-0.00203203414568313));
#9705=CARTESIAN_POINT('',(0.0316201442045189,-0.0053534990166657,-0.00203673666112013));
#9706=CARTESIAN_POINT('',(0.0316933737106224,-0.00540601099306532,-0.00205505749055433));
#9707=CARTESIAN_POINT('',(0.0317292579710859,-0.00543173104486242,-0.00206867897062809));
#9708=CARTESIAN_POINT('',(0.0317981315964252,-0.00548107728642772,-0.00210444432973456));
#9709=CARTESIAN_POINT('',(0.0318599463222336,-0.00552534723182827,-0.00214593209354143));
#9710=CARTESIAN_POINT('',(0.03191456299231,-0.00556443343822012,-0.00220049106301586));
#9711=CARTESIAN_POINT('',(0.0319414573111389,-0.00558367342394097,-0.00223244030293403));
#9712=CARTESIAN_POINT('',(0.0319447783866684,-0.00558604940670134,-0.00223648845899751));
#9713=CARTESIAN_POINT('',(0.0319480600533731,-0.00558839657109518,-0.00224057932806574));
#9714=CARTESIAN_POINT('',(0.0315425298434306,-0.00530492951861209,-0.00203207230715763));
#9715=CARTESIAN_POINT('',(0.0315798333552511,-0.00533169053438942,-0.00203214090232776));
#9716=CARTESIAN_POINT('',(0.0316172131504663,-0.005358485383604,-0.00203688125734514));
#9717=CARTESIAN_POINT('',(0.0316904181740352,-0.00541094252063393,-0.00205526454864008));
#9718=CARTESIAN_POINT('',(0.0317262882118846,-0.00543663379293676,-0.00206891382556619));
#9719=CARTESIAN_POINT('',(0.0317951312377074,-0.00548592180781952,-0.00210472008994251));
#9720=CARTESIAN_POINT('',(0.0318569168871836,-0.00553013687808921,-0.00214623520842472));
#9721=CARTESIAN_POINT('',(0.0319115001082036,-0.00556916872960524,-0.00220080392008843));
#9722=CARTESIAN_POINT('',(0.0319383799539762,-0.00558838077259117,-0.0022327613453136));
#9723=CARTESIAN_POINT('',(0.0319417006327328,-0.00559075414224815,-0.0022368070391501));
#9724=CARTESIAN_POINT('',(0.0319449784346739,-0.00559309552420657,-0.00224090010652055));
#9725=CARTESIAN_POINT('',(0.0315308900969714,-0.0053250782291296,-0.00203264940209389));
#9726=CARTESIAN_POINT('',(0.0315680817171967,-0.00535168282184183,-0.0020328563715502));
#9727=CARTESIAN_POINT('',(0.0316054487418011,-0.00537838986062763,-0.00203774832471149));
#9728=CARTESIAN_POINT('',(0.0316785268947637,-0.00543060293146946,-0.00205638276578288));
#9729=CARTESIAN_POINT('',(0.0317143263865418,-0.00545616693760441,-0.0020701407142735));
#9730=CARTESIAN_POINT('',(0.03178302401127,-0.00550520152403521,-0.00210609210836062));
#9731=CARTESIAN_POINT('',(0.0318446785657015,-0.00554918151615143,-0.00214768287280844));
#9732=CARTESIAN_POINT('',(0.0318991149288695,-0.00558798660812907,-0.0022022589570792));
#9733=CARTESIAN_POINT('',(0.0319259323956877,-0.00560707789052331,-0.0022342306546609));
#9734=CARTESIAN_POINT('',(0.0319292442754475,-0.00560943427194913,-0.00223827707350121));
#9735=CARTESIAN_POINT('',(0.031932513685907,-0.00561175855995512,-0.00224237022898037));
#9736=CARTESIAN_POINT('',(0.0315221633769153,-0.00534017103005441,-0.00203372992248399));
#9737=CARTESIAN_POINT('',(0.0315592732447965,-0.00536665130430437,-0.00203404196941584));
#9738=CARTESIAN_POINT('',(0.0315965372400721,-0.00539322747786291,-0.00203904844421932));
#9739=CARTESIAN_POINT('',(0.0316694533328221,-0.00544520059146054,-0.00205787259392105));
#9740=CARTESIAN_POINT('',(0.0317051692410101,-0.00547064220520126,-0.00207170653798428));
#9741=CARTESIAN_POINT('',(0.0317737065168211,-0.00551944029852598,-0.00210772333814047));
#9742=CARTESIAN_POINT('',(0.0318352286457873,-0.00556321014680846,-0.00214930249120241));
#9743=CARTESIAN_POINT('',(0.0318895256927758,-0.00560182091297011,-0.00220380346749036));
#9744=CARTESIAN_POINT('',(0.03191628396823,-0.00562080180015887,-0.00223575452615143));
#9745=CARTESIAN_POINT('',(0.0319195892902663,-0.00562314500752763,-0.00223979944253019));
#9746=CARTESIAN_POINT('',(0.0319228540078991,-0.00562545708919832,-0.00224389359026652));
#9747=CARTESIAN_POINT('',(0.0315018619791536,-0.00537525122128973,-0.00203774097821727));
#9748=CARTESIAN_POINT('',(0.0315387240962008,-0.00540139607471695,-0.00203829116938315));
#9749=CARTESIAN_POINT('',(0.0315756450579801,-0.00542758765526579,-0.00204355731900697));
#9750=CARTESIAN_POINT('',(0.0316480204400013,-0.00547886986898273,-0.00206278512494629));
#9751=CARTESIAN_POINT('',(0.0316834726186095,-0.00550397004996768,-0.00207676138499548));
#9752=CARTESIAN_POINT('',(0.0317515184231392,-0.00555211495519946,-0.00211283909636005));
#9753=CARTESIAN_POINT('',(0.0318126333524115,-0.0055953156804679,-0.00215428506065316));
#9754=CARTESIAN_POINT('',(0.0318665341981478,-0.00563339022695397,-0.00220845694763051));
#9755=CARTESIAN_POINT('',(0.0318931116452814,-0.00565208590018664,-0.00224028848578009));
#9756=CARTESIAN_POINT('',(0.0318963961477538,-0.00565439402138286,-0.002244320708111));
#9757=CARTESIAN_POINT('',(0.0318996433936048,-0.00565667330155388,-0.0022484075020062));
#9758=CARTESIAN_POINT('',(0.0314903076177933,-0.00539519316351495,-0.00204116812739034));
#9759=CARTESIAN_POINT('',(0.0315269847378959,-0.0054211117997781,-0.00204184903980064));
#9760=CARTESIAN_POINT('',(0.0315636261176611,-0.00544702046192186,-0.00204725671922728));
#9761=CARTESIAN_POINT('',(0.0316355771285315,-0.00549781263056583,-0.00206668634429281));
#9762=CARTESIAN_POINT('',(0.0316708224440565,-0.00552267302519091,-0.00208071785363778));
#9763=CARTESIAN_POINT('',(0.031738500017952,-0.00557036861907175,-0.00211676112276616));
#9764=CARTESIAN_POINT('',(0.0317993041582126,-0.00561318023475104,-0.00215804531803619));
#9765=CARTESIAN_POINT('',(0.0318529304312829,-0.00565089265222626,-0.00221192001593194));
#9766=CARTESIAN_POINT('',(0.0318793712513323,-0.00566940056043684,-0.00224362711228252));
#9767=CARTESIAN_POINT('',(0.0318826383900875,-0.00567168590630294,-0.00224764492962443));
#9768=CARTESIAN_POINT('',(0.0318858686687819,-0.00567394197715117,-0.00225171785315039));
#9769=CARTESIAN_POINT('',(0.0314559476234098,-0.00545442502589834,-0.00205478953529624));
#9770=CARTESIAN_POINT('',(0.0314917503722292,-0.00547947295986297,-0.00205581586180358));
#9771=CARTESIAN_POINT('',(0.0315275732804225,-0.00550450070903242,-0.00206161705121623));
#9772=CARTESIAN_POINT('',(0.0315978840441975,-0.00555355730224205,-0.00208150585262908));
#9773=CARTESIAN_POINT('',(0.0316323822954069,-0.0055775930156725,-0.0020956094617758));
#9774=CARTESIAN_POINT('',(0.0316986692136789,-0.00562373275577889,-0.00213135712899811));
#9775=CARTESIAN_POINT('',(0.0317583067670212,-0.00566517130548699,-0.00217193202894376));
#9776=CARTESIAN_POINT('',(0.0318109209084533,-0.00570166068125392,-0.002224686496954));
#9777=CARTESIAN_POINT('',(0.0318368198132288,-0.00571951303010031,-0.00225582653061059));
#9778=CARTESIAN_POINT('',(0.0318400189493017,-0.00572171519508365,-0.00225977274163959));
#9779=CARTESIAN_POINT('',(0.0318431762612532,-0.00572388831085353,-0.00226377357938449));
#9780=CARTESIAN_POINT('',(0.031433445080084,-0.00549312098176426,-0.00206832375441574));
#9781=CARTESIAN_POINT('',(0.0314684353558207,-0.00551743012359232,-0.00206954332099988));
#9782=CARTESIAN_POINT('',(0.0315034747453746,-0.00554169291835462,-0.0020755496316802));
#9783=CARTESIAN_POINT('',(0.0315723062287416,-0.0055892927168137,-0.00209554379252166));
#9784=CARTESIAN_POINT('',(0.0316060953407276,-0.00561262298067418,-0.00210957587196314));
#9785=CARTESIAN_POINT('',(0.0316710926491137,-0.00565744390724303,-0.00214485874196998));
#9786=CARTESIAN_POINT('',(0.0317296050199058,-0.00569773557314228,-0.00218470180600955));
#9787=CARTESIAN_POINT('',(0.0317813660536654,-0.00573312898072627,-0.00223631799210101));
#9788=CARTESIAN_POINT('',(0.0318066788581031,-0.00575046315771256,-0.0022668515798608));
#9789=CARTESIAN_POINT('',(0.0318098028550226,-0.0057526014763941,-0.00227072177158054));
#9790=CARTESIAN_POINT('',(0.0318128903454871,-0.00575470627586914,-0.00227464362727592));
#9791=CARTESIAN_POINT('',(0.0313901217132395,-0.00556742328056325,-0.00210394999854021));
#9792=CARTESIAN_POINT('',(0.0314230959641079,-0.00558999952401159,-0.00210547321806092));
#9793=CARTESIAN_POINT('',(0.0314561779409087,-0.00561251015565097,-0.00211159940466472));
#9794=CARTESIAN_POINT('',(0.0315212671773413,-0.00565672118221404,-0.00213135065362986));
#9795=CARTESIAN_POINT('',(0.0315532705933095,-0.00567841885023882,-0.00214498153687766));
#9796=CARTESIAN_POINT('',(0.0316149125560643,-0.00572015326806231,-0.00217882492532427));
#9797=CARTESIAN_POINT('',(0.0316704465437746,-0.00575775672825516,-0.00221674733951487));
#9798=CARTESIAN_POINT('',(0.0317196314167135,-0.00579069344200218,-0.00226550251940321));
#9799=CARTESIAN_POINT('',(0.0317436818158814,-0.00580665467708942,-0.00229431946417265));
#9800=CARTESIAN_POINT('',(0.0317466456395204,-0.00580862350403173,-0.00229797396276648));
#9801=CARTESIAN_POINT('',(0.0317495569159465,-0.00581057122173597,-0.00230168553735513));
#9802=CARTESIAN_POINT('',(0.0313692998759251,-0.00560303228544382,-0.00212599816677446));
#9803=CARTESIAN_POINT('',(0.031401059827392,-0.00562460786213257,-0.00212763086174276));
#9804=CARTESIAN_POINT('',(0.0314329723745854,-0.00564612511795964,-0.00213373675166956));
#9805=CARTESIAN_POINT('',(0.0314958046540555,-0.00568840889712143,-0.00215313199470692));
#9806=CARTESIAN_POINT('',(0.0315267267752406,-0.0057091709567285,-0.00216643715501487));
#9807=CARTESIAN_POINT('',(0.0315862939717201,-0.00574914923459947,-0.00219931050779759));
#9808=CARTESIAN_POINT('',(0.0316400269489288,-0.00578516314368381,-0.00223600075283083));
#9809=CARTESIAN_POINT('',(0.0316873255196067,-0.00581686965603552,-0.00228314759527584));
#9810=CARTESIAN_POINT('',(0.0317103359521368,-0.00583225433735359,-0.00231101441346772));
#9811=CARTESIAN_POINT('',(0.0317131741744904,-0.0058341482003314,-0.00231454612381812));
#9812=CARTESIAN_POINT('',(0.0317159778153051,-0.0058360065243082,-0.00231812485283309));
#9813=CARTESIAN_POINT('',(0.0313301340253343,-0.00566980106033957,-0.0021777194566864));
#9814=CARTESIAN_POINT('',(0.0313591164841368,-0.00568917127439846,-0.00217948569353947));
#9815=CARTESIAN_POINT('',(0.0313883289759807,-0.00570851241974371,-0.00218537913885755));
#9816=CARTESIAN_POINT('',(0.0314459264773171,-0.0057465585563412,-0.00220369822968685));
#9817=CARTESIAN_POINT('',(0.0314743183666178,-0.00576526367344166,-0.00221612258745791));
#9818=CARTESIAN_POINT('',(0.0315290457107998,-0.00580131878355155,-0.00224655731973366));
#9819=CARTESIAN_POINT('',(0.0315784726920207,-0.00583383841125495,-0.00228030161325374));
#9820=CARTESIAN_POINT('',(0.031621794196288,-0.0058624466818855,-0.00232346720564018));
#9821=CARTESIAN_POINT('',(0.0316428321893187,-0.00587619644179514,-0.0023489206227549));
#9822=CARTESIAN_POINT('',(0.0316454259979951,-0.00587788765404904,-0.00235214512910244));
#9823=CARTESIAN_POINT('',(0.0316479817557186,-0.00587955103510586,-0.00235541268585815));
#9824=CARTESIAN_POINT('',(0.0313117909805107,-0.00570095917936523,-0.00220739129945327));
#9825=CARTESIAN_POINT('',(0.0313392102460502,-0.00571912469755386,-0.00220918160274351));
#9826=CARTESIAN_POINT('',(0.0313668921605025,-0.0057372810018851,-0.00221490321651041));
#9827=CARTESIAN_POINT('',(0.0314215086404577,-0.00577301624643612,-0.00223248997455066));
#9828=CARTESIAN_POINT('',(0.0314484504186835,-0.00579059703806496,-0.00224436569761591));
#9829=CARTESIAN_POINT('',(0.0315004146382018,-0.0058244860839476,-0.00227332723005311));
#9830=CARTESIAN_POINT('',(0.0315473191670132,-0.00585509081515324,-0.00230537812548808));
#9831=CARTESIAN_POINT('',(0.03158864458451,-0.00588183338725388,-0.00234608386933129));
#9832=CARTESIAN_POINT('',(0.031608598007787,-0.00589469656306463,-0.00237011928631784));
#9833=CARTESIAN_POINT('',(0.0316110537771684,-0.00589628000536676,-0.00237316586143511));
#9834=CARTESIAN_POINT('',(0.031613469287412,-0.00589783783723105,-0.0023762550915052));
#9835=CARTESIAN_POINT('',(0.0312782877678473,-0.00575762854378287,-0.00227322001498698));
#9836=CARTESIAN_POINT('',(0.0313022954330725,-0.0057732450471491,-0.00227497233517209));
#9837=CARTESIAN_POINT('',(0.0313265931519819,-0.00578888710272864,-0.00228020703144734));
#9838=CARTESIAN_POINT('',(0.0313745914815073,-0.00581970418009424,-0.00229603496488631));
#9839=CARTESIAN_POINT('',(0.031398298639335,-0.00583488301672226,-0.00230662030297314));
#9840=CARTESIAN_POINT('',(0.0314440436384659,-0.00586416119665792,-0.00233223917055841));
#9841=CARTESIAN_POINT('',(0.0314853496690104,-0.00589060690604461,-0.00236044797164664));
#9842=CARTESIAN_POINT('',(0.0315216735181661,-0.00591369723477328,-0.00239602038448864));
#9843=CARTESIAN_POINT('',(0.0315391573511585,-0.00592474902393431,-0.00241698055591626));
#9844=CARTESIAN_POINT('',(0.0315413071564301,-0.00592610800700453,-0.00241963758562051));
#9845=CARTESIAN_POINT('',(0.0315434160051621,-0.00592744413523765,-0.00242233461013615));
#9846=CARTESIAN_POINT('',(0.0312631284284403,-0.00578313838791315,-0.00230937526000911));
#9847=CARTESIAN_POINT('',(0.0312852891773105,-0.00579741235857371,-0.00231106540640603));
#9848=CARTESIAN_POINT('',(0.0313077344566796,-0.00581172174883015,-0.00231602115940733));
#9849=CARTESIAN_POINT('',(0.0313520903421965,-0.00583992996367885,-0.00233080733604601));
#9850=CARTESIAN_POINT('',(0.0313740125975095,-0.00585383119693239,-0.00234065513905061));
#9851=CARTESIAN_POINT('',(0.0314162979451237,-0.00588065861478756,-0.00236440325071947));
#9852=CARTESIAN_POINT('',(0.0314545297319111,-0.00590488615753191,-0.00239044667504288));
#9853=CARTESIAN_POINT('',(0.0314878204610918,-0.00592610530904962,-0.00242339894153859));
#9854=CARTESIAN_POINT('',(0.0315038149669613,-0.00593624643170374,-0.00244278774403847));
#9855=CARTESIAN_POINT('',(0.0315057848289916,-0.00593749189689981,-0.00244524240578054));
#9856=CARTESIAN_POINT('',(0.0315077275422842,-0.00593871213677901,-0.00244772605726577));
#9857=CARTESIAN_POINT('',(0.0312365753633781,-0.00582753056995865,-0.00238678164054381));
#9858=CARTESIAN_POINT('',(0.031254808791386,-0.00583903768135803,-0.00238827588332653));
#9859=CARTESIAN_POINT('',(0.0312732853435031,-0.00585059289598273,-0.00239250094387423));
#9860=CARTESIAN_POINT('',(0.0313098342144171,-0.00587339262446643,-0.00240494661473311));
#9861=CARTESIAN_POINT('',(0.0313279094474099,-0.00588463925954814,-0.00241314851243036));
#9862=CARTESIAN_POINT('',(0.0313627994677276,-0.0059063468142349,-0.00243276785210105));
#9863=CARTESIAN_POINT('',(0.0313943416485444,-0.00592598121846964,-0.00245417183140829));
#9864=CARTESIAN_POINT('',(0.0314218547985966,-0.0059431028892847,-0.00248103957787325));
#9865=CARTESIAN_POINT('',(0.0314350347197754,-0.00595123900135272,-0.00249685696638684));
#9866=CARTESIAN_POINT('',(0.0314366550841695,-0.0059522386626908,-0.00249886086062891));
#9867=CARTESIAN_POINT('',(0.0314382459301659,-0.00595322095889732,-0.00250089225924033));
#9868=CARTESIAN_POINT('',(0.0312251822942997,-0.00584641181018969,-0.00242803086203108));
#9869=CARTESIAN_POINT('',(0.0312413353178004,-0.00585649459503357,-0.00242939137498779));
#9870=CARTESIAN_POINT('',(0.0312577024684825,-0.00586662795805789,-0.00243329173954253));
#9871=CARTESIAN_POINT('',(0.0312900719477084,-0.0058866243150727,-0.00244440570323739));
#9872=CARTESIAN_POINT('',(0.0313060804880645,-0.00589648878277956,-0.00245168467405622));
#9873=CARTESIAN_POINT('',(0.0313369995537693,-0.00591552470393897,-0.00246904612999116));
#9874=CARTESIAN_POINT('',(0.031364946909936,-0.00593271965387598,-0.00248798012372045));
#9875=CARTESIAN_POINT('',(0.0313895500269997,-0.00594776175682366,-0.00251143546551797));
#9876=CARTESIAN_POINT('',(0.0314012461819942,-0.00595491470143985,-0.00252533361882707));
#9877=CARTESIAN_POINT('',(0.0314026812919747,-0.00595579268174806,-0.0025270972517479));
#9878=CARTESIAN_POINT('',(0.0314040864061144,-0.00595665292263582,-0.00252888977051591));
#9879=CARTESIAN_POINT('',(0.031197308547207,-0.00589202535970885,-0.00255704490464368));
#9880=CARTESIAN_POINT('',(0.0312069432413227,-0.0058977938592201,-0.0025579191067156));
#9881=CARTESIAN_POINT('',(0.0312167148037743,-0.00590363160093088,-0.00256004248370565));
#9882=CARTESIAN_POINT('',(0.0312360534552603,-0.005915161892821,-0.00256651191179296));
#9883=CARTESIAN_POINT('',(0.0312456213270109,-0.00592085658380919,-0.00257081990352834));
#9884=CARTESIAN_POINT('',(0.0312640387842092,-0.00593181483045633,-0.00258120191537179));
#9885=CARTESIAN_POINT('',(0.031280647409334,-0.00594169059874787,-0.00259257477947419));
#9886=CARTESIAN_POINT('',(0.0312948933560769,-0.00595019251110493,-0.00260686909482422));
#9887=CARTESIAN_POINT('',(0.0313017205144873,-0.00595425050724149,-0.00261512166907869));
#9888=CARTESIAN_POINT('',(0.0313025608314639,-0.00595474948689439,-0.00261616365376076));
#9889=CARTESIAN_POINT('',(0.0313033883748319,-0.00595524017054633,-0.00261721482331895));
#9890=CARTESIAN_POINT('',(0.0311872209422529,-0.00590757551541743,-0.00265008735276815));
#9891=CARTESIAN_POINT('',(0.0311921547650789,-0.00591042405935419,-0.00265053020889456));
#9892=CARTESIAN_POINT('',(0.0311971428464347,-0.00591330392946771,-0.00265157432465629));
#9893=CARTESIAN_POINT('',(0.0312069718690747,-0.00591897871833477,-0.00265473244931146));
#9894=CARTESIAN_POINT('',(0.0312118128103588,-0.0059217736370883,-0.00265684645820492));
#9895=CARTESIAN_POINT('',(0.0312210918957243,-0.00592713091952189,-0.00266201174298463));
#9896=CARTESIAN_POINT('',(0.0312294134158768,-0.00593193535142198,-0.00266773288527137));
#9897=CARTESIAN_POINT('',(0.0312365774967703,-0.00593607153545431,-0.00267486843530913));
#9898=CARTESIAN_POINT('',(0.0312400123973968,-0.00593805467625567,-0.00267897532142572));
#9899=CARTESIAN_POINT('',(0.0312404348681444,-0.00593829858985555,-0.00267949406182296));
#9900=CARTESIAN_POINT('',(0.0312408501973962,-0.0059385383803109,-0.00268001805233517));
#9901=CARTESIAN_POINT('',(0.0311863880255263,-0.00590709463072114,-0.0027432));
#9902=CARTESIAN_POINT('',(0.0311863880255263,-0.00590709463072114,-0.0027432));
#9903=CARTESIAN_POINT('',(0.0311863880255263,-0.00590709463072114,-0.0027432));
#9904=CARTESIAN_POINT('',(0.0311863880255263,-0.00590709463072114,-0.0027432));
#9905=CARTESIAN_POINT('',(0.0311863880255263,-0.00590709463072114,-0.0027432));
#9906=CARTESIAN_POINT('',(0.0311863880255263,-0.00590709463072114,-0.0027432));
#9907=CARTESIAN_POINT('',(0.0311863880255263,-0.00590709463072113,-0.0027432));
#9908=CARTESIAN_POINT('',(0.0311863880255263,-0.00590709463072114,-0.0027432));
#9909=CARTESIAN_POINT('',(0.0311863880255263,-0.00590709463072114,-0.0027432));
#9910=CARTESIAN_POINT('',(0.0311863880255263,-0.00590709463072114,-0.0027432));
#9911=CARTESIAN_POINT('',(0.0311863880255263,-0.00590709463072114,-0.0027432));
#9912=CARTESIAN_POINT('',(0.0315483498935812,-0.00529485038978367,-0.002032));
#9913=CARTESIAN_POINT('',(0.0314806915023119,-0.00541203816102038,-0.002032));
#9914=CARTESIAN_POINT('',(0.0313127742300428,-0.00570043072390298,-0.00210961408651861));
#9915=CARTESIAN_POINT('',(0.0311885086482113,-0.00590831897279914,-0.00250613333333298));
#9916=CARTESIAN_POINT('',(0.0311863880255263,-0.00590709463072113,-0.0027432));
#9917=CARTESIAN_POINT('',(0.0275839620481345,-0.00464845604583358,-0.0043688));
#9918=CARTESIAN_POINT('',(0.0275839620481345,-0.00464845604583358,-0.0043688));
#9919=CARTESIAN_POINT('',(0.0267356204924523,-0.00350672999948849,-0.0043688));
#9920=CARTESIAN_POINT('',(0.0264287,-0.014345801049436,-0.0043688));
#9921=CARTESIAN_POINT('',(0.0250063,-0.014345801049436,-0.0043688));
#9922=CARTESIAN_POINT('',(0.0323446018381095,-0.00575456666429988,-0.0027432));
#9923=CARTESIAN_POINT('',(0.0282951620481344,-0.00341662151149059,-0.0027432));
#9924=CARTESIAN_POINT('',(0.0275839620481345,-0.00464845604583358,-0.002032));
#9925=CARTESIAN_POINT('',(0.0275839620481345,-0.00464845604583358,-0.0027432));
#9926=CARTESIAN_POINT('',(0.02413,2.49366499671666E-17,-0.0043688));
#9927=CARTESIAN_POINT('',(0.0258641070175438,-0.00400989853882928,-0.0043688));
#9928=CARTESIAN_POINT('',(0.0250063,-0.00999133720592715,-0.0043688));
#9929=CARTESIAN_POINT('',(0.0250063,-0.00531544690030858,-0.0043688));
#9930=CARTESIAN_POINT('',(0.0275839620481345,-0.00464845604583358,-0.0027432));
#9931=CARTESIAN_POINT('',(0.0267356204924523,-0.00350672999948849,-0.0027432));
#9932=CARTESIAN_POINT('',(0.0264287,-0.00531544690030858,-0.0043688));
#9933=CARTESIAN_POINT('',(0.0264287,-0.00531544690030858,-0.0043688));
#9934=CARTESIAN_POINT('',(0.02413,2.49366499671666E-17,-0.0027432));
#9935=CARTESIAN_POINT('',(0.0258641070175438,-0.00400989853882928,-0.0027432));
#9936=CARTESIAN_POINT('',(0.0264287,-0.00531544690030858,-0.002032));
#9937=CARTESIAN_POINT('',(0.0264287,-0.00531544690030858,-0.0027432));
#9938=CARTESIAN_POINT('',(0.0264287,-0.00531544690030858,-0.0027432));
#9939=CARTESIAN_POINT('',(0.0250063,-0.00531544690030858,-0.0027432));
#9940=CARTESIAN_POINT('',(0.0250063,0.,-0.0027432));
#9941=CARTESIAN_POINT('',(0.0250063573770103,-0.00907190465685804,-0.00203200000231448));
#9942=CARTESIAN_POINT('',(0.0251416717864914,-0.0090719044838264,-0.00203201091898532));
#9943=CARTESIAN_POINT('',(0.0254753646829359,-0.00907067996872285,-0.00210964977705096));
#9944=CARTESIAN_POINT('',(0.0257175,-0.00906700711553881,-0.00250615008638602));
#9945=CARTESIAN_POINT('',(0.0257175,-0.00906455860442667,-0.0027432));
#9946=CARTESIAN_POINT('',(0.0250550428051176,-0.00956510929553123,-0.00224030565722013));
#9947=CARTESIAN_POINT('',(0.0250546487973638,-0.00956109128797809,-0.00223621213863695));
#9948=CARTESIAN_POINT('',(0.025054249768832,-0.00955702298577676,-0.00223216855655858));
#9949=CARTESIAN_POINT('',(0.025051018435971,-0.0095240852900173,-0.00220022761500888));
#9950=CARTESIAN_POINT('',(0.025044446438898,-0.00945719158476521,-0.00214568960999196));
#9951=CARTESIAN_POINT('',(0.0250369836306091,-0.00938147436694149,-0.00210423750228426));
#9952=CARTESIAN_POINT('',(0.0250286524161356,-0.00929710785303942,-0.00206851889127495));
#9953=CARTESIAN_POINT('',(0.0250243035358873,-0.00925314845294212,-0.00205492434208005));
#9954=CARTESIAN_POINT('',(0.0250154079534145,-0.00916343406804639,-0.00203666489644257));
#9955=CARTESIAN_POINT('',(0.0250108612511898,-0.00911767908324798,-0.002032));
#9956=CARTESIAN_POINT('',(0.0250063,-0.00907190465689473,-0.002032));
#9957=CARTESIAN_POINT('',(0.0250606633703037,-0.00956483690008103,-0.00224057932806573));
#9958=CARTESIAN_POINT('',(0.0250602714997917,-0.00956082131245624,-0.00223648846032717));
#9959=CARTESIAN_POINT('',(0.0250598743741985,-0.00955675739446436,-0.00223244050978975));
#9960=CARTESIAN_POINT('',(0.0250566591896509,-0.00952384686813803,-0.00220049183918303));
#9961=CARTESIAN_POINT('',(0.0250501176103511,-0.00945700356704385,-0.00214593188701515));
#9962=CARTESIAN_POINT('',(0.0250426861054045,-0.00938133421647728,-0.00210444382201235));
#9963=CARTESIAN_POINT('',(0.0250343883508205,-0.00929701720823521,-0.0020686794967817));
#9964=CARTESIAN_POINT('',(0.0250300562591844,-0.00925307988438598,-0.00205505761578656));
#9965=CARTESIAN_POINT('',(0.025021194173556,-0.00916340399794142,-0.00203673652470107));
#9966=CARTESIAN_POINT('',(0.0250166625932734,-0.00911763458289068,-0.0020320341457042));
#9967=CARTESIAN_POINT('',(0.025012119540452,-0.00907190465689473,-0.002032));
#9968=CARTESIAN_POINT('',(0.025066273592419,-0.00956451761655845,-0.00224090010652055));
#9969=CARTESIAN_POINT('',(0.02506588479726,-0.00956050826713233,-0.00223680704047954));
#9970=CARTESIAN_POINT('',(0.0250654904674152,-0.00955645229798836,-0.00223275041180224));
#9971=CARTESIAN_POINT('',(0.0250622981436683,-0.00952359623359041,-0.00220076112056027));
#9972=CARTESIAN_POINT('',(0.0250557942993981,-0.00945683521189818,-0.00214614976091274));
#9973=CARTESIAN_POINT('',(0.0250483940247857,-0.00938121735928735,-0.00210464073937393));
#9974=CARTESIAN_POINT('',(0.0250401280088867,-0.00929694615950839,-0.00206885604495906));
#9975=CARTESIAN_POINT('',(0.0250358110223216,-0.00925302533171401,-0.00205522419766111));
#9976=CARTESIAN_POINT('',(0.0250269799660829,-0.00916337774152799,-0.00203686974575931));
#9977=CARTESIAN_POINT('',(0.0250224627734006,-0.00911759023836472,-0.00203214090237073));
#9978=CARTESIAN_POINT('',(0.0250179388066887,-0.00907190391002722,-0.00203207230715763));
#9979=CARTESIAN_POINT('',(0.0250886686298724,-0.00956305434534883,-0.00224237022898037));
#9980=CARTESIAN_POINT('',(0.0250882904427662,-0.00955906081012655,-0.00223827707482884));
#9981=CARTESIAN_POINT('',(0.0250879057602558,-0.00955502799666345,-0.00223419481800067));
#9982=CARTESIAN_POINT('',(0.0250847934663313,-0.00952232724293283,-0.00220210873904235));
#9983=CARTESIAN_POINT('',(0.0250784320702725,-0.00945585185456587,-0.00214736782792137));
#9984=CARTESIAN_POINT('',(0.0250711663601834,-0.00938049697658909,-0.00210578187480009));
#9985=CARTESIAN_POINT('',(0.0250630418085167,-0.00929648939021942,-0.00206990441953958));
#9986=CARTESIAN_POINT('',(0.0250587946037309,-0.00925268474405721,-0.00205621782745084));
#9987=CARTESIAN_POINT('',(0.0250501044481893,-0.00916323289531928,-0.00203770286925673));
#9988=CARTESIAN_POINT('',(0.0250456524211893,-0.00911740916487603,-0.00203285637168326));
#9989=CARTESIAN_POINT('',(0.02504120797508,-0.00907189794915872,-0.00203264940209389));
#9990=CARTESIAN_POINT('',(0.0251053617431954,-0.00956153808342317,-0.00224389359026652));
#9991=CARTESIAN_POINT('',(0.0251049917806697,-0.00955755471547107,-0.00223979944385621));
#9992=CARTESIAN_POINT('',(0.0251046147021164,-0.00955353751858799,-0.00223569917522564));
#9993=CARTESIAN_POINT('',(0.0251015653962491,-0.00952094506085932,-0.0022035442495256));
#9994=CARTESIAN_POINT('',(0.0250953199292548,-0.00945471651546959,-0.00214873552556213));
#9995=CARTESIAN_POINT('',(0.0250881691923532,-0.00937965170145601,-0.00210714584773496));
#9996=CARTESIAN_POINT('',(0.025080167070815,-0.00929594720535982,-0.00207125548319243));
#9997=CARTESIAN_POINT('',(0.0250759810299281,-0.00925228603426068,-0.00205755589140425));
#9998=CARTESIAN_POINT('',(0.025067413918968,-0.00916307240130729,-0.00203896222492627));
#9999=CARTESIAN_POINT('',(0.0250630197434117,-0.00911726504514357,-0.00203404196962199));
#10000=CARTESIAN_POINT('',(0.0250586420841232,-0.0090718867883608,-0.00203372992248399));
#10001=CARTESIAN_POINT('',(0.0251440010832525,-0.00955704520798458,-0.0022484075020062));
#10002=CARTESIAN_POINT('',(0.0251436507917615,-0.00955309337177348,-0.00224432070942759));
#10003=CARTESIAN_POINT('',(0.0251432921554909,-0.0095491193601272,-0.00224019197612402));
#10004=CARTESIAN_POINT('',(0.0251403954773814,-0.0095168390935475,-0.00220796651105325));
#10005=CARTESIAN_POINT('',(0.0251344390114568,-0.00945130925596302,-0.00215314389807902));
#10006=CARTESIAN_POINT('',(0.0251275852606853,-0.00937706365748638,-0.00211164270645627));
#10007=CARTESIAN_POINT('',(0.0251199013769796,-0.0092942261879359,-0.00207580305362183));
#10008=CARTESIAN_POINT('',(0.0251158752806197,-0.00925098468118322,-0.00206210253443302));
#10009=CARTESIAN_POINT('',(0.0251076274596548,-0.00916250196015366,-0.00204336813116278));
#10010=CARTESIAN_POINT('',(0.025103384171418,-0.00911684134531083,-0.00203829116975823));
#10011=CARTESIAN_POINT('',(0.0250991731197834,-0.00907184535778449,-0.00203774097821727));
#10012=CARTESIAN_POINT('',(0.0251658435574208,-0.00955375028415651,-0.00225171785315039));
#10013=CARTESIAN_POINT('',(0.0251655048822109,-0.00954982474658015,-0.00224764493093043));
#10014=CARTESIAN_POINT('',(0.0251651573266085,-0.00954588273818479,-0.00224351242311852));
#10015=CARTESIAN_POINT('',(0.0251623522416115,-0.00951384257511092,-0.00221133146233467));
#10016=CARTESIAN_POINT('',(0.0251565750814737,-0.00944882163583666,-0.00215662679772008));
#10017=CARTESIAN_POINT('',(0.0251499128972232,-0.00937514828398647,-0.00211524589458873));
#10018=CARTESIAN_POINT('',(0.0251424356382221,-0.00929291869683592,-0.00207948760226343));
#10019=CARTESIAN_POINT('',(0.0251385140362788,-0.0092499746813853,-0.00206580205341498));
#10020=CARTESIAN_POINT('',(0.0251304731408303,-0.00916203135755754,-0.002047008420756));
#10021=CARTESIAN_POINT('',(0.0251263281692531,-0.00911653262505821,-0.00204184904027104));
#10022=CARTESIAN_POINT('',(0.0251222205290314,-0.00907180995843461,-0.00204116812739034));
#10023=CARTESIAN_POINT('',(0.0252304445549974,-0.00954175074153909,-0.00226377357938449));
#10024=CARTESIAN_POINT('',(0.0252301412376097,-0.00953792987249451,-0.00225977274289619));
#10025=CARTESIAN_POINT('',(0.0252298279014023,-0.00953410613324849,-0.00225566669727373));
#10026=CARTESIAN_POINT('',(0.0252273056636197,-0.00950296579379997,-0.00222387876554735));
#10027=CARTESIAN_POINT('',(0.0252220994359865,-0.00943970122875991,-0.00216989766645296));
#10028=CARTESIAN_POINT('',(0.0252160654588186,-0.00936789627161931,-0.00212906399219401));
#10029=CARTESIAN_POINT('',(0.0252092662020908,-0.0092877049625939,-0.00209368868762728));
#10030=CARTESIAN_POINT('',(0.0252056876260885,-0.00924578926908709,-0.00208008838787756));
#10031=CARTESIAN_POINT('',(0.0251983163686408,-0.00915988740848103,-0.00206118802163182));
#10032=CARTESIAN_POINT('',(0.0251944875990941,-0.00911519934802085,-0.00205581586251229));
#10033=CARTESIAN_POINT('',(0.0251906968237606,-0.00907166926161632,-0.00205478953529624));
#10034=CARTESIAN_POINT('',(0.0252722766534769,-0.00953093135161652,-0.00227464362727592));
#10035=CARTESIAN_POINT('',(0.0252719975889862,-0.00952720510784839,-0.00227072177278522));
#10036=CARTESIAN_POINT('',(0.0252717083184201,-0.00952348182638809,-0.00226667474711186));
#10037=CARTESIAN_POINT('',(0.0252693846155706,-0.00949312691375932,-0.00223542817954695));
#10038=CARTESIAN_POINT('',(0.0252645965240955,-0.00943137949631078,-0.0021823675246014));
#10039=CARTESIAN_POINT('',(0.0252590432038107,-0.00936119407086908,-0.00214218314356148));
#10040=CARTESIAN_POINT('',(0.025252766697177,-0.00928279528607003,-0.00210729985304875));
#10041=CARTESIAN_POINT('',(0.0252494545017293,-0.0092418021801329,-0.00209384245634069));
#10042=CARTESIAN_POINT('',(0.0252425998659305,-0.00915779117196616,-0.00207500459429529));
#10043=CARTESIAN_POINT('',(0.0252390169751802,-0.00911398653212321,-0.00206954332184149));
#10044=CARTESIAN_POINT('',(0.0252354597762272,-0.0090715294653793,-0.00206832375441574));
#10045=CARTESIAN_POINT('',(0.0253523238305489,-0.00950401546565902,-0.00230168553735513));
#10046=CARTESIAN_POINT('',(0.025352092695825,-0.00950052036847916,-0.00229797396385483));
#10047=CARTESIAN_POINT('',(0.0253518515724968,-0.00949703544504851,-0.00229411371960183));
#10048=CARTESIAN_POINT('',(0.0253499228351174,-0.00946857431608526,-0.00226442285611134));
#10049=CARTESIAN_POINT('',(0.0253459677706463,-0.00941051567446534,-0.00221399161465406));
#10050=CARTESIAN_POINT('',(0.0253413784956489,-0.00934432685721363,-0.00217569452430928));
#10051=CARTESIAN_POINT('',(0.0253361587512419,-0.00927037658646213,-0.0021423182473767));
#10052=CARTESIAN_POINT('',(0.0253333890286311,-0.00923169246355226,-0.00212935739939276));
#10053=CARTESIAN_POINT('',(0.0253275990651404,-0.00915244689997111,-0.00211098004217686));
#10054=CARTESIAN_POINT('',(0.0253245336149907,-0.00911100616432021,-0.00210547321910884));
#10055=CARTESIAN_POINT('',(0.0253214691379689,-0.00907116147851403,-0.00210394999854021));
#10056=CARTESIAN_POINT('',(0.0253911409990501,-0.00948765276275348,-0.00231812485283309));
#10057=CARTESIAN_POINT('',(0.0253909334637517,-0.00948429557753793,-0.00231454612483493));
#10058=CARTESIAN_POINT('',(0.0253907157629815,-0.00948095006932609,-0.00231081478423017));
#10059=CARTESIAN_POINT('',(0.025388973822782,-0.00945361035085429,-0.00228214435440948));
#10060=CARTESIAN_POINT('',(0.0253853583478319,-0.00939776006979349,-0.00223339356005902));
#10061=CARTESIAN_POINT('',(0.0253811119343383,-0.00933399936903587,-0.00219625794507116));
#10062=CARTESIAN_POINT('',(0.0253762765385341,-0.00926275989646816,-0.00216381218540555));
#10063=CARTESIAN_POINT('',(0.0253737081923558,-0.00922548975604351,-0.00215116131264183));
#10064=CARTESIAN_POINT('',(0.0253683544175903,-0.00914916655056863,-0.00213311620440192));
#10065=CARTESIAN_POINT('',(0.0253655233831607,-0.0091092264774249,-0.00212763086286305));
#10066=CARTESIAN_POINT('',(0.0253627183594562,-0.00907093374088654,-0.00212599816677446));
#10067=CARTESIAN_POINT('',(0.0254628496813895,-0.00945053870319316,-0.00235541268585815));
#10068=CARTESIAN_POINT('',(0.0254626870300529,-0.00944749366233706,-0.00235214512996308));
#10069=CARTESIAN_POINT('',(0.0254625152003093,-0.00944446011313888,-0.00234872882091539));
#10070=CARTESIAN_POINT('',(0.0254611444468519,-0.00941964407878296,-0.00232250498932525));
#10071=CARTESIAN_POINT('',(0.0254582953131756,-0.00936876435721013,-0.00227783072931329));
#10072=CARTESIAN_POINT('',(0.0254549300605355,-0.00931048176157073,-0.00224361281024289));
#10073=CARTESIAN_POINT('',(0.0254510775253777,-0.00924537084745157,-0.00221357911161221));
#10074=CARTESIAN_POINT('',(0.0254490218033186,-0.00921130710213753,-0.00220178328213569));
#10075=CARTESIAN_POINT('',(0.0254447091569181,-0.00914163798917826,-0.00218478014616587));
#10076=CARTESIAN_POINT('',(0.0254424086095972,-0.00910518417900883,-0.00217948569474305));
#10077=CARTESIAN_POINT('',(0.0254401247399909,-0.00907039950676195,-0.0021777194566864));
#10078=CARTESIAN_POINT('',(0.0254959427507371,-0.00942979342995492,-0.00237625509150524));
#10079=CARTESIAN_POINT('',(0.0254958013839365,-0.00942692262149396,-0.00237316586221115));
#10080=CARTESIAN_POINT('',(0.0254956518039611,-0.00942406161016269,-0.00236993568579198));
#10081=CARTESIAN_POINT('',(0.0254944623602049,-0.00940064775754821,-0.00234513809191822));
#10082=CARTESIAN_POINT('',(0.0254920146439397,-0.00935252947909237,-0.00230286052090171));
#10083=CARTESIAN_POINT('',(0.0254891400024771,-0.00929729544937243,-0.00227039995512366));
#10084=CARTESIAN_POINT('',(0.0254858351119794,-0.0092356007779664,-0.00224184900850826));
#10085=CARTESIAN_POINT('',(0.025484065203915,-0.00920332868650193,-0.00223059885122238));
#10086=CARTESIAN_POINT('',(0.0254803193466166,-0.00913739016978828,-0.00221430634473212));
#10087=CARTESIAN_POINT('',(0.0254783021538384,-0.00910292158069805,-0.00220918160395802));
#10088=CARTESIAN_POINT('',(0.025476279985013,-0.00907009302347484,-0.00220739129945327));
#10089=CARTESIAN_POINT('',(0.0255566091980477,-0.00938392865691137,-0.00242233461013618));
#10090=CARTESIAN_POINT('',(0.025556506501456,-0.00938143427676208,-0.00241963758622787));
#10091=CARTESIAN_POINT('',(0.0255563971349735,-0.00937894550235768,-0.0024168214299289));
#10092=CARTESIAN_POINT('',(0.0255555304467027,-0.0093585700371342,-0.00239517675938592));
#10093=CARTESIAN_POINT('',(0.0255537496393954,-0.00931652987361018,-0.00235817972369834));
#10094=CARTESIAN_POINT('',(0.0255516518214769,-0.00926810744295192,-0.00232958742724862));
#10095=CARTESIAN_POINT('',(0.0255492267756349,-0.00921403846975909,-0.00230432306455739));
#10096=CARTESIAN_POINT('',(0.0255479220397557,-0.00918576374980328,-0.00229429755955282));
#10097=CARTESIAN_POINT('',(0.0255451406799231,-0.0091280901847688,-0.0022796570534195));
#10098=CARTESIAN_POINT('',(0.0255436291575862,-0.00909801258567078,-0.00227497233634715));
#10099=CARTESIAN_POINT('',(0.0255421087005467,-0.00906941307240873,-0.00227322001498698));
#10100=CARTESIAN_POINT('',(0.0255842118050628,-0.00935865554220441,-0.00244772605726916));
#10101=CARTESIAN_POINT('',(0.0255841264030044,-0.00935636298366221,-0.00244524240630639));
#10102=CARTESIAN_POINT('',(0.025584034887801,-0.00935407371596532,-0.0024426535104829));
#10103=CARTESIAN_POINT('',(0.0255833085858819,-0.00933533428304035,-0.00242272960467111));
#10104=CARTESIAN_POINT('',(0.0255817891854302,-0.0092966283880733,-0.00238859343876895));
#10105=CARTESIAN_POINT('',(0.0255799710823197,-0.00925200723551806,-0.00236207636587465));
#10106=CARTESIAN_POINT('',(0.025577871287626,-0.00920218871504322,-0.0023385788058531));
#10107=CARTESIAN_POINT('',(0.0255767424264547,-0.00917614031265203,-0.00232921428768957));
#10108=CARTESIAN_POINT('',(0.0255743531444388,-0.00912303096150608,-0.00231548848536707));
#10109=CARTESIAN_POINT('',(0.0255730617909358,-0.00909536838987052,-0.00231106540753082));
#10110=CARTESIAN_POINT('',(0.0255717805433136,-0.00906903962144286,-0.00230937526000911));
#10111=CARTESIAN_POINT('',(0.0256315176196555,-0.00930573711207324,-0.00250089225924369));
#10112=CARTESIAN_POINT('',(0.0256314623492042,-0.00930386825123446,-0.00249886086099475));
#10113=CARTESIAN_POINT('',(0.025631402864589,-0.00930199761886107,-0.00249675442878357));
#10114=CARTESIAN_POINT('',(0.0256309331699499,-0.00928668972148405,-0.00248049376321761));
#10115=CARTESIAN_POINT('',(0.0256299626583421,-0.00925495832633936,-0.00245256219407024));
#10116=CARTESIAN_POINT('',(0.0256288092971691,-0.00921827112091758,-0.00243072851603331));
#10117=CARTESIAN_POINT('',(0.025627469681835,-0.00917732810111514,-0.00241130071609186));
#10118=CARTESIAN_POINT('',(0.0256267460915632,-0.00915593085448264,-0.00240351041337126));
#10119=CARTESIAN_POINT('',(0.0256251978382495,-0.00911237875717593,-0.00239202057593661));
#10120=CARTESIAN_POINT('',(0.0256243505705727,-0.00908978425901189,-0.00238827588430454));
#10121=CARTESIAN_POINT('',(0.0256235018332256,-0.00906824008357339,-0.00238678164054381));
#10122=CARTESIAN_POINT('',(0.0256515695494721,-0.00927787007833595,-0.00252888977051596));
#10123=CARTESIAN_POINT('',(0.0256515271160948,-0.00927622309359349,-0.00252709725203533));
#10124=CARTESIAN_POINT('',(0.0256514814689904,-0.00927457180637721,-0.00252524580355623));
#10125=CARTESIAN_POINT('',(0.0256511226974107,-0.00926106276863662,-0.00251092421273139));
#10126=CARTESIAN_POINT('',(0.0256503960885465,-0.00923299921374717,-0.00248630839644877));
#10127=CARTESIAN_POINT('',(0.0256495457229837,-0.00920049664721909,-0.00246703023257565));
#10128=CARTESIAN_POINT('',(0.0256485535355734,-0.00916423410989185,-0.00244984922243064));
#10129=CARTESIAN_POINT('',(0.0256480155913493,-0.00914528941871385,-0.00244294406450492));
#10130=CARTESIAN_POINT('',(0.0256468506637057,-0.00910677193724845,-0.00243273336243679));
#10131=CARTESIAN_POINT('',(0.0256462054379493,-0.00908684434372366,-0.00242939137586931));
#10132=CARTESIAN_POINT('',(0.0256455500014598,-0.00906781401643993,-0.00242803086203108));
#10133=CARTESIAN_POINT('',(0.0257006950859146,-0.00918995664908952,-0.002617214823319));
#10134=CARTESIAN_POINT('',(0.025700683913095,-0.00918899463374993,-0.00261616365385368));
#10135=CARTESIAN_POINT('',(0.0257006715821463,-0.00918802420506369,-0.00261509580333719));
#10136=CARTESIAN_POINT('',(0.0257005748812061,-0.00918010353529085,-0.00260675499532956));
#10137=CARTESIAN_POINT('',(0.02570037112327,-0.00916360131936551,-0.00259230838145743));
#10138=CARTESIAN_POINT('',(0.025700124524262,-0.00914444970229481,-0.00258080914346939));
#10139=CARTESIAN_POINT('',(0.0256998372673423,-0.00912309483602622,-0.00257047236209627));
#10140=CARTESIAN_POINT('',(0.025699681760861,-0.00911194810204829,-0.00256626634537806));
#10141=CARTESIAN_POINT('',(0.0256993501436776,-0.00908931716871517,-0.00255999605577334));
#10142=CARTESIAN_POINT('',(0.0256991676878149,-0.00907770955953828,-0.00255791910726072));
#10143=CARTESIAN_POINT('',(0.0256989893676465,-0.00906648141811858,-0.00255704490464368));
#10144=CARTESIAN_POINT('',(0.0257175,-0.00912744610360587,-0.00268001805233551));
#10145=CARTESIAN_POINT('',(0.0257175,-0.00912696652268673,-0.00267949406182759));
#10146=CARTESIAN_POINT('',(0.0257175,-0.00912647869547907,-0.00267897532143526));
#10147=CARTESIAN_POINT('',(0.0257175,-0.00912251241381745,-0.00267486843536241));
#10148=CARTESIAN_POINT('',(0.0257175,-0.00911424004569735,-0.00266773288546445));
#10149=CARTESIAN_POINT('',(0.0257175,-0.00910463118191721,-0.00266201174332977));
#10150=CARTESIAN_POINT('',(0.0257175,-0.00909391661708682,-0.0026568464586467));
#10151=CARTESIAN_POINT('',(0.0257175,-0.00908832677960584,-0.00265473244976881));
#10152=CARTESIAN_POINT('',(0.0257175,-0.00907697720191176,-0.00265157432500665));
#10153=CARTESIAN_POINT('',(0.0257175,-0.00907121746169867,-0.0026505302091224));
#10154=CARTESIAN_POINT('',(0.0257175,-0.00906552037381925,-0.00265008735276815));
#10155=CARTESIAN_POINT('',(0.0257175,-0.00906455860442667,-0.0027432));
#10156=CARTESIAN_POINT('',(0.0257175,-0.00906455860442667,-0.0027432));
#10157=CARTESIAN_POINT('',(0.0257175,-0.00906455860442667,-0.0027432));
#10158=CARTESIAN_POINT('',(0.0257175,-0.00906455860442667,-0.0027432));
#10159=CARTESIAN_POINT('',(0.0257175,-0.00906455860442667,-0.0027432));
#10160=CARTESIAN_POINT('',(0.0257175,-0.00906455860442667,-0.0027432));
#10161=CARTESIAN_POINT('',(0.0257175,-0.00906455860442667,-0.0027432));
#10162=CARTESIAN_POINT('',(0.0257175,-0.00906455860442667,-0.0027432));
#10163=CARTESIAN_POINT('',(0.0257175,-0.00906455860442667,-0.0027432));
#10164=CARTESIAN_POINT('',(0.0257175,-0.00906455860442667,-0.0027432));
#10165=CARTESIAN_POINT('',(0.0257175,-0.00906455860442667,-0.0027432));
#10166=CARTESIAN_POINT('',(0.0250550428051176,-0.00956510929553123,-0.00224030565722013));
#10167=CARTESIAN_POINT('',(0.025414758977025,-0.00954767598671847,-0.00225782059133882));
#10168=CARTESIAN_POINT('',(0.0257175,-0.00931610860114347,-0.00249047220934202));
#10169=CARTESIAN_POINT('',(0.0257175,-0.00906455860442667,-0.0027432));
#10170=CARTESIAN_POINT('',(0.0250550784163153,-0.00955851994528191,-0.00223365897406686));
#10171=CARTESIAN_POINT('',(0.0257175,-0.00952617054482326,-0.00226571236849743));
#10172=CARTESIAN_POINT('',(0.0257175,-0.00905450919654375,-0.00273305788401578));
#10173=CARTESIAN_POINT('',(0.0250530866970566,-0.00992679018526103,-0.00260513556879482));
#10174=CARTESIAN_POINT('',(0.0257174999999947,-0.00989616661438846,-0.00263646740931674));
#10175=CARTESIAN_POINT('',(0.0257175,-0.00942285553970254,-0.00310480582437435));
#10176=CARTESIAN_POINT('',(0.0250513352560148,-0.0102952631356844,-0.00297646876576821));
#10177=CARTESIAN_POINT('',(0.0257174999999967,-0.0102656417062098,-0.0030066285317554));
#10178=CARTESIAN_POINT('',(0.0257175,-0.00979139339683309,-0.00347636384993192));
#10179=CARTESIAN_POINT('',(0.0250497535343356,-0.0106638823334849,-0.00334769434277988));
#10180=CARTESIAN_POINT('',(0.0257175,-0.0106348724168606,-0.00337648991951071));
#10181=CARTESIAN_POINT('',(0.0257175,-0.0101600697795452,-0.00384778447550248));
#10182=CARTESIAN_POINT('',(0.0250063,-0.0101600697795452,-0.00384778447550248));
#10183=CARTESIAN_POINT('',(0.0250497535343356,-0.0106638823334849,-0.00334769434277988));
#10184=CARTESIAN_POINT('',(0.0257175,-0.0106348724168606,-0.00337648991951071));
#10185=CARTESIAN_POINT('',(0.0257175,-0.0101600697795452,-0.00384778447550248));
#10186=CARTESIAN_POINT('',(0.0250372485495622,-0.0107970886918905,-0.00348080564709953));
#10187=CARTESIAN_POINT('',(0.0257175000000051,-0.010784780165602,-0.00351061357660276));
#10188=CARTESIAN_POINT('',(0.0257175,-0.0104251193078139,-0.00411480685576187));
#10189=CARTESIAN_POINT('',(0.0250211212773608,-0.0109793457376376,-0.003556));
#10190=CARTESIAN_POINT('',(0.0257174999998826,-0.010981278056547,-0.00357066843945175));
#10191=CARTESIAN_POINT('',(0.0257175,-0.0107904776566029,-0.00426719998936602));
#10192=CARTESIAN_POINT('',(0.0250063,-0.0111667228845242,-0.003556));
#10193=CARTESIAN_POINT('',(0.0257175,-0.0111667228845242,-0.003556));
#10194=CARTESIAN_POINT('',(0.0257175,-0.0111667228845242,-0.0042672));
#10195=CARTESIAN_POINT('',(0.0250063,-0.0111667228845242,-0.0042672));
#10196=CARTESIAN_POINT('',(0.0250063,0.00500865435373497,-0.0042672));
#10197=CARTESIAN_POINT('',(0.0250063,-0.014345801049436,-0.0042672));
#10198=CARTESIAN_POINT('',(0.0264287,-0.014345801049436,-0.0042672));
#10199=CARTESIAN_POINT('',(0.0250153348428366,-0.0145058657004882,-0.0042672));
#10200=CARTESIAN_POINT('',(0.0250153348428366,-0.0145058657004882,-0.003556));
#10201=CARTESIAN_POINT('',(0.0257220174214183,-0.0144258333749621,-0.00355599999999999));
#10202=CARTESIAN_POINT('',(0.0257220174214183,-0.0144258333749621,-0.0042672));
#10203=CARTESIAN_POINT('',(0.0250345023281141,-0.0146210284486308,-0.003556));
#10204=CARTESIAN_POINT('',(0.0257219740646991,-0.0144254507972124,-0.0035620603791784));
#10205=CARTESIAN_POINT('',(0.0257351807409805,-0.0145420650169865,-0.00426719996300803));
#10206=CARTESIAN_POINT('',(0.0251895364313042,-0.0148321064050105,-0.00349650357911552));
#10207=CARTESIAN_POINT('',(0.025663453900151,-0.0144960687759569,-0.00363564868963279));
#10208=CARTESIAN_POINT('',(0.0258201812364808,-0.0147584800706257,-0.00414742965681369));
#10209=CARTESIAN_POINT('',(0.0256003469406741,-0.015020906997812,-0.00330843885986982));
#10210=CARTESIAN_POINT('',(0.0258312786573947,-0.0148450411219691,-0.0035111083947006));
#10211=CARTESIAN_POINT('',(0.0260411286411465,-0.0149632986790444,-0.00377035234788598));
#10212=CARTESIAN_POINT('',(0.0260641879568164,-0.0150923391657951,-0.00308453556844969));
#10213=CARTESIAN_POINT('',(0.0261664704739977,-0.0150481202205716,-0.00320968734146055));
#10214=CARTESIAN_POINT('',(0.0262895851579926,-0.0150587627369097,-0.00332297248730918));
#10215=CARTESIAN_POINT('',(0.0263844437192481,-0.0150731647174951,-0.00292442849386792));
#10216=CARTESIAN_POINT('',(0.0264218096190154,-0.0150671773910542,-0.00296402615881904));
#10217=CARTESIAN_POINT('',(0.0264591755455936,-0.0150611900603374,-0.00300362379700373));
#10218=CARTESIAN_POINT('',(0.0265412237762238,-0.0150480430588489,-0.0028448));
#10219=CARTESIAN_POINT('',(0.0265412237762238,-0.0150480430588489,-0.0028448));
#10220=CARTESIAN_POINT('',(0.0265412237762238,-0.0150480430588489,-0.0028448));
#10221=CARTESIAN_POINT('',(0.0124328705372306,0.00859164421769671,-0.0042672));
#10222=CARTESIAN_POINT('',(0.0124328705372305,0.00859164421769671,-0.00355599999999999));
#10223=CARTESIAN_POINT('',(0.0120102192209102,0.0080196553149961,-0.003556));
#10224=CARTESIAN_POINT('',(0.012338792642295,0.00866115980784791,-0.00426719996300803));
#10225=CARTESIAN_POINT('',(0.0124331801809196,0.00859141538079907,-0.00356206037917882));
#10226=CARTESIAN_POINT('',(0.0119200690980854,0.00809383621824053,-0.003556));
#10227=CARTESIAN_POINT('',(0.0121938719558339,0.0088429799231072,-0.00414742965681956));
#10228=CARTESIAN_POINT('',(0.0123427631350942,0.00857604442104691,-0.00363564868963829));
#10229=CARTESIAN_POINT('',(0.0118147872772836,0.00833363866825572,-0.00349650357911846));
#10230=CARTESIAN_POINT('',(0.0121269675401005,0.00913673529264753,-0.00377035234786541));
#10231=CARTESIAN_POINT('',(0.0121244565968381,0.00889587109719139,-0.00351110839468353));
#10232=CARTESIAN_POINT('',(0.0118566864223362,0.00878381130189142,-0.00330843885985952));
#10233=CARTESIAN_POINT('',(0.0121685214992929,0.00939963697694039,-0.00332297248738547));
#10234=CARTESIAN_POINT('',(0.0121161808468131,0.00928769527486919,-0.00320968734151892));
#10235=CARTESIAN_POINT('',(0.012026744858343,0.00922122548924883,-0.0030845355684879));
#10236=CARTESIAN_POINT('',(0.0122512145692697,0.00954772022246568,-0.00300362379683929));
#10237=CARTESIAN_POINT('',(0.0122273464254616,0.00951835404613798,-0.00296402615869547));
#10238=CARTESIAN_POINT('',(0.0122034782987509,0.00948898789090176,-0.00292442849378557));
#10239=CARTESIAN_POINT('',(0.0123036243219066,0.00961220257384332,-0.0028448));
#10240=CARTESIAN_POINT('',(0.0123036243219066,0.00961220257384333,-0.0028448));
#10241=CARTESIAN_POINT('',(0.0123036243219066,0.00961220257384334,-0.0028448));
#10242=CARTESIAN_POINT('',(0.0120102192209101,0.00801965531499611,-0.0042672));
#10243=CARTESIAN_POINT('',(0.0128555218535509,0.00916363312039731,-0.0042672));
#10244=CARTESIAN_POINT('',(0.0121443218535509,0.00793179858605432,-0.0042672));
#10245=CARTESIAN_POINT('',(0.0159153981618904,0.00575456666429988,-0.0042672));
#10246=CARTESIAN_POINT('',(0.014897484304981,0.0063422595035984,-0.0042672));
#10247=CARTESIAN_POINT('',(0.014897484304981,0.0063422595035984,-0.003556));
#10248=CARTESIAN_POINT('',(0.015253084304981,0.00695817677076989,-0.003556));
#10249=CARTESIAN_POINT('',(0.015253084304981,0.00695817677076989,-0.0042672));
#10250=CARTESIAN_POINT('',(0.0150671651670666,0.00626140803217371,-0.003556));
#10251=CARTESIAN_POINT('',(0.015413681292236,0.00686545605694517,-0.00357066816000576));
#10252=CARTESIAN_POINT('',(0.0155789161891916,0.00677005764471033,-0.0042671999681512));
#10253=CARTESIAN_POINT('',(0.0152330728907201,0.00618424385450889,-0.00348080377616112));
#10254=CARTESIAN_POINT('',(0.0155838582484895,0.0067672043454558,-0.00351061168523162));
#10255=CARTESIAN_POINT('',(0.0158953350814053,0.00658737311211409,-0.00411480311712338));
#10256=CARTESIAN_POINT('',(0.0153546837634018,0.0061284710926976,-0.00334769434277987));
#10257=CARTESIAN_POINT('',(0.0157136803209923,0.00669225153693809,-0.0033764899195107));
#10258=CARTESIAN_POINT('',(0.0161248714666913,0.0064548502182804,-0.00384778447550247));
#10259=CARTESIAN_POINT('',(0.0157692714666913,0.00583893295110891,-0.00384778447550248));
#10260=CARTESIAN_POINT('',(0.0128555218535509,0.00916363312039731,-0.0043688));
#10261=CARTESIAN_POINT('',(0.0117517267902622,0.0100607720272893,-0.0043688));
#10262=CARTESIAN_POINT('',(0.0121443218535509,0.00793179858605432,-0.0043688));
#10263=CARTESIAN_POINT('',(0.0153546837634018,0.0061284710926976,-0.00334769434277988));
#10264=CARTESIAN_POINT('',(0.0157136803209923,0.00669225153693809,-0.00337648991951071));
#10265=CARTESIAN_POINT('',(0.0161248714666913,0.0064548502182804,-0.00384778447550247));
#10266=CARTESIAN_POINT('',(0.01567470821386,0.00594553130495135,-0.00297646876576657));
#10267=CARTESIAN_POINT('',(0.016033443496272,0.00650763618159587,-0.00300662853176105));
#10268=CARTESIAN_POINT('',(0.016444154579895,0.00627051202692457,-0.00347636384993189));
#10269=CARTESIAN_POINT('',(0.0159946908700609,0.00576281162218036,-0.00260513556879128));
#10270=CARTESIAN_POINT('',(0.0163534183118618,0.00632289863570232,-0.00263646740931369));
#10271=CARTESIAN_POINT('',(0.0167633177264335,0.00608624309835513,-0.00310480582437072));
#10272=CARTESIAN_POINT('',(0.0163146181129632,0.00558040138166264,-0.00223365897406686));
#10273=CARTESIAN_POINT('',(0.0166738443074,0.00613790060091943,-0.00226571236849743));
#10274=CARTESIAN_POINT('',(0.0170823150169933,0.00590206992677967,-0.00273305788401578));
#10275=CARTESIAN_POINT('',(0.0163088937626541,0.00558366521658552,-0.00224030565722013));
#10276=CARTESIAN_POINT('',(0.0165038495369134,0.00588647190520439,-0.00225782059133915));
#10277=CARTESIAN_POINT('',(0.0168557632869939,0.00603286962908021,-0.0024904722093407));
#10278=CARTESIAN_POINT('',(0.0170736119744737,0.00590709463072113,-0.0027432));
#10279=CARTESIAN_POINT('',(0.02456815,0.000758898061336306,-0.0043688));
#10280=CARTESIAN_POINT('',(0.0199648379518656,0.00341662151149059,-0.0043688));
#10281=CARTESIAN_POINT('',(0.02413,2.51534904016637E-17,-0.0043688));
#10282=CARTESIAN_POINT('',(0.0216062524475525,0.015750285068262,-0.0043688));
#10283=CARTESIAN_POINT('',(0.0167116501064188,0.00529485038978367,-0.002032));
#10284=CARTESIAN_POINT('',(0.0166742889417597,0.00532168774382261,-0.002032));
#10285=CARTESIAN_POINT('',(0.0166369372361935,0.00534850269223492,-0.00203666489735204));
#10286=CARTESIAN_POINT('',(0.0165636899990951,0.00540106359190441,-0.00205492434470926));
#10287=CARTESIAN_POINT('',(0.0165277944675628,0.00542680954316159,-0.00206851889471443));
#10288=CARTESIAN_POINT('',(0.0164588968343799,0.00547620826261893,-0.002104237505327));
#10289=CARTESIAN_POINT('',(0.0163970552152633,0.00552052984517552,-0.00214568960153058));
#10290=CARTESIAN_POINT('',(0.0163424094355426,0.00555966802749064,-0.00220022760457855));
#10291=CARTESIAN_POINT('',(0.0163155001973462,0.00557893527236101,-0.00223216855407349));
#10292=CARTESIAN_POINT('',(0.0163121764564584,0.00558131499132045,-0.00223621213730564));
#10293=CARTESIAN_POINT('',(0.0163088937626541,0.00558366521658552,-0.00224030565722013));
#10294=CARTESIAN_POINT('',(0.0167145598766448,0.00529989025965345,-0.002032));
#10295=CARTESIAN_POINT('',(0.0166772281512197,0.00532668960329,-0.00203203414568314));
#10296=CARTESIAN_POINT('',(0.0166398557954802,0.00535349901666623,-0.00203673666112035));
#10297=CARTESIAN_POINT('',(0.0165666262893785,0.00540601099306477,-0.00205505749055412));
#10298=CARTESIAN_POINT('',(0.0165307420289155,0.00543173104486165,-0.00206867897062746));
#10299=CARTESIAN_POINT('',(0.0164618684035734,0.00548107728642846,-0.00210444432973518));
#10300=CARTESIAN_POINT('',(0.016400053677767,0.00552534723182793,-0.00214593209354121));
#10301=CARTESIAN_POINT('',(0.0163454370076919,0.00556443343821901,-0.00220049106301374));
#10302=CARTESIAN_POINT('',(0.0163185426888608,0.00558367342394113,-0.00223244030293433));
#10303=CARTESIAN_POINT('',(0.0163152216133316,0.00558604940670134,-0.00223648845899751));
#10304=CARTESIAN_POINT('',(0.0163119399466269,0.00558839657109519,-0.00224057932806574));
#10305=CARTESIAN_POINT('',(0.0167174701565694,0.00530492951861208,-0.00203207230715763));
#10306=CARTESIAN_POINT('',(0.016680166644749,0.00533169053438941,-0.00203214090232777));
#10307=CARTESIAN_POINT('',(0.0166427868495323,0.00535848538360479,-0.00203688125734546));
#10308=CARTESIAN_POINT('',(0.0165695818259662,0.00541094252063303,-0.00205526454863971));
#10309=CARTESIAN_POINT('',(0.0165337117881175,0.00543663379293552,-0.00206891382556516));
#10310=CARTESIAN_POINT('',(0.0164648687622906,0.0054859218078207,-0.0021047200899436));
#10311=CARTESIAN_POINT('',(0.0164030831128177,0.00553013687808843,-0.00214623520842371));
#10312=CARTESIAN_POINT('',(0.0163484998917992,0.00556916872960369,-0.00220080392008556));
#10313=CARTESIAN_POINT('',(0.0163216200460239,0.00558838077259114,-0.00223276134531367));
#10314=CARTESIAN_POINT('',(0.0163182993672669,0.00559075414224833,-0.00223680703914979));
#10315=CARTESIAN_POINT('',(0.0163150215653261,0.00559309552420657,-0.00224090010652055));
#10316=CARTESIAN_POINT('',(0.0167291099030286,0.00532507822912959,-0.00203264940209389));
#10317=CARTESIAN_POINT('',(0.0166919182828033,0.00535168282184182,-0.00203285637155023));
#10318=CARTESIAN_POINT('',(0.0166545512581965,0.005378389860629,-0.00203774832471205));
#10319=CARTESIAN_POINT('',(0.0165814731052395,0.00543060293146758,-0.00205638276578198));
#10320=CARTESIAN_POINT('',(0.0165456736134623,0.00545616693760199,-0.00207014071427158));
#10321=CARTESIAN_POINT('',(0.0164769759887262,0.00550520152403736,-0.00210609210836271));
#10322=CARTESIAN_POINT('',(0.016415321434302,0.00554918151614927,-0.00214768287280495));
#10323=CARTESIAN_POINT('',(0.0163608850711352,0.00558798660812648,-0.00220225895707454));
#10324=CARTESIAN_POINT('',(0.016334067604313,0.00560707789052283,-0.00223423065466089));
#10325=CARTESIAN_POINT('',(0.0163307557245532,0.00560943427194859,-0.00223827707350213));
#10326=CARTESIAN_POINT('',(0.016327486314093,0.00561175855995513,-0.00224237022898037));
#10327=CARTESIAN_POINT('',(0.0167378366230847,0.0053401710300544,-0.00203372992248399));
#10328=CARTESIAN_POINT('',(0.0167007267552035,0.00536665130430436,-0.00203404196941588));
#10329=CARTESIAN_POINT('',(0.0166634627599263,0.00539322747786377,-0.00203904844421967));
#10330=CARTESIAN_POINT('',(0.016590546667181,0.0054452005914587,-0.00205787259392007));
#10331=CARTESIAN_POINT('',(0.0165548307589934,0.00547064220519921,-0.00207170653798281));
#10332=CARTESIAN_POINT('',(0.0164862934831765,0.00551944029852734,-0.00210772333814198));
#10333=CARTESIAN_POINT('',(0.0164247713542167,0.00556321014680617,-0.00214930249119786));
#10334=CARTESIAN_POINT('',(0.0163704743072279,0.00560182091296804,-0.00220380346748746));
#10335=CARTESIAN_POINT('',(0.0163437160317702,0.00562080180015877,-0.00223575452615116));
#10336=CARTESIAN_POINT('',(0.0163404107097334,0.00562314500752789,-0.00223979944252981));
#10337=CARTESIAN_POINT('',(0.0163371459921009,0.00562545708919833,-0.00224389359026652));
#10338=CARTESIAN_POINT('',(0.0167581380208465,0.00537525122128973,-0.00203774097821727));
#10339=CARTESIAN_POINT('',(0.0167212759037991,0.00540139607471694,-0.00203829116938317));
#10340=CARTESIAN_POINT('',(0.0166843549420196,0.0054275876552659,-0.00204355731900701));
#10341=CARTESIAN_POINT('',(0.0166119795600014,0.00547886986898104,-0.00206278512494538));
#10342=CARTESIAN_POINT('',(0.0165765273813933,0.00550397004996591,-0.00207676138499474));
#10343=CARTESIAN_POINT('',(0.0165084815768604,0.00555211495519957,-0.00211283909636043));
#10344=CARTESIAN_POINT('',(0.0164473666475926,0.0055953156804653,-0.00215428506064908));
#10345=CARTESIAN_POINT('',(0.016393465801854,0.00563339022695303,-0.00220845694762921));
#10346=CARTESIAN_POINT('',(0.016366888354719,0.00565208590018639,-0.00224028848578027));
#10347=CARTESIAN_POINT('',(0.0163636038522466,0.00565439402138252,-0.00224432070811151));
#10348=CARTESIAN_POINT('',(0.0163603566063953,0.00565667330155389,-0.0022484075020062));
#10349=CARTESIAN_POINT('',(0.0167696923822067,0.00539519316351495,-0.00204116812739034));
#10350=CARTESIAN_POINT('',(0.0167330152621041,0.0054211117997781,-0.00204184903980065));
#10351=CARTESIAN_POINT('',(0.0166963738823392,0.00544702046192167,-0.0020472567192272));
#10352=CARTESIAN_POINT('',(0.0166244228714709,0.0054978126305643,-0.00206668634429214));
#10353=CARTESIAN_POINT('',(0.0165891775559459,0.00552267302518931,-0.00208071785363733));
#10354=CARTESIAN_POINT('',(0.0165214999820487,0.00557036861907112,-0.00211676112276618));
#10355=CARTESIAN_POINT('',(0.016460695841791,0.00561318023474886,-0.00215804531803316));
#10356=CARTESIAN_POINT('',(0.0164070695687184,0.00565089265222543,-0.00221192001593162));
#10357=CARTESIAN_POINT('',(0.0163806287486675,0.00566940056043711,-0.00224362711228207));
#10358=CARTESIAN_POINT('',(0.0163773616099122,0.00567168590630333,-0.00224764492962393));
#10359=CARTESIAN_POINT('',(0.0163741313312181,0.00567394197715117,-0.00225171785315039));
#10360=CARTESIAN_POINT('',(0.0168040523765902,0.00545442502589834,-0.00205478953529624));
#10361=CARTESIAN_POINT('',(0.0167682496277709,0.00547947295986296,-0.00205581586180357));
#10362=CARTESIAN_POINT('',(0.0167324267195783,0.00550450070903186,-0.00206161705121609));
#10363=CARTESIAN_POINT('',(0.0166621159558042,0.0055535573022407,-0.00208150585262907));
#10364=CARTESIAN_POINT('',(0.0166276177045951,0.00557759301567098,-0.00209560946177593));
#10365=CARTESIAN_POINT('',(0.0165613307863236,0.00562373275577684,-0.00213135712899833));
#10366=CARTESIAN_POINT('',(0.0165016932329809,0.00566517130548547,-0.00217193202894313));
#10367=CARTESIAN_POINT('',(0.0164490790915477,0.00570166068125314,-0.00222468649695542));
#10368=CARTESIAN_POINT('',(0.0164231801867719,0.00571951303009944,-0.00225582653061176));
#10369=CARTESIAN_POINT('',(0.016419981050699,0.00572171519508288,-0.00225977274164059));
#10370=CARTESIAN_POINT('',(0.0164168237387468,0.00572388831085353,-0.00226377357938449));
#10371=CARTESIAN_POINT('',(0.0168265549199161,0.00549312098176426,-0.00206832375441574));
#10372=CARTESIAN_POINT('',(0.0167915646441793,0.00551743012359229,-0.00206954332099988));
#10373=CARTESIAN_POINT('',(0.0167565252546258,0.00554169291835415,-0.00207554963168027));
#10374=CARTESIAN_POINT('',(0.0166876937712601,0.00558929271681232,-0.00209554379252204));
#10375=CARTESIAN_POINT('',(0.0166539046592745,0.00561262298067229,-0.00210957587196387));
#10376=CARTESIAN_POINT('',(0.0165889073508886,0.00565744390724093,-0.00214485874197094));
#10377=CARTESIAN_POINT('',(0.0165303949800973,0.00569773557313897,-0.00218470180601173));
#10378=CARTESIAN_POINT('',(0.0164786339463346,0.005733128980727,-0.00223631799210067));
#10379=CARTESIAN_POINT('',(0.0164533211418966,0.00575046315771348,-0.00226685157986003));
#10380=CARTESIAN_POINT('',(0.016450197144977,0.00575260147639485,-0.00227072177157985));
#10381=CARTESIAN_POINT('',(0.016447109654513,0.00575470627586914,-0.00227464362727592));
#10382=CARTESIAN_POINT('',(0.0168698782867605,0.00556742328056325,-0.00210394999854021));
#10383=CARTESIAN_POINT('',(0.0168369040358921,0.0055899995240116,-0.00210547321806092));
#10384=CARTESIAN_POINT('',(0.0168038220590918,0.00561251015565053,-0.00211159940466499));
#10385=CARTESIAN_POINT('',(0.0167387328226601,0.00565672118221254,-0.0021313506536309));
#10386=CARTESIAN_POINT('',(0.0167067294066924,0.00567841885023674,-0.00214498153687918));
#10387=CARTESIAN_POINT('',(0.0166450874439385,0.0057201532680592,-0.00217882492532684));
#10388=CARTESIAN_POINT('',(0.0165895534562284,0.00575775672825187,-0.00221674733951827));
#10389=CARTESIAN_POINT('',(0.0165403685832888,0.00579069344199888,-0.00226550251940629));
#10390=CARTESIAN_POINT('',(0.0165163181841192,0.00580665467708827,-0.00229431946417368));
#10391=CARTESIAN_POINT('',(0.0165133543604801,0.00580862350403098,-0.00229797396276716));
#10392=CARTESIAN_POINT('',(0.0165104430840535,0.00581057122173597,-0.00230168553735513));
#10393=CARTESIAN_POINT('',(0.0168907001240749,0.00560303228544381,-0.00212599816677446));
#10394=CARTESIAN_POINT('',(0.016858940172608,0.00562460786213258,-0.00212763086174276));
#10395=CARTESIAN_POINT('',(0.016827027625415,0.0056461251179592,-0.00213373675166989));
#10396=CARTESIAN_POINT('',(0.0167641953459458,0.00568840889711989,-0.00215313199470814));
#10397=CARTESIAN_POINT('',(0.0167332732247613,0.00570917095672633,-0.00216643715501666));
#10398=CARTESIAN_POINT('',(0.0166737060282827,0.00574914923459617,-0.00219931050780063));
#10399=CARTESIAN_POINT('',(0.0166199730510743,0.0057851631436804,-0.00223600075283442));
#10400=CARTESIAN_POINT('',(0.0165726744803967,0.00581686965603076,-0.00228314759528072));
#10401=CARTESIAN_POINT('',(0.0165496640478642,0.00583225433735239,-0.00231101441346894));
#10402=CARTESIAN_POINT('',(0.01654682582551,0.00583414820033075,-0.00231454612381877));
#10403=CARTESIAN_POINT('',(0.0165440221846949,0.0058360065243082,-0.00231812485283309));
#10404=CARTESIAN_POINT('',(0.0169298659746657,0.00566980106033957,-0.0021777194566864));
#10405=CARTESIAN_POINT('',(0.0169008835158633,0.00568917127439847,-0.00217948569353947));
#10406=CARTESIAN_POINT('',(0.0168716710240196,0.00570851241974327,-0.00218537913885791));
#10407=CARTESIAN_POINT('',(0.0168140735226838,0.00574655855633965,-0.00220369822968809));
#10408=CARTESIAN_POINT('',(0.0167856816333836,0.00576526367343945,-0.00221612258745974));
#10409=CARTESIAN_POINT('',(0.0167309542892023,0.00580131878354853,-0.00224655731973639));
#10410=CARTESIAN_POINT('',(0.0166815273079819,0.00583383841125132,-0.00228030161325742));
#10411=CARTESIAN_POINT('',(0.0166382058037139,0.00586244668188399,-0.00232346720564249));
#10412=CARTESIAN_POINT('',(0.0166171678106815,0.00587619644179483,-0.00234892062275542));
#10413=CARTESIAN_POINT('',(0.0166145740020051,0.00587788765404887,-0.00235214512910273));
#10414=CARTESIAN_POINT('',(0.0166120182442814,0.00587955103510586,-0.00235541268585815));
#10415=CARTESIAN_POINT('',(0.0169482090194893,0.00570095917936523,-0.00220739129945327));
#10416=CARTESIAN_POINT('',(0.0169207897539498,0.00571912469755386,-0.00220918160274351));
#10417=CARTESIAN_POINT('',(0.0168931078394976,0.00573728100188465,-0.00221490321651073));
#10418=CARTESIAN_POINT('',(0.016838491359543,0.00577301624643458,-0.00223248997455177));
#10419=CARTESIAN_POINT('',(0.0168115495813175,0.00579059703806278,-0.0022443656976175));
#10420=CARTESIAN_POINT('',(0.0167595853617996,0.00582448608394482,-0.0022733272300553));
#10421=CARTESIAN_POINT('',(0.0167126808329887,0.00585509081515003,-0.00230537812549081));
#10422=CARTESIAN_POINT('',(0.0166713554154907,0.00588183338725409,-0.00234608386933181));
#10423=CARTESIAN_POINT('',(0.0166514019922132,0.0058946965630649,-0.00237011928631781));
#10424=CARTESIAN_POINT('',(0.0166489462228317,0.00589628000536697,-0.00237316586143505));
#10425=CARTESIAN_POINT('',(0.016646530712588,0.00589783783723104,-0.0023762550915052));
#10426=CARTESIAN_POINT('',(0.0169817122321528,0.00575762854378287,-0.00227322001498698));
#10427=CARTESIAN_POINT('',(0.0169577045669275,0.00577324504714909,-0.00227497233517209));
#10428=CARTESIAN_POINT('',(0.0169334068480183,0.00578888710272814,-0.0022802070314476));
#10429=CARTESIAN_POINT('',(0.016885408518493,0.00581970418009253,-0.00229603496488716));
#10430=CARTESIAN_POINT('',(0.0168617013606653,0.00583488301671987,-0.00230662030297433));
#10431=CARTESIAN_POINT('',(0.0168159563615344,0.00586416119665472,-0.00233223917055996));
#10432=CARTESIAN_POINT('',(0.0167746503309898,0.00589060690604146,-0.00236044797164807));
#10433=CARTESIAN_POINT('',(0.0167383264818337,0.00591369723477182,-0.00239602038448899));
#10434=CARTESIAN_POINT('',(0.0167208426488414,0.00592474902393394,-0.00241698055591636));
#10435=CARTESIAN_POINT('',(0.0167186928435698,0.00592610800700431,-0.00241963758562058));
#10436=CARTESIAN_POINT('',(0.0167165839948378,0.00592744413523764,-0.00242233461013615));
#10437=CARTESIAN_POINT('',(0.0169968715715597,0.00578313838791314,-0.00230937526000911));
#10438=CARTESIAN_POINT('',(0.0169747108226895,0.00579741235857369,-0.00231106540640604));
#10439=CARTESIAN_POINT('',(0.0169522655433205,0.00581172174882961,-0.00231602115940755));
#10440=CARTESIAN_POINT('',(0.0169079096578035,0.005839929963677,-0.00233080733604677));
#10441=CARTESIAN_POINT('',(0.0168859874024905,0.00585383119692976,-0.00234065513905168));
#10442=CARTESIAN_POINT('',(0.0168437020548762,0.00588065861478386,-0.0023644032507209));
#10443=CARTESIAN_POINT('',(0.0168054702680886,0.00590488615752781,-0.00239044667504431));
#10444=CARTESIAN_POINT('',(0.016772179538908,0.00592610530904688,-0.0024233989415394));
#10445=CARTESIAN_POINT('',(0.0167561850330388,0.00593624643170313,-0.00244278774403864));
#10446=CARTESIAN_POINT('',(0.0167542151710083,0.00593749189689949,-0.00244524240578063));
#10447=CARTESIAN_POINT('',(0.0167522724577158,0.00593871213677901,-0.00244772605726577));
#10448=CARTESIAN_POINT('',(0.0170234246366219,0.00582753056995864,-0.00238678164054381));
#10449=CARTESIAN_POINT('',(0.017005191208614,0.00583903768135802,-0.00238827588332653));
#10450=CARTESIAN_POINT('',(0.0169867146564969,0.00585059289598215,-0.00239250094387442));
#10451=CARTESIAN_POINT('',(0.0169501657855826,0.00587339262446441,-0.00240494661473377));
#10452=CARTESIAN_POINT('',(0.0169320905525898,0.00588463925954525,-0.0024131485124313));
#10453=CARTESIAN_POINT('',(0.0168972005322718,0.00590634681423071,-0.00243276785210236));
#10454=CARTESIAN_POINT('',(0.0168656583514548,0.00592598121846454,-0.00245417183140981));
#10455=CARTESIAN_POINT('',(0.0168381452014029,0.0059431028892814,-0.00248103957787423));
#10456=CARTESIAN_POINT('',(0.0168249652802244,0.00595123900135198,-0.00249685696638706));
#10457=CARTESIAN_POINT('',(0.0168233449158305,0.0059522386626904,-0.00249886086062902));
#10458=CARTESIAN_POINT('',(0.016821754069834,0.00595322095889732,-0.00250089225924033));
#10459=CARTESIAN_POINT('',(0.0170348177057003,0.00584641181018969,-0.00242803086203108));
#10460=CARTESIAN_POINT('',(0.0170186646821997,0.00585649459503357,-0.00242939137498779));
#10461=CARTESIAN_POINT('',(0.0170022975315174,0.00586662795805731,-0.00243329173954272));
#10462=CARTESIAN_POINT('',(0.0169699280522913,0.0058866243150707,-0.00244440570323803));
#10463=CARTESIAN_POINT('',(0.016953919511935,0.00589648878277671,-0.00245168467405713));
#10464=CARTESIAN_POINT('',(0.0169230004462301,0.00591552470393486,-0.00246904612999243));
#10465=CARTESIAN_POINT('',(0.0168950530900633,0.00593271965387112,-0.00248798012372191));
#10466=CARTESIAN_POINT('',(0.0168704499729998,0.00594776175682053,-0.00251143546551887));
#10467=CARTESIAN_POINT('',(0.0168587538180057,0.00595491470143914,-0.00252533361882727));
#10468=CARTESIAN_POINT('',(0.0168573187080252,0.00595579268174769,-0.00252709725174802));
#10469=CARTESIAN_POINT('',(0.0168559135938856,0.00595665292263582,-0.00252888977051591));
#10470=CARTESIAN_POINT('',(0.017062691452793,0.00589202535970885,-0.00255704490464368));
#10471=CARTESIAN_POINT('',(0.0170530567586774,0.00589779385922009,-0.00255791910671561));
#10472=CARTESIAN_POINT('',(0.0170432851962256,0.00590363160093047,-0.00256004248370578));
#10473=CARTESIAN_POINT('',(0.0170239465447394,0.00591516189281954,-0.00256651191179343));
#10474=CARTESIAN_POINT('',(0.0170143786729888,0.00592085658380708,-0.00257081990352902));
#10475=CARTESIAN_POINT('',(0.0169959612157904,0.00593181483045333,-0.00258120191537276));
#10476=CARTESIAN_POINT('',(0.0169793525906656,0.00594169059874439,-0.00259257477947531));
#10477=CARTESIAN_POINT('',(0.0169651066439229,0.00595019251110302,-0.00260686909482487));
#10478=CARTESIAN_POINT('',(0.0169582794855126,0.00595425050724109,-0.00261512166907883));
#10479=CARTESIAN_POINT('',(0.0169574391685361,0.00595474948689417,-0.00261616365376083));
#10480=CARTESIAN_POINT('',(0.0169566116251681,0.00595524017054632,-0.00261721482331895));
#10481=CARTESIAN_POINT('',(0.0170727790577472,0.00590757551541742,-0.00265008735276815));
#10482=CARTESIAN_POINT('',(0.017067845234921,0.00591042405935419,-0.00265053020889455));
#10483=CARTESIAN_POINT('',(0.0170628571535652,0.00591330392946772,-0.00265157432465631));
#10484=CARTESIAN_POINT('',(0.0170530281309252,0.00591897871833481,-0.00265473244931155));
#10485=CARTESIAN_POINT('',(0.017048187189641,0.00592177363708836,-0.00265684645820504));
#10486=CARTESIAN_POINT('',(0.0170389081042755,0.00592713091952197,-0.0026620117429848));
#10487=CARTESIAN_POINT('',(0.017030586584123,0.00593193535142207,-0.00266773288527157));
#10488=CARTESIAN_POINT('',(0.0170234225032296,0.00593607153545435,-0.00267486843530924));
#10489=CARTESIAN_POINT('',(0.0170199876026032,0.00593805467625567,-0.00267897532142574));
#10490=CARTESIAN_POINT('',(0.0170195651318556,0.00593829858985556,-0.00267949406182297));
#10491=CARTESIAN_POINT('',(0.0170191498026038,0.0059385383803109,-0.00268001805233517));
#10492=CARTESIAN_POINT('',(0.0170736119744737,0.00590709463072113,-0.0027432));
#10493=CARTESIAN_POINT('',(0.0170736119744737,0.00590709463072113,-0.0027432));
#10494=CARTESIAN_POINT('',(0.0170736119744737,0.00590709463072113,-0.0027432));
#10495=CARTESIAN_POINT('',(0.0170736119744737,0.00590709463072113,-0.0027432));
#10496=CARTESIAN_POINT('',(0.0170736119744737,0.00590709463072113,-0.0027432));
#10497=CARTESIAN_POINT('',(0.0170736119744737,0.00590709463072113,-0.0027432));
#10498=CARTESIAN_POINT('',(0.0170736119744737,0.00590709463072113,-0.0027432));
#10499=CARTESIAN_POINT('',(0.0170736119744737,0.00590709463072113,-0.0027432));
#10500=CARTESIAN_POINT('',(0.0170736119744737,0.00590709463072113,-0.0027432));
#10501=CARTESIAN_POINT('',(0.0170736119744737,0.00590709463072113,-0.0027432));
#10502=CARTESIAN_POINT('',(0.0170736119744737,0.00590709463072113,-0.0027432));
#10503=CARTESIAN_POINT('',(0.0167116501064188,0.00529485038978367,-0.002032));
#10504=CARTESIAN_POINT('',(0.016779308497688,0.00541203816102035,-0.002032));
#10505=CARTESIAN_POINT('',(0.0169472257699572,0.00570043072390293,-0.00210961408651856));
#10506=CARTESIAN_POINT('',(0.0170714913517887,0.00590831897279914,-0.00250613333333295));
#10507=CARTESIAN_POINT('',(0.0170736119744737,0.00590709463072113,-0.0027432));
#10508=CARTESIAN_POINT('',(0.0206760379518655,0.00464845604583358,-0.0043688));
#10509=CARTESIAN_POINT('',(0.0206760379518655,0.00464845604583358,-0.0043688));
#10510=CARTESIAN_POINT('',(0.0215243795075477,0.00350672999948849,-0.0043688));
#10511=CARTESIAN_POINT('',(0.0218313,0.014345801049436,-0.0043688));
#10512=CARTESIAN_POINT('',(0.0232537,0.014345801049436,-0.0043688));
#10513=CARTESIAN_POINT('',(0.0159153981618904,0.00575456666429988,-0.0027432));
#10514=CARTESIAN_POINT('',(0.0199648379518656,0.00341662151149059,-0.0027432));
#10515=CARTESIAN_POINT('',(0.0206760379518655,0.00464845604583358,-0.002032));
#10516=CARTESIAN_POINT('',(0.0206760379518655,0.00464845604583358,-0.0027432));
#10517=CARTESIAN_POINT('',(0.02413,4.46691295064028E-17,-0.0043688));
#10518=CARTESIAN_POINT('',(0.0223958929824561,0.00400989853882928,-0.0043688));
#10519=CARTESIAN_POINT('',(0.0232537,0.00999133720592715,-0.0043688));
#10520=CARTESIAN_POINT('',(0.0232537,0.00531544690030857,-0.0043688));
#10521=CARTESIAN_POINT('',(0.0206760379518655,0.00464845604583358,-0.0027432));
#10522=CARTESIAN_POINT('',(0.0215243795075477,0.00350672999948849,-0.0027432));
#10523=CARTESIAN_POINT('',(0.0218313,0.00531544690030857,-0.0043688));
#10524=CARTESIAN_POINT('',(0.0218313,0.00531544690030857,-0.0043688));
#10525=CARTESIAN_POINT('',(0.02413,4.46691295064028E-17,-0.0027432));
#10526=CARTESIAN_POINT('',(0.0223958929824561,0.00400989853882928,-0.0027432));
#10527=CARTESIAN_POINT('',(0.0218313,0.00531544690030857,-0.002032));
#10528=CARTESIAN_POINT('',(0.0218313,0.00531544690030857,-0.0027432));
#10529=CARTESIAN_POINT('',(0.0218313,0.00531544690030857,-0.0027432));
#10530=CARTESIAN_POINT('',(0.0232537,0.00531544690030857,-0.0027432));
#10531=CARTESIAN_POINT('',(0.0232537,0.,-0.0027432));
#10532=CARTESIAN_POINT('',(0.0232536426229881,0.00907190465685804,-0.00203200000231448));
#10533=CARTESIAN_POINT('',(0.0231183282135069,0.00907190448382639,-0.0020320109189856));
#10534=CARTESIAN_POINT('',(0.0227846353170626,0.00907067996872284,-0.00210964977705233));
#10535=CARTESIAN_POINT('',(0.0225425,0.0090670071155388,-0.00250615008638677));
#10536=CARTESIAN_POINT('',(0.0225425,0.00906455860442666,-0.0027432));
#10537=CARTESIAN_POINT('',(0.0232049571948823,0.00956510929553122,-0.00224030565722013));
#10538=CARTESIAN_POINT('',(0.0232053512026363,0.00956109128797809,-0.00223621213863695));
#10539=CARTESIAN_POINT('',(0.0232057502311681,0.00955702298577676,-0.00223216855655858));
#10540=CARTESIAN_POINT('',(0.0232089815640289,0.00952408529001729,-0.00220022761500889));
#10541=CARTESIAN_POINT('',(0.0232155535611019,0.00945719158476522,-0.00214568960999196));
#10542=CARTESIAN_POINT('',(0.0232230163693909,0.00938147436694149,-0.00210423750228426));
#10543=CARTESIAN_POINT('',(0.0232313475838644,0.00929710785303942,-0.00206851889127494));
#10544=CARTESIAN_POINT('',(0.0232356964641126,0.00925314845294211,-0.00205492434208004));
#10545=CARTESIAN_POINT('',(0.0232445920465856,0.00916343406804639,-0.00203666489644257));
#10546=CARTESIAN_POINT('',(0.0232491387488103,0.00911767908324797,-0.002032));
#10547=CARTESIAN_POINT('',(0.0232537,0.00907190465689473,-0.002032));
#10548=CARTESIAN_POINT('',(0.0231993366296963,0.00956483690008103,-0.00224057932806573));
#10549=CARTESIAN_POINT('',(0.0231997285002083,0.00956082131245624,-0.00223648846032717));
#10550=CARTESIAN_POINT('',(0.0232001256258015,0.00955675739446411,-0.00223244050978952));
#10551=CARTESIAN_POINT('',(0.023203340810349,0.00952384686813969,-0.00220049183918462));
#10552=CARTESIAN_POINT('',(0.023209882389649,0.00945700356704263,-0.00214593188701399));
#10553=CARTESIAN_POINT('',(0.0232173138945955,0.00938133421647679,-0.00210444382201213));
#10554=CARTESIAN_POINT('',(0.0232256116491796,0.00929701720823569,-0.00206867949678191));
#10555=CARTESIAN_POINT('',(0.0232299437408156,0.00925307988438491,-0.00205505761578634));
#10556=CARTESIAN_POINT('',(0.023238805826444,0.00916340399794249,-0.00203673652470128));
#10557=CARTESIAN_POINT('',(0.0232433374067266,0.00911763458289067,-0.0020320341457042));
#10558=CARTESIAN_POINT('',(0.023247880459548,0.00907190465689473,-0.002032));
#10559=CARTESIAN_POINT('',(0.0231937264075811,0.00956451761655845,-0.00224090010652055));
#10560=CARTESIAN_POINT('',(0.02319411520274,0.00956050826713238,-0.00223680704047949));
#10561=CARTESIAN_POINT('',(0.0231945095325847,0.00955645229798802,-0.00223275041180172));
#10562=CARTESIAN_POINT('',(0.0231977018563317,0.00952359623359431,-0.00220076112056308));
#10563=CARTESIAN_POINT('',(0.0232042057006017,0.00945683521189687,-0.0021461497609099));
#10564=CARTESIAN_POINT('',(0.0232116059752142,0.00938121735928735,-0.00210464073937302));
#10565=CARTESIAN_POINT('',(0.0232198719911131,0.00929694615951003,-0.00206885604495911));
#10566=CARTESIAN_POINT('',(0.0232241889776784,0.00925302533171239,-0.00205522419766044));
#10567=CARTESIAN_POINT('',(0.0232330200339171,0.00916337774153022,-0.00203686974575966));
#10568=CARTESIAN_POINT('',(0.0232375372265994,0.00911759023836472,-0.00203214090237073));
#10569=CARTESIAN_POINT('',(0.0232420611933113,0.00907190391002722,-0.00203207230715763));
#10570=CARTESIAN_POINT('',(0.0231713313701276,0.00956305434534882,-0.00224237022898037));
#10571=CARTESIAN_POINT('',(0.0231717095572338,0.00955906081012637,-0.00223827707482897));
#10572=CARTESIAN_POINT('',(0.0231720942397441,0.00955502799666178,-0.00223419481799968));
#10573=CARTESIAN_POINT('',(0.0231752065336687,0.00952232724294101,-0.00220210873905289));
#10574=CARTESIAN_POINT('',(0.0231815679297275,0.00945585185455642,-0.0021473678279173));
#10575=CARTESIAN_POINT('',(0.0231888336398165,0.00938049697658413,-0.00210578187480116));
#10576=CARTESIAN_POINT('',(0.0231969581914833,0.00929648939022065,-0.00206990441954238));
#10577=CARTESIAN_POINT('',(0.023201205396269,0.00925268474405001,-0.00205621782745073));
#10578=CARTESIAN_POINT('',(0.0232098955518106,0.00916323289532506,-0.00203770286925828));
#10579=CARTESIAN_POINT('',(0.0232143475788107,0.00911740916487603,-0.00203285637168326));
#10580=CARTESIAN_POINT('',(0.02321879202492,0.00907189794915871,-0.00203264940209389));
#10581=CARTESIAN_POINT('',(0.0231546382568046,0.00956153808342317,-0.00224389359026652));
#10582=CARTESIAN_POINT('',(0.0231550082193303,0.00955755471547135,-0.00223979944385594));
#10583=CARTESIAN_POINT('',(0.0231553852978834,0.00955353751858663,-0.0022356991752233));
#10584=CARTESIAN_POINT('',(0.0231584346037499,0.009520945060876,-0.00220354424953664));
#10585=CARTESIAN_POINT('',(0.0231646800707436,0.00945471651546457,-0.00214873552554888));
#10586=CARTESIAN_POINT('',(0.0231718308076454,0.00937965170145647,-0.00210714584772999));
#10587=CARTESIAN_POINT('',(0.0231798329291839,0.00929594720536704,-0.00207125548319182));
#10588=CARTESIAN_POINT('',(0.0231840189700712,0.0092522860342541,-0.00205755589140085));
#10589=CARTESIAN_POINT('',(0.0231925860810317,0.00916307240131673,-0.00203896222492757));
#10590=CARTESIAN_POINT('',(0.0231969802565883,0.00911726504514357,-0.00203404196962199));
#10591=CARTESIAN_POINT('',(0.0232013579158768,0.0090718867883608,-0.00203372992248399));
#10592=CARTESIAN_POINT('',(0.0231159989167475,0.00955704520798458,-0.0022484075020062));
#10593=CARTESIAN_POINT('',(0.0231163492082385,0.00955309337177309,-0.00224432070942795));
#10594=CARTESIAN_POINT('',(0.0231167078445092,0.00954911936012332,-0.00224019197612175));
#10595=CARTESIAN_POINT('',(0.023119604522619,0.00951683909356733,-0.00220796651107866));
#10596=CARTESIAN_POINT('',(0.023125560988544,0.00945130925594126,-0.00215314389807002));
#10597=CARTESIAN_POINT('',(0.0231324147393154,0.00937706365747523,-0.0021116427064594));
#10598=CARTESIAN_POINT('',(0.0231400986230208,0.00929422618793927,-0.0020758030536289));
#10599=CARTESIAN_POINT('',(0.0231441247193807,0.00925098468116644,-0.00206210253443308));
#10600=CARTESIAN_POINT('',(0.0231523725403452,0.00916250196016748,-0.00204336813116654));
#10601=CARTESIAN_POINT('',(0.0231566158285821,0.00911684134531082,-0.00203829116975823));
#10602=CARTESIAN_POINT('',(0.0231608268802165,0.00907184535778449,-0.00203774097821727));
#10603=CARTESIAN_POINT('',(0.0230941564425791,0.00955375028415651,-0.00225171785315039));
#10604=CARTESIAN_POINT('',(0.0230944951177891,0.00954982474658009,-0.00224764493093049));
#10605=CARTESIAN_POINT('',(0.0230948426733914,0.00954588273818093,-0.0022435124231151));
#10606=CARTESIAN_POINT('',(0.0230976477583881,0.00951384257513806,-0.00221133146236161));
#10607=CARTESIAN_POINT('',(0.0231034249185256,0.009448821635817,-0.00215662679770348));
#10608=CARTESIAN_POINT('',(0.0231100871027763,0.0093751482839787,-0.00211524589458726));
#10609=CARTESIAN_POINT('',(0.0231175643617774,0.00929291869684388,-0.00207948760226815));
#10610=CARTESIAN_POINT('',(0.023121485963721,0.00924997468136806,-0.00206580205341245));
#10611=CARTESIAN_POINT('',(0.0231295268591695,0.00916203135757478,-0.00204700842075973));
#10612=CARTESIAN_POINT('',(0.0231336718307469,0.0091165326250582,-0.00204184904027104));
#10613=CARTESIAN_POINT('',(0.0231377794709686,0.0090718099584346,-0.00204116812739034));
#10614=CARTESIAN_POINT('',(0.0230295554450026,0.00954175074153909,-0.00226377357938449));
#10615=CARTESIAN_POINT('',(0.0230298587623902,0.00953792987249462,-0.00225977274289607));
#10616=CARTESIAN_POINT('',(0.0230301720985975,0.00953410613324346,-0.00225566669726853));
#10617=CARTESIAN_POINT('',(0.0230326943363791,0.00950296579383994,-0.00222387876558339));
#10618=CARTESIAN_POINT('',(0.0230379005640116,0.00943970122873551,-0.00216989766642642));
#10619=CARTESIAN_POINT('',(0.0230439345411799,0.00936789627161125,-0.00212906399218913));
#10620=CARTESIAN_POINT('',(0.023050733797908,0.00928770496260714,-0.00209368868763189));
#10621=CARTESIAN_POINT('',(0.0230543123739108,0.00924578926906432,-0.0020800883878726));
#10622=CARTESIAN_POINT('',(0.0230616836313588,0.00915988740850569,-0.00206118802163666));
#10623=CARTESIAN_POINT('',(0.023065512400906,0.00911519934802085,-0.00205581586251229));
#10624=CARTESIAN_POINT('',(0.0230693031762394,0.00907166926161631,-0.00205478953529624));
#10625=CARTESIAN_POINT('',(0.0229877233465231,0.00953093135161651,-0.00227464362727592));
#10626=CARTESIAN_POINT('',(0.0229880024110139,0.00952720510784831,-0.00227072177278537));
#10627=CARTESIAN_POINT('',(0.0229882916815798,0.00952348182638205,-0.00226667474710659));
#10628=CARTESIAN_POINT('',(0.0229906153844292,0.00949312691380225,-0.00223542817958988));
#10629=CARTESIAN_POINT('',(0.0229954034759043,0.00943137949628013,-0.00218236752457613));
#10630=CARTESIAN_POINT('',(0.0230009567961892,0.00936119407085711,-0.00214218314355994));
#10631=CARTESIAN_POINT('',(0.0230072333028228,0.00928279528608276,-0.00210729985305674));
#10632=CARTESIAN_POINT('',(0.0230105454982707,0.00924180218010589,-0.0020938424563371));
#10633=CARTESIAN_POINT('',(0.0230174001340693,0.00915779117199337,-0.00207500459430128));
#10634=CARTESIAN_POINT('',(0.0230209830248198,0.0091139865321232,-0.00206954332184149));
#10635=CARTESIAN_POINT('',(0.0230245402237728,0.00907152946537929,-0.00206832375441574));
#10636=CARTESIAN_POINT('',(0.0229076761694511,0.00950401546565901,-0.00230168553735513));
#10637=CARTESIAN_POINT('',(0.0229079073041749,0.00950052036847924,-0.00229797396385468));
#10638=CARTESIAN_POINT('',(0.0229081484275029,0.00949703544504207,-0.00229411371959532));
#10639=CARTESIAN_POINT('',(0.0229100771648808,0.00946857431613466,-0.0022644228561565));
#10640=CARTESIAN_POINT('',(0.0229140322293507,0.0094105156744336,-0.00221399161462082));
#10641=CARTESIAN_POINT('',(0.0229186215043485,0.00934432685720248,-0.00217569452430315));
#10642=CARTESIAN_POINT('',(0.0229238412487561,0.00927037658647795,-0.00214231824738247));
#10643=CARTESIAN_POINT('',(0.0229266109713677,0.00923169246352319,-0.00212935739938655));
#10644=CARTESIAN_POINT('',(0.0229324009348591,0.00915244690000184,-0.00211098004218292));
#10645=CARTESIAN_POINT('',(0.0229354663850093,0.0091110061643202,-0.00210547321910884));
#10646=CARTESIAN_POINT('',(0.0229385308620311,0.00907116147851403,-0.00210394999854021));
#10647=CARTESIAN_POINT('',(0.0228688590009499,0.00948765276275348,-0.00231812485283309));
#10648=CARTESIAN_POINT('',(0.0228690665362487,0.00948429557753762,-0.00231454612483515));
#10649=CARTESIAN_POINT('',(0.0228692842370192,0.00948095006931887,-0.00231081478422431));
#10650=CARTESIAN_POINT('',(0.0228710261772213,0.00945361035090073,-0.00228214435445831));
#10651=CARTESIAN_POINT('',(0.022874641652174,0.00939776006975543,-0.00223339356003129));
#10652=CARTESIAN_POINT('',(0.0228788880656669,0.00933399936901932,-0.00219625794507011));
#10653=CARTESIAN_POINT('',(0.0228837234614695,0.00926275989648032,-0.00216381218541504));
#10654=CARTESIAN_POINT('',(0.0228862918076468,0.00922548975601153,-0.00215116131263812));
#10655=CARTESIAN_POINT('',(0.0228916455824102,0.00914916655059887,-0.00213311620440877));
#10656=CARTESIAN_POINT('',(0.0228944766168393,0.0091092264774249,-0.00212763086286305));
#10657=CARTESIAN_POINT('',(0.0228972816405438,0.00907093374088654,-0.00212599816677446));
#10658=CARTESIAN_POINT('',(0.0227971503186105,0.00945053870319315,-0.00235541268585815));
#10659=CARTESIAN_POINT('',(0.0227973129699482,0.00944749366233633,-0.00235214512996374));
#10660=CARTESIAN_POINT('',(0.0227974847996926,0.00944446011313113,-0.00234872882091065));
#10661=CARTESIAN_POINT('',(0.0227988555531567,0.00941964407882354,-0.00232250498937598));
#10662=CARTESIAN_POINT('',(0.0228017046868399,0.00936876435716691,-0.0022778307292939));
#10663=CARTESIAN_POINT('',(0.0228050699394782,0.00931048176154889,-0.00224361281024815));
#10664=CARTESIAN_POINT('',(0.0228089224746319,0.00924537084745891,-0.00221357911162577));
#10665=CARTESIAN_POINT('',(0.0228109781966883,0.00921130710210394,-0.00220178328213528));
#10666=CARTESIAN_POINT('',(0.0228152908430836,0.00914163798920633,-0.00218478014617332));
#10667=CARTESIAN_POINT('',(0.0228175913904028,0.00910518417900882,-0.00217948569474305));
#10668=CARTESIAN_POINT('',(0.0228198752600091,0.00907039950676194,-0.0021777194566864));
#10669=CARTESIAN_POINT('',(0.0227640572492629,0.00942979342995491,-0.00237625509150524));
#10670=CARTESIAN_POINT('',(0.0227641986160645,0.0094269226214932,-0.00237316586221189));
#10671=CARTESIAN_POINT('',(0.0227643481960409,0.00942406161015521,-0.00236993568578772));
#10672=CARTESIAN_POINT('',(0.0227655376398043,0.00940064775758588,-0.00234513809196717));
#10673=CARTESIAN_POINT('',(0.0227679853560765,0.00935252947905029,-0.00230286052088512));
#10674=CARTESIAN_POINT('',(0.0227708599975372,0.00929729544935071,-0.00227039995513019));
#10675=CARTESIAN_POINT('',(0.0227741648880307,0.00923560077797258,-0.00224184900852218));
#10676=CARTESIAN_POINT('',(0.0227759347960923,0.00920332868646963,-0.00223059885122276));
#10677=CARTESIAN_POINT('',(0.0227796806533853,0.00913739016981467,-0.00221430634473938));
#10678=CARTESIAN_POINT('',(0.0227816978461616,0.00910292158069805,-0.00220918160395802));
#10679=CARTESIAN_POINT('',(0.022783720014987,0.00907009302347484,-0.00220739129945327));
#10680=CARTESIAN_POINT('',(0.0227033908019523,0.00938392865691136,-0.00242233461013618));
#10681=CARTESIAN_POINT('',(0.0227034934985429,0.00938143427676283,-0.00241963758622715));
#10682=CARTESIAN_POINT('',(0.0227036028650241,0.00937894550235406,-0.00241682142992269));
#10683=CARTESIAN_POINT('',(0.0227044695532865,0.0093585700371786,-0.00239517675941527));
#10684=CARTESIAN_POINT('',(0.0227062503605856,0.00931652987359676,-0.00235817972366292));
#10685=CARTESIAN_POINT('',(0.0227083481785063,0.00926810744295311,-0.00232958742723528));
#10686=CARTESIAN_POINT('',(0.0227107732243531,0.0092140384697783,-0.00230432306455571));
#10687=CARTESIAN_POINT('',(0.022712077960236,0.00918576374978574,-0.00229429755954372));
#10688=CARTESIAN_POINT('',(0.0227148593200743,0.00912809018479393,-0.00227965705342296));
#10689=CARTESIAN_POINT('',(0.0227163708424137,0.00909801258567078,-0.00227497233634715));
#10690=CARTESIAN_POINT('',(0.0227178912994533,0.00906941307240873,-0.00227322001498698));
#10691=CARTESIAN_POINT('',(0.0226757881949371,0.00935865554220441,-0.00244772605726916));
#10692=CARTESIAN_POINT('',(0.0226758735969939,0.00935636298366335,-0.00244524240630529));
#10693=CARTESIAN_POINT('',(0.0226759651121956,0.00935407371596301,-0.00244265351047652));
#10694=CARTESIAN_POINT('',(0.0226766914141024,0.0093353342830839,-0.00242272960469315));
#10695=CARTESIAN_POINT('',(0.022678210814542,0.00929662838806884,-0.0023885934387305));
#10696=CARTESIAN_POINT('',(0.0226800289176559,0.00925200723552567,-0.00236207636585661));
#10697=CARTESIAN_POINT('',(0.0226821287123565,0.00920218871506493,-0.00233857880584715));
#10698=CARTESIAN_POINT('',(0.0226832575735331,0.00917614031263975,-0.00232921428767839));
#10699=CARTESIAN_POINT('',(0.0226856468555576,0.00912303096152927,-0.00231548848536924));
#10700=CARTESIAN_POINT('',(0.0226869382090642,0.00909536838987052,-0.00231106540753082));
#10701=CARTESIAN_POINT('',(0.0226882194566864,0.00906903962144286,-0.00230937526000911));
#10702=CARTESIAN_POINT('',(0.0226284823803445,0.00930573711207323,-0.00250089225924369));
#10703=CARTESIAN_POINT('',(0.0226285376507937,0.00930386825123588,-0.0024988608609934));
#10704=CARTESIAN_POINT('',(0.0226285971354069,0.00930199761886055,-0.00249675442877783));
#10705=CARTESIAN_POINT('',(0.0226290668300309,0.00928668972152124,-0.00248049376322871));
#10706=CARTESIAN_POINT('',(0.0226300373416238,0.00925495832634561,-0.00245256219403329));
#10707=CARTESIAN_POINT('',(0.0226311907028009,0.00921827112093153,-0.00243072851601232));
#10708=CARTESIAN_POINT('',(0.0226325303181435,0.00917732810113698,-0.00241130071608194));
#10709=CARTESIAN_POINT('',(0.0226332539084219,0.00915593085447785,-0.00240351041335919));
#10710=CARTESIAN_POINT('',(0.0226348021617461,0.00911237875719406,-0.00239202057593708));
#10711=CARTESIAN_POINT('',(0.0226356494294272,0.00908978425901188,-0.00238827588430454));
#10712=CARTESIAN_POINT('',(0.0226364981667744,0.00906824008357338,-0.00238678164054381));
#10713=CARTESIAN_POINT('',(0.0226084304505278,0.00927787007833594,-0.00252888977051596));
#10714=CARTESIAN_POINT('',(0.0226084728839033,0.00927622309359483,-0.00252709725203407));
#10715=CARTESIAN_POINT('',(0.0226085185310058,0.00927457180637714,-0.00252524580355128));
#10716=CARTESIAN_POINT('',(0.0226088773025714,0.00926106276866831,-0.00251092421273888));
#10717=CARTESIAN_POINT('',(0.0226096039114218,0.00923299921375519,-0.00248630839641634));
#10718=CARTESIAN_POINT('',(0.0226104542769884,0.00920049664723295,-0.0024670302325564));
#10719=CARTESIAN_POINT('',(0.0226114464644066,0.00916423410991134,-0.00244984922242098));
#10720=CARTESIAN_POINT('',(0.0226119844086368,0.00914528941871129,-0.00244294406449402));
#10721=CARTESIAN_POINT('',(0.0226131493362902,0.00910677193726346,-0.00243273336243684));
#10722=CARTESIAN_POINT('',(0.0226137945620507,0.00908684434372365,-0.00242939137586931));
#10723=CARTESIAN_POINT('',(0.0226144499985402,0.00906781401643993,-0.00242803086203108));
#10724=CARTESIAN_POINT('',(0.0225593049140854,0.00918995664908951,-0.002617214823319));
#10725=CARTESIAN_POINT('',(0.0225593160869039,0.00918899463375071,-0.00261616365385298));
#10726=CARTESIAN_POINT('',(0.0225593284178514,0.00918802420506427,-0.00261509580333497));
#10727=CARTESIAN_POINT('',(0.0225594251187837,0.00918010353530471,-0.00260675499532981));
#10728=CARTESIAN_POINT('',(0.022559628876712,0.00916360131937334,-0.002592308381442));
#10729=CARTESIAN_POINT('',(0.0225598754757222,0.0091444497023041,-0.00258080914345903));
#10730=CARTESIAN_POINT('',(0.0225601627326464,0.00912309483603621,-0.00257047236209029));
#10731=CARTESIAN_POINT('',(0.0225603182391311,0.00911194810204965,-0.00256626634537244));
#10732=CARTESIAN_POINT('',(0.0225606498563201,0.00908931716872105,-0.00255999605577283));
#10733=CARTESIAN_POINT('',(0.0225608323121851,0.00907770955953829,-0.00255791910726072));
#10734=CARTESIAN_POINT('',(0.0225610106323535,0.00906648141811857,-0.00255704490464368));
#10735=CARTESIAN_POINT('',(0.0225425,0.00912744610360587,-0.00268001805233551));
#10736=CARTESIAN_POINT('',(0.0225425,0.00912696652268675,-0.00267949406182762));
#10737=CARTESIAN_POINT('',(0.0225425,0.00912647869547912,-0.00267897532143532));
#10738=CARTESIAN_POINT('',(0.0225425,0.0091225124138177,-0.00267486843536268));
#10739=CARTESIAN_POINT('',(0.0225425,0.00911424004569776,-0.00266773288546493));
#10740=CARTESIAN_POINT('',(0.0225425,0.00910463118191757,-0.00266201174333018));
#10741=CARTESIAN_POINT('',(0.0225425,0.00909391661708707,-0.002656846458647));
#10742=CARTESIAN_POINT('',(0.0225425,0.009088326779606,-0.00265473244976901));
#10743=CARTESIAN_POINT('',(0.0225425,0.00907697720191179,-0.00265157432500671));
#10744=CARTESIAN_POINT('',(0.0225425,0.00907121746169865,-0.00265053020912239));
#10745=CARTESIAN_POINT('',(0.0225425,0.00906552037381925,-0.00265008735276815));
#10746=CARTESIAN_POINT('',(0.0225425,0.00906455860442666,-0.0027432));
#10747=CARTESIAN_POINT('',(0.0225425,0.00906455860442666,-0.0027432));
#10748=CARTESIAN_POINT('',(0.0225425,0.00906455860442667,-0.0027432));
#10749=CARTESIAN_POINT('',(0.0225425,0.00906455860442667,-0.0027432));
#10750=CARTESIAN_POINT('',(0.0225425,0.00906455860442665,-0.0027432));
#10751=CARTESIAN_POINT('',(0.0225425,0.00906455860442666,-0.0027432));
#10752=CARTESIAN_POINT('',(0.0225425,0.00906455860442666,-0.0027432));
#10753=CARTESIAN_POINT('',(0.0225425,0.00906455860442666,-0.0027432));
#10754=CARTESIAN_POINT('',(0.0225425,0.00906455860442666,-0.0027432));
#10755=CARTESIAN_POINT('',(0.0225425,0.00906455860442666,-0.0027432));
#10756=CARTESIAN_POINT('',(0.0225425,0.00906455860442666,-0.0027432));
#10757=CARTESIAN_POINT('',(0.0232049571948823,0.00956510929553122,-0.00224030565722013));
#10758=CARTESIAN_POINT('',(0.0228452410229752,0.00954767598671912,-0.00225782059133882));
#10759=CARTESIAN_POINT('',(0.0225425,0.0093161086011435,-0.00249047220934202));
#10760=CARTESIAN_POINT('',(0.0225425,0.00906455860442666,-0.0027432));
#10761=CARTESIAN_POINT('',(0.0232049215836848,0.00955851994528191,-0.00223365897406686));
#10762=CARTESIAN_POINT('',(0.0225425,0.00952617054482327,-0.00226571236849743));
#10763=CARTESIAN_POINT('',(0.0225425,0.00905450919654375,-0.00273305788401578));
#10764=CARTESIAN_POINT('',(0.0232069133029334,0.00992679018526094,-0.0026051355687957));
#10765=CARTESIAN_POINT('',(0.022542499999997,0.0098961666143838,-0.00263646740931918));
#10766=CARTESIAN_POINT('',(0.0225425,0.00942285553970208,-0.0031048058243739));
#10767=CARTESIAN_POINT('',(0.0232086647439716,0.0102952631356847,-0.00297646876576976));
#10768=CARTESIAN_POINT('',(0.0225425000000004,0.0102656417062037,-0.00300662853176458));
#10769=CARTESIAN_POINT('',(0.0225425,0.00979139339683309,-0.00347636384993192));
#10770=CARTESIAN_POINT('',(0.0232102464656644,0.0106638823334849,-0.00334769434277987));
#10771=CARTESIAN_POINT('',(0.0225425,0.0106348724168606,-0.0033764899195107));
#10772=CARTESIAN_POINT('',(0.0225425,0.0101600697795452,-0.00384778447550248));
#10773=CARTESIAN_POINT('',(0.0232537,0.0101600697795452,-0.00384778447550248));
#10774=CARTESIAN_POINT('',(0.0232102464656644,0.0106638823334849,-0.00334769434277988));
#10775=CARTESIAN_POINT('',(0.0225425,0.0106348724168606,-0.0033764899195107));
#10776=CARTESIAN_POINT('',(0.0225425,0.0101600697795452,-0.00384778447550248));
#10777=CARTESIAN_POINT('',(0.0232227514504313,0.01079708869189,-0.00348080564709965));
#10778=CARTESIAN_POINT('',(0.0225424999999998,0.0107847801655973,-0.00351061357660642));
#10779=CARTESIAN_POINT('',(0.0225425,0.0104251193078142,-0.00411480685576187));
#10780=CARTESIAN_POINT('',(0.0232388787226457,0.0109793457376428,-0.003556));
#10781=CARTESIAN_POINT('',(0.0225425000001221,0.0109812780565516,-0.00357066843945356));
#10782=CARTESIAN_POINT('',(0.0225425,0.0107904776566072,-0.00426719998936603));
#10783=CARTESIAN_POINT('',(0.0232537,0.0111667228845242,-0.003556));
#10784=CARTESIAN_POINT('',(0.0225425,0.0111667228845242,-0.003556));
#10785=CARTESIAN_POINT('',(0.0225425,0.0111667228845242,-0.0042672));
#10786=CARTESIAN_POINT('',(0.0232537,0.0111667228845242,-0.0042672));
#10787=CARTESIAN_POINT('',(0.0232537,0.00500865435373497,-0.0042672));
#10788=CARTESIAN_POINT('',(0.0232537,0.014345801049436,-0.0042672));
#10789=CARTESIAN_POINT('',(0.0218313,0.014345801049436,-0.0042672));
#10790=CARTESIAN_POINT('',(0.0232446651571634,0.0145058657004882,-0.0042672));
#10791=CARTESIAN_POINT('',(0.0232446651571634,0.0145058657004882,-0.003556));
#10792=CARTESIAN_POINT('',(0.0225379825785817,0.0144258333749621,-0.00355599999999998));
#10793=CARTESIAN_POINT('',(0.0225379825785817,0.0144258333749621,-0.0042672));
#10794=CARTESIAN_POINT('',(0.0232254976718871,0.0146210284486373,-0.003556));
#10795=CARTESIAN_POINT('',(0.0225380259353063,0.014425450797217,-0.00356206037918253));
#10796=CARTESIAN_POINT('',(0.0225248192590193,0.0145420650169877,-0.00426719996300803));
#10797=CARTESIAN_POINT('',(0.0230704635686896,0.0148321064050066,-0.00349650357911867));
#10798=CARTESIAN_POINT('',(0.0225965460998411,0.0144960687759549,-0.00363564868963721));
#10799=CARTESIAN_POINT('',(0.0224398187635163,0.0147584800706247,-0.00414742965681997));
#10800=CARTESIAN_POINT('',(0.0226596530593458,0.0150209069978161,-0.00330843885985877));
#10801=CARTESIAN_POINT('',(0.022428721342623,0.0148450411219699,-0.00351110839468271));
#10802=CARTESIAN_POINT('',(0.022218871358864,0.0149632986790463,-0.00377035234786393));
#10803=CARTESIAN_POINT('',(0.0221958120431104,0.0150923391657831,-0.00308453556849072));
#10804=CARTESIAN_POINT('',(0.0220935295259435,0.0150481202205701,-0.00320968734152294));
#10805=CARTESIAN_POINT('',(0.0219704148419685,0.0150587627369034,-0.00332297248739099));
#10806=CARTESIAN_POINT('',(0.0218755562809097,0.0150731647175205,-0.00292442849377944));
#10807=CARTESIAN_POINT('',(0.0218381903811088,0.0150671773910572,-0.00296402615868665));
#10808=CARTESIAN_POINT('',(0.0218008244544903,0.0150611900603509,-0.00300362379682727));
#10809=CARTESIAN_POINT('',(0.0217187762237762,0.015048043058849,-0.0028448));
#10810=CARTESIAN_POINT('',(0.0217187762237762,0.015048043058849,-0.0028448));
#10811=CARTESIAN_POINT('',(0.0217187762237762,0.015048043058849,-0.0028448));
#10812=CARTESIAN_POINT('',(0.0111248843780736,0.00648621038549211,-0.003556));
#10813=CARTESIAN_POINT('',(0.0108408531158122,0.00583418915726542,-0.00355600000000001));
#10814=CARTESIAN_POINT('',(0.0108408531158122,0.00583418915726542,-0.0042672));
#10815=CARTESIAN_POINT('',(0.011015566769975,0.00652719223039665,-0.003556));
#10816=CARTESIAN_POINT('',(0.0108412061162208,0.00583403541641393,-0.00356206037917219));
#10817=CARTESIAN_POINT('',(0.0107336119013138,0.00588090520913888,-0.00426719996300803));
#10818=CARTESIAN_POINT('',(0.0107552508459732,0.00649846773675292,-0.0034965035791176));
#10819=CARTESIAN_POINT('',(0.0108093092349383,0.00592002435491086,-0.00363564868963931));
#10820=CARTESIAN_POINT('',(0.0105036907193509,0.00591550014751869,-0.00414742965681783));
#10821=CARTESIAN_POINT('',(0.0103863394816785,0.00623709569591755,-0.00330843885986252));
#10822=CARTESIAN_POINT('',(0.0104231779394577,0.00594917002477393,-0.00351110839468785));
#10823=CARTESIAN_POINT('',(0.0102158388989626,0.00582656338639597,-0.00377035234787143));
#10824=CARTESIAN_POINT('',(0.0100925569014672,0.00587111367656048,-0.00308453556847678));
#10825=CARTESIAN_POINT('',(0.0100797103727663,0.00576042494571566,-0.0032096873415021));
#10826=CARTESIAN_POINT('',(0.010008936341268,0.00565912575997277,-0.00332297248736315));
#10827=CARTESIAN_POINT('',(0.00994903457963061,0.00558417682656228,-0.0029244284938095));
#10828=CARTESIAN_POINT('',(0.00993553680655036,0.00554882334488823,-0.00296402615873146));
#10829=CARTESIAN_POINT('',(0.00992203902374559,0.00551346983786424,-0.00300362379688729));
#10830=CARTESIAN_POINT('',(0.00989240054568281,0.00543584048500568,-0.0028448));
#10831=CARTESIAN_POINT('',(0.00989240054568281,0.00543584048500567,-0.0028448));
#10832=CARTESIAN_POINT('',(0.00989240054568281,0.00543584048500566,-0.0028448));
#10833=CARTESIAN_POINT('',(0.0111248843780736,0.00648621038549212,-0.0042672));
#10834=CARTESIAN_POINT('',(0.0108408531158123,-0.0058341891572654,-0.0042672));
#10835=CARTESIAN_POINT('',(0.0108408531158123,-0.0058341891572654,-0.00355600000000003));
#10836=CARTESIAN_POINT('',(0.0111248843780735,-0.00648621038549208,-0.003556));
#10837=CARTESIAN_POINT('',(0.0107336119013147,-0.00588090520913846,-0.00426719996300803));
#10838=CARTESIAN_POINT('',(0.0108412061162215,-0.00583403541641699,-0.00356206037916904));
#10839=CARTESIAN_POINT('',(0.0110155667699796,-0.00652719223040251,-0.003556));
#10840=CARTESIAN_POINT('',(0.010503690719351,-0.00591550014752014,-0.00414742965681501));
#10841=CARTESIAN_POINT('',(0.0108093092349387,-0.00592002435491196,-0.00363564868963782));
#10842=CARTESIAN_POINT('',(0.010755250845972,-0.00649846773675266,-0.00349650357911618));
#10843=CARTESIAN_POINT('',(0.010215838898961,-0.00582656338639134,-0.00377035234788133));
#10844=CARTESIAN_POINT('',(0.0104231779394556,-0.00594917002476665,-0.00351110839469581));
#10845=CARTESIAN_POINT('',(0.0103863394816758,-0.00623709569590958,-0.0033084388598675));
#10846=CARTESIAN_POINT('',(0.0100089363412745,-0.0056591257599898,-0.00332297248732635));
#10847=CARTESIAN_POINT('',(0.0100797103727732,-0.00576042494574153,-0.00320968734147392));
#10848=CARTESIAN_POINT('',(0.0100925569014794,-0.00587111367659251,-0.00308453556845827));
#10849=CARTESIAN_POINT('',(0.00992203902373154,-0.00551346983782743,-0.0030036237969667));
#10850=CARTESIAN_POINT('',(0.00993553680653581,-0.00554882334483318,-0.00296402615879138));
#10851=CARTESIAN_POINT('',(0.00994903457960403,-0.00558417682649264,-0.00292442849384943));
#10852=CARTESIAN_POINT('',(0.00989240054568281,-0.00543584048500564,-0.0028448));
#10853=CARTESIAN_POINT('',(0.00989240054568281,-0.00543584048500565,-0.0028448));
#10854=CARTESIAN_POINT('',(0.00989240054568281,-0.00543584048500566,-0.0028448));
#10855=CARTESIAN_POINT('',(0.0111248843780736,-0.0064862103854921,-0.0042672));
#10856=CARTESIAN_POINT('',(0.0105568218535509,0.00518216792903873,-0.0042672));
#10857=CARTESIAN_POINT('',(0.0112680218535509,0.00641400246338171,-0.0042672));
#10858=CARTESIAN_POINT('',(0.010556821853551,-0.00518216792903871,-0.0042672));
#10859=CARTESIAN_POINT('',(0.011268021853551,-0.00641400246338169,-0.0042672));
#10860=CARTESIAN_POINT('',(0.03041072190911,-0.00463804056671159,-0.0042672));
#10861=CARTESIAN_POINT('',(0.014021184304981,0.00482446338092579,-0.0042672));
#10862=CARTESIAN_POINT('',(0.0150390981618904,-0.00423677054162727,-0.0042672));
#10863=CARTESIAN_POINT('',(0.014021184304981,-0.00482446338092579,-0.0042672));
#10864=CARTESIAN_POINT('',(0.02413,2.51534904016637E-17,-0.0043688));
#10865=CARTESIAN_POINT('',(0.00922797923781469,-0.00568951304097257,-0.0043688));
#10866=CARTESIAN_POINT('',(0.00922797923781467,0.00568951304097259,-0.0043688));
#10867=CARTESIAN_POINT('',(0.0105568218535509,0.00518216792903873,-0.0043688));
#10868=CARTESIAN_POINT('',(0.0112680218535509,0.00641400246338171,-0.0043688));
#10869=CARTESIAN_POINT('',(0.0144349302290662,0.00453541124078733,-0.00334769434277987));
#10870=CARTESIAN_POINT('',(0.0141261803209923,0.00394262087992251,-0.00337648991951068));
#10871=CARTESIAN_POINT('',(0.0145373714666913,0.00370521956126481,-0.00384778447550247));
#10872=CARTESIAN_POINT('',(0.0143258226311179,0.00461284405445662,-0.00348080564709974));
#10873=CARTESIAN_POINT('',(0.0139963564023699,0.00401757475428229,-0.00351061357661204));
#10874=CARTESIAN_POINT('',(0.0143078318419481,0.00383774432539998,-0.00411480685575999));
#10875=CARTESIAN_POINT('',(0.014176047035598,0.00471793920478291,-0.003556));
#10876=CARTESIAN_POINT('',(0.0138261842370722,0.00411582369987666,-0.00357066843945141));
#10877=CARTESIAN_POINT('',(0.013991422230412,0.00402042349979452,-0.00426719998936602));
#10878=CARTESIAN_POINT('',(0.014021184304981,0.00482446338092579,-0.003556));
#10879=CARTESIAN_POINT('',(0.013665584304981,0.0042085461137543,-0.003556));
#10880=CARTESIAN_POINT('',(0.013665584304981,0.0042085461137543,-0.0042672));
#10881=CARTESIAN_POINT('',(0.0148929714666913,0.00432113682843629,-0.00384778447550248));
#10882=CARTESIAN_POINT('',(0.014021184304981,-0.00482446338092577,-0.003556));
#10883=CARTESIAN_POINT('',(0.013665584304981,-0.00420854611375429,-0.00355600000000002));
#10884=CARTESIAN_POINT('',(0.013665584304981,-0.00420854611375429,-0.0042672));
#10885=CARTESIAN_POINT('',(0.0141760441642155,-0.00471794117954786,-0.003556));
#10886=CARTESIAN_POINT('',(0.0138261812922351,-0.00411582539993416,-0.00357066815999535));
#10887=CARTESIAN_POINT('',(0.0139914161891896,-0.00402042698769591,-0.0042671999681512));
#10888=CARTESIAN_POINT('',(0.0143258241641503,-0.00461284296498233,-0.00348080377616004));
#10889=CARTESIAN_POINT('',(0.0139963582484826,-0.00401757368841097,-0.00351061168523457));
#10890=CARTESIAN_POINT('',(0.0143078350814034,-0.00383774245509955,-0.00411480311712069));
#10891=CARTESIAN_POINT('',(0.0144349302290662,-0.00453541124078731,-0.00334769434277988));
#10892=CARTESIAN_POINT('',(0.0141261803209923,-0.00394262087992249,-0.0033764899195107));
#10893=CARTESIAN_POINT('',(0.0145373714666913,-0.0037052195612648,-0.00384778447550248));
#10894=CARTESIAN_POINT('',(0.0148929714666913,-0.00432113682843629,-0.00384778447550248));
#10895=CARTESIAN_POINT('',(0.010556821853551,-0.00518216792903871,-0.0043688));
#10896=CARTESIAN_POINT('',(0.011268021853551,-0.00641400246338169,-0.0043688));
#10897=CARTESIAN_POINT('',(0.0150390981618904,0.00423677054162728,-0.0043688));
#10898=CARTESIAN_POINT('',(0.0190885379518655,0.00189882538881799,-0.0043688));
#10899=CARTESIAN_POINT('',(0.015389539696648,0.00397811856361928,-0.00223365897406688));
#10900=CARTESIAN_POINT('',(0.0150863443074,0.00338826994390384,-0.00226571236849744));
#10901=CARTESIAN_POINT('',(0.0154948150169933,0.00315243926976408,-0.0027330578840158));
#10902=CARTESIAN_POINT('',(0.0150716041729974,0.00416397856307354,-0.00260513556879061));
#10903=CARTESIAN_POINT('',(0.0147659183118621,0.00357326797867827,-0.00263646740931726));
#10904=CARTESIAN_POINT('',(0.0151758177264323,0.0033366124413402,-0.00310480582437436));
#10905=CARTESIAN_POINT('',(0.0147533729578443,0.00434973183073308,-0.00297646876576922));
#10906=CARTESIAN_POINT('',(0.0144459434962709,0.00375800552459875,-0.00300662853174796));
#10907=CARTESIAN_POINT('',(0.0148566545798917,0.00352088136991087,-0.0034763638499292));
#10908=CARTESIAN_POINT('',(0.0144349302290662,0.00453541124078729,-0.00334769434277988));
#10909=CARTESIAN_POINT('',(0.0141261803209923,0.00394262087992249,-0.00337648991951072));
#10910=CARTESIAN_POINT('',(0.0145373714666913,0.0037052195612648,-0.00384778447550248));
#10911=CARTESIAN_POINT('',(0.0153838509575365,0.00398144407894572,-0.00224030565722013));
#10912=CARTESIAN_POINT('',(0.0152190905598852,0.00366120408151463,-0.00225782059133915));
#10913=CARTESIAN_POINT('',(0.0152682632869951,0.00328323897206394,-0.00249047220934204));
#10914=CARTESIAN_POINT('',(0.0154861119744737,0.00315746397370554,-0.0027432));
#10915=CARTESIAN_POINT('',(0.0144349302290662,-0.00453541124078731,-0.00334769434277988));
#10916=CARTESIAN_POINT('',(0.0141261803209923,-0.00394262087992249,-0.0033764899195107));
#10917=CARTESIAN_POINT('',(0.0145373714666913,-0.0037052195612648,-0.00384778447550247));
#10918=CARTESIAN_POINT('',(0.0147533729578357,-0.00434973183070768,-0.00297646876576622));
#10919=CARTESIAN_POINT('',(0.0144459434962803,-0.00375800552459019,-0.00300662853176587));
#10920=CARTESIAN_POINT('',(0.0148566545798912,-0.00352088136991113,-0.00347636384992917));
#10921=CARTESIAN_POINT('',(0.0150716041729987,-0.00416397856307707,-0.00260513556879091));
#10922=CARTESIAN_POINT('',(0.014765918311862,-0.00357326797868309,-0.00263646740931518));
#10923=CARTESIAN_POINT('',(0.0151758177264295,-0.00333661244134183,-0.00310480582437208));
#10924=CARTESIAN_POINT('',(0.015389539696648,-0.00397811856361926,-0.00223365897406686));
#10925=CARTESIAN_POINT('',(0.0150863443074,-0.00338826994390382,-0.00226571236849742));
#10926=CARTESIAN_POINT('',(0.0154948150169933,-0.00315243926976406,-0.00273305788401578));
#10927=CARTESIAN_POINT('',(0.0153838509575365,-0.00398144407894571,-0.00224030565722013));
#10928=CARTESIAN_POINT('',(0.0152190905598852,-0.00366120408151462,-0.00225782059133882));
#10929=CARTESIAN_POINT('',(0.0152682632869939,-0.00328323897206459,-0.0024904722093407));
#10930=CARTESIAN_POINT('',(0.0154861119744737,-0.00315746397370553,-0.0027432));
#10931=CARTESIAN_POINT('',(0.02369185,0.000758898061336308,-0.0043688));
#10932=CARTESIAN_POINT('',(0.0190885379518655,-0.00189882538881798,-0.0043688));
#10933=CARTESIAN_POINT('',(0.02413,3.46944695195361E-18,-0.0043688));
#10934=CARTESIAN_POINT('',(0.0197902724900038,0.000503168539340788,-0.0043688));
#10935=CARTESIAN_POINT('',(0.0197902724900038,-0.00050316853934078,-0.0043688));
#10936=CARTESIAN_POINT('',(0.0183773379518655,0.000666990854475003,-0.0043688));
#10937=CARTESIAN_POINT('',(0.0183773379518655,0.000666990854475003,-0.0043688));
#10938=CARTESIAN_POINT('',(0.0153838509575365,0.00398144407894572,-0.00224030565722013));
#10939=CARTESIAN_POINT('',(0.015387527658027,0.0039797762958933,-0.00223621213863695));
#10940=CARTESIAN_POINT('',(0.0153912504253496,0.00397808771363802,-0.00223216855655858));
#10941=CARTESIAN_POINT('',(0.0154213909730498,0.0039644172821039,-0.00220022761500889));
#10942=CARTESIAN_POINT('',(0.0154826086196879,0.00393666194589671,-0.00214568960999196));
#10943=CARTESIAN_POINT('',(0.0155519130579716,0.00390526631854664,-0.00210423750228426));
#10944=CARTESIAN_POINT('',(0.0156291422094763,0.00387029810497404,-0.00206851889127495));
#10945=CARTESIAN_POINT('',(0.0156693866068198,0.00385208464569836,-0.00205492434208004));
#10946=CARTESIAN_POINT('',(0.0157515293344608,0.0038149312536535,-0.00203666489644257));
#10947=CARTESIAN_POINT('',(0.0157934276647584,0.00379599132088433,-0.002032));
#10948=CARTESIAN_POINT('',(0.0158353501064188,0.00377705426711106,-0.002032));
#10949=CARTESIAN_POINT('',(0.0153812765763231,0.00397644032898585,-0.00224057932806574));
#10950=CARTESIAN_POINT('',(0.0153849501124734,0.00397477190499191,-0.00223648846032717));
#10951=CARTESIAN_POINT('',(0.0153886681314901,0.00397308386684791,-0.00223244050978945));
#10952=CARTESIAN_POINT('',(0.0154187770756122,0.00395941303518207,-0.00220049183918515));
#10953=CARTESIAN_POINT('',(0.0154799358620854,0.00393165655848796,-0.00214593188701387));
#10954=CARTESIAN_POINT('',(0.0155491831944375,0.00390025775527652,-0.00210444382201171));
#10955=CARTESIAN_POINT('',(0.0156263527428357,0.00386528531742111,-0.00206867949678233));
#10956=CARTESIAN_POINT('',(0.0156665696272828,0.0038470683569041,-0.00205505761578655));
#10957=CARTESIAN_POINT('',(0.0157486622658649,0.00380990520496657,-0.00203673652470107));
#10958=CARTESIAN_POINT('',(0.0157905655321564,0.00379094496108514,-0.00203203414570416));
#10959=CARTESIAN_POINT('',(0.0158324403361928,0.00377201439724128,-0.002032));
#10960=CARTESIAN_POINT('',(0.0153787479729071,0.00397142209235189,-0.00224090010652055));
#10961=CARTESIAN_POINT('',(0.0153824145689421,0.0039697541241234,-0.0022368070404794));
#10962=CARTESIAN_POINT('',(0.0153861243061806,0.00396806763921423,-0.00223275041180139));
#10963=CARTESIAN_POINT('',(0.0154161746544856,0.00395440424048013,-0.00220076112056325));
#10964=CARTESIAN_POINT('',(0.0154772433173932,0.00392665622399137,-0.00214614976090814));
#10965=CARTESIAN_POINT('',(0.0155464304360411,0.00389525612349481,-0.00210464073937085));
#10966=CARTESIAN_POINT('',(0.0156235444438021,0.00386027910336457,-0.00206885604495899));
#10967=CARTESIAN_POINT('',(0.0156637394897128,0.00384205730949897,-0.00205522419766021));
#10968=CARTESIAN_POINT('',(0.0157457921083221,0.00380488143345068,-0.00203686974575907));
#10969=CARTESIAN_POINT('',(0.0157877038455789,0.00378589968548557,-0.00203214090237067));
#10970=CARTESIAN_POINT('',(0.0158295313498807,0.00376697439141514,-0.00203207230715763));
#10971=CARTESIAN_POINT('',(0.0153688176842205,0.00395129578539371,-0.00224237022898037));
#10972=CARTESIAN_POINT('',(0.0153724652807275,0.00394962653742377,-0.00223827707482928));
#10973=CARTESIAN_POINT('',(0.0153761501408923,0.00394794327551743,-0.00223419481799984));
#10974=CARTESIAN_POINT('',(0.0154060259712985,0.00393428822426081,-0.00220210873905862));
#10975=CARTESIAN_POINT('',(0.0154667760443992,0.00390655966065706,-0.0021473678279215));
#10976=CARTESIAN_POINT('',(0.0155356681380721,0.00387517451118153,-0.0021057818748031));
#10977=CARTESIAN_POINT('',(0.0156124831177958,0.00384020678614366,-0.00206990441954799));
#10978=CARTESIAN_POINT('',(0.0156525426565752,0.00382198265029836,-0.00205621782745427));
#10979=CARTESIAN_POINT('',(0.0157343553077663,0.00378478262139228,-0.00203770286925782));
#10980=CARTESIAN_POINT('',(0.0157762658359256,0.00376572632465133,-0.00203285637168314));
#10981=CARTESIAN_POINT('',(0.0158179019279486,0.00374681972002913,-0.00203264940209389));
#10982=CARTESIAN_POINT('',(0.0153617842489054,0.00393608099422486,-0.00224389359026652));
#10983=CARTESIAN_POINT('',(0.0153654189280077,0.00393440970719451,-0.00223979944385646));
#10984=CARTESIAN_POINT('',(0.0153690864618395,0.00393272766835785,-0.00223569917522371));
#10985=CARTESIAN_POINT('',(0.0153988370111209,0.00391907221584826,-0.00220354424954579));
#10986=CARTESIAN_POINT('',(0.015459315347406,0.00389136667621474,-0.00214873552555652));
#10987=CARTESIAN_POINT('',(0.0155278987517256,0.003860026989019,-0.00210714584773429));
#10988=CARTESIAN_POINT('',(0.0156043900325029,0.00382510478151978,-0.00207125548320108));
#10989=CARTESIAN_POINT('',(0.0156442947362875,0.00380689941371369,-0.00205755589140684));
#10990=CARTESIAN_POINT('',(0.0157258395642681,0.00376971193296609,-0.00203896222492727));
#10991=CARTESIAN_POINT('',(0.015767706986164,0.00375061372254482,-0.00203404196962192));
#10992=CARTESIAN_POINT('',(0.0158091945389616,0.0037317157583064,-0.00203372992248399));
#10993=CARTESIAN_POINT('',(0.0153463555231428,0.00390037190643071,-0.0022484075020062));
#10994=CARTESIAN_POINT('',(0.0153499530594383,0.00389869934965517,-0.00224432070942725));
#10995=CARTESIAN_POINT('',(0.0153535739726176,0.00389702293195104,-0.00224019197611938));
#10996=CARTESIAN_POINT('',(0.0153829778425386,0.00388339139550857,-0.00220796651107969));
#10997=CARTESIAN_POINT('',(0.0154427065795911,0.00385578492750222,-0.00215314389805784));
#10998=CARTESIAN_POINT('',(0.0155104320293825,0.00382459765054033,-0.00211164270644477));
#10999=CARTESIAN_POINT('',(0.0155860133242175,0.00378983335427358,-0.00207580305362881));
#11000=CARTESIAN_POINT('',(0.0156254746157621,0.00377169930261251,-0.0020621025344323));
#11001=CARTESIAN_POINT('',(0.0157062268104539,0.00373460076457888,-0.00204336813116317));
#11002=CARTESIAN_POINT('',(0.0157478917069796,0.00371544525256585,-0.0020382911697583));
#11003=CARTESIAN_POINT('',(0.015788964901063,0.00369659413649476,-0.00203774097821727));
#11004=CARTESIAN_POINT('',(0.0153382877737973,0.00387980830700535,-0.00225171785315039));
#11005=CARTESIAN_POINT('',(0.0153418567266669,0.00387813883955256,-0.00224764493093057));
#11006=CARTESIAN_POINT('',(0.0153454443838848,0.00387646882733326,-0.00224351242311404));
#11007=CARTESIAN_POINT('',(0.0153745945215107,0.00386287802068387,-0.00221133146237099));
#11008=CARTESIAN_POINT('',(0.0154337928868149,0.00383537071846097,-0.00215662679770345));
#11009=CARTESIAN_POINT('',(0.0155009269732305,0.00380430366333837,-0.00211524589458264));
#11010=CARTESIAN_POINT('',(0.0155758785141042,0.00376966436603264,-0.00207948760227723));
#11011=CARTESIAN_POINT('',(0.0156150299234178,0.0037515885652018,-0.00206580205341802));
#11012=CARTESIAN_POINT('',(0.0156952115236701,0.00371458052301592,-0.00204700842075763));
#11013=CARTESIAN_POINT('',(0.0157366870676434,0.00369542080744992,-0.00204184904027119));
#11014=CARTESIAN_POINT('',(0.0157774718531753,0.00367661679491966,-0.00204116812739034));
#11015=CARTESIAN_POINT('',(0.0153163791837495,0.00381786243068557,-0.0022637735793845));
#11016=CARTESIAN_POINT('',(0.0153198398121002,0.00381621467672637,-0.00225977274289592));
#11017=CARTESIAN_POINT('',(0.0153233079355344,0.00381457416421529,-0.00225566669726655));
#11018=CARTESIAN_POINT('',(0.0153515373794184,0.0038011883165138,-0.00222387876559425));
#11019=CARTESIAN_POINT('',(0.015408929213782,0.00377406475934446,-0.00216989766642205));
#11020=CARTESIAN_POINT('',(0.0154741311193764,0.00374338785828296,-0.00212906399217842));
#11021=CARTESIAN_POINT('',(0.015546978458461,0.00370918053285693,-0.0020936886876412));
#11022=CARTESIAN_POINT('',(0.0155850678018868,0.00369132182381389,-0.00208008838787766));
#11023=CARTESIAN_POINT('',(0.0156631466241289,0.00365475458971895,-0.00206118802163242));
#11024=CARTESIAN_POINT('',(0.0157037620045076,0.00363572637118138,-0.00205581586251198));
#11025=CARTESIAN_POINT('',(0.0157433555528296,0.00361724423571798,-0.00205478953529624));
#11026=CARTESIAN_POINT('',(0.0153048330010361,0.0037762250757474,-0.00227464362727592));
#11027=CARTESIAN_POINT('',(0.0153081995550458,0.00377460363080166,-0.00227072177278567));
#11028=CARTESIAN_POINT('',(0.015311568646666,0.00377299250572624,-0.00226667474710527));
#11029=CARTESIAN_POINT('',(0.0153390186235029,0.00375982743514301,-0.00223542817960624));
#11030=CARTESIAN_POINT('',(0.0153948875014437,0.00373310033523019,-0.00218236752457878));
#11031=CARTESIAN_POINT('',(0.0154584465230029,0.00370281693894613,-0.00214218314355489));
#11032=CARTESIAN_POINT('',(0.0155294801155142,0.00366905316077589,-0.00210729985307243));
#11033=CARTESIAN_POINT('',(0.015566637284392,0.00365142505318816,-0.00209384245634668));
#11034=CARTESIAN_POINT('',(0.0156428202695594,0.00361535583784049,-0.00207500459429799));
#11035=CARTESIAN_POINT('',(0.0156825476458419,0.00359655639232737,-0.0020695433218415));
#11036=CARTESIAN_POINT('',(0.0157210951436888,0.00357840848361505,-0.00206832375441574));
#11037=CARTESIAN_POINT('',(0.0152881192535046,0.00369344424392306,-0.00230168553735513));
#11038=CARTESIAN_POINT('',(0.0152912616638125,0.00369189686387564,-0.00229797396385439));
#11039=CARTESIAN_POINT('',(0.0152944002577049,0.00369036322108336,-0.00229411371959263));
#11040=CARTESIAN_POINT('',(0.0153200126870299,0.00367780299220485,-0.00226442285616915));
#11041=CARTESIAN_POINT('',(0.0153722704778942,0.00365219885765281,-0.00221399161461381));
#11042=CARTESIAN_POINT('',(0.0154318863125911,0.00362307887775422,-0.00217569452428869));
#11043=CARTESIAN_POINT('',(0.0154985389978108,0.00359062417367866,-0.0021423182473937));
#11044=CARTESIAN_POINT('',(0.0155334252923184,0.00357368076234515,-0.00212935739939282));
#11045=CARTESIAN_POINT('',(0.0156049489452651,0.00353907223602562,-0.00211098004217796));
#11046=CARTESIAN_POINT('',(0.0156423704001667,0.00352100662590372,-0.00210547321910883));
#11047=CARTESIAN_POINT('',(0.0156784091487916,0.00350373819795078,-0.00210394999854021));
#11048=CARTESIAN_POINT('',(0.0152828811856448,0.00365164623844529,-0.00231812485283309));
#11049=CARTESIAN_POINT('',(0.0152858923609755,0.00365014737667803,-0.00231454612483454));
#11050=CARTESIAN_POINT('',(0.0152888985064679,0.00364866315696497,-0.002310814784221));
#11051=CARTESIAN_POINT('',(0.0153134463672296,0.00363650186222998,-0.00228214435446833));
#11052=CARTESIAN_POINT('',(0.01536362186699,0.00361170781480566,-0.00223339356001937));
#11053=CARTESIAN_POINT('',(0.0154209634603677,0.00358350496638161,-0.00219625794505124));
#11054=CARTESIAN_POINT('',(0.0154850763511931,0.00355207280574406,-0.00216381218542333));
#11055=CARTESIAN_POINT('',(0.0155186374127316,0.0035356619885464,-0.00215116131264235));
#11056=CARTESIAN_POINT('',(0.0155874121349562,0.00350213689076274,-0.00213311620440318));
#11057=CARTESIAN_POINT('',(0.0156234167701439,0.00348461860192562,-0.00212763086286307));
#11058=CARTESIAN_POINT('',(0.0156579817646187,0.00346790145544273,-0.00212599816677446));
#11059=CARTESIAN_POINT('',(0.015279168562892,0.00357098766808731,-0.00235541268585815));
#11060=CARTESIAN_POINT('',(0.0152818869712972,0.00356960600784885,-0.00235214512996297));
#11061=CARTESIAN_POINT('',(0.0152846000168455,0.00356823804216848,-0.00234872882090712));
#11062=CARTESIAN_POINT('',(0.0153067767096858,0.0035570171323425,-0.00232250498938388));
#11063=CARTESIAN_POINT('',(0.0153522644080208,0.00353404469365403,-0.00227783072927951));
#11064=CARTESIAN_POINT('',(0.0154044212427736,0.00350781779010521,-0.00224361281022752));
#11065=CARTESIAN_POINT('',(0.0154627352159726,0.00347859872640134,-0.00221357911163188));
#11066=CARTESIAN_POINT('',(0.0154932631458285,0.00346334716124984,-0.00220178328213806));
#11067=CARTESIAN_POINT('',(0.015555754690711,0.0034322474661106,-0.00218478014616764));
#11068=CARTESIAN_POINT('',(0.0155884748900436,0.00341601289344786,-0.00217948569474309));
#11069=CARTESIAN_POINT('',(0.0156197412346749,0.00340059844642238,-0.0021777194566864));
#11070=CARTESIAN_POINT('',(0.0152805879618509,0.00353195559272394,-0.00237625509150524));
#11071=CARTESIAN_POINT('',(0.015283144838308,0.00353064261573413,-0.00237316586221127));
#11072=CARTESIAN_POINT('',(0.0152856973367962,0.00352934165012314,-0.00236993568578459));
#11073=CARTESIAN_POINT('',(0.0153065690497822,0.00351866481235909,-0.00234513809197559));
#11074=CARTESIAN_POINT('',(0.0153494645595185,0.00349672545755616,-0.00230286052087322));
#11075=CARTESIAN_POINT('',(0.0153987359531502,0.00347159795522426,-0.00227039995511217));
#11076=CARTESIAN_POINT('',(0.015453817551047,0.00344361273868674,-0.00224184900852903));
#11077=CARTESIAN_POINT('',(0.0154826509561543,0.0034290094782809,-0.00223059885122615));
#11078=CARTESIAN_POINT('',(0.0155416283153647,0.0033992842275032,-0.00221430634473424));
#11079=CARTESIAN_POINT('',(0.0155724875855387,0.00338379687314773,-0.00220918160395808));
#11080=CARTESIAN_POINT('',(0.0156019290344762,0.00336913384410961,-0.00220739129945327));
#11081=CARTESIAN_POINT('',(0.0152899747967901,0.00345648452167379,-0.00242233461013619));
#11082=CARTESIAN_POINT('',(0.0152921863416617,0.00345532626945627,-0.00241963758622777));
#11083=CARTESIAN_POINT('',(0.015294396366767,0.00345417659640256,-0.00241682142992225));
#11084=CARTESIAN_POINT('',(0.0153124753813487,0.00344473943787706,-0.00239517675943264));
#11085=CARTESIAN_POINT('',(0.0153497736346535,0.00342526158044481,-0.00235817972367095));
#11086=CARTESIAN_POINT('',(0.0153927575986846,0.00340286712872156,-0.00232958742723594));
#11087=CARTESIAN_POINT('',(0.0154407952258915,0.00337793279346287,-0.00230432306457278));
#11088=CARTESIAN_POINT('',(0.0154659342196277,0.00336492536788577,-0.00229429755955442));
#11089=CARTESIAN_POINT('',(0.0155172716719922,0.00333849731364196,-0.00227965705342075));
#11090=CARTESIAN_POINT('',(0.0155440753980654,0.00332476753083526,-0.0022749723363471));
#11091=CARTESIAN_POINT('',(0.015569603531606,0.00331178452862587,-0.00227322001498698));
#11092=CARTESIAN_POINT('',(0.0152980606526516,0.00341994340543456,-0.00244772605726916));
#11093=CARTESIAN_POINT('',(0.0153000887676176,0.0034188710865154,-0.00244524240630622));
#11094=CARTESIAN_POINT('',(0.0153021170892057,0.00341780570715446,-0.00244265351047687));
#11095=CARTESIAN_POINT('',(0.0153187090650843,0.00340906498662757,-0.00242272960471191));
#11096=CARTESIAN_POINT('',(0.01535298905368,0.00339102787849969,-0.00238859343874359));
#11097=CARTESIAN_POINT('',(0.0153925411569024,0.00337029182569911,-0.00236207636586245));
#11098=CARTESIAN_POINT('',(0.0154367351585107,0.00334720104103903,-0.00233857880586603));
#11099=CARTESIAN_POINT('',(0.015459858167322,0.00333515446228132,-0.00232921428769049));
#11100=CARTESIAN_POINT('',(0.0155070468556031,0.00331066896563273,-0.00231548848536803));
#11101=CARTESIAN_POINT('',(0.0155316490221263,0.00329795602475412,-0.00231106540753076));
#11102=CARTESIAN_POINT('',(0.015555091028246,0.00328590123352972,-0.00230937526000911));
#11103=CARTESIAN_POINT('',(0.0153202364501772,0.00335251615318502,-0.00250089225924369));
#11104=CARTESIAN_POINT('',(0.0153218825663649,0.00335162958838022,-0.00249886086099455));
#11105=CARTESIAN_POINT('',(0.0153235323238323,0.00335074578737888,-0.00249675442877899));
#11106=CARTESIAN_POINT('',(0.0153370241991237,0.00334349860619558,-0.00248049376324664));
#11107=CARTESIAN_POINT('',(0.0153649896492572,0.00332847339630447,-0.00245256219405033));
#11108=CARTESIAN_POINT('',(0.0153973383817392,0.00331112863366688,-0.00243072851602318));
#11109=CARTESIAN_POINT('',(0.015433465884628,0.0032918172646986,-0.00241130071610046));
#11110=CARTESIAN_POINT('',(0.0154523582389388,0.00328174528893002,-0.00240351041337133));
#11111=CARTESIAN_POINT('',(0.015490849588254,0.00326131006697975,-0.00239202057593714));
#11112=CARTESIAN_POINT('',(0.0155108406314894,0.00325074657323014,-0.00238827588430451));
#11113=CARTESIAN_POINT('',(0.0155299228033963,0.00324070951361474,-0.00238678164054381));
#11114=CARTESIAN_POINT('',(0.0153343440444135,0.00332121715570027,-0.00252888977051596));
#11115=CARTESIAN_POINT('',(0.0153357915917284,0.0033204304117115,-0.00252709725203514));
#11116=CARTESIAN_POINT('',(0.0153372444719615,0.00331964429965328,-0.00252524580355248));
#11117=CARTESIAN_POINT('',(0.0153491230275865,0.00331320048609756,-0.00251092421275458));
#11118=CARTESIAN_POINT('',(0.0153737900835027,0.00329979797036678,-0.00248630839643228));
#11119=CARTESIAN_POINT('',(0.0154023633145908,0.00328428312528095,-0.00246703023256711));
#11120=CARTESIAN_POINT('',(0.0154342636867991,0.00326701111613807,-0.00244984922243733));
#11121=CARTESIAN_POINT('',(0.0154509392427547,0.00325800464390531,-0.00244294406450481));
#11122=CARTESIAN_POINT('',(0.0154848788240176,0.0032397547601073,-0.00243273336243719));
#11123=CARTESIAN_POINT('',(0.0155024592391257,0.00323034974524161,-0.0024293913758693));
#11124=CARTESIAN_POINT('',(0.0155192677042405,0.00322140220625025,-0.00242803086203108));
#11125=CARTESIAN_POINT('',(0.0153859165392535,0.00323471647854334,-0.002617214823319));
#11126=CARTESIAN_POINT('',(0.015386755255386,0.003234245146819,-0.00261616365385356));
#11127=CARTESIAN_POINT('',(0.015387601836756,0.00323377061138983,-0.00261509580333581));
#11128=CARTESIAN_POINT('',(0.0153945096884536,0.00322989402197808,-0.0026067549953372));
#11129=CARTESIAN_POINT('',(0.0154089029056414,0.00322181937355659,-0.00259230838145097));
#11130=CARTESIAN_POINT('',(0.0154256119920541,0.00321245712602627,-0.00258080914346579));
#11131=CARTESIAN_POINT('',(0.0154442494771877,0.00320202846468842,-0.00257047236209817));
#11132=CARTESIAN_POINT('',(0.0154539805852285,0.00319658977026033,-0.00256626634537774));
#11133=CARTESIAN_POINT('',(0.0154737453569993,0.00318556149249982,-0.00255999605577342));
#11134=CARTESIAN_POINT('',(0.0154838890693556,0.00317991569932378,-0.00255791910726074));
#11135=CARTESIAN_POINT('',(0.0154937020851465,0.00317445605840974,-0.00255704490464368));
#11136=CARTESIAN_POINT('',(0.0154316498026041,0.00318890772329514,-0.00268001805233551));
#11137=CARTESIAN_POINT('',(0.0154320651318632,0.00318866793283556,-0.00267949406182759));
#11138=CARTESIAN_POINT('',(0.0154324876026176,0.00318842401923174,-0.00267897532143526));
#11139=CARTESIAN_POINT('',(0.0154359225032952,0.00318644087840091,-0.00267486843536238));
#11140=CARTESIAN_POINT('',(0.0154430865842367,0.00318230469434084,-0.00266773288546438));
#11141=CARTESIAN_POINT('',(0.0154514081043718,0.00317750026245078,-0.0026620117433297));
#11142=CARTESIAN_POINT('',(0.0154606871897054,0.00317214298003559,-0.00265684645864665));
#11143=CARTESIAN_POINT('',(0.015465528130967,0.00316934806129511,-0.00265473244976877));
#11144=CARTESIAN_POINT('',(0.0154753571535723,0.00316367327244808,-0.00265157432500664));
#11145=CARTESIAN_POINT('',(0.0154803452349159,0.00316079340234154,-0.00265053020912239));
#11146=CARTESIAN_POINT('',(0.0154852790577472,0.00315794485840183,-0.00265008735276815));
#11147=CARTESIAN_POINT('',(0.0154861119744737,0.00315746397370554,-0.0027432));
#11148=CARTESIAN_POINT('',(0.0154861119744737,0.00315746397370554,-0.0027432));
#11149=CARTESIAN_POINT('',(0.0154861119744737,0.00315746397370554,-0.0027432));
#11150=CARTESIAN_POINT('',(0.0154861119744737,0.00315746397370554,-0.0027432));
#11151=CARTESIAN_POINT('',(0.0154861119744737,0.00315746397370554,-0.0027432));
#11152=CARTESIAN_POINT('',(0.0154861119744737,0.00315746397370554,-0.0027432));
#11153=CARTESIAN_POINT('',(0.0154861119744737,0.00315746397370554,-0.0027432));
#11154=CARTESIAN_POINT('',(0.0154861119744737,0.00315746397370554,-0.0027432));
#11155=CARTESIAN_POINT('',(0.0154861119744737,0.00315746397370554,-0.0027432));
#11156=CARTESIAN_POINT('',(0.0154861119744737,0.00315746397370554,-0.0027432));
#11157=CARTESIAN_POINT('',(0.0154861119744737,0.00315746397370554,-0.0027432));
#11158=CARTESIAN_POINT('',(0.0158353214179448,0.00377700457714312,-0.00203200000231448));
#11159=CARTESIAN_POINT('',(0.015767664363054,0.00365981877451854,-0.00203201091898555));
#11160=CARTESIAN_POINT('',(0.0156018783760189,0.00337021999158367,-0.00210964977705191));
#11161=CARTESIAN_POINT('',(0.0154839915016491,0.00315868822926161,-0.00250615008638652));
#11162=CARTESIAN_POINT('',(0.0154861119744737,0.00315746397370554,-0.0027432));
#11163=CARTESIAN_POINT('',(0.0158353501064188,-0.00377705426711105,-0.002032));
#11164=CARTESIAN_POINT('',(0.0157934276937212,-0.00379599130780135,-0.002032));
#11165=CARTESIAN_POINT('',(0.0157515294144119,-0.00381493135949015,-0.00203666489735203));
#11166=CARTESIAN_POINT('',(0.0156693867215031,-0.00385208487773969,-0.00205492434470925));
#11167=CARTESIAN_POINT('',(0.0156291423079036,-0.00387029834430043,-0.00206851889471443));
#11168=CARTESIAN_POINT('',(0.0155519129453477,-0.00390526608516879,-0.00210423750532699));
#11169=CARTESIAN_POINT('',(0.0154826085193595,-0.00393666170705665,-0.00214568960153058));
#11170=CARTESIAN_POINT('',(0.0154213909693563,-0.00396441724934674,-0.00220022760457855));
#11171=CARTESIAN_POINT('',(0.0153912504267394,-0.00397808771078612,-0.00223216855407349));
#11172=CARTESIAN_POINT('',(0.0153875276592227,-0.00397977629535089,-0.00223621213730564));
#11173=CARTESIAN_POINT('',(0.0153838509575365,-0.00398144407894571,-0.00224030565722013));
#11174=CARTESIAN_POINT('',(0.0158324403361928,-0.00377201439724128,-0.002032));
#11175=CARTESIAN_POINT('',(0.0157905655610862,-0.00379094494800822,-0.00203203414568313));
#11176=CARTESIAN_POINT('',(0.015748661750173,-0.00380990565078933,-0.00203673666112013));
#11177=CARTESIAN_POINT('',(0.0156665702915563,-0.00384706827518173,-0.00205505749055433));
#11178=CARTESIAN_POINT('',(0.0156263539430825,-0.00386528493044005,-0.00206867897062767));
#11179=CARTESIAN_POINT('',(0.0155491820316343,-0.00390025811885303,-0.00210444432973497));
#11180=CARTESIAN_POINT('',(0.0154799357713901,-0.00393165626903011,-0.00214593209354143));
#11181=CARTESIAN_POINT('',(0.01541877778868,-0.0039594125895899,-0.00220049106301444));
#11182=CARTESIAN_POINT('',(0.0153886683128615,-0.00397308376005362,-0.00223244030293423));
#11183=CARTESIAN_POINT('',(0.0153849501136675,-0.00397477190444972,-0.00223648845899751));
#11184=CARTESIAN_POINT('',(0.0153812765763231,-0.00397644032898584,-0.00224057932806573));
#11185=CARTESIAN_POINT('',(0.0158295313498807,-0.00376697439141513,-0.00203207230715763));
#11186=CARTESIAN_POINT('',(0.0157877038744762,-0.00378589967241336,-0.00203214090232776));
#11187=CARTESIAN_POINT('',(0.0157458089567581,-0.00380487410005078,-0.00203688125734514));
#11188=CARTESIAN_POINT('',(0.0156637772316961,-0.00384204294163102,-0.00205526454864004));
#11189=CARTESIAN_POINT('',(0.0156235929183028,-0.00386026166949127,-0.00206891382556554));
#11190=CARTESIAN_POINT('',(0.0155464867323982,-0.00389523747128725,-0.00210472008994322));
#11191=CARTESIAN_POINT('',(0.0154773025335784,-0.00392663787818706,-0.00214623520842435));
#11192=CARTESIAN_POINT('',(0.0154162083480999,-0.00395439240845198,-0.00220080392008646));
#11193=CARTESIAN_POINT('',(0.0153861303079274,-0.00396806501624894,-0.0022327613453136));
#11194=CARTESIAN_POINT('',(0.0153824145701337,-0.00396975412358153,-0.00223680703915014));
#11195=CARTESIAN_POINT('',(0.0153787479729071,-0.00397142209235188,-0.00224090010652055));
#11196=CARTESIAN_POINT('',(0.0158179019279486,-0.00374681972002912,-0.00203264940209389));
#11197=CARTESIAN_POINT('',(0.0157762658646898,-0.00376572631159597,-0.0020328563715502));
#11198=CARTESIAN_POINT('',(0.0157344533783391,-0.00378473358477447,-0.00203774832471151));
#11199=CARTESIAN_POINT('',(0.0156526964561,-0.0038219145862803,-0.00205638276578266));
#11200=CARTESIAN_POINT('',(0.0156126576314773,-0.00384013585253437,-0.00207014071427242));
#11201=CARTESIAN_POINT('',(0.0155358436215951,-0.00387511244751602,-0.00210609210836204));
#11202=CARTESIAN_POINT('',(0.0154669285539529,-0.00390651686185214,-0.00214768287280677));
#11203=CARTESIAN_POINT('',(0.0154061041769211,-0.0039342575892556,-0.00220225895707597));
#11204=CARTESIAN_POINT('',(0.0153761619079649,-0.00394793655558989,-0.00223423065466037));
#11205=CARTESIAN_POINT('',(0.0153724652819091,-0.00394962653688341,-0.00223827707350109));
#11206=CARTESIAN_POINT('',(0.0153688176842205,-0.0039512957853937,-0.00224237022898037));
#11207=CARTESIAN_POINT('',(0.0158091945389616,-0.00373171575830639,-0.00203372992248399));
#11208=CARTESIAN_POINT('',(0.0157677070148213,-0.0037506137094976,-0.00203404196941584));
#11209=CARTESIAN_POINT('',(0.0157260593757463,-0.00376959718927364,-0.00203904844421934));
#11210=CARTESIAN_POINT('',(0.0156445912926831,-0.00380675782114038,-0.00205787259392074));
#11211=CARTESIAN_POINT('',(0.0156047002547771,-0.00382496789807977,-0.00207170653798365));
#11212=CARTESIAN_POINT('',(0.0155281712283927,-0.00385992387337788,-0.00210772333814165));
#11213=CARTESIAN_POINT('',(0.0154595043633807,-0.00389131867581395,-0.00214930249119984));
#11214=CARTESIAN_POINT('',(0.0153989179355314,-0.00391903591477555,-0.00220380346748842));
#11215=CARTESIAN_POINT('',(0.0153691008673097,-0.00393271881748738,-0.0022357545261507));
#11216=CARTESIAN_POINT('',(0.0153654189291836,-0.00393440970665422,-0.0022397994425295));
#11217=CARTESIAN_POINT('',(0.0153617842489054,-0.00393608099422485,-0.00224389359026652));
#11218=CARTESIAN_POINT('',(0.015788964901063,-0.00369659413649476,-0.00203774097821727));
#11219=CARTESIAN_POINT('',(0.0157478917352932,-0.00371544523958135,-0.00203829116938315));
#11220=CARTESIAN_POINT('',(0.0157067486802832,-0.00373432394013993,-0.00204355731900699));
#11221=CARTESIAN_POINT('',(0.0156261492894327,-0.00377136175271996,-0.0020627851249462));
#11222=CARTESIAN_POINT('',(0.0155866858057561,-0.00378951414952184,-0.00207676138499565));
#11223=CARTESIAN_POINT('',(0.0155109681924961,-0.00382437109225062,-0.002112839096361));
#11224=CARTESIAN_POINT('',(0.015442997802317,-0.00385569781091506,-0.00215428506065013));
#11225=CARTESIAN_POINT('',(0.0153830738549543,-0.00388334003936537,-0.00220845694762999));
#11226=CARTESIAN_POINT('',(0.0153535942034268,-0.00389700894713487,-0.00224028848578089));
#11227=CARTESIAN_POINT('',(0.0153499530605996,-0.00389869934911672,-0.00224432070811193));
#11228=CARTESIAN_POINT('',(0.0153463555231428,-0.00390037190643069,-0.0022484075020062));
#11229=CARTESIAN_POINT('',(0.0157774718531753,-0.00367661679491966,-0.00204116812739034));
#11230=CARTESIAN_POINT('',(0.0157366870956887,-0.00369542079453457,-0.00204184903980064));
#11231=CARTESIAN_POINT('',(0.015695928846212,-0.00371419882916895,-0.00204725671922734));
#11232=CARTESIAN_POINT('',(0.0156159660324189,-0.00375111414808846,-0.00206668634429306));
#11233=CARTESIAN_POINT('',(0.015576813641363,-0.00376920728938526,-0.00208071785363833));
#11234=CARTESIAN_POINT('',(0.0155016692584653,-0.00380396999070532,-0.00211676112276726));
#11235=CARTESIAN_POINT('',(0.0154341912415791,-0.00383522211298549,-0.00215804531803329));
#11236=CARTESIAN_POINT('',(0.0153747181934728,-0.00386280761903729,-0.00221192001593202));
#11237=CARTESIAN_POINT('',(0.0153454694647661,-0.00387645208679204,-0.00224362711228271));
#11238=CARTESIAN_POINT('',(0.0153418567278118,-0.00387813883901877,-0.00224764492962446));
#11239=CARTESIAN_POINT('',(0.0153382877737973,-0.00387980830700534,-0.00225171785315039));
#11240=CARTESIAN_POINT('',(0.0157433555528296,-0.00361724423571798,-0.00205478953529624));
#11241=CARTESIAN_POINT('',(0.0157037620312941,-0.00363572635873853,-0.00205581586180358));
#11242=CARTESIAN_POINT('',(0.0156641759106181,-0.00365423603268662,-0.00206161705121656));
#11243=CARTESIAN_POINT('',(0.0155865362727895,-0.00369059864367059,-0.00208150585263044));
#11244=CARTESIAN_POINT('',(0.0155484716087567,-0.00370845714888892,-0.00209560946177784));
#11245=CARTESIAN_POINT('',(0.015475369962565,-0.00374279343399803,-0.0021313571290002));
#11246=CARTESIAN_POINT('',(0.0154096643491498,-0.00377372179535753,-0.00217193202894484));
#11247=CARTESIAN_POINT('',(0.0153517565520442,-0.00380104229055266,-0.00222468649695074));
#11248=CARTESIAN_POINT('',(0.015323346512042,-0.00381454522559535,-0.0022558265306101));
#11249=CARTESIAN_POINT('',(0.0153198398131871,-0.00381621467621285,-0.00225977274163954));
#11250=CARTESIAN_POINT('',(0.0153163791837495,-0.00381786243068556,-0.00226377357938449));
#11251=CARTESIAN_POINT('',(0.0157210951436888,-0.00357840848361504,-0.00206832375441574));
#11252=CARTESIAN_POINT('',(0.0156825476714533,-0.00359655638037444,-0.00206954332099987));
#11253=CARTESIAN_POINT('',(0.0156440157800463,-0.00361476998448021,-0.00207554963168089));
#11254=CARTESIAN_POINT('',(0.0155683774036846,-0.00365057989842678,-0.00209554379252398));
#11255=CARTESIAN_POINT('',(0.0155312782465131,-0.00366817699584789,-0.0021095758719667));
#11256=CARTESIAN_POINT('',(0.0154599635312908,-0.00370205585280368,-0.00214485874197386));
#11257=CARTESIAN_POINT('',(0.015395813739669,-0.00373258321939586,-0.00218470180601637));
#11258=CARTESIAN_POINT('',(0.015339281632678,-0.00375971288576451,-0.00223631799209492));
#11259=CARTESIAN_POINT('',(0.0153116133928392,-0.00377296732895553,-0.00226685157985777));
#11260=CARTESIAN_POINT('',(0.0153081995560809,-0.00377460363030859,-0.00227072177157839));
#11261=CARTESIAN_POINT('',(0.0153048330010361,-0.00377622507574738,-0.00227464362727592));
#11262=CARTESIAN_POINT('',(0.0156784091487916,-0.00350373819795078,-0.00210394999854021));
#11263=CARTESIAN_POINT('',(0.0156423704230091,-0.00352100661514941,-0.00210547321806092));
#11264=CARTESIAN_POINT('',(0.0156063346557552,-0.00353840113164671,-0.00211159940466581));
#11265=CARTESIAN_POINT('',(0.0155355021654117,-0.00357266455062911,-0.00213135065363378));
#11266=CARTESIAN_POINT('',(0.0155007097257175,-0.00358953148785329,-0.00214498153688321));
#11267=CARTESIAN_POINT('',(0.0154337456782974,-0.00362204778462682,-0.00217882492533336));
#11268=CARTESIAN_POINT('',(0.0153734131326466,-0.00365133989866141,-0.00221674733952521));
#11269=CARTESIAN_POINT('',(0.0153202966653557,-0.00367746689123431,-0.00226550251941442));
#11270=CARTESIAN_POINT('',(0.0152944486307005,-0.00369031453034056,-0.00229431946417613));
#11271=CARTESIAN_POINT('',(0.0152912616647317,-0.00369189686343288,-0.00229797396276863));
#11272=CARTESIAN_POINT('',(0.0152881192535046,-0.00369344424392305,-0.00230168553735513));
#11273=CARTESIAN_POINT('',(0.0156579817646187,-0.00346790145544272,-0.00212599816677446));
#11274=CARTESIAN_POINT('',(0.0156234167913715,-0.00348461859189168,-0.00212763086174277));
#11275=CARTESIAN_POINT('',(0.0155888260276104,-0.00350149704054725,-0.00213373675167077));
#11276=CARTESIAN_POINT('',(0.0155207910609574,-0.00353476950116549,-0.00215313199471125));
#11277=CARTESIAN_POINT('',(0.0154873495293129,-0.00355116781384738,-0.00216643715502122));
#11278=CARTESIAN_POINT('',(0.0154229437268429,-0.00358276538029605,-0.00219931050780826));
#11279=CARTESIAN_POINT('',(0.015364888278086,-0.00361129254903833,-0.00223600075284444));
#11280=CARTESIAN_POINT('',(0.0153137803475891,-0.00363640105663218,-0.00228314759529308));
#11281=CARTESIAN_POINT('',(0.0152889516064569,-0.00364863633509458,-0.002311014413472));
#11282=CARTESIAN_POINT('',(0.0152858923618275,-0.00365014737626539,-0.00231454612382044));
#11283=CARTESIAN_POINT('',(0.0152828811856448,-0.00365164623844528,-0.00231812485283309));
#11284=CARTESIAN_POINT('',(0.0156197412346749,-0.00340059844642237,-0.0021777194566864));
#11285=CARTESIAN_POINT('',(0.0155884749078219,-0.00341601288498003,-0.00217948569353947));
#11286=CARTESIAN_POINT('',(0.0155571187386938,-0.00343164107235214,-0.00218537913885854));
#11287=CARTESIAN_POINT('',(0.0154953710672196,-0.00346249890340533,-0.00220369822969044));
#11288=CARTESIAN_POINT('',(0.0154649760159816,-0.00347773444225104,-0.00221612258746321));
#11289=CARTESIAN_POINT('',(0.0154063877026038,-0.00350710215753988,-0.00224655731974243));
#11290=CARTESIAN_POINT('',(0.015353511388286,-0.00353364736505874,-0.00228030161326663));
#11291=CARTESIAN_POINT('',(0.0153070751470264,-0.00355686075296996,-0.00232346720565134));
#11292=CARTESIAN_POINT('',(0.0152846485091219,-0.00356820530942265,-0.00234892062275753));
#11293=CARTESIAN_POINT('',(0.015281886972007,-0.00356960600750164,-0.00235214512910387));
#11294=CARTESIAN_POINT('',(0.015279168562892,-0.0035709876680873,-0.00235541268585815));
#11295=CARTESIAN_POINT('',(0.0156019290344762,-0.00336913384410961,-0.00220739129945327));
#11296=CARTESIAN_POINT('',(0.0155724876014823,-0.00338379686552565,-0.00220918160274351));
#11297=CARTESIAN_POINT('',(0.0155429228234672,-0.00339869195450099,-0.00221490321651108));
#11298=CARTESIAN_POINT('',(0.0154846669538999,-0.0034281235913317,-0.00223248997455305));
#11299=CARTESIAN_POINT('',(0.0154559706526191,-0.00344266545988384,-0.00224436569761941));
#11300=CARTESIAN_POINT('',(0.0154006397682181,-0.00347072327113343,-0.00227332723005861));
#11301=CARTESIAN_POINT('',(0.0153506830291155,-0.0034960414190342,-0.00230537812549595));
#11302=CARTESIAN_POINT('',(0.0153068605735618,-0.00351845899435947,-0.00234608386933559));
#11303=CARTESIAN_POINT('',(0.015285744024893,-0.00352930757790326,-0.00237011928631862));
#11304=CARTESIAN_POINT('',(0.0152831448389425,-0.0035306426154222,-0.00237316586143546));
#11305=CARTESIAN_POINT('',(0.0152805879618508,-0.00353195559272391,-0.0023762550915052));
#11306=CARTESIAN_POINT('',(0.015569603531606,-0.00331178452862586,-0.00227322001498698));
#11307=CARTESIAN_POINT('',(0.01554407541036,-0.0033247675249133,-0.00227497233517209));
#11308=CARTESIAN_POINT('',(0.0155183801334057,-0.00333798893895266,-0.00228020703144728));
#11309=CARTESIAN_POINT('',(0.0154676925967731,-0.00336414817297717,-0.00229603496488605));
#11310=CARTESIAN_POINT('',(0.015442693759739,-0.00337708975559289,-0.00230662030297274));
#11311=CARTESIAN_POINT('',(0.0153944656125716,-0.0034020669969678,-0.00233223917055756));
#11312=CARTESIAN_POINT('',(0.0153509099411485,-0.00342461621405532,-0.00236044797164511));
#11313=CARTESIAN_POINT('',(0.0153127512053089,-0.0034445284258239,-0.00239602038448586));
#11314=CARTESIAN_POINT('',(0.0152944381586455,-0.00345414397477187,-0.00241698055591559));
#11315=CARTESIAN_POINT('',(0.0152921863421481,-0.00345532626921535,-0.00241963758562016));
#11316=CARTESIAN_POINT('',(0.0152899747967901,-0.00345648452167376,-0.00242233461013614));
#11317=CARTESIAN_POINT('',(0.015555091028246,-0.00328590123352972,-0.00230937526000911));
#11318=CARTESIAN_POINT('',(0.0155316490326061,-0.00329795601968788,-0.00231106540640603));
#11319=CARTESIAN_POINT('',(0.0155080340974459,-0.00331023950668773,-0.00231602115940687));
#11320=CARTESIAN_POINT('',(0.0154614271240307,-0.00333454872292705,-0.00233080733604441));
#11321=CARTESIAN_POINT('',(0.0154384271752314,-0.00334658333630874,-0.00234065513904828));
#11322=CARTESIAN_POINT('',(0.0153940512760413,-0.0033697898126217,-0.00236440325071575));
#11323=CARTESIAN_POINT('',(0.0153539537151575,-0.00339078573983878,-0.00239044667503773));
#11324=CARTESIAN_POINT('',(0.0153189320263081,-0.00340900678126217,-0.0024233989415344));
#11325=CARTESIAN_POINT('',(0.0153021523035376,-0.0034177878683416,-0.00244278774403748));
#11326=CARTESIAN_POINT('',(0.0153000887680238,-0.00341887108630426,-0.00244524240578001));
#11327=CARTESIAN_POINT('',(0.0152980606526443,-0.00341994340542877,-0.00244772605726577));
#11328=CARTESIAN_POINT('',(0.0155299228033963,-0.00324070951361474,-0.00238678164054381));
#11329=CARTESIAN_POINT('',(0.0155108406385963,-0.00325074656976797,-0.00238827588332653));
#11330=CARTESIAN_POINT('',(0.0154915952531251,-0.00326097012596257,-0.00239250094387334));
#11331=CARTESIAN_POINT('',(0.015453575673598,-0.00328122251241015,-0.00240494661473002));
#11332=CARTESIAN_POINT('',(0.0154347981854114,-0.00329125280581925,-0.0024131485124259));
#11333=CARTESIAN_POINT('',(0.015398553881436,-0.00331061467240784,-0.00243276785209438));
#11334=CARTESIAN_POINT('',(0.0153657788981693,-0.00332811380016735,-0.00245417183139993));
#11335=CARTESIAN_POINT('',(0.0153371945212669,-0.00334338005164553,-0.00248103957786761));
#11336=CARTESIAN_POINT('',(0.015323558480946,-0.00335072614217559,-0.00249685696638558));
#11337=CARTESIAN_POINT('',(0.015321882566636,-0.00335162958823559,-0.00249886086062825));
#11338=CARTESIAN_POINT('',(0.01532023645017,-0.00335251615317927,-0.00250089225924033));
#11339=CARTESIAN_POINT('',(0.0155192677042405,-0.00322140220625024,-0.00242803086203108));
#11340=CARTESIAN_POINT('',(0.0155024592446745,-0.0032303497425278,-0.00242939137498778));
#11341=CARTESIAN_POINT('',(0.0154854999195269,-0.00323945742929322,-0.00243329173954155));
#11342=CARTESIAN_POINT('',(0.015451997826752,-0.00325749204210086,-0.00244440570323409));
#11343=CARTESIAN_POINT('',(0.0154354506769426,-0.00326642361087223,-0.00245168467405153));
#11344=CARTESIAN_POINT('',(0.0154035055527781,-0.00328368234665246,-0.00246904612998435));
#11345=CARTESIAN_POINT('',(0.0153746406112303,-0.00329928799209189,-0.00248798012371228));
#11346=CARTESIAN_POINT('',(0.0153493122094242,-0.00331307386500967,-0.00251143546551268));
#11347=CARTESIAN_POINT('',(0.0153372695001846,-0.00331962656005673,-0.00252533361882588));
#11348=CARTESIAN_POINT('',(0.0153357915919443,-0.00332043041160342,-0.00252709725174729));
#11349=CARTESIAN_POINT('',(0.0153343440444134,-0.00332121715570017,-0.00252888977051591));
#11350=CARTESIAN_POINT('',(0.0154937020851465,-0.00317445605840973,-0.00255704490464368));
#11351=CARTESIAN_POINT('',(0.0154838890709702,-0.00317991569851596,-0.00255791910671561));
#11352=CARTESIAN_POINT('',(0.0154739476571209,-0.00318545924897784,-0.00256004248370493));
#11353=CARTESIAN_POINT('',(0.0154542928056849,-0.00319644186649321,-0.0025665119117904));
#11354=CARTESIAN_POINT('',(0.0154445771227452,-0.00320188054099442,-0.00257081990352465));
#11355=CARTESIAN_POINT('',(0.0154258782741662,-0.00321235140347651,-0.00258120191536659));
#11356=CARTESIAN_POINT('',(0.0154090212953802,-0.00322179701061014,-0.00259257477946824));
#11357=CARTESIAN_POINT('',(0.0153945354499315,-0.00322988340621406,-0.002606869094821));
#11358=CARTESIAN_POINT('',(0.0153876075429877,-0.0032337669007668,-0.002615121669078));
#11359=CARTESIAN_POINT('',(0.0153867552554445,-0.00323424514678952,-0.00261616365376041));
#11360=CARTESIAN_POINT('',(0.0153859165392533,-0.00323471647854324,-0.00261721482331894));
#11361=CARTESIAN_POINT('',(0.0154852790577472,-0.00315794485840182,-0.00265008735276815));
#11362=CARTESIAN_POINT('',(0.015480345234921,-0.00316079340233859,-0.00265053020889455));
#11363=CARTESIAN_POINT('',(0.0154753571535653,-0.0031636732724521,-0.00265157432465628));
#11364=CARTESIAN_POINT('',(0.0154655281309253,-0.00316934806131915,-0.00265473244931144));
#11365=CARTESIAN_POINT('',(0.0154606871896412,-0.00317214298007269,-0.00265684645820489));
#11366=CARTESIAN_POINT('',(0.0154514081042757,-0.00317750026250627,-0.0026620117429846));
#11367=CARTESIAN_POINT('',(0.0154430865841232,-0.00318230469440635,-0.00266773288527134));
#11368=CARTESIAN_POINT('',(0.0154359225032297,-0.00318644087843869,-0.00267486843530911));
#11369=CARTESIAN_POINT('',(0.0154324876026032,-0.00318842401924005,-0.00267897532142572));
#11370=CARTESIAN_POINT('',(0.0154320651318556,-0.00318866793283994,-0.00267949406182296));
#11371=CARTESIAN_POINT('',(0.0154316498026038,-0.0031889077232953,-0.00268001805233517));
#11372=CARTESIAN_POINT('',(0.0154861119744737,-0.00315746397370553,-0.0027432));
#11373=CARTESIAN_POINT('',(0.0154861119744737,-0.00315746397370553,-0.0027432));
#11374=CARTESIAN_POINT('',(0.0154861119744737,-0.00315746397370553,-0.0027432));
#11375=CARTESIAN_POINT('',(0.0154861119744737,-0.00315746397370553,-0.0027432));
#11376=CARTESIAN_POINT('',(0.0154861119744737,-0.00315746397370553,-0.0027432));
#11377=CARTESIAN_POINT('',(0.0154861119744737,-0.00315746397370553,-0.0027432));
#11378=CARTESIAN_POINT('',(0.0154861119744737,-0.00315746397370553,-0.0027432));
#11379=CARTESIAN_POINT('',(0.0154861119744737,-0.00315746397370553,-0.0027432));
#11380=CARTESIAN_POINT('',(0.0154861119744737,-0.00315746397370553,-0.0027432));
#11381=CARTESIAN_POINT('',(0.0154861119744737,-0.00315746397370553,-0.0027432));
#11382=CARTESIAN_POINT('',(0.0154861119744737,-0.00315746397370553,-0.0027432));
#11383=CARTESIAN_POINT('',(0.0158353501064188,-0.00377705426711106,-0.002032));
#11384=CARTESIAN_POINT('',(0.0157676917151493,-0.00365986649587396,-0.002032));
#11385=CARTESIAN_POINT('',(0.0156018950655649,-0.00337024959091302,-0.00210961408651923));
#11386=CARTESIAN_POINT('',(0.0154839913517887,-0.00315868831578354,-0.00250613333333343));
#11387=CARTESIAN_POINT('',(0.0154861119744737,-0.00315746397370553,-0.0027432));
#11388=CARTESIAN_POINT('',(0.0183773379518655,-0.000666990854474994,-0.0043688));
#11389=CARTESIAN_POINT('',(0.0183773379518655,-0.000666990854474994,-0.0043688));
#11390=CARTESIAN_POINT('',(0.0183773379518655,0.000666990854475003,-0.002032));
#11391=CARTESIAN_POINT('',(0.0183773379518655,0.000666990854475003,-0.0027432));
#11392=CARTESIAN_POINT('',(0.02369185,-0.000758898061336302,-0.0027432));
#11393=CARTESIAN_POINT('',(0.0190885379518655,0.00189882538881799,-0.0027432));
#11394=CARTESIAN_POINT('',(0.0150390981618904,-0.00423677054162727,-0.0027432));
#11395=CARTESIAN_POINT('',(0.0190885379518655,-0.00189882538881798,-0.0027432));
#11396=CARTESIAN_POINT('',(0.0183773379518655,-0.000666990854474994,-0.002032));
#11397=CARTESIAN_POINT('',(0.0183773379518655,-0.000666990854474994,-0.0027432));
#11398=CARTESIAN_POINT('',(0.0183773379518655,0.000666990854475003,-0.0027432));
#11399=CARTESIAN_POINT('',(0.0197902724900038,0.000503168539340788,-0.0027432));
#11400=CARTESIAN_POINT('',(0.0183773379518655,-0.000666990854474994,-0.0027432));
#11401=CARTESIAN_POINT('',(0.0197902724900038,-0.00050316853934078,-0.0027432));
#11402=CARTESIAN_POINT('',(0.02413,3.46944695195361E-18,-0.0027432));
#11403=CARTESIAN_POINT('',(0.036195,-0.012065,-0.00408));
#11404=CARTESIAN_POINT('',(0.036195,-0.016145,-0.00408));
#11405=CARTESIAN_POINT('',(0.040275,-0.012065,-0.00408));
#11406=CARTESIAN_POINT('',(0.040275,-4.64270377449574E-18,-0.00408));
#11407=CARTESIAN_POINT('',(0.040275,0.012065,-0.00408));
#11408=CARTESIAN_POINT('',(0.02413,-0.016145,-0.00408));
#11409=CARTESIAN_POINT('',(0.012065,-0.016145,-0.00408));
#11410=CARTESIAN_POINT('',(0.036195,0.012065,-0.00408));
#11411=CARTESIAN_POINT('',(0.036195,0.016145,-0.00408));
#11412=CARTESIAN_POINT('',(0.012065,-0.012065,-0.00408));
#11413=CARTESIAN_POINT('',(0.007985,-0.012065,-0.00408));
#11414=CARTESIAN_POINT('',(0.02413,0.016145,-0.00408));
#11415=CARTESIAN_POINT('',(0.012065,0.016145,-0.00408));
#11416=CARTESIAN_POINT('',(0.007985,6.87634896299965E-19,-0.00408));
#11417=CARTESIAN_POINT('',(0.007985,0.012065,-0.00408));
#11418=CARTESIAN_POINT('',(0.012065,0.012065,-0.00408));
#11419=CARTESIAN_POINT('',(0.036195,-0.012065,-0.003032));
#11420=CARTESIAN_POINT('',(0.036195,-0.016145,-0.003032));
#11421=CARTESIAN_POINT('',(0.040275,-0.012065,-0.003032));
#11422=CARTESIAN_POINT('',(0.040275,2.87562946701501E-19,-0.003032));
#11423=CARTESIAN_POINT('',(0.040275,0.012065,-0.003032));
#11424=CARTESIAN_POINT('',(0.02413,-0.016145,-0.003032));
#11425=CARTESIAN_POINT('',(0.012065,-0.016145,-0.003032));
#11426=CARTESIAN_POINT('',(0.036195,0.012065,-0.003032));
#11427=CARTESIAN_POINT('',(0.036195,0.016145,-0.003032));
#11428=CARTESIAN_POINT('',(0.012065,-0.012065,-0.003032));
#11429=CARTESIAN_POINT('',(0.007985,-0.012065,-0.003032));
#11430=CARTESIAN_POINT('',(0.02413,0.016145,-0.003032));
#11431=CARTESIAN_POINT('',(0.012065,0.016145,-0.003032));
#11432=CARTESIAN_POINT('',(0.007985,2.90168985905984E-18,-0.003032));
#11433=CARTESIAN_POINT('',(0.007985,0.012065,-0.003032));
#11434=CARTESIAN_POINT('',(0.012065,0.012065,-0.003032));
#11435=CARTESIAN_POINT('',(0.0366522,0.0125222,0.000127));
#11436=CARTESIAN_POINT('',(0.0378022,0.0125222,-0.000473));
#11437=CARTESIAN_POINT('',(0.0378022,0.0125222,-0.000473));
#11438=CARTESIAN_POINT('',(0.0355022,0.0125222,-0.000473));
#11439=CARTESIAN_POINT('',(0.0355022,0.0125222,-0.000473));
#11440=CARTESIAN_POINT('',(0.0366522,0.0125222,-0.000473));
#11441=CARTESIAN_POINT('',(0.0366522,0.0125222,-0.004832));
#11442=CARTESIAN_POINT('',(0.0378022,0.0125222,-0.004832));
#11443=CARTESIAN_POINT('',(0.0366522,0.0125222,-0.001032));
#11444=CARTESIAN_POINT('',(0.0371079714688601,0.0092679614764475,-0.001032));
#11445=CARTESIAN_POINT('',(0.0333979614764475,0.01297797146886,-0.001032));
#11446=CARTESIAN_POINT('',(0.03710797146886,0.00926796147644749,-0.002032));
#11447=CARTESIAN_POINT('',(0.0369692704740761,0.0102582957806327,-0.00203199999999999));
#11448=CARTESIAN_POINT('',(0.0369692704740761,0.0102582957806327,-0.001032));
#11449=CARTESIAN_POINT('',(0.0369549797344497,0.00931211378634784,-0.002032));
#11450=CARTESIAN_POINT('',(0.0369085803918832,0.0102497958112618,-0.00196909695206864));
#11451=CARTESIAN_POINT('',(0.0367833665393727,0.0102322590569035,-0.00103200003436709));
#11452=CARTESIAN_POINT('',(0.0366275250087636,0.0094585215785179,-0.00207306987961194));
#11453=CARTESIAN_POINT('',(0.036692259551286,0.010206572045471,-0.00186170038524326));
#11454=CARTESIAN_POINT('',(0.0364148359858331,0.0102276411696341,-0.00113144285551483));
#11455=CARTESIAN_POINT('',(0.0361048844135704,0.00980920718781591,-0.002199294711443));
#11456=CARTESIAN_POINT('',(0.0361492589390628,0.0102560219700167,-0.00190612706672532));
#11457=CARTESIAN_POINT('',(0.0359096379603652,0.0103413216937339,-0.00143637411168046));
#11458=CARTESIAN_POINT('',(0.0355689477912942,0.0102474238272518,-0.00234843001948398));
#11459=CARTESIAN_POINT('',(0.0355863618844746,0.0104622818521246,-0.00209238225326641));
#11460=CARTESIAN_POINT('',(0.0354601772132848,0.010549049317603,-0.00179553209885803));
#11461=CARTESIAN_POINT('',(0.034963694295361,0.0108141470707762,-0.00245795855429144));
#11462=CARTESIAN_POINT('',(0.035018587813238,0.010872343118544,-0.00226559362745152));
#11463=CARTESIAN_POINT('',(0.0350256660571079,0.010882901012303,-0.00205870957500583));
#11464=CARTESIAN_POINT('',(0.0343853763053224,0.0114296077883988,-0.00235163161114979));
#11465=CARTESIAN_POINT('',(0.0345965630553305,0.0114465308452248,-0.00209722399645445));
#11466=CARTESIAN_POINT('',(0.0346830077755438,0.0113226450487157,-0.0018032300745566));
#11467=CARTESIAN_POINT('',(0.033946520569173,0.0119651618062681,-0.00220170990247827));
#11468=CARTESIAN_POINT('',(0.0343883583809047,0.0120091045831543,-0.00190799835301523));
#11469=CARTESIAN_POINT('',(0.0344743417457274,0.0117708988985194,-0.00144220298546081));
#11470=CARTESIAN_POINT('',(0.0335901868851974,0.0124937556275203,-0.00207364135979261));
#11471=CARTESIAN_POINT('',(0.0343357660917258,0.0125597608095587,-0.00186051388455485));
#11472=CARTESIAN_POINT('',(0.0343575390631937,0.012280544555387,-0.00113282751777833));
#11473=CARTESIAN_POINT('',(0.0334422736927852,0.0128244256389225,-0.002032));
#11474=CARTESIAN_POINT('',(0.034379765999059,0.0127783675286803,-0.00196887632396063));
#11475=CARTESIAN_POINT('',(0.0343621647586427,0.0126526932435352,-0.00103200003150091));
#11476=CARTESIAN_POINT('',(0.0333979614764475,0.01297797146886,-0.002032));
#11477=CARTESIAN_POINT('',(0.0343882957806327,0.0128392704740761,-0.002032));
#11478=CARTESIAN_POINT('',(0.0343882957806327,0.0128392704740761,-0.001032));
#11479=CARTESIAN_POINT('',(0.02413,0.,-0.004832));
#11480=CARTESIAN_POINT('',(0.0116078,0.0125222,-0.001032));
#11481=CARTESIAN_POINT('',(0.0148620385235525,0.01297797146886,-0.001032));
#11482=CARTESIAN_POINT('',(0.01115202853114,0.0092679614764475,-0.001032));
#11483=CARTESIAN_POINT('',(0.0148620385235525,0.01297797146886,-0.002032));
#11484=CARTESIAN_POINT('',(0.0138717042193673,0.0128392704740761,-0.002032));
#11485=CARTESIAN_POINT('',(0.0138717042193673,0.0128392704740761,-0.001032));
#11486=CARTESIAN_POINT('',(0.0148178862136507,0.0128249797344389,-0.002032));
#11487=CARTESIAN_POINT('',(0.0138802041887418,0.0127785803918748,-0.00196909695206404));
#11488=CARTESIAN_POINT('',(0.0138977409430969,0.0126533665393697,-0.00103200003436709));
#11489=CARTESIAN_POINT('',(0.0146714784214827,0.0124975250087686,-0.00207306987961194));
#11490=CARTESIAN_POINT('',(0.0139234279545275,0.0125622595512894,-0.0018617003852451));
#11491=CARTESIAN_POINT('',(0.0139023588303657,0.0122848359858345,-0.00113144285551484));
#11492=CARTESIAN_POINT('',(0.0143207928121839,0.011974884413569,-0.00219929471144301));
#11493=CARTESIAN_POINT('',(0.0138739780299837,0.0120192589390621,-0.00190612706672488));
#11494=CARTESIAN_POINT('',(0.0137886783062661,0.0117796379603649,-0.00143637411168047));
#11495=CARTESIAN_POINT('',(0.0138825761727482,0.0114389477912945,-0.00234843001948398));
#11496=CARTESIAN_POINT('',(0.0136677181478753,0.0114563618844746,-0.00209238225326652));
#11497=CARTESIAN_POINT('',(0.013580950682397,0.0113301772132849,-0.00179553209885804));
#11498=CARTESIAN_POINT('',(0.0133158529292237,0.0108336942953608,-0.00245795855429144));
#11499=CARTESIAN_POINT('',(0.0132576568814561,0.010888587813238,-0.00226559362745156));
#11500=CARTESIAN_POINT('',(0.0132470989876969,0.0108956660571079,-0.00205870957500584));
#11501=CARTESIAN_POINT('',(0.0127003922116015,0.0102553763053225,-0.00235163161114979));
#11502=CARTESIAN_POINT('',(0.0126834691547752,0.0104665630553302,-0.00209722399645418));
#11503=CARTESIAN_POINT('',(0.0128073549512845,0.0105530077755437,-0.00180323007455659));
#11504=CARTESIAN_POINT('',(0.0121648381937307,0.00981652056917258,-0.00220170990247827));
#11505=CARTESIAN_POINT('',(0.0121208954168456,0.0102583583809055,-0.00190799835301623));
#11506=CARTESIAN_POINT('',(0.0123591011014802,0.0103443417457275,-0.00144220298546081));
#11507=CARTESIAN_POINT('',(0.0116362443724841,0.00946018688519884,-0.00207364135979261));
#11508=CARTESIAN_POINT('',(0.0115702391904429,0.0102057660917225,-0.00186051388455079));
#11509=CARTESIAN_POINT('',(0.0118494554446147,0.0102275390631934,-0.00113282751777833));
#11510=CARTESIAN_POINT('',(0.0113055743610681,0.00931227369278215,-0.002032));
#11511=CARTESIAN_POINT('',(0.0113516324713147,0.010249765999067,-0.00196887632397071));
#11512=CARTESIAN_POINT('',(0.011477306756461,0.0102321647586433,-0.00103200003150091));
#11513=CARTESIAN_POINT('',(0.01115202853114,0.00926796147644751,-0.002032));
#11514=CARTESIAN_POINT('',(0.0112907295259239,0.0102582957806327,-0.00203199999999999));
#11515=CARTESIAN_POINT('',(0.0112907295259239,0.0102582957806327,-0.001032));
#11516=CARTESIAN_POINT('',(0.02413,0.,-0.004832));
#11517=CARTESIAN_POINT('',(0.0116078,-0.0125222,0.000127));
#11518=CARTESIAN_POINT('',(0.0104578,-0.0125222,-0.000473));
#11519=CARTESIAN_POINT('',(0.0104578,-0.0125222,-0.000473));
#11520=CARTESIAN_POINT('',(0.0127578,-0.0125222,-0.000473));
#11521=CARTESIAN_POINT('',(0.0127578,-0.0125222,-0.000473));
#11522=CARTESIAN_POINT('',(0.0116078,-0.0125222,-0.000473));
#11523=CARTESIAN_POINT('',(0.0116078,-0.0125222,-0.004832));
#11524=CARTESIAN_POINT('',(0.0127578,-0.0125222,-0.004832));
#11525=CARTESIAN_POINT('',(0.0116078,-0.0125222,-0.001032));
#11526=CARTESIAN_POINT('',(0.01115202853114,-0.00926796147644749,-0.001032));
#11527=CARTESIAN_POINT('',(0.0148620385235525,-0.01297797146886,-0.001032));
#11528=CARTESIAN_POINT('',(0.01115202853114,-0.00926796147644748,-0.002032));
#11529=CARTESIAN_POINT('',(0.0112907295259239,-0.0102582957806327,-0.00203200000000001));
#11530=CARTESIAN_POINT('',(0.0112907295259239,-0.0102582957806327,-0.001032));
#11531=CARTESIAN_POINT('',(0.0113050202655615,-0.00931211378635578,-0.002032));
#11532=CARTESIAN_POINT('',(0.0113514196081228,-0.0102497958112628,-0.00196909695205985));
#11533=CARTESIAN_POINT('',(0.0114766334606293,-0.0102322590569032,-0.00103200003436709));
#11534=CARTESIAN_POINT('',(0.0116324749912312,-0.00945852157851423,-0.00207306987961195));
#11535=CARTESIAN_POINT('',(0.0115677404487118,-0.0102065720454705,-0.00186170038524681));
#11536=CARTESIAN_POINT('',(0.0118451640141659,-0.0102276411696342,-0.00113144285551484));
#11537=CARTESIAN_POINT('',(0.012155115586431,-0.0098092071878169,-0.002199294711443));
#11538=CARTESIAN_POINT('',(0.0121107410609375,-0.0102560219700168,-0.00190612706672444));
#11539=CARTESIAN_POINT('',(0.012350362039635,-0.0103413216937339,-0.00143637411168046));
#11540=CARTESIAN_POINT('',(0.0126910522087055,-0.0102474238272516,-0.00234843001948398));
#11541=CARTESIAN_POINT('',(0.0126736381155255,-0.0104622818521246,-0.00209238225326667));
#11542=CARTESIAN_POINT('',(0.0127998227867152,-0.010549049317603,-0.00179553209885803));
#11543=CARTESIAN_POINT('',(0.013296305704639,-0.0108141470707762,-0.00245795855429144));
#11544=CARTESIAN_POINT('',(0.013241412186762,-0.0108723431185439,-0.0022655936274514));
#11545=CARTESIAN_POINT('',(0.0132343339428921,-0.010882901012303,-0.00205870957500585));
#11546=CARTESIAN_POINT('',(0.0138746236946781,-0.011429607788399,-0.00235163161114978));
#11547=CARTESIAN_POINT('',(0.0136634369446697,-0.0114465308452248,-0.00209722399645464));
#11548=CARTESIAN_POINT('',(0.0135769922244563,-0.0113226450487156,-0.00180323007455658));
#11549=CARTESIAN_POINT('',(0.0143134794308251,-0.0119651618062673,-0.00220170990247827));
#11550=CARTESIAN_POINT('',(0.0138716416190945,-0.0120091045831538,-0.00190799835301458));
#11551=CARTESIAN_POINT('',(0.0137856582542726,-0.0117708988985197,-0.00144220298546081));
#11552=CARTESIAN_POINT('',(0.0146698131148099,-0.0124937556275233,-0.00207364135979261));
#11553=CARTESIAN_POINT('',(0.0139242339082774,-0.0125597608095614,-0.00186051388455752));
#11554=CARTESIAN_POINT('',(0.0139024609368065,-0.0122805445553858,-0.00113282751777833));
#11555=CARTESIAN_POINT('',(0.0148177263071991,-0.0128244256389159,-0.00203200000000001));
#11556=CARTESIAN_POINT('',(0.0138802340009336,-0.0127783675286732,-0.00196887632395401));
#11557=CARTESIAN_POINT('',(0.0138978352413569,-0.012652693243538,-0.00103200003150091));
#11558=CARTESIAN_POINT('',(0.0148620385235525,-0.01297797146886,-0.002032));
#11559=CARTESIAN_POINT('',(0.0138717042193673,-0.0128392704740761,-0.00203200000000004));
#11560=CARTESIAN_POINT('',(0.0138717042193673,-0.0128392704740761,-0.001032));
#11561=CARTESIAN_POINT('',(0.02413,0.,-0.004832));
#11562=CARTESIAN_POINT('',(0.0366522,-0.0125222,-0.001032));
#11563=CARTESIAN_POINT('',(0.0333979614764475,-0.01297797146886,-0.001032));
#11564=CARTESIAN_POINT('',(0.0371079714688601,-0.0092679614764475,-0.001032));
#11565=CARTESIAN_POINT('',(0.0333979614764475,-0.01297797146886,-0.002032));
#11566=CARTESIAN_POINT('',(0.0343882957806327,-0.0128392704740761,-0.00203199999999999));
#11567=CARTESIAN_POINT('',(0.0343882957806327,-0.0128392704740761,-0.001032));
#11568=CARTESIAN_POINT('',(0.0334421137863383,-0.0128249797344473,-0.002032));
#11569=CARTESIAN_POINT('',(0.0343797958112502,-0.0127785803918825,-0.00196909695206908));
#11570=CARTESIAN_POINT('',(0.0343622590569032,-0.0126533665393707,-0.00103200003436709));
#11571=CARTESIAN_POINT('',(0.0335885215785224,-0.0124975250087647,-0.00207306987961195));
#11572=CARTESIAN_POINT('',(0.034336572045476,-0.0125622595512863,-0.00186170038524308));
#11573=CARTESIAN_POINT('',(0.0343576411696342,-0.012284835985834,-0.00113144285551484));
#11574=CARTESIAN_POINT('',(0.0339392071878147,-0.01197488441357,-0.002199294711443));
#11575=CARTESIAN_POINT('',(0.0343860219700155,-0.0120192589390627,-0.00190612706672536));
#11576=CARTESIAN_POINT('',(0.0344713216937339,-0.011779637960365,-0.00143637411168047));
#11577=CARTESIAN_POINT('',(0.0343774238272522,-0.0114389477912942,-0.00234843001948399));
#11578=CARTESIAN_POINT('',(0.0345922818521249,-0.0114563618844745,-0.00209238225326641));
#11579=CARTESIAN_POINT('',(0.034679049317603,-0.0113301772132848,-0.00179553209885804));
#11580=CARTESIAN_POINT('',(0.0349441470707762,-0.010833694295361,-0.00245795855429144));
#11581=CARTESIAN_POINT('',(0.0350023431185439,-0.010888587813238,-0.00226559362745154));
#11582=CARTESIAN_POINT('',(0.0350129010123032,-0.0108956660571079,-0.00205870957500584));
#11583=CARTESIAN_POINT('',(0.0355596077883986,-0.0102553763053222,-0.00235163161114977));
#11584=CARTESIAN_POINT('',(0.0355765308452249,-0.0104665630553302,-0.00209722399645434));
#11585=CARTESIAN_POINT('',(0.0354526450487152,-0.0105530077755437,-0.00180323007455656));
#11586=CARTESIAN_POINT('',(0.0360951618062694,-0.00981652056917372,-0.00220170990247827));
#11587=CARTESIAN_POINT('',(0.0361391045831539,-0.0102583583809055,-0.00190799835301557));
#11588=CARTESIAN_POINT('',(0.0359008988985213,-0.0103443417457277,-0.0014422029854608));
#11589=CARTESIAN_POINT('',(0.0366237556275156,-0.00946018688519456,-0.0020736413597926));
#11590=CARTESIAN_POINT('',(0.0366897608095601,-0.0102057660917224,-0.00186051388455349));
#11591=CARTESIAN_POINT('',(0.0364105445553799,-0.0102275390631926,-0.00113282751777831));
#11592=CARTESIAN_POINT('',(0.0369544256389328,-0.00931227369279129,-0.002032));
#11593=CARTESIAN_POINT('',(0.0369083675286776,-0.010249765999067,-0.001968876323964));
#11594=CARTESIAN_POINT('',(0.0367826932435507,-0.0102321647586449,-0.00103200003150091));
#11595=CARTESIAN_POINT('',(0.03710797146886,-0.00926796147644749,-0.002032));
#11596=CARTESIAN_POINT('',(0.0369692704740761,-0.0102582957806327,-0.00203200000000002));
#11597=CARTESIAN_POINT('',(0.0369692704740761,-0.0102582957806327,-0.001032));
#11598=CARTESIAN_POINT('',(0.02413,0.,-0.004832));
#11599=CARTESIAN_POINT('',(0.023562,0.,-0.000473));
#11600=CARTESIAN_POINT('',(0.0355022,-1.7347234759768E-18,-0.000473));
#11601=CARTESIAN_POINT('',(0.0378022,-3.46944695195361E-18,-0.000473));
#11602=CARTESIAN_POINT('',(0.0355022,-1.7347234759768E-18,-0.000473));
#11603=CARTESIAN_POINT('',(0.0378022,-3.46944695195361E-18,-0.000473));
#11604=CARTESIAN_POINT('',(0.023562,0.,-0.000473));
#11605=CARTESIAN_POINT('',(0.0104578,1.7347234759768E-18,-0.000473));
#11606=CARTESIAN_POINT('',(0.0127578,1.7347234759768E-18,-0.000473));
#11607=CARTESIAN_POINT('',(0.0127578,1.7347234759768E-18,-0.000473));
#11608=CARTESIAN_POINT('',(0.0104578,1.7347234759768E-18,-0.000473));
#11609=CARTESIAN_POINT('',(0.023562,0.,-0.000473));
#11610=CARTESIAN_POINT('',(0.0127578,1.7347234759768E-18,-0.000473));
#11611=CARTESIAN_POINT('',(0.0104578,1.7347234759768E-18,-0.000473));
#11612=CARTESIAN_POINT('',(0.0127578,1.7347234759768E-18,-0.000473));
#11613=CARTESIAN_POINT('',(0.0104578,1.7347234759768E-18,-0.000473));
#11614=CARTESIAN_POINT('',(0.023562,0.,-0.000473));
#11615=CARTESIAN_POINT('',(0.0355022,-1.7347234759768E-18,-0.000473));
#11616=CARTESIAN_POINT('',(0.0378022,-3.46944695195361E-18,-0.000473));
#11617=CARTESIAN_POINT('',(0.0378022,-3.46944695195361E-18,-0.000473));
#11618=CARTESIAN_POINT('',(0.0355022,-1.7347234759768E-18,-0.000473));
#11619=CARTESIAN_POINT('',(0.02413,0.,-0.000762));
#11620=CARTESIAN_POINT('',(0.02413,1.08177133924683E-19,-0.000762));
#11621=CARTESIAN_POINT('',(0.025305,1.08177133924683E-19,-0.000762));
#11622=CARTESIAN_POINT('',(0.02413,7.65404249467096E-20,-0.000762));
#11623=CARTESIAN_POINT('',(0.02541,7.65404249467096E-20,-0.000762));
#11624=CARTESIAN_POINT('',(0.02413,1.08177133924683E-19,-0.004826));
#11625=CARTESIAN_POINT('',(0.02413,1.08177133924683E-19,-0.00145482032302755));
#11626=CARTESIAN_POINT('',(0.024905,1.08177133924683E-19,-0.00145482032302755));
#11627=CARTESIAN_POINT('',(0.02413,1.08177133924683E-19,-0.004826));
#11628=CARTESIAN_POINT('',(0.024905,1.08177133924683E-19,-0.004826));
#11629=CARTESIAN_POINT('',(0.02413,0.,-0.004826));
#11630=CARTESIAN_POINT('',(0.02413,7.65404249467096E-20,-0.000732));
#11631=CARTESIAN_POINT('',(0.02413,1.08177133924683E-19,-0.00145482032302755));
#11632=CARTESIAN_POINT('',(0.02413,-0.002032,-0.00408));
#11633=CARTESIAN_POINT('',(0.02413,-0.002032,-0.00408));
#11634=CARTESIAN_POINT('',(0.02338,-0.002032,-0.00408));
#11635=CARTESIAN_POINT('',(0.02413,0.,-0.00408));
#11636=CARTESIAN_POINT('',(0.02713,-0.002032,-0.00408));
#11637=CARTESIAN_POINT('',(0.02713,-0.002032,-0.00408));
#11638=CARTESIAN_POINT('',(0.02638,-0.002032,-0.00408));
#11639=CARTESIAN_POINT('',(0.02413,0.,-0.00408));
#11640=CARTESIAN_POINT('',(0.02113,-0.002032,-0.00408));
#11641=CARTESIAN_POINT('',(0.02113,-0.002032,-0.00408));
#11642=CARTESIAN_POINT('',(0.02038,-0.002032,-0.00408));
#11643=CARTESIAN_POINT('',(0.02413,0.,-0.00408));
#11644=CARTESIAN_POINT('',(0.02113,0.002032,-0.00408));
#11645=CARTESIAN_POINT('',(0.02113,0.002032,-0.00408));
#11646=CARTESIAN_POINT('',(0.02038,0.002032,-0.00408));
#11647=CARTESIAN_POINT('',(0.02413,0.,-0.00408));
#11648=MECHANICAL_DESIGN_GEOMETRIC_PRESENTATION_REPRESENTATION('',(#4499),
#11649);
#11649=(
GEOMETRIC_REPRESENTATION_CONTEXT(3)
GLOBAL_UNCERTAINTY_ASSIGNED_CONTEXT((#11650))
GLOBAL_UNIT_ASSIGNED_CONTEXT((#11653,#11652,#11651))
REPRESENTATION_CONTEXT('Motor Support','TOP_LEVEL_ASSEMBLY_PART')
);
#11650=UNCERTAINTY_MEASURE_WITH_UNIT(LENGTH_MEASURE(2.E-5),#11653,
'DISTANCE_ACCURACY_VALUE','Maximum Tolerance applied to model');
#11651=(
NAMED_UNIT(*)
SI_UNIT($,.STERADIAN.)
SOLID_ANGLE_UNIT()
);
#11652=(
NAMED_UNIT(*)
PLANE_ANGLE_UNIT()
SI_UNIT($,.RADIAN.)
);
#11653=(
LENGTH_UNIT()
NAMED_UNIT(*)
SI_UNIT($,.METRE.)
);
#11654=PRODUCT_DEFINITION_SHAPE('','',#11655);
#11655=PRODUCT_DEFINITION('','',#11657,#11656);
#11656=PRODUCT_DEFINITION_CONTEXT('',#11663,'design');
#11657=PRODUCT_DEFINITION_FORMATION_WITH_SPECIFIED_SOURCE('','',#11659,
 .NOT_KNOWN.);
#11658=PRODUCT_RELATED_PRODUCT_CATEGORY('','',(#11659));
#11659=PRODUCT('Motor Support','Motor Support','Motor Support',(#11661));
#11660=PRODUCT_CATEGORY('','');
#11661=PRODUCT_CONTEXT('',#11663,'mechanical');
#11662=APPLICATION_PROTOCOL_DEFINITION('international standard',
'ap242_managed_model_based_3d_engineering',2011,#11663);
#11663=APPLICATION_CONTEXT('managed model based 3d engineering');
ENDSEC;
END-ISO-10303-21;
