ISO-10303-21;
HEADER;
/* Generated by software containing ST-Developer
 * from STEP Tools, Inc. (www.steptools.com) 
 */
/* OPTION: using custom renumber hook */

FILE_DESCRIPTION(
/* description */ ('STEP AP242',
'CAx-IF Rec.Pracs.---Representation and Presentation of Product Manufa
cturing Information (PMI)---4.0---2014-10-13',
'CAx-IF Rec.Pracs.---3D Tessellated Geometry---0.4---2014-09-14','2;1'),

/* implementation_level */ '2;1');

FILE_NAME(
/* name */ '68dd1e1be47e3990940096c0',
/* time_stamp */ '2025-10-01T12:27:07Z',
/* author */ (''),
/* organization */ (''),
/* preprocessor_version */ 'ST-DEVELOPER v20',
/* originating_system */ 'ONSHAPE BY PTC INC, 1.204',
/* authorisation */ '  ');

FILE_SCHEMA (('AP242_MANAGED_MODEL_BASED_3D_ENGINEERING_MIM_LF { 1 0 10303 442 1 1 4 }'));
ENDSEC;

DATA;
#10=SHAPE_REPRESENTATION_RELATIONSHIP('','',#3217,#11);
#11=ADVANCED_BREP_SHAPE_REPRESENTATION('',(#3215),#5767);
#12=TOROIDAL_SURFACE('',#3233,0.001016,0.000508);
#13=TOROIDAL_SURFACE('',#3237,0.00127,0.000508);
#14=TOROIDAL_SURFACE('',#3241,0.001016,0.000508);
#15=TOROIDAL_SURFACE('',#3250,0.001016,0.000508);
#16=TOROIDAL_SURFACE('',#3254,0.00127,0.000508);
#17=TOROIDAL_SURFACE('',#3258,0.001016,0.000508);
#18=TOROIDAL_SURFACE('',#3281,0.001016,0.000508);
#19=TOROIDAL_SURFACE('',#3285,0.00127,0.000508);
#20=TOROIDAL_SURFACE('',#3289,0.001016,0.000508);
#21=TOROIDAL_SURFACE('',#3298,0.001016,0.000508);
#22=TOROIDAL_SURFACE('',#3302,0.00127,0.000508);
#23=TOROIDAL_SURFACE('',#3306,0.001016,0.000508);
#24=TOROIDAL_SURFACE('',#3329,0.001016,0.000508);
#25=TOROIDAL_SURFACE('',#3333,0.00127,0.000508);
#26=TOROIDAL_SURFACE('',#3337,0.001016,0.000508);
#27=TOROIDAL_SURFACE('',#3346,0.001016,0.000508);
#28=TOROIDAL_SURFACE('',#3350,0.00127,0.000508);
#29=TOROIDAL_SURFACE('',#3354,0.001016,0.000508);
#30=TOROIDAL_SURFACE('',#3377,0.001016,0.000508);
#31=TOROIDAL_SURFACE('',#3381,0.00127,0.000508);
#32=TOROIDAL_SURFACE('',#3385,0.001016,0.000508);
#33=TOROIDAL_SURFACE('',#3394,0.001016,0.000508);
#34=TOROIDAL_SURFACE('',#3398,0.00127,0.000508);
#35=TOROIDAL_SURFACE('',#3402,0.001016,0.000508);
#36=TOROIDAL_SURFACE('',#3425,0.001016,0.000508);
#37=TOROIDAL_SURFACE('',#3429,0.00127,0.000508);
#38=TOROIDAL_SURFACE('',#3433,0.001016,0.000508);
#39=TOROIDAL_SURFACE('',#3442,0.001016,0.000508);
#40=TOROIDAL_SURFACE('',#3446,0.00127,0.000508);
#41=TOROIDAL_SURFACE('',#3450,0.001016,0.000508);
#42=TOROIDAL_SURFACE('',#3473,0.001016,0.000508);
#43=TOROIDAL_SURFACE('',#3477,0.00127,0.000508);
#44=TOROIDAL_SURFACE('',#3481,0.001016,0.000508);
#45=TOROIDAL_SURFACE('',#3490,0.001016,0.000508);
#46=TOROIDAL_SURFACE('',#3494,0.00127,0.000508);
#47=TOROIDAL_SURFACE('',#3498,0.001016,0.000508);
#48=TOROIDAL_SURFACE('',#3521,0.001016,0.000508);
#49=TOROIDAL_SURFACE('',#3525,0.00127,0.000508);
#50=TOROIDAL_SURFACE('',#3529,0.001016,0.000508);
#51=TOROIDAL_SURFACE('',#3538,0.001016,0.000508);
#52=TOROIDAL_SURFACE('',#3542,0.00127,0.000508);
#53=TOROIDAL_SURFACE('',#3546,0.001016,0.000508);
#54=TOROIDAL_SURFACE('',#3600,0.001016,0.000508);
#55=TOROIDAL_SURFACE('',#3602,0.00127,0.000508);
#56=TOROIDAL_SURFACE('',#3604,0.001016,0.000508);
#57=TOROIDAL_SURFACE('',#3609,0.001016,0.000508);
#58=TOROIDAL_SURFACE('',#3611,0.00127,0.000508);
#59=TOROIDAL_SURFACE('',#3613,0.001016,0.000508);
#60=B_SPLINE_CURVE_WITH_KNOTS('',3,(#4675,#4676,#4677,#4678),
 .UNSPECIFIED.,.F.,.F.,(4,4),(0.,0.000207701942998213),.UNSPECIFIED.);
#61=B_SPLINE_CURVE_WITH_KNOTS('',3,(#4680,#4681,#4682,#4683),
 .UNSPECIFIED.,.F.,.F.,(4,4),(0.00123054711664525,0.00268724432279997),
 .UNSPECIFIED.);
#62=B_SPLINE_CURVE_WITH_KNOTS('',3,(#4685,#4686,#4687,#4688),
 .UNSPECIFIED.,.F.,.F.,(4,4),(2.84603070277445E-19,0.00020770337869175),
 .UNSPECIFIED.);
#63=B_SPLINE_CURVE_WITH_KNOTS('',3,(#4696,#4697,#4698,#4699),
 .UNSPECIFIED.,.F.,.F.,(4,4),(1.16551733542192E-18,0.000207701942998217),
 .UNSPECIFIED.);
#64=B_SPLINE_CURVE_WITH_KNOTS('',3,(#4701,#4702,#4703,#4704),
 .UNSPECIFIED.,.F.,.F.,(4,4),(0.00123054711664524,0.00268724432279994),
 .UNSPECIFIED.);
#65=B_SPLINE_CURVE_WITH_KNOTS('',3,(#4706,#4707,#4708,#4709),
 .UNSPECIFIED.,.F.,.F.,(4,4),(0.,0.000207703378691756),.UNSPECIFIED.);
#66=B_SPLINE_CURVE_WITH_KNOTS('',3,(#4786,#4787,#4788,#4789),
 .UNSPECIFIED.,.F.,.F.,(4,4),(0.,0.000207703378691753),.UNSPECIFIED.);
#67=B_SPLINE_CURVE_WITH_KNOTS('',3,(#4798,#4799,#4800,#4801),
 .UNSPECIFIED.,.F.,.F.,(4,4),(1.16551733542192E-18,0.000207701942998216),
 .UNSPECIFIED.);
#68=B_SPLINE_CURVE_WITH_KNOTS('',3,(#4816,#4817,#4818,#4819),
 .UNSPECIFIED.,.F.,.F.,(4,4),(0.00123054711664525,0.00268724432279994),
 .UNSPECIFIED.);
#69=B_SPLINE_CURVE_WITH_KNOTS('',3,(#4828,#4829,#4830,#4831),
 .UNSPECIFIED.,.F.,.F.,(4,4),(0.,0.000207701942998222),.UNSPECIFIED.);
#70=B_SPLINE_CURVE_WITH_KNOTS('',3,(#4833,#4834,#4835,#4836),
 .UNSPECIFIED.,.F.,.F.,(4,4),(0.00123054711664525,0.00268724432279995),
 .UNSPECIFIED.);
#71=B_SPLINE_CURVE_WITH_KNOTS('',3,(#4838,#4839,#4840,#4841),
 .UNSPECIFIED.,.F.,.F.,(4,4),(2.84603070277445E-19,0.000207703378691755),
 .UNSPECIFIED.);
#72=B_SPLINE_CURVE_WITH_KNOTS('',3,(#4920,#4921,#4922,#4923),
 .UNSPECIFIED.,.F.,.F.,(4,4),(0.,0.000207703378691754),.UNSPECIFIED.);
#73=B_SPLINE_CURVE_WITH_KNOTS('',3,(#4932,#4933,#4934,#4935),
 .UNSPECIFIED.,.F.,.F.,(4,4),(1.1855169476654E-18,0.000207701942998216),
 .UNSPECIFIED.);
#74=B_SPLINE_CURVE_WITH_KNOTS('',3,(#4950,#4951,#4952,#4953),
 .UNSPECIFIED.,.F.,.F.,(4,4),(0.00123054711664525,0.00268724432279994),
 .UNSPECIFIED.);
#75=B_SPLINE_CURVE_WITH_KNOTS('',3,(#4962,#4963,#4964,#4965),
 .UNSPECIFIED.,.F.,.F.,(4,4),(0.,0.000207701942998224),.UNSPECIFIED.);
#76=B_SPLINE_CURVE_WITH_KNOTS('',3,(#4967,#4968,#4969,#4970),
 .UNSPECIFIED.,.F.,.F.,(4,4),(0.00123054711664525,0.00268724432279996),
 .UNSPECIFIED.);
#77=B_SPLINE_CURVE_WITH_KNOTS('',3,(#4972,#4973,#4974,#4975),
 .UNSPECIFIED.,.F.,.F.,(4,4),(2.84603070277445E-19,0.000207703378691755),
 .UNSPECIFIED.);
#78=B_SPLINE_CURVE_WITH_KNOTS('',3,(#5054,#5055,#5056,#5057),
 .UNSPECIFIED.,.F.,.F.,(4,4),(0.,0.000207703378691752),.UNSPECIFIED.);
#79=B_SPLINE_CURVE_WITH_KNOTS('',3,(#5066,#5067,#5068,#5069),
 .UNSPECIFIED.,.F.,.F.,(4,4),(1.16551733542192E-18,0.000207701942998209),
 .UNSPECIFIED.);
#80=B_SPLINE_CURVE_WITH_KNOTS('',3,(#5084,#5085,#5086,#5087),
 .UNSPECIFIED.,.F.,.F.,(4,4),(0.00123054711664523,0.00268724432279993),
 .UNSPECIFIED.);
#81=B_SPLINE_CURVE_WITH_KNOTS('',3,(#5096,#5097,#5098,#5099),
 .UNSPECIFIED.,.F.,.F.,(4,4),(0.,0.000207701942998223),.UNSPECIFIED.);
#82=B_SPLINE_CURVE_WITH_KNOTS('',3,(#5101,#5102,#5103,#5104),
 .UNSPECIFIED.,.F.,.F.,(4,4),(0.00123054711664524,0.00268724432279995),
 .UNSPECIFIED.);
#83=B_SPLINE_CURVE_WITH_KNOTS('',3,(#5106,#5107,#5108,#5109),
 .UNSPECIFIED.,.F.,.F.,(4,4),(2.84603070277445E-19,0.000207703378691756),
 .UNSPECIFIED.);
#84=B_SPLINE_CURVE_WITH_KNOTS('',3,(#5188,#5189,#5190,#5191),
 .UNSPECIFIED.,.F.,.F.,(4,4),(0.,0.000207703378691756),.UNSPECIFIED.);
#85=B_SPLINE_CURVE_WITH_KNOTS('',3,(#5200,#5201,#5202,#5203),
 .UNSPECIFIED.,.F.,.F.,(4,4),(1.16551733542192E-18,0.000207701942998217),
 .UNSPECIFIED.);
#86=B_SPLINE_CURVE_WITH_KNOTS('',3,(#5218,#5219,#5220,#5221),
 .UNSPECIFIED.,.F.,.F.,(4,4),(0.00123054711664524,0.00268724432279994),
 .UNSPECIFIED.);
#87=B_SPLINE_CURVE_WITH_KNOTS('',3,(#5230,#5231,#5232,#5233),
 .UNSPECIFIED.,.F.,.F.,(4,4),(0.,0.000207701942998212),.UNSPECIFIED.);
#88=B_SPLINE_CURVE_WITH_KNOTS('',3,(#5235,#5236,#5237,#5238),
 .UNSPECIFIED.,.F.,.F.,(4,4),(0.00123054711664526,0.00268724432279997),
 .UNSPECIFIED.);
#89=B_SPLINE_CURVE_WITH_KNOTS('',3,(#5240,#5241,#5242,#5243),
 .UNSPECIFIED.,.F.,.F.,(4,4),(2.84603070277445E-19,0.000207703378691751),
 .UNSPECIFIED.);
#90=B_SPLINE_CURVE_WITH_KNOTS('',3,(#5322,#5323,#5324,#5325),
 .UNSPECIFIED.,.F.,.F.,(4,4),(0.,0.000207703378691754),.UNSPECIFIED.);
#91=B_SPLINE_CURVE_WITH_KNOTS('',3,(#5334,#5335,#5336,#5337),
 .UNSPECIFIED.,.F.,.F.,(4,4),(1.16551733542192E-18,0.000207701942998218),
 .UNSPECIFIED.);
#92=B_SPLINE_CURVE_WITH_KNOTS('',3,(#5352,#5353,#5354,#5355),
 .UNSPECIFIED.,.F.,.F.,(4,4),(0.00123054711664526,0.00268724432279994),
 .UNSPECIFIED.);
#93=B_SPLINE_CURVE_WITH_KNOTS('',3,(#5364,#5365,#5366,#5367),
 .UNSPECIFIED.,.F.,.F.,(4,4),(0.,0.000207701942998222),.UNSPECIFIED.);
#94=B_SPLINE_CURVE_WITH_KNOTS('',3,(#5369,#5370,#5371,#5372),
 .UNSPECIFIED.,.F.,.F.,(4,4),(0.00123054711664525,0.00268724432279995),
 .UNSPECIFIED.);
#95=B_SPLINE_CURVE_WITH_KNOTS('',3,(#5374,#5375,#5376,#5377),
 .UNSPECIFIED.,.F.,.F.,(4,4),(2.84603070277445E-19,0.000207703378691755),
 .UNSPECIFIED.);
#96=B_SPLINE_CURVE_WITH_KNOTS('',3,(#5456,#5457,#5458,#5459),
 .UNSPECIFIED.,.F.,.F.,(4,4),(0.,0.000207703378691754),.UNSPECIFIED.);
#97=B_SPLINE_CURVE_WITH_KNOTS('',3,(#5468,#5469,#5470,#5471),
 .UNSPECIFIED.,.F.,.F.,(4,4),(1.1855169476654E-18,0.000207701942998216),
 .UNSPECIFIED.);
#98=B_SPLINE_CURVE_WITH_KNOTS('',3,(#5486,#5487,#5488,#5489),
 .UNSPECIFIED.,.F.,.F.,(4,4),(0.00123054711664525,0.00268724432279994),
 .UNSPECIFIED.);
#99=B_SPLINE_CURVE_WITH_KNOTS('',3,(#5498,#5499,#5500,#5501),
 .UNSPECIFIED.,.F.,.F.,(4,4),(0.,0.000207701942998223),.UNSPECIFIED.);
#100=B_SPLINE_CURVE_WITH_KNOTS('',3,(#5503,#5504,#5505,#5506),
 .UNSPECIFIED.,.F.,.F.,(4,4),(0.00123054711664525,0.00268724432279995),
 .UNSPECIFIED.);
#101=B_SPLINE_CURVE_WITH_KNOTS('',3,(#5508,#5509,#5510,#5511),
 .UNSPECIFIED.,.F.,.F.,(4,4),(2.84603070277445E-19,0.000207703378691754),
 .UNSPECIFIED.);
#102=B_SPLINE_CURVE_WITH_KNOTS('',3,(#5590,#5591,#5592,#5593),
 .UNSPECIFIED.,.F.,.F.,(4,4),(0.,0.000207703378691752),.UNSPECIFIED.);
#103=B_SPLINE_CURVE_WITH_KNOTS('',3,(#5602,#5603,#5604,#5605),
 .UNSPECIFIED.,.F.,.F.,(4,4),(1.16551733542192E-18,0.000207701942998209),
 .UNSPECIFIED.);
#104=B_SPLINE_CURVE_WITH_KNOTS('',3,(#5620,#5621,#5622,#5623),
 .UNSPECIFIED.,.F.,.F.,(4,4),(0.00123054711664526,0.00268724432279995),
 .UNSPECIFIED.);
#105=B_SPLINE_CURVE_WITH_KNOTS('',3,(#5632,#5633,#5634,#5635),
 .UNSPECIFIED.,.F.,.F.,(4,4),(0.,0.000207701942998222),.UNSPECIFIED.);
#106=B_SPLINE_CURVE_WITH_KNOTS('',3,(#5637,#5638,#5639,#5640),
 .UNSPECIFIED.,.F.,.F.,(4,4),(0.00123054711664524,0.00268724432279995),
 .UNSPECIFIED.);
#107=B_SPLINE_CURVE_WITH_KNOTS('',3,(#5642,#5643,#5644,#5645),
 .UNSPECIFIED.,.F.,.F.,(4,4),(2.84603070277445E-19,0.000207703378691756),
 .UNSPECIFIED.);
#108=LINE('',#4673,#316);
#109=LINE('',#4690,#317);
#110=LINE('',#4694,#318);
#111=LINE('',#4711,#319);
#112=LINE('',#4716,#320);
#113=LINE('',#4720,#321);
#114=LINE('',#4743,#322);
#115=LINE('',#4744,#323);
#116=LINE('',#4749,#324);
#117=LINE('',#4753,#325);
#118=LINE('',#4773,#326);
#119=LINE('',#4777,#327);
#120=LINE('',#4779,#328);
#121=LINE('',#4780,#329);
#122=LINE('',#4782,#330);
#123=LINE('',#4784,#331);
#124=LINE('',#4791,#332);
#125=LINE('',#4792,#333);
#126=LINE('',#4794,#334);
#127=LINE('',#4796,#335);
#128=LINE('',#4803,#336);
#129=LINE('',#4805,#337);
#130=LINE('',#4807,#338);
#131=LINE('',#4809,#339);
#132=LINE('',#4811,#340);
#133=LINE('',#4813,#341);
#134=LINE('',#4821,#342);
#135=LINE('',#4822,#343);
#136=LINE('',#4826,#344);
#137=LINE('',#4843,#345);
#138=LINE('',#4850,#346);
#139=LINE('',#4854,#347);
#140=LINE('',#4877,#348);
#141=LINE('',#4878,#349);
#142=LINE('',#4883,#350);
#143=LINE('',#4887,#351);
#144=LINE('',#4907,#352);
#145=LINE('',#4911,#353);
#146=LINE('',#4913,#354);
#147=LINE('',#4914,#355);
#148=LINE('',#4916,#356);
#149=LINE('',#4918,#357);
#150=LINE('',#4925,#358);
#151=LINE('',#4926,#359);
#152=LINE('',#4928,#360);
#153=LINE('',#4930,#361);
#154=LINE('',#4937,#362);
#155=LINE('',#4939,#363);
#156=LINE('',#4941,#364);
#157=LINE('',#4943,#365);
#158=LINE('',#4945,#366);
#159=LINE('',#4947,#367);
#160=LINE('',#4955,#368);
#161=LINE('',#4956,#369);
#162=LINE('',#4960,#370);
#163=LINE('',#4977,#371);
#164=LINE('',#4984,#372);
#165=LINE('',#4988,#373);
#166=LINE('',#5011,#374);
#167=LINE('',#5012,#375);
#168=LINE('',#5017,#376);
#169=LINE('',#5021,#377);
#170=LINE('',#5041,#378);
#171=LINE('',#5045,#379);
#172=LINE('',#5047,#380);
#173=LINE('',#5048,#381);
#174=LINE('',#5050,#382);
#175=LINE('',#5052,#383);
#176=LINE('',#5059,#384);
#177=LINE('',#5060,#385);
#178=LINE('',#5062,#386);
#179=LINE('',#5064,#387);
#180=LINE('',#5071,#388);
#181=LINE('',#5073,#389);
#182=LINE('',#5075,#390);
#183=LINE('',#5077,#391);
#184=LINE('',#5079,#392);
#185=LINE('',#5081,#393);
#186=LINE('',#5089,#394);
#187=LINE('',#5090,#395);
#188=LINE('',#5094,#396);
#189=LINE('',#5111,#397);
#190=LINE('',#5118,#398);
#191=LINE('',#5122,#399);
#192=LINE('',#5145,#400);
#193=LINE('',#5146,#401);
#194=LINE('',#5151,#402);
#195=LINE('',#5155,#403);
#196=LINE('',#5175,#404);
#197=LINE('',#5179,#405);
#198=LINE('',#5181,#406);
#199=LINE('',#5182,#407);
#200=LINE('',#5184,#408);
#201=LINE('',#5186,#409);
#202=LINE('',#5193,#410);
#203=LINE('',#5194,#411);
#204=LINE('',#5196,#412);
#205=LINE('',#5198,#413);
#206=LINE('',#5205,#414);
#207=LINE('',#5207,#415);
#208=LINE('',#5209,#416);
#209=LINE('',#5211,#417);
#210=LINE('',#5213,#418);
#211=LINE('',#5215,#419);
#212=LINE('',#5223,#420);
#213=LINE('',#5224,#421);
#214=LINE('',#5228,#422);
#215=LINE('',#5245,#423);
#216=LINE('',#5252,#424);
#217=LINE('',#5256,#425);
#218=LINE('',#5279,#426);
#219=LINE('',#5280,#427);
#220=LINE('',#5285,#428);
#221=LINE('',#5289,#429);
#222=LINE('',#5309,#430);
#223=LINE('',#5313,#431);
#224=LINE('',#5315,#432);
#225=LINE('',#5316,#433);
#226=LINE('',#5318,#434);
#227=LINE('',#5320,#435);
#228=LINE('',#5327,#436);
#229=LINE('',#5328,#437);
#230=LINE('',#5330,#438);
#231=LINE('',#5332,#439);
#232=LINE('',#5339,#440);
#233=LINE('',#5341,#441);
#234=LINE('',#5343,#442);
#235=LINE('',#5345,#443);
#236=LINE('',#5347,#444);
#237=LINE('',#5349,#445);
#238=LINE('',#5357,#446);
#239=LINE('',#5358,#447);
#240=LINE('',#5362,#448);
#241=LINE('',#5379,#449);
#242=LINE('',#5386,#450);
#243=LINE('',#5390,#451);
#244=LINE('',#5413,#452);
#245=LINE('',#5414,#453);
#246=LINE('',#5419,#454);
#247=LINE('',#5423,#455);
#248=LINE('',#5443,#456);
#249=LINE('',#5447,#457);
#250=LINE('',#5449,#458);
#251=LINE('',#5450,#459);
#252=LINE('',#5452,#460);
#253=LINE('',#5454,#461);
#254=LINE('',#5461,#462);
#255=LINE('',#5462,#463);
#256=LINE('',#5464,#464);
#257=LINE('',#5466,#465);
#258=LINE('',#5473,#466);
#259=LINE('',#5475,#467);
#260=LINE('',#5477,#468);
#261=LINE('',#5479,#469);
#262=LINE('',#5481,#470);
#263=LINE('',#5483,#471);
#264=LINE('',#5491,#472);
#265=LINE('',#5492,#473);
#266=LINE('',#5496,#474);
#267=LINE('',#5513,#475);
#268=LINE('',#5520,#476);
#269=LINE('',#5524,#477);
#270=LINE('',#5547,#478);
#271=LINE('',#5548,#479);
#272=LINE('',#5553,#480);
#273=LINE('',#5557,#481);
#274=LINE('',#5577,#482);
#275=LINE('',#5581,#483);
#276=LINE('',#5583,#484);
#277=LINE('',#5584,#485);
#278=LINE('',#5586,#486);
#279=LINE('',#5588,#487);
#280=LINE('',#5595,#488);
#281=LINE('',#5596,#489);
#282=LINE('',#5598,#490);
#283=LINE('',#5600,#491);
#284=LINE('',#5607,#492);
#285=LINE('',#5609,#493);
#286=LINE('',#5611,#494);
#287=LINE('',#5613,#495);
#288=LINE('',#5615,#496);
#289=LINE('',#5617,#497);
#290=LINE('',#5625,#498);
#291=LINE('',#5626,#499);
#292=LINE('',#5630,#500);
#293=LINE('',#5647,#501);
#294=LINE('',#5651,#502);
#295=LINE('',#5655,#503);
#296=LINE('',#5659,#504);
#297=LINE('',#5663,#505);
#298=LINE('',#5667,#506);
#299=LINE('',#5673,#507);
#300=LINE('',#5677,#508);
#301=LINE('',#5681,#509);
#302=LINE('',#5683,#510);
#303=LINE('',#5687,#511);
#304=LINE('',#5692,#512);
#305=LINE('',#5693,#513);
#306=LINE('',#5701,#514);
#307=LINE('',#5702,#515);
#308=LINE('',#5708,#516);
#309=LINE('',#5710,#517);
#310=LINE('',#5712,#518);
#311=LINE('',#5714,#519);
#312=LINE('',#5716,#520);
#313=LINE('',#5718,#521);
#314=LINE('',#5720,#522);
#315=LINE('',#5722,#523);
#316=VECTOR('',#3650,1.);
#317=VECTOR('',#3651,1.);
#318=VECTOR('',#3654,1.);
#319=VECTOR('',#3655,1.);
#320=VECTOR('',#3660,1.);
#321=VECTOR('',#3663,1.);
#322=VECTOR('',#3692,1.);
#323=VECTOR('',#3693,1.);
#324=VECTOR('',#3698,1.);
#325=VECTOR('',#3701,1.);
#326=VECTOR('',#3728,1.);
#327=VECTOR('',#3731,1.);
#328=VECTOR('',#3734,1.);
#329=VECTOR('',#3735,1.);
#330=VECTOR('',#3738,1.);
#331=VECTOR('',#3739,1.);
#332=VECTOR('',#3742,1.);
#333=VECTOR('',#3743,1.);
#334=VECTOR('',#3746,1.);
#335=VECTOR('',#3747,1.);
#336=VECTOR('',#3750,1.);
#337=VECTOR('',#3753,1.);
#338=VECTOR('',#3754,1.);
#339=VECTOR('',#3757,1.);
#340=VECTOR('',#3760,1.);
#341=VECTOR('',#3761,1.);
#342=VECTOR('',#3768,1.);
#343=VECTOR('',#3769,1.);
#344=VECTOR('',#3774,1.);
#345=VECTOR('',#3775,1.);
#346=VECTOR('',#3782,1.);
#347=VECTOR('',#3785,1.);
#348=VECTOR('',#3814,1.);
#349=VECTOR('',#3815,1.);
#350=VECTOR('',#3820,1.);
#351=VECTOR('',#3823,1.);
#352=VECTOR('',#3850,1.);
#353=VECTOR('',#3853,1.);
#354=VECTOR('',#3856,1.);
#355=VECTOR('',#3857,1.);
#356=VECTOR('',#3860,1.);
#357=VECTOR('',#3861,1.);
#358=VECTOR('',#3864,1.);
#359=VECTOR('',#3865,1.);
#360=VECTOR('',#3868,1.);
#361=VECTOR('',#3869,1.);
#362=VECTOR('',#3872,1.);
#363=VECTOR('',#3875,1.);
#364=VECTOR('',#3876,1.);
#365=VECTOR('',#3879,1.);
#366=VECTOR('',#3882,1.);
#367=VECTOR('',#3883,1.);
#368=VECTOR('',#3890,1.);
#369=VECTOR('',#3891,1.);
#370=VECTOR('',#3896,1.);
#371=VECTOR('',#3897,1.);
#372=VECTOR('',#3904,1.);
#373=VECTOR('',#3907,1.);
#374=VECTOR('',#3936,1.);
#375=VECTOR('',#3937,1.);
#376=VECTOR('',#3942,1.);
#377=VECTOR('',#3945,1.);
#378=VECTOR('',#3972,1.);
#379=VECTOR('',#3975,1.);
#380=VECTOR('',#3978,1.);
#381=VECTOR('',#3979,1.);
#382=VECTOR('',#3982,1.);
#383=VECTOR('',#3983,1.);
#384=VECTOR('',#3986,1.);
#385=VECTOR('',#3987,1.);
#386=VECTOR('',#3990,1.);
#387=VECTOR('',#3991,1.);
#388=VECTOR('',#3994,1.);
#389=VECTOR('',#3997,1.);
#390=VECTOR('',#3998,1.);
#391=VECTOR('',#4001,1.);
#392=VECTOR('',#4004,1.);
#393=VECTOR('',#4005,1.);
#394=VECTOR('',#4012,1.);
#395=VECTOR('',#4013,1.);
#396=VECTOR('',#4018,1.);
#397=VECTOR('',#4019,1.);
#398=VECTOR('',#4026,1.);
#399=VECTOR('',#4029,1.);
#400=VECTOR('',#4058,1.);
#401=VECTOR('',#4059,1.);
#402=VECTOR('',#4064,1.);
#403=VECTOR('',#4067,1.);
#404=VECTOR('',#4094,1.);
#405=VECTOR('',#4097,1.);
#406=VECTOR('',#4100,1.);
#407=VECTOR('',#4101,1.);
#408=VECTOR('',#4104,1.);
#409=VECTOR('',#4105,1.);
#410=VECTOR('',#4108,1.);
#411=VECTOR('',#4109,1.);
#412=VECTOR('',#4112,1.);
#413=VECTOR('',#4113,1.);
#414=VECTOR('',#4116,1.);
#415=VECTOR('',#4119,1.);
#416=VECTOR('',#4120,1.);
#417=VECTOR('',#4123,1.);
#418=VECTOR('',#4126,1.);
#419=VECTOR('',#4127,1.);
#420=VECTOR('',#4134,1.);
#421=VECTOR('',#4135,1.);
#422=VECTOR('',#4140,1.);
#423=VECTOR('',#4141,1.);
#424=VECTOR('',#4148,1.);
#425=VECTOR('',#4151,1.);
#426=VECTOR('',#4180,1.);
#427=VECTOR('',#4181,1.);
#428=VECTOR('',#4186,1.);
#429=VECTOR('',#4189,1.);
#430=VECTOR('',#4216,1.);
#431=VECTOR('',#4219,1.);
#432=VECTOR('',#4222,1.);
#433=VECTOR('',#4223,1.);
#434=VECTOR('',#4226,1.);
#435=VECTOR('',#4227,1.);
#436=VECTOR('',#4230,1.);
#437=VECTOR('',#4231,1.);
#438=VECTOR('',#4234,1.);
#439=VECTOR('',#4235,1.);
#440=VECTOR('',#4238,1.);
#441=VECTOR('',#4241,1.);
#442=VECTOR('',#4242,1.);
#443=VECTOR('',#4245,1.);
#444=VECTOR('',#4248,1.);
#445=VECTOR('',#4249,1.);
#446=VECTOR('',#4256,1.);
#447=VECTOR('',#4257,1.);
#448=VECTOR('',#4262,1.);
#449=VECTOR('',#4263,1.);
#450=VECTOR('',#4270,1.);
#451=VECTOR('',#4273,1.);
#452=VECTOR('',#4302,1.);
#453=VECTOR('',#4303,1.);
#454=VECTOR('',#4308,1.);
#455=VECTOR('',#4311,1.);
#456=VECTOR('',#4338,1.);
#457=VECTOR('',#4341,1.);
#458=VECTOR('',#4344,1.);
#459=VECTOR('',#4345,1.);
#460=VECTOR('',#4348,1.);
#461=VECTOR('',#4349,1.);
#462=VECTOR('',#4352,1.);
#463=VECTOR('',#4353,1.);
#464=VECTOR('',#4356,1.);
#465=VECTOR('',#4357,1.);
#466=VECTOR('',#4360,1.);
#467=VECTOR('',#4363,1.);
#468=VECTOR('',#4364,1.);
#469=VECTOR('',#4367,1.);
#470=VECTOR('',#4370,1.);
#471=VECTOR('',#4371,1.);
#472=VECTOR('',#4378,1.);
#473=VECTOR('',#4379,1.);
#474=VECTOR('',#4384,1.);
#475=VECTOR('',#4385,1.);
#476=VECTOR('',#4392,1.);
#477=VECTOR('',#4395,1.);
#478=VECTOR('',#4424,1.);
#479=VECTOR('',#4425,1.);
#480=VECTOR('',#4430,1.);
#481=VECTOR('',#4433,1.);
#482=VECTOR('',#4460,1.);
#483=VECTOR('',#4463,1.);
#484=VECTOR('',#4466,1.);
#485=VECTOR('',#4467,1.);
#486=VECTOR('',#4470,1.);
#487=VECTOR('',#4471,1.);
#488=VECTOR('',#4474,1.);
#489=VECTOR('',#4475,1.);
#490=VECTOR('',#4478,1.);
#491=VECTOR('',#4479,1.);
#492=VECTOR('',#4482,1.);
#493=VECTOR('',#4485,1.);
#494=VECTOR('',#4486,1.);
#495=VECTOR('',#4489,1.);
#496=VECTOR('',#4492,1.);
#497=VECTOR('',#4493,1.);
#498=VECTOR('',#4500,1.);
#499=VECTOR('',#4501,1.);
#500=VECTOR('',#4506,1.);
#501=VECTOR('',#4507,1.);
#502=VECTOR('',#4512,1.);
#503=VECTOR('',#4515,1.);
#504=VECTOR('',#4520,1.);
#505=VECTOR('',#4523,1.);
#506=VECTOR('',#4526,1.);
#507=VECTOR('',#4533,1.);
#508=VECTOR('',#4536,1.);
#509=VECTOR('',#4539,1.);
#510=VECTOR('',#4542,1.);
#511=VECTOR('',#4545,1.);
#512=VECTOR('',#4550,1.);
#513=VECTOR('',#4551,1.);
#514=VECTOR('',#4558,1.);
#515=VECTOR('',#4559,1.);
#516=VECTOR('',#4566,1.);
#517=VECTOR('',#4567,1.);
#518=VECTOR('',#4570,1.);
#519=VECTOR('',#4571,1.);
#520=VECTOR('',#4574,1.);
#521=VECTOR('',#4575,1.);
#522=VECTOR('',#4578,1.);
#523=VECTOR('',#4579,1.);
#524=PLANE('',#3222);
#525=PLANE('',#3226);
#526=PLANE('',#3268);
#527=PLANE('',#3269);
#528=PLANE('',#3270);
#529=PLANE('',#3271);
#530=PLANE('',#3274);
#531=PLANE('',#3316);
#532=PLANE('',#3317);
#533=PLANE('',#3318);
#534=PLANE('',#3319);
#535=PLANE('',#3322);
#536=PLANE('',#3364);
#537=PLANE('',#3365);
#538=PLANE('',#3366);
#539=PLANE('',#3367);
#540=PLANE('',#3370);
#541=PLANE('',#3412);
#542=PLANE('',#3413);
#543=PLANE('',#3414);
#544=PLANE('',#3415);
#545=PLANE('',#3418);
#546=PLANE('',#3460);
#547=PLANE('',#3461);
#548=PLANE('',#3462);
#549=PLANE('',#3463);
#550=PLANE('',#3466);
#551=PLANE('',#3508);
#552=PLANE('',#3509);
#553=PLANE('',#3510);
#554=PLANE('',#3511);
#555=PLANE('',#3514);
#556=PLANE('',#3556);
#557=PLANE('',#3557);
#558=PLANE('',#3558);
#559=PLANE('',#3559);
#560=PLANE('',#3562);
#561=PLANE('',#3568);
#562=PLANE('',#3572);
#563=PLANE('',#3579);
#564=PLANE('',#3586);
#565=PLANE('',#3587);
#566=PLANE('',#3588);
#567=PLANE('',#3589);
#568=PLANE('',#3618);
#569=PLANE('',#3622);
#570=PLANE('',#3627);
#571=ORIENTED_EDGE('',*,*,#1523,.F.);
#572=ORIENTED_EDGE('',*,*,#1524,.T.);
#573=ORIENTED_EDGE('',*,*,#1523,.T.);
#574=ORIENTED_EDGE('',*,*,#1525,.F.);
#575=ORIENTED_EDGE('',*,*,#1526,.T.);
#576=ORIENTED_EDGE('',*,*,#1525,.T.);
#577=ORIENTED_EDGE('',*,*,#1527,.F.);
#578=ORIENTED_EDGE('',*,*,#1528,.T.);
#579=ORIENTED_EDGE('',*,*,#1529,.T.);
#580=ORIENTED_EDGE('',*,*,#1530,.T.);
#581=ORIENTED_EDGE('',*,*,#1531,.T.);
#582=ORIENTED_EDGE('',*,*,#1532,.T.);
#583=ORIENTED_EDGE('',*,*,#1533,.T.);
#584=ORIENTED_EDGE('',*,*,#1534,.F.);
#585=ORIENTED_EDGE('',*,*,#1535,.T.);
#586=ORIENTED_EDGE('',*,*,#1536,.T.);
#587=ORIENTED_EDGE('',*,*,#1537,.T.);
#588=ORIENTED_EDGE('',*,*,#1538,.F.);
#589=ORIENTED_EDGE('',*,*,#1539,.F.);
#590=ORIENTED_EDGE('',*,*,#1540,.F.);
#591=ORIENTED_EDGE('',*,*,#1541,.F.);
#592=ORIENTED_EDGE('',*,*,#1542,.F.);
#593=ORIENTED_EDGE('',*,*,#1541,.T.);
#594=ORIENTED_EDGE('',*,*,#1543,.F.);
#595=ORIENTED_EDGE('',*,*,#1544,.F.);
#596=ORIENTED_EDGE('',*,*,#1545,.F.);
#597=ORIENTED_EDGE('',*,*,#1544,.T.);
#598=ORIENTED_EDGE('',*,*,#1546,.F.);
#599=ORIENTED_EDGE('',*,*,#1547,.F.);
#600=ORIENTED_EDGE('',*,*,#1548,.F.);
#601=ORIENTED_EDGE('',*,*,#1547,.T.);
#602=ORIENTED_EDGE('',*,*,#1549,.F.);
#603=ORIENTED_EDGE('',*,*,#1550,.F.);
#604=ORIENTED_EDGE('',*,*,#1551,.F.);
#605=ORIENTED_EDGE('',*,*,#1552,.F.);
#606=ORIENTED_EDGE('',*,*,#1553,.F.);
#607=ORIENTED_EDGE('',*,*,#1550,.T.);
#608=ORIENTED_EDGE('',*,*,#1554,.F.);
#609=ORIENTED_EDGE('',*,*,#1555,.F.);
#610=ORIENTED_EDGE('',*,*,#1556,.F.);
#611=ORIENTED_EDGE('',*,*,#1557,.F.);
#612=ORIENTED_EDGE('',*,*,#1558,.F.);
#613=ORIENTED_EDGE('',*,*,#1557,.T.);
#614=ORIENTED_EDGE('',*,*,#1559,.F.);
#615=ORIENTED_EDGE('',*,*,#1560,.F.);
#616=ORIENTED_EDGE('',*,*,#1561,.F.);
#617=ORIENTED_EDGE('',*,*,#1560,.T.);
#618=ORIENTED_EDGE('',*,*,#1562,.F.);
#619=ORIENTED_EDGE('',*,*,#1563,.F.);
#620=ORIENTED_EDGE('',*,*,#1564,.F.);
#621=ORIENTED_EDGE('',*,*,#1563,.T.);
#622=ORIENTED_EDGE('',*,*,#1565,.F.);
#623=ORIENTED_EDGE('',*,*,#1566,.F.);
#624=ORIENTED_EDGE('',*,*,#1567,.F.);
#625=ORIENTED_EDGE('',*,*,#1566,.T.);
#626=ORIENTED_EDGE('',*,*,#1568,.F.);
#627=ORIENTED_EDGE('',*,*,#1569,.F.);
#628=ORIENTED_EDGE('',*,*,#1570,.F.);
#629=ORIENTED_EDGE('',*,*,#1571,.F.);
#630=ORIENTED_EDGE('',*,*,#1565,.T.);
#631=ORIENTED_EDGE('',*,*,#1572,.F.);
#632=ORIENTED_EDGE('',*,*,#1529,.F.);
#633=ORIENTED_EDGE('',*,*,#1573,.F.);
#634=ORIENTED_EDGE('',*,*,#1543,.T.);
#635=ORIENTED_EDGE('',*,*,#1574,.F.);
#636=ORIENTED_EDGE('',*,*,#1575,.F.);
#637=ORIENTED_EDGE('',*,*,#1576,.F.);
#638=ORIENTED_EDGE('',*,*,#1559,.T.);
#639=ORIENTED_EDGE('',*,*,#1577,.F.);
#640=ORIENTED_EDGE('',*,*,#1531,.F.);
#641=ORIENTED_EDGE('',*,*,#1578,.F.);
#642=ORIENTED_EDGE('',*,*,#1549,.T.);
#643=ORIENTED_EDGE('',*,*,#1579,.F.);
#644=ORIENTED_EDGE('',*,*,#1580,.F.);
#645=ORIENTED_EDGE('',*,*,#1577,.T.);
#646=ORIENTED_EDGE('',*,*,#1556,.T.);
#647=ORIENTED_EDGE('',*,*,#1581,.F.);
#648=ORIENTED_EDGE('',*,*,#1532,.F.);
#649=ORIENTED_EDGE('',*,*,#1582,.T.);
#650=ORIENTED_EDGE('',*,*,#1554,.T.);
#651=ORIENTED_EDGE('',*,*,#1578,.T.);
#652=ORIENTED_EDGE('',*,*,#1583,.T.);
#653=ORIENTED_EDGE('',*,*,#1584,.T.);
#654=ORIENTED_EDGE('',*,*,#1568,.T.);
#655=ORIENTED_EDGE('',*,*,#1571,.T.);
#656=ORIENTED_EDGE('',*,*,#1528,.F.);
#657=ORIENTED_EDGE('',*,*,#1574,.T.);
#658=ORIENTED_EDGE('',*,*,#1540,.T.);
#659=ORIENTED_EDGE('',*,*,#1585,.F.);
#660=ORIENTED_EDGE('',*,*,#1586,.T.);
#661=ORIENTED_EDGE('',*,*,#1572,.T.);
#662=ORIENTED_EDGE('',*,*,#1562,.T.);
#663=ORIENTED_EDGE('',*,*,#1576,.T.);
#664=ORIENTED_EDGE('',*,*,#1530,.F.);
#665=ORIENTED_EDGE('',*,*,#1579,.T.);
#666=ORIENTED_EDGE('',*,*,#1546,.T.);
#667=ORIENTED_EDGE('',*,*,#1573,.T.);
#668=ORIENTED_EDGE('',*,*,#1587,.F.);
#669=ORIENTED_EDGE('',*,*,#1567,.T.);
#670=ORIENTED_EDGE('',*,*,#1570,.T.);
#671=ORIENTED_EDGE('',*,*,#1588,.T.);
#672=ORIENTED_EDGE('',*,*,#1542,.T.);
#673=ORIENTED_EDGE('',*,*,#1545,.T.);
#674=ORIENTED_EDGE('',*,*,#1548,.T.);
#675=ORIENTED_EDGE('',*,*,#1551,.T.);
#676=ORIENTED_EDGE('',*,*,#1553,.T.);
#677=ORIENTED_EDGE('',*,*,#1589,.F.);
#678=ORIENTED_EDGE('',*,*,#1558,.T.);
#679=ORIENTED_EDGE('',*,*,#1561,.T.);
#680=ORIENTED_EDGE('',*,*,#1564,.T.);
#681=ORIENTED_EDGE('',*,*,#1590,.F.);
#682=ORIENTED_EDGE('',*,*,#1591,.T.);
#683=ORIENTED_EDGE('',*,*,#1592,.T.);
#684=ORIENTED_EDGE('',*,*,#1593,.T.);
#685=ORIENTED_EDGE('',*,*,#1594,.T.);
#686=ORIENTED_EDGE('',*,*,#1595,.T.);
#687=ORIENTED_EDGE('',*,*,#1596,.T.);
#688=ORIENTED_EDGE('',*,*,#1583,.F.);
#689=ORIENTED_EDGE('',*,*,#1580,.T.);
#690=ORIENTED_EDGE('',*,*,#1587,.T.);
#691=ORIENTED_EDGE('',*,*,#1575,.T.);
#692=ORIENTED_EDGE('',*,*,#1586,.F.);
#693=ORIENTED_EDGE('',*,*,#1597,.F.);
#694=ORIENTED_EDGE('',*,*,#1598,.F.);
#695=ORIENTED_EDGE('',*,*,#1599,.F.);
#696=ORIENTED_EDGE('',*,*,#1600,.F.);
#697=ORIENTED_EDGE('',*,*,#1599,.T.);
#698=ORIENTED_EDGE('',*,*,#1601,.F.);
#699=ORIENTED_EDGE('',*,*,#1602,.F.);
#700=ORIENTED_EDGE('',*,*,#1603,.F.);
#701=ORIENTED_EDGE('',*,*,#1602,.T.);
#702=ORIENTED_EDGE('',*,*,#1604,.F.);
#703=ORIENTED_EDGE('',*,*,#1605,.F.);
#704=ORIENTED_EDGE('',*,*,#1606,.F.);
#705=ORIENTED_EDGE('',*,*,#1605,.T.);
#706=ORIENTED_EDGE('',*,*,#1607,.F.);
#707=ORIENTED_EDGE('',*,*,#1608,.F.);
#708=ORIENTED_EDGE('',*,*,#1609,.F.);
#709=ORIENTED_EDGE('',*,*,#1610,.F.);
#710=ORIENTED_EDGE('',*,*,#1611,.F.);
#711=ORIENTED_EDGE('',*,*,#1608,.T.);
#712=ORIENTED_EDGE('',*,*,#1612,.F.);
#713=ORIENTED_EDGE('',*,*,#1613,.F.);
#714=ORIENTED_EDGE('',*,*,#1614,.F.);
#715=ORIENTED_EDGE('',*,*,#1615,.F.);
#716=ORIENTED_EDGE('',*,*,#1616,.F.);
#717=ORIENTED_EDGE('',*,*,#1615,.T.);
#718=ORIENTED_EDGE('',*,*,#1617,.F.);
#719=ORIENTED_EDGE('',*,*,#1618,.F.);
#720=ORIENTED_EDGE('',*,*,#1619,.F.);
#721=ORIENTED_EDGE('',*,*,#1618,.T.);
#722=ORIENTED_EDGE('',*,*,#1620,.F.);
#723=ORIENTED_EDGE('',*,*,#1621,.F.);
#724=ORIENTED_EDGE('',*,*,#1622,.F.);
#725=ORIENTED_EDGE('',*,*,#1621,.T.);
#726=ORIENTED_EDGE('',*,*,#1623,.F.);
#727=ORIENTED_EDGE('',*,*,#1624,.F.);
#728=ORIENTED_EDGE('',*,*,#1625,.F.);
#729=ORIENTED_EDGE('',*,*,#1624,.T.);
#730=ORIENTED_EDGE('',*,*,#1626,.F.);
#731=ORIENTED_EDGE('',*,*,#1627,.F.);
#732=ORIENTED_EDGE('',*,*,#1628,.F.);
#733=ORIENTED_EDGE('',*,*,#1629,.F.);
#734=ORIENTED_EDGE('',*,*,#1623,.T.);
#735=ORIENTED_EDGE('',*,*,#1630,.F.);
#736=ORIENTED_EDGE('',*,*,#1592,.F.);
#737=ORIENTED_EDGE('',*,*,#1631,.F.);
#738=ORIENTED_EDGE('',*,*,#1601,.T.);
#739=ORIENTED_EDGE('',*,*,#1632,.F.);
#740=ORIENTED_EDGE('',*,*,#1633,.F.);
#741=ORIENTED_EDGE('',*,*,#1634,.F.);
#742=ORIENTED_EDGE('',*,*,#1617,.T.);
#743=ORIENTED_EDGE('',*,*,#1635,.F.);
#744=ORIENTED_EDGE('',*,*,#1594,.F.);
#745=ORIENTED_EDGE('',*,*,#1636,.F.);
#746=ORIENTED_EDGE('',*,*,#1607,.T.);
#747=ORIENTED_EDGE('',*,*,#1637,.F.);
#748=ORIENTED_EDGE('',*,*,#1638,.F.);
#749=ORIENTED_EDGE('',*,*,#1635,.T.);
#750=ORIENTED_EDGE('',*,*,#1614,.T.);
#751=ORIENTED_EDGE('',*,*,#1639,.F.);
#752=ORIENTED_EDGE('',*,*,#1595,.F.);
#753=ORIENTED_EDGE('',*,*,#1640,.T.);
#754=ORIENTED_EDGE('',*,*,#1612,.T.);
#755=ORIENTED_EDGE('',*,*,#1636,.T.);
#756=ORIENTED_EDGE('',*,*,#1641,.T.);
#757=ORIENTED_EDGE('',*,*,#1642,.T.);
#758=ORIENTED_EDGE('',*,*,#1626,.T.);
#759=ORIENTED_EDGE('',*,*,#1629,.T.);
#760=ORIENTED_EDGE('',*,*,#1591,.F.);
#761=ORIENTED_EDGE('',*,*,#1632,.T.);
#762=ORIENTED_EDGE('',*,*,#1598,.T.);
#763=ORIENTED_EDGE('',*,*,#1643,.F.);
#764=ORIENTED_EDGE('',*,*,#1644,.T.);
#765=ORIENTED_EDGE('',*,*,#1630,.T.);
#766=ORIENTED_EDGE('',*,*,#1620,.T.);
#767=ORIENTED_EDGE('',*,*,#1634,.T.);
#768=ORIENTED_EDGE('',*,*,#1593,.F.);
#769=ORIENTED_EDGE('',*,*,#1637,.T.);
#770=ORIENTED_EDGE('',*,*,#1604,.T.);
#771=ORIENTED_EDGE('',*,*,#1631,.T.);
#772=ORIENTED_EDGE('',*,*,#1645,.F.);
#773=ORIENTED_EDGE('',*,*,#1625,.T.);
#774=ORIENTED_EDGE('',*,*,#1628,.T.);
#775=ORIENTED_EDGE('',*,*,#1646,.T.);
#776=ORIENTED_EDGE('',*,*,#1600,.T.);
#777=ORIENTED_EDGE('',*,*,#1603,.T.);
#778=ORIENTED_EDGE('',*,*,#1606,.T.);
#779=ORIENTED_EDGE('',*,*,#1609,.T.);
#780=ORIENTED_EDGE('',*,*,#1611,.T.);
#781=ORIENTED_EDGE('',*,*,#1647,.F.);
#782=ORIENTED_EDGE('',*,*,#1616,.T.);
#783=ORIENTED_EDGE('',*,*,#1619,.T.);
#784=ORIENTED_EDGE('',*,*,#1622,.T.);
#785=ORIENTED_EDGE('',*,*,#1648,.F.);
#786=ORIENTED_EDGE('',*,*,#1649,.T.);
#787=ORIENTED_EDGE('',*,*,#1650,.T.);
#788=ORIENTED_EDGE('',*,*,#1651,.T.);
#789=ORIENTED_EDGE('',*,*,#1652,.T.);
#790=ORIENTED_EDGE('',*,*,#1653,.T.);
#791=ORIENTED_EDGE('',*,*,#1654,.T.);
#792=ORIENTED_EDGE('',*,*,#1641,.F.);
#793=ORIENTED_EDGE('',*,*,#1638,.T.);
#794=ORIENTED_EDGE('',*,*,#1645,.T.);
#795=ORIENTED_EDGE('',*,*,#1633,.T.);
#796=ORIENTED_EDGE('',*,*,#1644,.F.);
#797=ORIENTED_EDGE('',*,*,#1655,.F.);
#798=ORIENTED_EDGE('',*,*,#1656,.F.);
#799=ORIENTED_EDGE('',*,*,#1657,.F.);
#800=ORIENTED_EDGE('',*,*,#1658,.F.);
#801=ORIENTED_EDGE('',*,*,#1657,.T.);
#802=ORIENTED_EDGE('',*,*,#1659,.F.);
#803=ORIENTED_EDGE('',*,*,#1660,.F.);
#804=ORIENTED_EDGE('',*,*,#1661,.F.);
#805=ORIENTED_EDGE('',*,*,#1660,.T.);
#806=ORIENTED_EDGE('',*,*,#1662,.F.);
#807=ORIENTED_EDGE('',*,*,#1663,.F.);
#808=ORIENTED_EDGE('',*,*,#1664,.F.);
#809=ORIENTED_EDGE('',*,*,#1663,.T.);
#810=ORIENTED_EDGE('',*,*,#1665,.F.);
#811=ORIENTED_EDGE('',*,*,#1666,.F.);
#812=ORIENTED_EDGE('',*,*,#1667,.F.);
#813=ORIENTED_EDGE('',*,*,#1668,.F.);
#814=ORIENTED_EDGE('',*,*,#1669,.F.);
#815=ORIENTED_EDGE('',*,*,#1666,.T.);
#816=ORIENTED_EDGE('',*,*,#1670,.F.);
#817=ORIENTED_EDGE('',*,*,#1671,.F.);
#818=ORIENTED_EDGE('',*,*,#1672,.F.);
#819=ORIENTED_EDGE('',*,*,#1673,.F.);
#820=ORIENTED_EDGE('',*,*,#1674,.F.);
#821=ORIENTED_EDGE('',*,*,#1673,.T.);
#822=ORIENTED_EDGE('',*,*,#1675,.F.);
#823=ORIENTED_EDGE('',*,*,#1676,.F.);
#824=ORIENTED_EDGE('',*,*,#1677,.F.);
#825=ORIENTED_EDGE('',*,*,#1676,.T.);
#826=ORIENTED_EDGE('',*,*,#1678,.F.);
#827=ORIENTED_EDGE('',*,*,#1679,.F.);
#828=ORIENTED_EDGE('',*,*,#1680,.F.);
#829=ORIENTED_EDGE('',*,*,#1679,.T.);
#830=ORIENTED_EDGE('',*,*,#1681,.F.);
#831=ORIENTED_EDGE('',*,*,#1682,.F.);
#832=ORIENTED_EDGE('',*,*,#1683,.F.);
#833=ORIENTED_EDGE('',*,*,#1682,.T.);
#834=ORIENTED_EDGE('',*,*,#1684,.F.);
#835=ORIENTED_EDGE('',*,*,#1685,.F.);
#836=ORIENTED_EDGE('',*,*,#1686,.F.);
#837=ORIENTED_EDGE('',*,*,#1687,.F.);
#838=ORIENTED_EDGE('',*,*,#1681,.T.);
#839=ORIENTED_EDGE('',*,*,#1688,.F.);
#840=ORIENTED_EDGE('',*,*,#1650,.F.);
#841=ORIENTED_EDGE('',*,*,#1689,.F.);
#842=ORIENTED_EDGE('',*,*,#1659,.T.);
#843=ORIENTED_EDGE('',*,*,#1690,.F.);
#844=ORIENTED_EDGE('',*,*,#1691,.F.);
#845=ORIENTED_EDGE('',*,*,#1692,.F.);
#846=ORIENTED_EDGE('',*,*,#1675,.T.);
#847=ORIENTED_EDGE('',*,*,#1693,.F.);
#848=ORIENTED_EDGE('',*,*,#1652,.F.);
#849=ORIENTED_EDGE('',*,*,#1694,.F.);
#850=ORIENTED_EDGE('',*,*,#1665,.T.);
#851=ORIENTED_EDGE('',*,*,#1695,.F.);
#852=ORIENTED_EDGE('',*,*,#1696,.F.);
#853=ORIENTED_EDGE('',*,*,#1693,.T.);
#854=ORIENTED_EDGE('',*,*,#1672,.T.);
#855=ORIENTED_EDGE('',*,*,#1697,.F.);
#856=ORIENTED_EDGE('',*,*,#1653,.F.);
#857=ORIENTED_EDGE('',*,*,#1698,.T.);
#858=ORIENTED_EDGE('',*,*,#1670,.T.);
#859=ORIENTED_EDGE('',*,*,#1694,.T.);
#860=ORIENTED_EDGE('',*,*,#1699,.T.);
#861=ORIENTED_EDGE('',*,*,#1700,.T.);
#862=ORIENTED_EDGE('',*,*,#1684,.T.);
#863=ORIENTED_EDGE('',*,*,#1687,.T.);
#864=ORIENTED_EDGE('',*,*,#1649,.F.);
#865=ORIENTED_EDGE('',*,*,#1690,.T.);
#866=ORIENTED_EDGE('',*,*,#1656,.T.);
#867=ORIENTED_EDGE('',*,*,#1701,.F.);
#868=ORIENTED_EDGE('',*,*,#1702,.T.);
#869=ORIENTED_EDGE('',*,*,#1688,.T.);
#870=ORIENTED_EDGE('',*,*,#1678,.T.);
#871=ORIENTED_EDGE('',*,*,#1692,.T.);
#872=ORIENTED_EDGE('',*,*,#1651,.F.);
#873=ORIENTED_EDGE('',*,*,#1695,.T.);
#874=ORIENTED_EDGE('',*,*,#1662,.T.);
#875=ORIENTED_EDGE('',*,*,#1689,.T.);
#876=ORIENTED_EDGE('',*,*,#1703,.F.);
#877=ORIENTED_EDGE('',*,*,#1683,.T.);
#878=ORIENTED_EDGE('',*,*,#1686,.T.);
#879=ORIENTED_EDGE('',*,*,#1704,.T.);
#880=ORIENTED_EDGE('',*,*,#1658,.T.);
#881=ORIENTED_EDGE('',*,*,#1661,.T.);
#882=ORIENTED_EDGE('',*,*,#1664,.T.);
#883=ORIENTED_EDGE('',*,*,#1667,.T.);
#884=ORIENTED_EDGE('',*,*,#1669,.T.);
#885=ORIENTED_EDGE('',*,*,#1705,.F.);
#886=ORIENTED_EDGE('',*,*,#1674,.T.);
#887=ORIENTED_EDGE('',*,*,#1677,.T.);
#888=ORIENTED_EDGE('',*,*,#1680,.T.);
#889=ORIENTED_EDGE('',*,*,#1706,.F.);
#890=ORIENTED_EDGE('',*,*,#1707,.T.);
#891=ORIENTED_EDGE('',*,*,#1708,.T.);
#892=ORIENTED_EDGE('',*,*,#1709,.T.);
#893=ORIENTED_EDGE('',*,*,#1710,.T.);
#894=ORIENTED_EDGE('',*,*,#1711,.T.);
#895=ORIENTED_EDGE('',*,*,#1712,.T.);
#896=ORIENTED_EDGE('',*,*,#1699,.F.);
#897=ORIENTED_EDGE('',*,*,#1696,.T.);
#898=ORIENTED_EDGE('',*,*,#1703,.T.);
#899=ORIENTED_EDGE('',*,*,#1691,.T.);
#900=ORIENTED_EDGE('',*,*,#1702,.F.);
#901=ORIENTED_EDGE('',*,*,#1713,.F.);
#902=ORIENTED_EDGE('',*,*,#1714,.F.);
#903=ORIENTED_EDGE('',*,*,#1715,.F.);
#904=ORIENTED_EDGE('',*,*,#1716,.F.);
#905=ORIENTED_EDGE('',*,*,#1715,.T.);
#906=ORIENTED_EDGE('',*,*,#1717,.F.);
#907=ORIENTED_EDGE('',*,*,#1718,.F.);
#908=ORIENTED_EDGE('',*,*,#1719,.F.);
#909=ORIENTED_EDGE('',*,*,#1718,.T.);
#910=ORIENTED_EDGE('',*,*,#1720,.F.);
#911=ORIENTED_EDGE('',*,*,#1721,.F.);
#912=ORIENTED_EDGE('',*,*,#1722,.F.);
#913=ORIENTED_EDGE('',*,*,#1721,.T.);
#914=ORIENTED_EDGE('',*,*,#1723,.F.);
#915=ORIENTED_EDGE('',*,*,#1724,.F.);
#916=ORIENTED_EDGE('',*,*,#1725,.F.);
#917=ORIENTED_EDGE('',*,*,#1726,.F.);
#918=ORIENTED_EDGE('',*,*,#1727,.F.);
#919=ORIENTED_EDGE('',*,*,#1724,.T.);
#920=ORIENTED_EDGE('',*,*,#1728,.F.);
#921=ORIENTED_EDGE('',*,*,#1729,.F.);
#922=ORIENTED_EDGE('',*,*,#1730,.F.);
#923=ORIENTED_EDGE('',*,*,#1731,.F.);
#924=ORIENTED_EDGE('',*,*,#1732,.F.);
#925=ORIENTED_EDGE('',*,*,#1731,.T.);
#926=ORIENTED_EDGE('',*,*,#1733,.F.);
#927=ORIENTED_EDGE('',*,*,#1734,.F.);
#928=ORIENTED_EDGE('',*,*,#1735,.F.);
#929=ORIENTED_EDGE('',*,*,#1734,.T.);
#930=ORIENTED_EDGE('',*,*,#1736,.F.);
#931=ORIENTED_EDGE('',*,*,#1737,.F.);
#932=ORIENTED_EDGE('',*,*,#1738,.F.);
#933=ORIENTED_EDGE('',*,*,#1737,.T.);
#934=ORIENTED_EDGE('',*,*,#1739,.F.);
#935=ORIENTED_EDGE('',*,*,#1740,.F.);
#936=ORIENTED_EDGE('',*,*,#1741,.F.);
#937=ORIENTED_EDGE('',*,*,#1740,.T.);
#938=ORIENTED_EDGE('',*,*,#1742,.F.);
#939=ORIENTED_EDGE('',*,*,#1743,.F.);
#940=ORIENTED_EDGE('',*,*,#1744,.F.);
#941=ORIENTED_EDGE('',*,*,#1745,.F.);
#942=ORIENTED_EDGE('',*,*,#1739,.T.);
#943=ORIENTED_EDGE('',*,*,#1746,.F.);
#944=ORIENTED_EDGE('',*,*,#1708,.F.);
#945=ORIENTED_EDGE('',*,*,#1747,.F.);
#946=ORIENTED_EDGE('',*,*,#1717,.T.);
#947=ORIENTED_EDGE('',*,*,#1748,.F.);
#948=ORIENTED_EDGE('',*,*,#1749,.F.);
#949=ORIENTED_EDGE('',*,*,#1750,.F.);
#950=ORIENTED_EDGE('',*,*,#1733,.T.);
#951=ORIENTED_EDGE('',*,*,#1751,.F.);
#952=ORIENTED_EDGE('',*,*,#1710,.F.);
#953=ORIENTED_EDGE('',*,*,#1752,.F.);
#954=ORIENTED_EDGE('',*,*,#1723,.T.);
#955=ORIENTED_EDGE('',*,*,#1753,.F.);
#956=ORIENTED_EDGE('',*,*,#1754,.F.);
#957=ORIENTED_EDGE('',*,*,#1751,.T.);
#958=ORIENTED_EDGE('',*,*,#1730,.T.);
#959=ORIENTED_EDGE('',*,*,#1755,.F.);
#960=ORIENTED_EDGE('',*,*,#1711,.F.);
#961=ORIENTED_EDGE('',*,*,#1756,.T.);
#962=ORIENTED_EDGE('',*,*,#1728,.T.);
#963=ORIENTED_EDGE('',*,*,#1752,.T.);
#964=ORIENTED_EDGE('',*,*,#1757,.T.);
#965=ORIENTED_EDGE('',*,*,#1758,.T.);
#966=ORIENTED_EDGE('',*,*,#1742,.T.);
#967=ORIENTED_EDGE('',*,*,#1745,.T.);
#968=ORIENTED_EDGE('',*,*,#1707,.F.);
#969=ORIENTED_EDGE('',*,*,#1748,.T.);
#970=ORIENTED_EDGE('',*,*,#1714,.T.);
#971=ORIENTED_EDGE('',*,*,#1759,.F.);
#972=ORIENTED_EDGE('',*,*,#1760,.T.);
#973=ORIENTED_EDGE('',*,*,#1746,.T.);
#974=ORIENTED_EDGE('',*,*,#1736,.T.);
#975=ORIENTED_EDGE('',*,*,#1750,.T.);
#976=ORIENTED_EDGE('',*,*,#1709,.F.);
#977=ORIENTED_EDGE('',*,*,#1753,.T.);
#978=ORIENTED_EDGE('',*,*,#1720,.T.);
#979=ORIENTED_EDGE('',*,*,#1747,.T.);
#980=ORIENTED_EDGE('',*,*,#1761,.F.);
#981=ORIENTED_EDGE('',*,*,#1741,.T.);
#982=ORIENTED_EDGE('',*,*,#1744,.T.);
#983=ORIENTED_EDGE('',*,*,#1762,.T.);
#984=ORIENTED_EDGE('',*,*,#1716,.T.);
#985=ORIENTED_EDGE('',*,*,#1719,.T.);
#986=ORIENTED_EDGE('',*,*,#1722,.T.);
#987=ORIENTED_EDGE('',*,*,#1725,.T.);
#988=ORIENTED_EDGE('',*,*,#1727,.T.);
#989=ORIENTED_EDGE('',*,*,#1763,.F.);
#990=ORIENTED_EDGE('',*,*,#1732,.T.);
#991=ORIENTED_EDGE('',*,*,#1735,.T.);
#992=ORIENTED_EDGE('',*,*,#1738,.T.);
#993=ORIENTED_EDGE('',*,*,#1764,.F.);
#994=ORIENTED_EDGE('',*,*,#1765,.T.);
#995=ORIENTED_EDGE('',*,*,#1766,.T.);
#996=ORIENTED_EDGE('',*,*,#1767,.T.);
#997=ORIENTED_EDGE('',*,*,#1768,.T.);
#998=ORIENTED_EDGE('',*,*,#1769,.T.);
#999=ORIENTED_EDGE('',*,*,#1770,.T.);
#1000=ORIENTED_EDGE('',*,*,#1757,.F.);
#1001=ORIENTED_EDGE('',*,*,#1754,.T.);
#1002=ORIENTED_EDGE('',*,*,#1761,.T.);
#1003=ORIENTED_EDGE('',*,*,#1749,.T.);
#1004=ORIENTED_EDGE('',*,*,#1760,.F.);
#1005=ORIENTED_EDGE('',*,*,#1771,.F.);
#1006=ORIENTED_EDGE('',*,*,#1772,.F.);
#1007=ORIENTED_EDGE('',*,*,#1773,.F.);
#1008=ORIENTED_EDGE('',*,*,#1774,.F.);
#1009=ORIENTED_EDGE('',*,*,#1773,.T.);
#1010=ORIENTED_EDGE('',*,*,#1775,.F.);
#1011=ORIENTED_EDGE('',*,*,#1776,.F.);
#1012=ORIENTED_EDGE('',*,*,#1777,.F.);
#1013=ORIENTED_EDGE('',*,*,#1776,.T.);
#1014=ORIENTED_EDGE('',*,*,#1778,.F.);
#1015=ORIENTED_EDGE('',*,*,#1779,.F.);
#1016=ORIENTED_EDGE('',*,*,#1780,.F.);
#1017=ORIENTED_EDGE('',*,*,#1779,.T.);
#1018=ORIENTED_EDGE('',*,*,#1781,.F.);
#1019=ORIENTED_EDGE('',*,*,#1782,.F.);
#1020=ORIENTED_EDGE('',*,*,#1783,.F.);
#1021=ORIENTED_EDGE('',*,*,#1784,.F.);
#1022=ORIENTED_EDGE('',*,*,#1785,.F.);
#1023=ORIENTED_EDGE('',*,*,#1782,.T.);
#1024=ORIENTED_EDGE('',*,*,#1786,.F.);
#1025=ORIENTED_EDGE('',*,*,#1787,.F.);
#1026=ORIENTED_EDGE('',*,*,#1788,.F.);
#1027=ORIENTED_EDGE('',*,*,#1789,.F.);
#1028=ORIENTED_EDGE('',*,*,#1790,.F.);
#1029=ORIENTED_EDGE('',*,*,#1789,.T.);
#1030=ORIENTED_EDGE('',*,*,#1791,.F.);
#1031=ORIENTED_EDGE('',*,*,#1792,.F.);
#1032=ORIENTED_EDGE('',*,*,#1793,.F.);
#1033=ORIENTED_EDGE('',*,*,#1792,.T.);
#1034=ORIENTED_EDGE('',*,*,#1794,.F.);
#1035=ORIENTED_EDGE('',*,*,#1795,.F.);
#1036=ORIENTED_EDGE('',*,*,#1796,.F.);
#1037=ORIENTED_EDGE('',*,*,#1795,.T.);
#1038=ORIENTED_EDGE('',*,*,#1797,.F.);
#1039=ORIENTED_EDGE('',*,*,#1798,.F.);
#1040=ORIENTED_EDGE('',*,*,#1799,.F.);
#1041=ORIENTED_EDGE('',*,*,#1798,.T.);
#1042=ORIENTED_EDGE('',*,*,#1800,.F.);
#1043=ORIENTED_EDGE('',*,*,#1801,.F.);
#1044=ORIENTED_EDGE('',*,*,#1802,.F.);
#1045=ORIENTED_EDGE('',*,*,#1803,.F.);
#1046=ORIENTED_EDGE('',*,*,#1797,.T.);
#1047=ORIENTED_EDGE('',*,*,#1804,.F.);
#1048=ORIENTED_EDGE('',*,*,#1766,.F.);
#1049=ORIENTED_EDGE('',*,*,#1805,.F.);
#1050=ORIENTED_EDGE('',*,*,#1775,.T.);
#1051=ORIENTED_EDGE('',*,*,#1806,.F.);
#1052=ORIENTED_EDGE('',*,*,#1807,.F.);
#1053=ORIENTED_EDGE('',*,*,#1808,.F.);
#1054=ORIENTED_EDGE('',*,*,#1791,.T.);
#1055=ORIENTED_EDGE('',*,*,#1809,.F.);
#1056=ORIENTED_EDGE('',*,*,#1768,.F.);
#1057=ORIENTED_EDGE('',*,*,#1810,.F.);
#1058=ORIENTED_EDGE('',*,*,#1781,.T.);
#1059=ORIENTED_EDGE('',*,*,#1811,.F.);
#1060=ORIENTED_EDGE('',*,*,#1812,.F.);
#1061=ORIENTED_EDGE('',*,*,#1809,.T.);
#1062=ORIENTED_EDGE('',*,*,#1788,.T.);
#1063=ORIENTED_EDGE('',*,*,#1813,.F.);
#1064=ORIENTED_EDGE('',*,*,#1769,.F.);
#1065=ORIENTED_EDGE('',*,*,#1814,.T.);
#1066=ORIENTED_EDGE('',*,*,#1786,.T.);
#1067=ORIENTED_EDGE('',*,*,#1810,.T.);
#1068=ORIENTED_EDGE('',*,*,#1815,.T.);
#1069=ORIENTED_EDGE('',*,*,#1816,.T.);
#1070=ORIENTED_EDGE('',*,*,#1800,.T.);
#1071=ORIENTED_EDGE('',*,*,#1803,.T.);
#1072=ORIENTED_EDGE('',*,*,#1765,.F.);
#1073=ORIENTED_EDGE('',*,*,#1806,.T.);
#1074=ORIENTED_EDGE('',*,*,#1772,.T.);
#1075=ORIENTED_EDGE('',*,*,#1817,.F.);
#1076=ORIENTED_EDGE('',*,*,#1818,.T.);
#1077=ORIENTED_EDGE('',*,*,#1804,.T.);
#1078=ORIENTED_EDGE('',*,*,#1794,.T.);
#1079=ORIENTED_EDGE('',*,*,#1808,.T.);
#1080=ORIENTED_EDGE('',*,*,#1767,.F.);
#1081=ORIENTED_EDGE('',*,*,#1811,.T.);
#1082=ORIENTED_EDGE('',*,*,#1778,.T.);
#1083=ORIENTED_EDGE('',*,*,#1805,.T.);
#1084=ORIENTED_EDGE('',*,*,#1819,.F.);
#1085=ORIENTED_EDGE('',*,*,#1799,.T.);
#1086=ORIENTED_EDGE('',*,*,#1802,.T.);
#1087=ORIENTED_EDGE('',*,*,#1820,.T.);
#1088=ORIENTED_EDGE('',*,*,#1774,.T.);
#1089=ORIENTED_EDGE('',*,*,#1777,.T.);
#1090=ORIENTED_EDGE('',*,*,#1780,.T.);
#1091=ORIENTED_EDGE('',*,*,#1783,.T.);
#1092=ORIENTED_EDGE('',*,*,#1785,.T.);
#1093=ORIENTED_EDGE('',*,*,#1821,.F.);
#1094=ORIENTED_EDGE('',*,*,#1790,.T.);
#1095=ORIENTED_EDGE('',*,*,#1793,.T.);
#1096=ORIENTED_EDGE('',*,*,#1796,.T.);
#1097=ORIENTED_EDGE('',*,*,#1822,.F.);
#1098=ORIENTED_EDGE('',*,*,#1823,.T.);
#1099=ORIENTED_EDGE('',*,*,#1824,.T.);
#1100=ORIENTED_EDGE('',*,*,#1825,.T.);
#1101=ORIENTED_EDGE('',*,*,#1826,.T.);
#1102=ORIENTED_EDGE('',*,*,#1827,.T.);
#1103=ORIENTED_EDGE('',*,*,#1828,.T.);
#1104=ORIENTED_EDGE('',*,*,#1815,.F.);
#1105=ORIENTED_EDGE('',*,*,#1812,.T.);
#1106=ORIENTED_EDGE('',*,*,#1819,.T.);
#1107=ORIENTED_EDGE('',*,*,#1807,.T.);
#1108=ORIENTED_EDGE('',*,*,#1818,.F.);
#1109=ORIENTED_EDGE('',*,*,#1829,.F.);
#1110=ORIENTED_EDGE('',*,*,#1830,.F.);
#1111=ORIENTED_EDGE('',*,*,#1831,.F.);
#1112=ORIENTED_EDGE('',*,*,#1832,.F.);
#1113=ORIENTED_EDGE('',*,*,#1831,.T.);
#1114=ORIENTED_EDGE('',*,*,#1833,.F.);
#1115=ORIENTED_EDGE('',*,*,#1834,.F.);
#1116=ORIENTED_EDGE('',*,*,#1835,.F.);
#1117=ORIENTED_EDGE('',*,*,#1834,.T.);
#1118=ORIENTED_EDGE('',*,*,#1836,.F.);
#1119=ORIENTED_EDGE('',*,*,#1837,.F.);
#1120=ORIENTED_EDGE('',*,*,#1838,.F.);
#1121=ORIENTED_EDGE('',*,*,#1837,.T.);
#1122=ORIENTED_EDGE('',*,*,#1839,.F.);
#1123=ORIENTED_EDGE('',*,*,#1840,.F.);
#1124=ORIENTED_EDGE('',*,*,#1841,.F.);
#1125=ORIENTED_EDGE('',*,*,#1842,.F.);
#1126=ORIENTED_EDGE('',*,*,#1843,.F.);
#1127=ORIENTED_EDGE('',*,*,#1840,.T.);
#1128=ORIENTED_EDGE('',*,*,#1844,.F.);
#1129=ORIENTED_EDGE('',*,*,#1845,.F.);
#1130=ORIENTED_EDGE('',*,*,#1846,.F.);
#1131=ORIENTED_EDGE('',*,*,#1847,.F.);
#1132=ORIENTED_EDGE('',*,*,#1848,.F.);
#1133=ORIENTED_EDGE('',*,*,#1847,.T.);
#1134=ORIENTED_EDGE('',*,*,#1849,.F.);
#1135=ORIENTED_EDGE('',*,*,#1850,.F.);
#1136=ORIENTED_EDGE('',*,*,#1851,.F.);
#1137=ORIENTED_EDGE('',*,*,#1850,.T.);
#1138=ORIENTED_EDGE('',*,*,#1852,.F.);
#1139=ORIENTED_EDGE('',*,*,#1853,.F.);
#1140=ORIENTED_EDGE('',*,*,#1854,.F.);
#1141=ORIENTED_EDGE('',*,*,#1853,.T.);
#1142=ORIENTED_EDGE('',*,*,#1855,.F.);
#1143=ORIENTED_EDGE('',*,*,#1856,.F.);
#1144=ORIENTED_EDGE('',*,*,#1857,.F.);
#1145=ORIENTED_EDGE('',*,*,#1856,.T.);
#1146=ORIENTED_EDGE('',*,*,#1858,.F.);
#1147=ORIENTED_EDGE('',*,*,#1859,.F.);
#1148=ORIENTED_EDGE('',*,*,#1860,.F.);
#1149=ORIENTED_EDGE('',*,*,#1861,.F.);
#1150=ORIENTED_EDGE('',*,*,#1855,.T.);
#1151=ORIENTED_EDGE('',*,*,#1862,.F.);
#1152=ORIENTED_EDGE('',*,*,#1824,.F.);
#1153=ORIENTED_EDGE('',*,*,#1863,.F.);
#1154=ORIENTED_EDGE('',*,*,#1833,.T.);
#1155=ORIENTED_EDGE('',*,*,#1864,.F.);
#1156=ORIENTED_EDGE('',*,*,#1865,.F.);
#1157=ORIENTED_EDGE('',*,*,#1866,.F.);
#1158=ORIENTED_EDGE('',*,*,#1849,.T.);
#1159=ORIENTED_EDGE('',*,*,#1867,.F.);
#1160=ORIENTED_EDGE('',*,*,#1826,.F.);
#1161=ORIENTED_EDGE('',*,*,#1868,.F.);
#1162=ORIENTED_EDGE('',*,*,#1839,.T.);
#1163=ORIENTED_EDGE('',*,*,#1869,.F.);
#1164=ORIENTED_EDGE('',*,*,#1870,.F.);
#1165=ORIENTED_EDGE('',*,*,#1867,.T.);
#1166=ORIENTED_EDGE('',*,*,#1846,.T.);
#1167=ORIENTED_EDGE('',*,*,#1871,.F.);
#1168=ORIENTED_EDGE('',*,*,#1827,.F.);
#1169=ORIENTED_EDGE('',*,*,#1872,.T.);
#1170=ORIENTED_EDGE('',*,*,#1844,.T.);
#1171=ORIENTED_EDGE('',*,*,#1868,.T.);
#1172=ORIENTED_EDGE('',*,*,#1873,.T.);
#1173=ORIENTED_EDGE('',*,*,#1874,.T.);
#1174=ORIENTED_EDGE('',*,*,#1858,.T.);
#1175=ORIENTED_EDGE('',*,*,#1861,.T.);
#1176=ORIENTED_EDGE('',*,*,#1823,.F.);
#1177=ORIENTED_EDGE('',*,*,#1864,.T.);
#1178=ORIENTED_EDGE('',*,*,#1830,.T.);
#1179=ORIENTED_EDGE('',*,*,#1875,.F.);
#1180=ORIENTED_EDGE('',*,*,#1876,.T.);
#1181=ORIENTED_EDGE('',*,*,#1862,.T.);
#1182=ORIENTED_EDGE('',*,*,#1852,.T.);
#1183=ORIENTED_EDGE('',*,*,#1866,.T.);
#1184=ORIENTED_EDGE('',*,*,#1825,.F.);
#1185=ORIENTED_EDGE('',*,*,#1869,.T.);
#1186=ORIENTED_EDGE('',*,*,#1836,.T.);
#1187=ORIENTED_EDGE('',*,*,#1863,.T.);
#1188=ORIENTED_EDGE('',*,*,#1877,.F.);
#1189=ORIENTED_EDGE('',*,*,#1857,.T.);
#1190=ORIENTED_EDGE('',*,*,#1860,.T.);
#1191=ORIENTED_EDGE('',*,*,#1878,.T.);
#1192=ORIENTED_EDGE('',*,*,#1832,.T.);
#1193=ORIENTED_EDGE('',*,*,#1835,.T.);
#1194=ORIENTED_EDGE('',*,*,#1838,.T.);
#1195=ORIENTED_EDGE('',*,*,#1841,.T.);
#1196=ORIENTED_EDGE('',*,*,#1843,.T.);
#1197=ORIENTED_EDGE('',*,*,#1879,.F.);
#1198=ORIENTED_EDGE('',*,*,#1848,.T.);
#1199=ORIENTED_EDGE('',*,*,#1851,.T.);
#1200=ORIENTED_EDGE('',*,*,#1854,.T.);
#1201=ORIENTED_EDGE('',*,*,#1880,.F.);
#1202=ORIENTED_EDGE('',*,*,#1881,.T.);
#1203=ORIENTED_EDGE('',*,*,#1882,.T.);
#1204=ORIENTED_EDGE('',*,*,#1883,.T.);
#1205=ORIENTED_EDGE('',*,*,#1884,.T.);
#1206=ORIENTED_EDGE('',*,*,#1885,.T.);
#1207=ORIENTED_EDGE('',*,*,#1886,.T.);
#1208=ORIENTED_EDGE('',*,*,#1873,.F.);
#1209=ORIENTED_EDGE('',*,*,#1870,.T.);
#1210=ORIENTED_EDGE('',*,*,#1877,.T.);
#1211=ORIENTED_EDGE('',*,*,#1865,.T.);
#1212=ORIENTED_EDGE('',*,*,#1876,.F.);
#1213=ORIENTED_EDGE('',*,*,#1887,.F.);
#1214=ORIENTED_EDGE('',*,*,#1888,.F.);
#1215=ORIENTED_EDGE('',*,*,#1889,.F.);
#1216=ORIENTED_EDGE('',*,*,#1890,.F.);
#1217=ORIENTED_EDGE('',*,*,#1889,.T.);
#1218=ORIENTED_EDGE('',*,*,#1891,.F.);
#1219=ORIENTED_EDGE('',*,*,#1892,.F.);
#1220=ORIENTED_EDGE('',*,*,#1893,.F.);
#1221=ORIENTED_EDGE('',*,*,#1892,.T.);
#1222=ORIENTED_EDGE('',*,*,#1894,.F.);
#1223=ORIENTED_EDGE('',*,*,#1895,.F.);
#1224=ORIENTED_EDGE('',*,*,#1896,.F.);
#1225=ORIENTED_EDGE('',*,*,#1895,.T.);
#1226=ORIENTED_EDGE('',*,*,#1897,.F.);
#1227=ORIENTED_EDGE('',*,*,#1898,.F.);
#1228=ORIENTED_EDGE('',*,*,#1899,.F.);
#1229=ORIENTED_EDGE('',*,*,#1900,.F.);
#1230=ORIENTED_EDGE('',*,*,#1901,.F.);
#1231=ORIENTED_EDGE('',*,*,#1898,.T.);
#1232=ORIENTED_EDGE('',*,*,#1902,.F.);
#1233=ORIENTED_EDGE('',*,*,#1903,.F.);
#1234=ORIENTED_EDGE('',*,*,#1904,.F.);
#1235=ORIENTED_EDGE('',*,*,#1905,.F.);
#1236=ORIENTED_EDGE('',*,*,#1906,.F.);
#1237=ORIENTED_EDGE('',*,*,#1905,.T.);
#1238=ORIENTED_EDGE('',*,*,#1907,.F.);
#1239=ORIENTED_EDGE('',*,*,#1908,.F.);
#1240=ORIENTED_EDGE('',*,*,#1909,.F.);
#1241=ORIENTED_EDGE('',*,*,#1908,.T.);
#1242=ORIENTED_EDGE('',*,*,#1910,.F.);
#1243=ORIENTED_EDGE('',*,*,#1911,.F.);
#1244=ORIENTED_EDGE('',*,*,#1912,.F.);
#1245=ORIENTED_EDGE('',*,*,#1911,.T.);
#1246=ORIENTED_EDGE('',*,*,#1913,.F.);
#1247=ORIENTED_EDGE('',*,*,#1914,.F.);
#1248=ORIENTED_EDGE('',*,*,#1915,.F.);
#1249=ORIENTED_EDGE('',*,*,#1914,.T.);
#1250=ORIENTED_EDGE('',*,*,#1916,.F.);
#1251=ORIENTED_EDGE('',*,*,#1917,.F.);
#1252=ORIENTED_EDGE('',*,*,#1918,.F.);
#1253=ORIENTED_EDGE('',*,*,#1919,.F.);
#1254=ORIENTED_EDGE('',*,*,#1913,.T.);
#1255=ORIENTED_EDGE('',*,*,#1920,.F.);
#1256=ORIENTED_EDGE('',*,*,#1882,.F.);
#1257=ORIENTED_EDGE('',*,*,#1921,.F.);
#1258=ORIENTED_EDGE('',*,*,#1891,.T.);
#1259=ORIENTED_EDGE('',*,*,#1922,.F.);
#1260=ORIENTED_EDGE('',*,*,#1923,.F.);
#1261=ORIENTED_EDGE('',*,*,#1924,.F.);
#1262=ORIENTED_EDGE('',*,*,#1907,.T.);
#1263=ORIENTED_EDGE('',*,*,#1925,.F.);
#1264=ORIENTED_EDGE('',*,*,#1884,.F.);
#1265=ORIENTED_EDGE('',*,*,#1926,.F.);
#1266=ORIENTED_EDGE('',*,*,#1897,.T.);
#1267=ORIENTED_EDGE('',*,*,#1927,.F.);
#1268=ORIENTED_EDGE('',*,*,#1928,.F.);
#1269=ORIENTED_EDGE('',*,*,#1925,.T.);
#1270=ORIENTED_EDGE('',*,*,#1904,.T.);
#1271=ORIENTED_EDGE('',*,*,#1929,.F.);
#1272=ORIENTED_EDGE('',*,*,#1885,.F.);
#1273=ORIENTED_EDGE('',*,*,#1930,.T.);
#1274=ORIENTED_EDGE('',*,*,#1902,.T.);
#1275=ORIENTED_EDGE('',*,*,#1926,.T.);
#1276=ORIENTED_EDGE('',*,*,#1931,.T.);
#1277=ORIENTED_EDGE('',*,*,#1932,.T.);
#1278=ORIENTED_EDGE('',*,*,#1916,.T.);
#1279=ORIENTED_EDGE('',*,*,#1919,.T.);
#1280=ORIENTED_EDGE('',*,*,#1881,.F.);
#1281=ORIENTED_EDGE('',*,*,#1922,.T.);
#1282=ORIENTED_EDGE('',*,*,#1888,.T.);
#1283=ORIENTED_EDGE('',*,*,#1933,.F.);
#1284=ORIENTED_EDGE('',*,*,#1934,.T.);
#1285=ORIENTED_EDGE('',*,*,#1920,.T.);
#1286=ORIENTED_EDGE('',*,*,#1910,.T.);
#1287=ORIENTED_EDGE('',*,*,#1924,.T.);
#1288=ORIENTED_EDGE('',*,*,#1883,.F.);
#1289=ORIENTED_EDGE('',*,*,#1927,.T.);
#1290=ORIENTED_EDGE('',*,*,#1894,.T.);
#1291=ORIENTED_EDGE('',*,*,#1921,.T.);
#1292=ORIENTED_EDGE('',*,*,#1935,.F.);
#1293=ORIENTED_EDGE('',*,*,#1915,.T.);
#1294=ORIENTED_EDGE('',*,*,#1918,.T.);
#1295=ORIENTED_EDGE('',*,*,#1936,.T.);
#1296=ORIENTED_EDGE('',*,*,#1890,.T.);
#1297=ORIENTED_EDGE('',*,*,#1893,.T.);
#1298=ORIENTED_EDGE('',*,*,#1896,.T.);
#1299=ORIENTED_EDGE('',*,*,#1899,.T.);
#1300=ORIENTED_EDGE('',*,*,#1901,.T.);
#1301=ORIENTED_EDGE('',*,*,#1937,.F.);
#1302=ORIENTED_EDGE('',*,*,#1906,.T.);
#1303=ORIENTED_EDGE('',*,*,#1909,.T.);
#1304=ORIENTED_EDGE('',*,*,#1912,.T.);
#1305=ORIENTED_EDGE('',*,*,#1938,.F.);
#1306=ORIENTED_EDGE('',*,*,#1939,.T.);
#1307=ORIENTED_EDGE('',*,*,#1940,.T.);
#1308=ORIENTED_EDGE('',*,*,#1941,.T.);
#1309=ORIENTED_EDGE('',*,*,#1942,.T.);
#1310=ORIENTED_EDGE('',*,*,#1943,.T.);
#1311=ORIENTED_EDGE('',*,*,#1944,.T.);
#1312=ORIENTED_EDGE('',*,*,#1931,.F.);
#1313=ORIENTED_EDGE('',*,*,#1928,.T.);
#1314=ORIENTED_EDGE('',*,*,#1935,.T.);
#1315=ORIENTED_EDGE('',*,*,#1923,.T.);
#1316=ORIENTED_EDGE('',*,*,#1934,.F.);
#1317=ORIENTED_EDGE('',*,*,#1945,.T.);
#1318=ORIENTED_EDGE('',*,*,#1946,.T.);
#1319=ORIENTED_EDGE('',*,*,#1947,.T.);
#1320=ORIENTED_EDGE('',*,*,#1536,.F.);
#1321=ORIENTED_EDGE('',*,*,#1948,.F.);
#1322=ORIENTED_EDGE('',*,*,#1590,.T.);
#1323=ORIENTED_EDGE('',*,*,#1585,.T.);
#1324=ORIENTED_EDGE('',*,*,#1539,.T.);
#1325=ORIENTED_EDGE('',*,*,#1588,.F.);
#1326=ORIENTED_EDGE('',*,*,#1569,.T.);
#1327=ORIENTED_EDGE('',*,*,#1584,.F.);
#1328=ORIENTED_EDGE('',*,*,#1527,.T.);
#1329=ORIENTED_EDGE('',*,*,#1949,.T.);
#1330=ORIENTED_EDGE('',*,*,#1950,.T.);
#1331=ORIENTED_EDGE('',*,*,#1951,.F.);
#1332=ORIENTED_EDGE('',*,*,#1952,.T.);
#1333=ORIENTED_EDGE('',*,*,#1953,.F.);
#1334=ORIENTED_EDGE('',*,*,#1938,.T.);
#1335=ORIENTED_EDGE('',*,*,#1933,.T.);
#1336=ORIENTED_EDGE('',*,*,#1887,.T.);
#1337=ORIENTED_EDGE('',*,*,#1936,.F.);
#1338=ORIENTED_EDGE('',*,*,#1917,.T.);
#1339=ORIENTED_EDGE('',*,*,#1932,.F.);
#1340=ORIENTED_EDGE('',*,*,#1880,.T.);
#1341=ORIENTED_EDGE('',*,*,#1875,.T.);
#1342=ORIENTED_EDGE('',*,*,#1829,.T.);
#1343=ORIENTED_EDGE('',*,*,#1878,.F.);
#1344=ORIENTED_EDGE('',*,*,#1859,.T.);
#1345=ORIENTED_EDGE('',*,*,#1874,.F.);
#1346=ORIENTED_EDGE('',*,*,#1822,.T.);
#1347=ORIENTED_EDGE('',*,*,#1817,.T.);
#1348=ORIENTED_EDGE('',*,*,#1771,.T.);
#1349=ORIENTED_EDGE('',*,*,#1820,.F.);
#1350=ORIENTED_EDGE('',*,*,#1801,.T.);
#1351=ORIENTED_EDGE('',*,*,#1816,.F.);
#1352=ORIENTED_EDGE('',*,*,#1764,.T.);
#1353=ORIENTED_EDGE('',*,*,#1759,.T.);
#1354=ORIENTED_EDGE('',*,*,#1713,.T.);
#1355=ORIENTED_EDGE('',*,*,#1762,.F.);
#1356=ORIENTED_EDGE('',*,*,#1743,.T.);
#1357=ORIENTED_EDGE('',*,*,#1758,.F.);
#1358=ORIENTED_EDGE('',*,*,#1706,.T.);
#1359=ORIENTED_EDGE('',*,*,#1701,.T.);
#1360=ORIENTED_EDGE('',*,*,#1655,.T.);
#1361=ORIENTED_EDGE('',*,*,#1704,.F.);
#1362=ORIENTED_EDGE('',*,*,#1685,.T.);
#1363=ORIENTED_EDGE('',*,*,#1700,.F.);
#1364=ORIENTED_EDGE('',*,*,#1648,.T.);
#1365=ORIENTED_EDGE('',*,*,#1643,.T.);
#1366=ORIENTED_EDGE('',*,*,#1597,.T.);
#1367=ORIENTED_EDGE('',*,*,#1646,.F.);
#1368=ORIENTED_EDGE('',*,*,#1627,.T.);
#1369=ORIENTED_EDGE('',*,*,#1642,.F.);
#1370=ORIENTED_EDGE('',*,*,#1524,.F.);
#1371=ORIENTED_EDGE('',*,*,#1526,.F.);
#1372=ORIENTED_EDGE('',*,*,#1954,.F.);
#1373=ORIENTED_EDGE('',*,*,#1955,.T.);
#1374=ORIENTED_EDGE('',*,*,#1596,.F.);
#1375=ORIENTED_EDGE('',*,*,#1639,.T.);
#1376=ORIENTED_EDGE('',*,*,#1613,.T.);
#1377=ORIENTED_EDGE('',*,*,#1647,.T.);
#1378=ORIENTED_EDGE('',*,*,#1610,.T.);
#1379=ORIENTED_EDGE('',*,*,#1640,.F.);
#1380=ORIENTED_EDGE('',*,*,#1654,.F.);
#1381=ORIENTED_EDGE('',*,*,#1697,.T.);
#1382=ORIENTED_EDGE('',*,*,#1671,.T.);
#1383=ORIENTED_EDGE('',*,*,#1705,.T.);
#1384=ORIENTED_EDGE('',*,*,#1668,.T.);
#1385=ORIENTED_EDGE('',*,*,#1698,.F.);
#1386=ORIENTED_EDGE('',*,*,#1712,.F.);
#1387=ORIENTED_EDGE('',*,*,#1755,.T.);
#1388=ORIENTED_EDGE('',*,*,#1729,.T.);
#1389=ORIENTED_EDGE('',*,*,#1763,.T.);
#1390=ORIENTED_EDGE('',*,*,#1726,.T.);
#1391=ORIENTED_EDGE('',*,*,#1756,.F.);
#1392=ORIENTED_EDGE('',*,*,#1770,.F.);
#1393=ORIENTED_EDGE('',*,*,#1813,.T.);
#1394=ORIENTED_EDGE('',*,*,#1787,.T.);
#1395=ORIENTED_EDGE('',*,*,#1821,.T.);
#1396=ORIENTED_EDGE('',*,*,#1784,.T.);
#1397=ORIENTED_EDGE('',*,*,#1814,.F.);
#1398=ORIENTED_EDGE('',*,*,#1828,.F.);
#1399=ORIENTED_EDGE('',*,*,#1871,.T.);
#1400=ORIENTED_EDGE('',*,*,#1845,.T.);
#1401=ORIENTED_EDGE('',*,*,#1879,.T.);
#1402=ORIENTED_EDGE('',*,*,#1842,.T.);
#1403=ORIENTED_EDGE('',*,*,#1872,.F.);
#1404=ORIENTED_EDGE('',*,*,#1886,.F.);
#1405=ORIENTED_EDGE('',*,*,#1929,.T.);
#1406=ORIENTED_EDGE('',*,*,#1903,.T.);
#1407=ORIENTED_EDGE('',*,*,#1937,.T.);
#1408=ORIENTED_EDGE('',*,*,#1900,.T.);
#1409=ORIENTED_EDGE('',*,*,#1930,.F.);
#1410=ORIENTED_EDGE('',*,*,#1944,.F.);
#1411=ORIENTED_EDGE('',*,*,#1956,.T.);
#1412=ORIENTED_EDGE('',*,*,#1957,.T.);
#1413=ORIENTED_EDGE('',*,*,#1958,.T.);
#1414=ORIENTED_EDGE('',*,*,#1959,.T.);
#1415=ORIENTED_EDGE('',*,*,#1960,.F.);
#1416=ORIENTED_EDGE('',*,*,#1533,.F.);
#1417=ORIENTED_EDGE('',*,*,#1581,.T.);
#1418=ORIENTED_EDGE('',*,*,#1555,.T.);
#1419=ORIENTED_EDGE('',*,*,#1589,.T.);
#1420=ORIENTED_EDGE('',*,*,#1552,.T.);
#1421=ORIENTED_EDGE('',*,*,#1582,.F.);
#1422=ORIENTED_EDGE('',*,*,#1961,.T.);
#1423=ORIENTED_EDGE('',*,*,#1962,.T.);
#1424=ORIENTED_EDGE('',*,*,#1963,.T.);
#1425=ORIENTED_EDGE('',*,*,#1941,.F.);
#1426=ORIENTED_EDGE('',*,*,#1964,.T.);
#1427=ORIENTED_EDGE('',*,*,#1965,.T.);
#1428=ORIENTED_EDGE('',*,*,#1951,.T.);
#1429=ORIENTED_EDGE('',*,*,#1966,.T.);
#1430=ORIENTED_EDGE('',*,*,#1967,.T.);
#1431=ORIENTED_EDGE('',*,*,#1968,.T.);
#1432=ORIENTED_EDGE('',*,*,#1969,.T.);
#1433=ORIENTED_EDGE('',*,*,#1970,.T.);
#1434=ORIENTED_EDGE('',*,*,#1958,.F.);
#1435=ORIENTED_EDGE('',*,*,#1971,.T.);
#1436=ORIENTED_EDGE('',*,*,#1972,.T.);
#1437=ORIENTED_EDGE('',*,*,#1973,.T.);
#1438=ORIENTED_EDGE('',*,*,#1974,.T.);
#1439=ORIENTED_EDGE('',*,*,#1975,.T.);
#1440=ORIENTED_EDGE('',*,*,#1949,.F.);
#1441=ORIENTED_EDGE('',*,*,#1538,.T.);
#1442=ORIENTED_EDGE('',*,*,#1960,.T.);
#1443=ORIENTED_EDGE('',*,*,#1976,.T.);
#1444=ORIENTED_EDGE('',*,*,#1977,.T.);
#1445=ORIENTED_EDGE('',*,*,#1534,.T.);
#1446=ORIENTED_EDGE('',*,*,#1953,.T.);
#1447=ORIENTED_EDGE('',*,*,#1978,.T.);
#1448=ORIENTED_EDGE('',*,*,#1979,.T.);
#1449=ORIENTED_EDGE('',*,*,#1939,.F.);
#1450=ORIENTED_EDGE('',*,*,#1980,.T.);
#1451=ORIENTED_EDGE('',*,*,#1981,.T.);
#1452=ORIENTED_EDGE('',*,*,#1956,.F.);
#1453=ORIENTED_EDGE('',*,*,#1943,.F.);
#1454=ORIENTED_EDGE('',*,*,#1977,.F.);
#1455=ORIENTED_EDGE('',*,*,#1982,.T.);
#1456=ORIENTED_EDGE('',*,*,#1945,.F.);
#1457=ORIENTED_EDGE('',*,*,#1535,.F.);
#1458=ORIENTED_EDGE('',*,*,#1963,.F.);
#1459=ORIENTED_EDGE('',*,*,#1983,.T.);
#1460=ORIENTED_EDGE('',*,*,#1980,.F.);
#1461=ORIENTED_EDGE('',*,*,#1942,.F.);
#1462=ORIENTED_EDGE('',*,*,#1947,.F.);
#1463=ORIENTED_EDGE('',*,*,#1984,.T.);
#1464=ORIENTED_EDGE('',*,*,#1974,.F.);
#1465=ORIENTED_EDGE('',*,*,#1537,.F.);
#1466=ORIENTED_EDGE('',*,*,#1979,.F.);
#1467=ORIENTED_EDGE('',*,*,#1985,.T.);
#1468=ORIENTED_EDGE('',*,*,#1961,.F.);
#1469=ORIENTED_EDGE('',*,*,#1940,.F.);
#1470=ORIENTED_EDGE('',*,*,#1957,.F.);
#1471=ORIENTED_EDGE('',*,*,#1981,.F.);
#1472=ORIENTED_EDGE('',*,*,#1986,.F.);
#1473=ORIENTED_EDGE('',*,*,#1971,.F.);
#1474=ORIENTED_EDGE('',*,*,#1986,.T.);
#1475=ORIENTED_EDGE('',*,*,#1983,.F.);
#1476=ORIENTED_EDGE('',*,*,#1987,.F.);
#1477=ORIENTED_EDGE('',*,*,#1972,.F.);
#1478=ORIENTED_EDGE('',*,*,#1987,.T.);
#1479=ORIENTED_EDGE('',*,*,#1962,.F.);
#1480=ORIENTED_EDGE('',*,*,#1988,.F.);
#1481=ORIENTED_EDGE('',*,*,#1973,.F.);
#1482=ORIENTED_EDGE('',*,*,#1988,.T.);
#1483=ORIENTED_EDGE('',*,*,#1985,.F.);
#1484=ORIENTED_EDGE('',*,*,#1989,.F.);
#1485=ORIENTED_EDGE('',*,*,#1964,.F.);
#1486=ORIENTED_EDGE('',*,*,#1989,.T.);
#1487=ORIENTED_EDGE('',*,*,#1978,.F.);
#1488=ORIENTED_EDGE('',*,*,#1952,.F.);
#1489=ORIENTED_EDGE('',*,*,#1965,.F.);
#1490=ORIENTED_EDGE('',*,*,#1950,.F.);
#1491=ORIENTED_EDGE('',*,*,#1975,.F.);
#1492=ORIENTED_EDGE('',*,*,#1990,.F.);
#1493=ORIENTED_EDGE('',*,*,#1966,.F.);
#1494=ORIENTED_EDGE('',*,*,#1990,.T.);
#1495=ORIENTED_EDGE('',*,*,#1984,.F.);
#1496=ORIENTED_EDGE('',*,*,#1991,.F.);
#1497=ORIENTED_EDGE('',*,*,#1967,.F.);
#1498=ORIENTED_EDGE('',*,*,#1991,.T.);
#1499=ORIENTED_EDGE('',*,*,#1946,.F.);
#1500=ORIENTED_EDGE('',*,*,#1992,.F.);
#1501=ORIENTED_EDGE('',*,*,#1968,.F.);
#1502=ORIENTED_EDGE('',*,*,#1992,.T.);
#1503=ORIENTED_EDGE('',*,*,#1982,.F.);
#1504=ORIENTED_EDGE('',*,*,#1993,.F.);
#1505=ORIENTED_EDGE('',*,*,#1969,.F.);
#1506=ORIENTED_EDGE('',*,*,#1959,.F.);
#1507=ORIENTED_EDGE('',*,*,#1970,.F.);
#1508=ORIENTED_EDGE('',*,*,#1993,.T.);
#1509=ORIENTED_EDGE('',*,*,#1976,.F.);
#1510=ORIENTED_EDGE('',*,*,#1994,.F.);
#1511=ORIENTED_EDGE('',*,*,#1948,.T.);
#1512=ORIENTED_EDGE('',*,*,#1995,.F.);
#1513=ORIENTED_EDGE('',*,*,#1994,.T.);
#1514=ORIENTED_EDGE('',*,*,#1996,.F.);
#1515=ORIENTED_EDGE('',*,*,#1995,.T.);
#1516=ORIENTED_EDGE('',*,*,#1997,.F.);
#1517=ORIENTED_EDGE('',*,*,#1996,.T.);
#1518=ORIENTED_EDGE('',*,*,#1955,.F.);
#1519=ORIENTED_EDGE('',*,*,#1997,.T.);
#1520=ORIENTED_EDGE('',*,*,#1998,.F.);
#1521=ORIENTED_EDGE('',*,*,#1954,.T.);
#1522=ORIENTED_EDGE('',*,*,#1998,.T.);
#1523=EDGE_CURVE('',#1999,#1999,#2299,.T.);
#1524=EDGE_CURVE('',#2000,#2000,#2300,.T.);
#1525=EDGE_CURVE('',#2001,#2001,#2301,.T.);
#1526=EDGE_CURVE('',#2002,#2002,#2302,.T.);
#1527=EDGE_CURVE('',#2003,#2004,#2303,.T.);
#1528=EDGE_CURVE('',#2003,#2005,#108,.T.);
#1529=EDGE_CURVE('',#2005,#2006,#60,.T.);
#1530=EDGE_CURVE('',#2006,#2007,#61,.T.);
#1531=EDGE_CURVE('',#2007,#2008,#62,.T.);
#1532=EDGE_CURVE('',#2008,#2009,#109,.T.);
#1533=EDGE_CURVE('',#2009,#2010,#2304,.T.);
#1534=EDGE_CURVE('',#2011,#2010,#110,.T.);
#1535=EDGE_CURVE('',#2011,#2012,#63,.T.);
#1536=EDGE_CURVE('',#2012,#2013,#64,.T.);
#1537=EDGE_CURVE('',#2013,#2014,#65,.T.);
#1538=EDGE_CURVE('',#2004,#2014,#111,.T.);
#1539=EDGE_CURVE('',#2015,#2016,#2305,.F.);
#1540=EDGE_CURVE('',#2017,#2015,#112,.T.);
#1541=EDGE_CURVE('',#2018,#2017,#2306,.T.);
#1542=EDGE_CURVE('',#2016,#2018,#113,.F.);
#1543=EDGE_CURVE('',#2019,#2017,#2307,.F.);
#1544=EDGE_CURVE('',#2020,#2019,#2308,.T.);
#1545=EDGE_CURVE('',#2018,#2020,#2309,.T.);
#1546=EDGE_CURVE('',#2021,#2019,#2310,.T.);
#1547=EDGE_CURVE('',#2022,#2021,#2311,.T.);
#1548=EDGE_CURVE('',#2020,#2022,#2312,.F.);
#1549=EDGE_CURVE('',#2023,#2021,#2313,.F.);
#1550=EDGE_CURVE('',#2024,#2023,#2314,.T.);
#1551=EDGE_CURVE('',#2022,#2024,#2315,.T.);
#1552=EDGE_CURVE('',#2025,#2026,#2316,.T.);
#1553=EDGE_CURVE('',#2024,#2025,#114,.F.);
#1554=EDGE_CURVE('',#2026,#2023,#115,.T.);
#1555=EDGE_CURVE('',#2027,#2028,#2317,.T.);
#1556=EDGE_CURVE('',#2029,#2027,#116,.F.);
#1557=EDGE_CURVE('',#2030,#2029,#2318,.T.);
#1558=EDGE_CURVE('',#2028,#2030,#117,.T.);
#1559=EDGE_CURVE('',#2031,#2029,#2319,.F.);
#1560=EDGE_CURVE('',#2032,#2031,#2320,.T.);
#1561=EDGE_CURVE('',#2030,#2032,#2321,.T.);
#1562=EDGE_CURVE('',#2033,#2031,#2322,.T.);
#1563=EDGE_CURVE('',#2034,#2033,#2323,.T.);
#1564=EDGE_CURVE('',#2032,#2034,#2324,.F.);
#1565=EDGE_CURVE('',#2035,#2033,#2325,.F.);
#1566=EDGE_CURVE('',#2036,#2035,#2326,.T.);
#1567=EDGE_CURVE('',#2034,#2036,#2327,.T.);
#1568=EDGE_CURVE('',#2037,#2035,#118,.F.);
#1569=EDGE_CURVE('',#2038,#2037,#2328,.F.);
#1570=EDGE_CURVE('',#2036,#2038,#119,.T.);
#1571=EDGE_CURVE('',#2035,#2005,#120,.F.);
#1572=EDGE_CURVE('',#2006,#2033,#121,.T.);
#1573=EDGE_CURVE('',#2019,#2039,#122,.F.);
#1574=EDGE_CURVE('',#2040,#2017,#123,.F.);
#1575=EDGE_CURVE('',#2039,#2040,#66,.T.);
#1576=EDGE_CURVE('',#2031,#2007,#124,.F.);
#1577=EDGE_CURVE('',#2008,#2029,#125,.T.);
#1578=EDGE_CURVE('',#2023,#2041,#126,.T.);
#1579=EDGE_CURVE('',#2042,#2021,#127,.T.);
#1580=EDGE_CURVE('',#2041,#2042,#67,.T.);
#1581=EDGE_CURVE('',#2009,#2027,#128,.T.);
#1582=EDGE_CURVE('',#2043,#2026,#129,.T.);
#1583=EDGE_CURVE('',#2041,#2043,#130,.T.);
#1584=EDGE_CURVE('',#2003,#2037,#131,.T.);
#1585=EDGE_CURVE('',#2044,#2015,#132,.T.);
#1586=EDGE_CURVE('',#2044,#2040,#133,.T.);
#1587=EDGE_CURVE('',#2042,#2039,#68,.T.);
#1588=EDGE_CURVE('',#2038,#2016,#134,.T.);
#1589=EDGE_CURVE('',#2028,#2025,#135,.T.);
#1590=EDGE_CURVE('',#2045,#2044,#2329,.T.);
#1591=EDGE_CURVE('',#2045,#2046,#136,.T.);
#1592=EDGE_CURVE('',#2046,#2047,#69,.T.);
#1593=EDGE_CURVE('',#2047,#2048,#70,.T.);
#1594=EDGE_CURVE('',#2048,#2049,#71,.T.);
#1595=EDGE_CURVE('',#2049,#2050,#137,.T.);
#1596=EDGE_CURVE('',#2050,#2043,#2330,.T.);
#1597=EDGE_CURVE('',#2051,#2052,#2331,.F.);
#1598=EDGE_CURVE('',#2053,#2051,#138,.T.);
#1599=EDGE_CURVE('',#2054,#2053,#2332,.T.);
#1600=EDGE_CURVE('',#2052,#2054,#139,.F.);
#1601=EDGE_CURVE('',#2055,#2053,#2333,.F.);
#1602=EDGE_CURVE('',#2056,#2055,#2334,.T.);
#1603=EDGE_CURVE('',#2054,#2056,#2335,.T.);
#1604=EDGE_CURVE('',#2057,#2055,#2336,.T.);
#1605=EDGE_CURVE('',#2058,#2057,#2337,.T.);
#1606=EDGE_CURVE('',#2056,#2058,#2338,.F.);
#1607=EDGE_CURVE('',#2059,#2057,#2339,.F.);
#1608=EDGE_CURVE('',#2060,#2059,#2340,.T.);
#1609=EDGE_CURVE('',#2058,#2060,#2341,.T.);
#1610=EDGE_CURVE('',#2061,#2062,#2342,.T.);
#1611=EDGE_CURVE('',#2060,#2061,#140,.F.);
#1612=EDGE_CURVE('',#2062,#2059,#141,.T.);
#1613=EDGE_CURVE('',#2063,#2064,#2343,.T.);
#1614=EDGE_CURVE('',#2065,#2063,#142,.F.);
#1615=EDGE_CURVE('',#2066,#2065,#2344,.T.);
#1616=EDGE_CURVE('',#2064,#2066,#143,.T.);
#1617=EDGE_CURVE('',#2067,#2065,#2345,.F.);
#1618=EDGE_CURVE('',#2068,#2067,#2346,.T.);
#1619=EDGE_CURVE('',#2066,#2068,#2347,.T.);
#1620=EDGE_CURVE('',#2069,#2067,#2348,.T.);
#1621=EDGE_CURVE('',#2070,#2069,#2349,.T.);
#1622=EDGE_CURVE('',#2068,#2070,#2350,.F.);
#1623=EDGE_CURVE('',#2071,#2069,#2351,.F.);
#1624=EDGE_CURVE('',#2072,#2071,#2352,.T.);
#1625=EDGE_CURVE('',#2070,#2072,#2353,.T.);
#1626=EDGE_CURVE('',#2073,#2071,#144,.F.);
#1627=EDGE_CURVE('',#2074,#2073,#2354,.F.);
#1628=EDGE_CURVE('',#2072,#2074,#145,.T.);
#1629=EDGE_CURVE('',#2071,#2046,#146,.F.);
#1630=EDGE_CURVE('',#2047,#2069,#147,.T.);
#1631=EDGE_CURVE('',#2055,#2075,#148,.F.);
#1632=EDGE_CURVE('',#2076,#2053,#149,.F.);
#1633=EDGE_CURVE('',#2075,#2076,#72,.T.);
#1634=EDGE_CURVE('',#2067,#2048,#150,.F.);
#1635=EDGE_CURVE('',#2049,#2065,#151,.T.);
#1636=EDGE_CURVE('',#2059,#2077,#152,.T.);
#1637=EDGE_CURVE('',#2078,#2057,#153,.T.);
#1638=EDGE_CURVE('',#2077,#2078,#73,.T.);
#1639=EDGE_CURVE('',#2050,#2063,#154,.T.);
#1640=EDGE_CURVE('',#2079,#2062,#155,.T.);
#1641=EDGE_CURVE('',#2077,#2079,#156,.T.);
#1642=EDGE_CURVE('',#2045,#2073,#157,.T.);
#1643=EDGE_CURVE('',#2080,#2051,#158,.T.);
#1644=EDGE_CURVE('',#2080,#2076,#159,.T.);
#1645=EDGE_CURVE('',#2078,#2075,#74,.T.);
#1646=EDGE_CURVE('',#2074,#2052,#160,.T.);
#1647=EDGE_CURVE('',#2064,#2061,#161,.T.);
#1648=EDGE_CURVE('',#2081,#2080,#2355,.T.);
#1649=EDGE_CURVE('',#2081,#2082,#162,.T.);
#1650=EDGE_CURVE('',#2082,#2083,#75,.T.);
#1651=EDGE_CURVE('',#2083,#2084,#76,.T.);
#1652=EDGE_CURVE('',#2084,#2085,#77,.T.);
#1653=EDGE_CURVE('',#2085,#2086,#163,.T.);
#1654=EDGE_CURVE('',#2086,#2079,#2356,.T.);
#1655=EDGE_CURVE('',#2087,#2088,#2357,.F.);
#1656=EDGE_CURVE('',#2089,#2087,#164,.T.);
#1657=EDGE_CURVE('',#2090,#2089,#2358,.T.);
#1658=EDGE_CURVE('',#2088,#2090,#165,.F.);
#1659=EDGE_CURVE('',#2091,#2089,#2359,.F.);
#1660=EDGE_CURVE('',#2092,#2091,#2360,.T.);
#1661=EDGE_CURVE('',#2090,#2092,#2361,.T.);
#1662=EDGE_CURVE('',#2093,#2091,#2362,.T.);
#1663=EDGE_CURVE('',#2094,#2093,#2363,.T.);
#1664=EDGE_CURVE('',#2092,#2094,#2364,.F.);
#1665=EDGE_CURVE('',#2095,#2093,#2365,.F.);
#1666=EDGE_CURVE('',#2096,#2095,#2366,.T.);
#1667=EDGE_CURVE('',#2094,#2096,#2367,.T.);
#1668=EDGE_CURVE('',#2097,#2098,#2368,.T.);
#1669=EDGE_CURVE('',#2096,#2097,#166,.F.);
#1670=EDGE_CURVE('',#2098,#2095,#167,.T.);
#1671=EDGE_CURVE('',#2099,#2100,#2369,.T.);
#1672=EDGE_CURVE('',#2101,#2099,#168,.F.);
#1673=EDGE_CURVE('',#2102,#2101,#2370,.T.);
#1674=EDGE_CURVE('',#2100,#2102,#169,.T.);
#1675=EDGE_CURVE('',#2103,#2101,#2371,.F.);
#1676=EDGE_CURVE('',#2104,#2103,#2372,.T.);
#1677=EDGE_CURVE('',#2102,#2104,#2373,.T.);
#1678=EDGE_CURVE('',#2105,#2103,#2374,.T.);
#1679=EDGE_CURVE('',#2106,#2105,#2375,.T.);
#1680=EDGE_CURVE('',#2104,#2106,#2376,.F.);
#1681=EDGE_CURVE('',#2107,#2105,#2377,.F.);
#1682=EDGE_CURVE('',#2108,#2107,#2378,.T.);
#1683=EDGE_CURVE('',#2106,#2108,#2379,.T.);
#1684=EDGE_CURVE('',#2109,#2107,#170,.F.);
#1685=EDGE_CURVE('',#2110,#2109,#2380,.F.);
#1686=EDGE_CURVE('',#2108,#2110,#171,.T.);
#1687=EDGE_CURVE('',#2107,#2082,#172,.F.);
#1688=EDGE_CURVE('',#2083,#2105,#173,.T.);
#1689=EDGE_CURVE('',#2091,#2111,#174,.F.);
#1690=EDGE_CURVE('',#2112,#2089,#175,.F.);
#1691=EDGE_CURVE('',#2111,#2112,#78,.T.);
#1692=EDGE_CURVE('',#2103,#2084,#176,.F.);
#1693=EDGE_CURVE('',#2085,#2101,#177,.T.);
#1694=EDGE_CURVE('',#2095,#2113,#178,.T.);
#1695=EDGE_CURVE('',#2114,#2093,#179,.T.);
#1696=EDGE_CURVE('',#2113,#2114,#79,.T.);
#1697=EDGE_CURVE('',#2086,#2099,#180,.T.);
#1698=EDGE_CURVE('',#2115,#2098,#181,.T.);
#1699=EDGE_CURVE('',#2113,#2115,#182,.T.);
#1700=EDGE_CURVE('',#2081,#2109,#183,.T.);
#1701=EDGE_CURVE('',#2116,#2087,#184,.T.);
#1702=EDGE_CURVE('',#2116,#2112,#185,.T.);
#1703=EDGE_CURVE('',#2114,#2111,#80,.T.);
#1704=EDGE_CURVE('',#2110,#2088,#186,.T.);
#1705=EDGE_CURVE('',#2100,#2097,#187,.T.);
#1706=EDGE_CURVE('',#2117,#2116,#2381,.T.);
#1707=EDGE_CURVE('',#2117,#2118,#188,.T.);
#1708=EDGE_CURVE('',#2118,#2119,#81,.T.);
#1709=EDGE_CURVE('',#2119,#2120,#82,.T.);
#1710=EDGE_CURVE('',#2120,#2121,#83,.T.);
#1711=EDGE_CURVE('',#2121,#2122,#189,.T.);
#1712=EDGE_CURVE('',#2122,#2115,#2382,.T.);
#1713=EDGE_CURVE('',#2123,#2124,#2383,.F.);
#1714=EDGE_CURVE('',#2125,#2123,#190,.T.);
#1715=EDGE_CURVE('',#2126,#2125,#2384,.T.);
#1716=EDGE_CURVE('',#2124,#2126,#191,.F.);
#1717=EDGE_CURVE('',#2127,#2125,#2385,.F.);
#1718=EDGE_CURVE('',#2128,#2127,#2386,.T.);
#1719=EDGE_CURVE('',#2126,#2128,#2387,.T.);
#1720=EDGE_CURVE('',#2129,#2127,#2388,.T.);
#1721=EDGE_CURVE('',#2130,#2129,#2389,.T.);
#1722=EDGE_CURVE('',#2128,#2130,#2390,.F.);
#1723=EDGE_CURVE('',#2131,#2129,#2391,.F.);
#1724=EDGE_CURVE('',#2132,#2131,#2392,.T.);
#1725=EDGE_CURVE('',#2130,#2132,#2393,.T.);
#1726=EDGE_CURVE('',#2133,#2134,#2394,.T.);
#1727=EDGE_CURVE('',#2132,#2133,#192,.F.);
#1728=EDGE_CURVE('',#2134,#2131,#193,.T.);
#1729=EDGE_CURVE('',#2135,#2136,#2395,.T.);
#1730=EDGE_CURVE('',#2137,#2135,#194,.F.);
#1731=EDGE_CURVE('',#2138,#2137,#2396,.T.);
#1732=EDGE_CURVE('',#2136,#2138,#195,.T.);
#1733=EDGE_CURVE('',#2139,#2137,#2397,.F.);
#1734=EDGE_CURVE('',#2140,#2139,#2398,.T.);
#1735=EDGE_CURVE('',#2138,#2140,#2399,.T.);
#1736=EDGE_CURVE('',#2141,#2139,#2400,.T.);
#1737=EDGE_CURVE('',#2142,#2141,#2401,.T.);
#1738=EDGE_CURVE('',#2140,#2142,#2402,.F.);
#1739=EDGE_CURVE('',#2143,#2141,#2403,.F.);
#1740=EDGE_CURVE('',#2144,#2143,#2404,.T.);
#1741=EDGE_CURVE('',#2142,#2144,#2405,.T.);
#1742=EDGE_CURVE('',#2145,#2143,#196,.F.);
#1743=EDGE_CURVE('',#2146,#2145,#2406,.F.);
#1744=EDGE_CURVE('',#2144,#2146,#197,.T.);
#1745=EDGE_CURVE('',#2143,#2118,#198,.F.);
#1746=EDGE_CURVE('',#2119,#2141,#199,.T.);
#1747=EDGE_CURVE('',#2127,#2147,#200,.F.);
#1748=EDGE_CURVE('',#2148,#2125,#201,.F.);
#1749=EDGE_CURVE('',#2147,#2148,#84,.T.);
#1750=EDGE_CURVE('',#2139,#2120,#202,.F.);
#1751=EDGE_CURVE('',#2121,#2137,#203,.T.);
#1752=EDGE_CURVE('',#2131,#2149,#204,.T.);
#1753=EDGE_CURVE('',#2150,#2129,#205,.T.);
#1754=EDGE_CURVE('',#2149,#2150,#85,.T.);
#1755=EDGE_CURVE('',#2122,#2135,#206,.T.);
#1756=EDGE_CURVE('',#2151,#2134,#207,.T.);
#1757=EDGE_CURVE('',#2149,#2151,#208,.T.);
#1758=EDGE_CURVE('',#2117,#2145,#209,.T.);
#1759=EDGE_CURVE('',#2152,#2123,#210,.T.);
#1760=EDGE_CURVE('',#2152,#2148,#211,.T.);
#1761=EDGE_CURVE('',#2150,#2147,#86,.T.);
#1762=EDGE_CURVE('',#2146,#2124,#212,.T.);
#1763=EDGE_CURVE('',#2136,#2133,#213,.T.);
#1764=EDGE_CURVE('',#2153,#2152,#2407,.T.);
#1765=EDGE_CURVE('',#2153,#2154,#214,.T.);
#1766=EDGE_CURVE('',#2154,#2155,#87,.T.);
#1767=EDGE_CURVE('',#2155,#2156,#88,.T.);
#1768=EDGE_CURVE('',#2156,#2157,#89,.T.);
#1769=EDGE_CURVE('',#2157,#2158,#215,.T.);
#1770=EDGE_CURVE('',#2158,#2151,#2408,.T.);
#1771=EDGE_CURVE('',#2159,#2160,#2409,.F.);
#1772=EDGE_CURVE('',#2161,#2159,#216,.T.);
#1773=EDGE_CURVE('',#2162,#2161,#2410,.T.);
#1774=EDGE_CURVE('',#2160,#2162,#217,.F.);
#1775=EDGE_CURVE('',#2163,#2161,#2411,.F.);
#1776=EDGE_CURVE('',#2164,#2163,#2412,.T.);
#1777=EDGE_CURVE('',#2162,#2164,#2413,.T.);
#1778=EDGE_CURVE('',#2165,#2163,#2414,.T.);
#1779=EDGE_CURVE('',#2166,#2165,#2415,.T.);
#1780=EDGE_CURVE('',#2164,#2166,#2416,.F.);
#1781=EDGE_CURVE('',#2167,#2165,#2417,.F.);
#1782=EDGE_CURVE('',#2168,#2167,#2418,.T.);
#1783=EDGE_CURVE('',#2166,#2168,#2419,.T.);
#1784=EDGE_CURVE('',#2169,#2170,#2420,.T.);
#1785=EDGE_CURVE('',#2168,#2169,#218,.F.);
#1786=EDGE_CURVE('',#2170,#2167,#219,.T.);
#1787=EDGE_CURVE('',#2171,#2172,#2421,.T.);
#1788=EDGE_CURVE('',#2173,#2171,#220,.F.);
#1789=EDGE_CURVE('',#2174,#2173,#2422,.T.);
#1790=EDGE_CURVE('',#2172,#2174,#221,.T.);
#1791=EDGE_CURVE('',#2175,#2173,#2423,.F.);
#1792=EDGE_CURVE('',#2176,#2175,#2424,.T.);
#1793=EDGE_CURVE('',#2174,#2176,#2425,.T.);
#1794=EDGE_CURVE('',#2177,#2175,#2426,.T.);
#1795=EDGE_CURVE('',#2178,#2177,#2427,.T.);
#1796=EDGE_CURVE('',#2176,#2178,#2428,.F.);
#1797=EDGE_CURVE('',#2179,#2177,#2429,.F.);
#1798=EDGE_CURVE('',#2180,#2179,#2430,.T.);
#1799=EDGE_CURVE('',#2178,#2180,#2431,.T.);
#1800=EDGE_CURVE('',#2181,#2179,#222,.F.);
#1801=EDGE_CURVE('',#2182,#2181,#2432,.F.);
#1802=EDGE_CURVE('',#2180,#2182,#223,.T.);
#1803=EDGE_CURVE('',#2179,#2154,#224,.F.);
#1804=EDGE_CURVE('',#2155,#2177,#225,.T.);
#1805=EDGE_CURVE('',#2163,#2183,#226,.F.);
#1806=EDGE_CURVE('',#2184,#2161,#227,.F.);
#1807=EDGE_CURVE('',#2183,#2184,#90,.T.);
#1808=EDGE_CURVE('',#2175,#2156,#228,.F.);
#1809=EDGE_CURVE('',#2157,#2173,#229,.T.);
#1810=EDGE_CURVE('',#2167,#2185,#230,.T.);
#1811=EDGE_CURVE('',#2186,#2165,#231,.T.);
#1812=EDGE_CURVE('',#2185,#2186,#91,.T.);
#1813=EDGE_CURVE('',#2158,#2171,#232,.T.);
#1814=EDGE_CURVE('',#2187,#2170,#233,.T.);
#1815=EDGE_CURVE('',#2185,#2187,#234,.T.);
#1816=EDGE_CURVE('',#2153,#2181,#235,.T.);
#1817=EDGE_CURVE('',#2188,#2159,#236,.T.);
#1818=EDGE_CURVE('',#2188,#2184,#237,.T.);
#1819=EDGE_CURVE('',#2186,#2183,#92,.T.);
#1820=EDGE_CURVE('',#2182,#2160,#238,.T.);
#1821=EDGE_CURVE('',#2172,#2169,#239,.T.);
#1822=EDGE_CURVE('',#2189,#2188,#2433,.T.);
#1823=EDGE_CURVE('',#2189,#2190,#240,.T.);
#1824=EDGE_CURVE('',#2190,#2191,#93,.T.);
#1825=EDGE_CURVE('',#2191,#2192,#94,.T.);
#1826=EDGE_CURVE('',#2192,#2193,#95,.T.);
#1827=EDGE_CURVE('',#2193,#2194,#241,.T.);
#1828=EDGE_CURVE('',#2194,#2187,#2434,.T.);
#1829=EDGE_CURVE('',#2195,#2196,#2435,.F.);
#1830=EDGE_CURVE('',#2197,#2195,#242,.T.);
#1831=EDGE_CURVE('',#2198,#2197,#2436,.T.);
#1832=EDGE_CURVE('',#2196,#2198,#243,.F.);
#1833=EDGE_CURVE('',#2199,#2197,#2437,.F.);
#1834=EDGE_CURVE('',#2200,#2199,#2438,.T.);
#1835=EDGE_CURVE('',#2198,#2200,#2439,.T.);
#1836=EDGE_CURVE('',#2201,#2199,#2440,.T.);
#1837=EDGE_CURVE('',#2202,#2201,#2441,.T.);
#1838=EDGE_CURVE('',#2200,#2202,#2442,.F.);
#1839=EDGE_CURVE('',#2203,#2201,#2443,.F.);
#1840=EDGE_CURVE('',#2204,#2203,#2444,.T.);
#1841=EDGE_CURVE('',#2202,#2204,#2445,.T.);
#1842=EDGE_CURVE('',#2205,#2206,#2446,.T.);
#1843=EDGE_CURVE('',#2204,#2205,#244,.F.);
#1844=EDGE_CURVE('',#2206,#2203,#245,.T.);
#1845=EDGE_CURVE('',#2207,#2208,#2447,.T.);
#1846=EDGE_CURVE('',#2209,#2207,#246,.F.);
#1847=EDGE_CURVE('',#2210,#2209,#2448,.T.);
#1848=EDGE_CURVE('',#2208,#2210,#247,.T.);
#1849=EDGE_CURVE('',#2211,#2209,#2449,.F.);
#1850=EDGE_CURVE('',#2212,#2211,#2450,.T.);
#1851=EDGE_CURVE('',#2210,#2212,#2451,.T.);
#1852=EDGE_CURVE('',#2213,#2211,#2452,.T.);
#1853=EDGE_CURVE('',#2214,#2213,#2453,.T.);
#1854=EDGE_CURVE('',#2212,#2214,#2454,.F.);
#1855=EDGE_CURVE('',#2215,#2213,#2455,.F.);
#1856=EDGE_CURVE('',#2216,#2215,#2456,.T.);
#1857=EDGE_CURVE('',#2214,#2216,#2457,.T.);
#1858=EDGE_CURVE('',#2217,#2215,#248,.F.);
#1859=EDGE_CURVE('',#2218,#2217,#2458,.F.);
#1860=EDGE_CURVE('',#2216,#2218,#249,.T.);
#1861=EDGE_CURVE('',#2215,#2190,#250,.F.);
#1862=EDGE_CURVE('',#2191,#2213,#251,.T.);
#1863=EDGE_CURVE('',#2199,#2219,#252,.F.);
#1864=EDGE_CURVE('',#2220,#2197,#253,.F.);
#1865=EDGE_CURVE('',#2219,#2220,#96,.T.);
#1866=EDGE_CURVE('',#2211,#2192,#254,.F.);
#1867=EDGE_CURVE('',#2193,#2209,#255,.T.);
#1868=EDGE_CURVE('',#2203,#2221,#256,.T.);
#1869=EDGE_CURVE('',#2222,#2201,#257,.T.);
#1870=EDGE_CURVE('',#2221,#2222,#97,.T.);
#1871=EDGE_CURVE('',#2194,#2207,#258,.T.);
#1872=EDGE_CURVE('',#2223,#2206,#259,.T.);
#1873=EDGE_CURVE('',#2221,#2223,#260,.T.);
#1874=EDGE_CURVE('',#2189,#2217,#261,.T.);
#1875=EDGE_CURVE('',#2224,#2195,#262,.T.);
#1876=EDGE_CURVE('',#2224,#2220,#263,.T.);
#1877=EDGE_CURVE('',#2222,#2219,#98,.T.);
#1878=EDGE_CURVE('',#2218,#2196,#264,.T.);
#1879=EDGE_CURVE('',#2208,#2205,#265,.T.);
#1880=EDGE_CURVE('',#2225,#2224,#2459,.T.);
#1881=EDGE_CURVE('',#2225,#2226,#266,.T.);
#1882=EDGE_CURVE('',#2226,#2227,#99,.T.);
#1883=EDGE_CURVE('',#2227,#2228,#100,.T.);
#1884=EDGE_CURVE('',#2228,#2229,#101,.T.);
#1885=EDGE_CURVE('',#2229,#2230,#267,.T.);
#1886=EDGE_CURVE('',#2230,#2223,#2460,.T.);
#1887=EDGE_CURVE('',#2231,#2232,#2461,.F.);
#1888=EDGE_CURVE('',#2233,#2231,#268,.T.);
#1889=EDGE_CURVE('',#2234,#2233,#2462,.T.);
#1890=EDGE_CURVE('',#2232,#2234,#269,.F.);
#1891=EDGE_CURVE('',#2235,#2233,#2463,.F.);
#1892=EDGE_CURVE('',#2236,#2235,#2464,.T.);
#1893=EDGE_CURVE('',#2234,#2236,#2465,.T.);
#1894=EDGE_CURVE('',#2237,#2235,#2466,.T.);
#1895=EDGE_CURVE('',#2238,#2237,#2467,.T.);
#1896=EDGE_CURVE('',#2236,#2238,#2468,.F.);
#1897=EDGE_CURVE('',#2239,#2237,#2469,.F.);
#1898=EDGE_CURVE('',#2240,#2239,#2470,.T.);
#1899=EDGE_CURVE('',#2238,#2240,#2471,.T.);
#1900=EDGE_CURVE('',#2241,#2242,#2472,.T.);
#1901=EDGE_CURVE('',#2240,#2241,#270,.F.);
#1902=EDGE_CURVE('',#2242,#2239,#271,.T.);
#1903=EDGE_CURVE('',#2243,#2244,#2473,.T.);
#1904=EDGE_CURVE('',#2245,#2243,#272,.F.);
#1905=EDGE_CURVE('',#2246,#2245,#2474,.T.);
#1906=EDGE_CURVE('',#2244,#2246,#273,.T.);
#1907=EDGE_CURVE('',#2247,#2245,#2475,.F.);
#1908=EDGE_CURVE('',#2248,#2247,#2476,.T.);
#1909=EDGE_CURVE('',#2246,#2248,#2477,.T.);
#1910=EDGE_CURVE('',#2249,#2247,#2478,.T.);
#1911=EDGE_CURVE('',#2250,#2249,#2479,.T.);
#1912=EDGE_CURVE('',#2248,#2250,#2480,.F.);
#1913=EDGE_CURVE('',#2251,#2249,#2481,.F.);
#1914=EDGE_CURVE('',#2252,#2251,#2482,.T.);
#1915=EDGE_CURVE('',#2250,#2252,#2483,.T.);
#1916=EDGE_CURVE('',#2253,#2251,#274,.F.);
#1917=EDGE_CURVE('',#2254,#2253,#2484,.F.);
#1918=EDGE_CURVE('',#2252,#2254,#275,.T.);
#1919=EDGE_CURVE('',#2251,#2226,#276,.F.);
#1920=EDGE_CURVE('',#2227,#2249,#277,.T.);
#1921=EDGE_CURVE('',#2235,#2255,#278,.F.);
#1922=EDGE_CURVE('',#2256,#2233,#279,.F.);
#1923=EDGE_CURVE('',#2255,#2256,#102,.T.);
#1924=EDGE_CURVE('',#2247,#2228,#280,.F.);
#1925=EDGE_CURVE('',#2229,#2245,#281,.T.);
#1926=EDGE_CURVE('',#2239,#2257,#282,.T.);
#1927=EDGE_CURVE('',#2258,#2237,#283,.T.);
#1928=EDGE_CURVE('',#2257,#2258,#103,.T.);
#1929=EDGE_CURVE('',#2230,#2243,#284,.T.);
#1930=EDGE_CURVE('',#2259,#2242,#285,.T.);
#1931=EDGE_CURVE('',#2257,#2259,#286,.T.);
#1932=EDGE_CURVE('',#2225,#2253,#287,.T.);
#1933=EDGE_CURVE('',#2260,#2231,#288,.T.);
#1934=EDGE_CURVE('',#2260,#2256,#289,.T.);
#1935=EDGE_CURVE('',#2258,#2255,#104,.T.);
#1936=EDGE_CURVE('',#2254,#2232,#290,.T.);
#1937=EDGE_CURVE('',#2244,#2241,#291,.T.);
#1938=EDGE_CURVE('',#2261,#2260,#2485,.T.);
#1939=EDGE_CURVE('',#2261,#2262,#292,.T.);
#1940=EDGE_CURVE('',#2262,#2263,#105,.T.);
#1941=EDGE_CURVE('',#2263,#2264,#106,.T.);
#1942=EDGE_CURVE('',#2264,#2265,#107,.T.);
#1943=EDGE_CURVE('',#2265,#2266,#293,.T.);
#1944=EDGE_CURVE('',#2266,#2259,#2486,.T.);
#1945=EDGE_CURVE('',#2012,#2267,#294,.T.);
#1946=EDGE_CURVE('',#2267,#2268,#2487,.T.);
#1947=EDGE_CURVE('',#2268,#2013,#295,.F.);
#1948=EDGE_CURVE('',#2269,#2269,#2488,.T.);
#1949=EDGE_CURVE('',#2004,#2270,#296,.T.);
#1950=EDGE_CURVE('',#2270,#2271,#2489,.F.);
#1951=EDGE_CURVE('',#2272,#2271,#297,.T.);
#1952=EDGE_CURVE('',#2272,#2273,#2490,.F.);
#1953=EDGE_CURVE('',#2261,#2273,#298,.T.);
#1954=EDGE_CURVE('',#2274,#2274,#2491,.T.);
#1955=EDGE_CURVE('',#2275,#2275,#2492,.T.);
#1956=EDGE_CURVE('',#2266,#2276,#299,.T.);
#1957=EDGE_CURVE('',#2276,#2277,#2493,.T.);
#1958=EDGE_CURVE('',#2277,#2278,#300,.T.);
#1959=EDGE_CURVE('',#2278,#2279,#2494,.T.);
#1960=EDGE_CURVE('',#2010,#2279,#301,.T.);
#1961=EDGE_CURVE('',#2263,#2280,#302,.T.);
#1962=EDGE_CURVE('',#2280,#2281,#2495,.T.);
#1963=EDGE_CURVE('',#2281,#2264,#303,.F.);
#1964=EDGE_CURVE('',#2282,#2283,#2496,.T.);
#1965=EDGE_CURVE('',#2283,#2272,#304,.T.);
#1966=EDGE_CURVE('',#2271,#2284,#305,.F.);
#1967=EDGE_CURVE('',#2284,#2285,#2497,.T.);
#1968=EDGE_CURVE('',#2285,#2286,#2498,.F.);
#1969=EDGE_CURVE('',#2286,#2287,#2499,.T.);
#1970=EDGE_CURVE('',#2287,#2278,#306,.F.);
#1971=EDGE_CURVE('',#2277,#2288,#307,.T.);
#1972=EDGE_CURVE('',#2288,#2289,#2500,.T.);
#1973=EDGE_CURVE('',#2289,#2282,#2501,.F.);
#1974=EDGE_CURVE('',#2014,#2290,#308,.F.);
#1975=EDGE_CURVE('',#2290,#2270,#309,.T.);
#1976=EDGE_CURVE('',#2279,#2291,#310,.T.);
#1977=EDGE_CURVE('',#2291,#2011,#311,.T.);
#1978=EDGE_CURVE('',#2273,#2292,#312,.F.);
#1979=EDGE_CURVE('',#2292,#2262,#313,.F.);
#1980=EDGE_CURVE('',#2265,#2293,#314,.T.);
#1981=EDGE_CURVE('',#2293,#2276,#315,.F.);
#1982=EDGE_CURVE('',#2291,#2267,#2502,.F.);
#1983=EDGE_CURVE('',#2281,#2293,#2503,.F.);
#1984=EDGE_CURVE('',#2268,#2290,#2504,.F.);
#1985=EDGE_CURVE('',#2292,#2280,#2505,.F.);
#1986=EDGE_CURVE('',#2288,#2293,#2506,.T.);
#1987=EDGE_CURVE('',#2289,#2281,#2507,.T.);
#1988=EDGE_CURVE('',#2282,#2280,#2508,.T.);
#1989=EDGE_CURVE('',#2283,#2292,#2509,.T.);
#1990=EDGE_CURVE('',#2284,#2290,#2510,.T.);
#1991=EDGE_CURVE('',#2285,#2268,#2511,.T.);
#1992=EDGE_CURVE('',#2286,#2267,#2512,.T.);
#1993=EDGE_CURVE('',#2287,#2291,#2513,.T.);
#1994=EDGE_CURVE('',#2294,#2294,#2514,.T.);
#1995=EDGE_CURVE('',#2295,#2295,#2515,.T.);
#1996=EDGE_CURVE('',#2296,#2296,#2516,.T.);
#1997=EDGE_CURVE('',#2297,#2297,#2517,.T.);
#1998=EDGE_CURVE('',#2298,#2298,#2518,.T.);
#1999=VERTEX_POINT('',#4659);
#2000=VERTEX_POINT('',#4661);
#2001=VERTEX_POINT('',#4665);
#2002=VERTEX_POINT('',#4667);
#2003=VERTEX_POINT('',#4671);
#2004=VERTEX_POINT('',#4672);
#2005=VERTEX_POINT('',#4674);
#2006=VERTEX_POINT('',#4679);
#2007=VERTEX_POINT('',#4684);
#2008=VERTEX_POINT('',#4689);
#2009=VERTEX_POINT('',#4691);
#2010=VERTEX_POINT('',#4693);
#2011=VERTEX_POINT('',#4695);
#2012=VERTEX_POINT('',#4700);
#2013=VERTEX_POINT('',#4705);
#2014=VERTEX_POINT('',#4710);
#2015=VERTEX_POINT('',#4714);
#2016=VERTEX_POINT('',#4715);
#2017=VERTEX_POINT('',#4717);
#2018=VERTEX_POINT('',#4719);
#2019=VERTEX_POINT('',#4723);
#2020=VERTEX_POINT('',#4725);
#2021=VERTEX_POINT('',#4729);
#2022=VERTEX_POINT('',#4731);
#2023=VERTEX_POINT('',#4735);
#2024=VERTEX_POINT('',#4737);
#2025=VERTEX_POINT('',#4741);
#2026=VERTEX_POINT('',#4742);
#2027=VERTEX_POINT('',#4747);
#2028=VERTEX_POINT('',#4748);
#2029=VERTEX_POINT('',#4750);
#2030=VERTEX_POINT('',#4752);
#2031=VERTEX_POINT('',#4756);
#2032=VERTEX_POINT('',#4758);
#2033=VERTEX_POINT('',#4762);
#2034=VERTEX_POINT('',#4764);
#2035=VERTEX_POINT('',#4768);
#2036=VERTEX_POINT('',#4770);
#2037=VERTEX_POINT('',#4774);
#2038=VERTEX_POINT('',#4776);
#2039=VERTEX_POINT('',#4783);
#2040=VERTEX_POINT('',#4785);
#2041=VERTEX_POINT('',#4795);
#2042=VERTEX_POINT('',#4797);
#2043=VERTEX_POINT('',#4806);
#2044=VERTEX_POINT('',#4812);
#2045=VERTEX_POINT('',#4825);
#2046=VERTEX_POINT('',#4827);
#2047=VERTEX_POINT('',#4832);
#2048=VERTEX_POINT('',#4837);
#2049=VERTEX_POINT('',#4842);
#2050=VERTEX_POINT('',#4844);
#2051=VERTEX_POINT('',#4848);
#2052=VERTEX_POINT('',#4849);
#2053=VERTEX_POINT('',#4851);
#2054=VERTEX_POINT('',#4853);
#2055=VERTEX_POINT('',#4857);
#2056=VERTEX_POINT('',#4859);
#2057=VERTEX_POINT('',#4863);
#2058=VERTEX_POINT('',#4865);
#2059=VERTEX_POINT('',#4869);
#2060=VERTEX_POINT('',#4871);
#2061=VERTEX_POINT('',#4875);
#2062=VERTEX_POINT('',#4876);
#2063=VERTEX_POINT('',#4881);
#2064=VERTEX_POINT('',#4882);
#2065=VERTEX_POINT('',#4884);
#2066=VERTEX_POINT('',#4886);
#2067=VERTEX_POINT('',#4890);
#2068=VERTEX_POINT('',#4892);
#2069=VERTEX_POINT('',#4896);
#2070=VERTEX_POINT('',#4898);
#2071=VERTEX_POINT('',#4902);
#2072=VERTEX_POINT('',#4904);
#2073=VERTEX_POINT('',#4908);
#2074=VERTEX_POINT('',#4910);
#2075=VERTEX_POINT('',#4917);
#2076=VERTEX_POINT('',#4919);
#2077=VERTEX_POINT('',#4929);
#2078=VERTEX_POINT('',#4931);
#2079=VERTEX_POINT('',#4940);
#2080=VERTEX_POINT('',#4946);
#2081=VERTEX_POINT('',#4959);
#2082=VERTEX_POINT('',#4961);
#2083=VERTEX_POINT('',#4966);
#2084=VERTEX_POINT('',#4971);
#2085=VERTEX_POINT('',#4976);
#2086=VERTEX_POINT('',#4978);
#2087=VERTEX_POINT('',#4982);
#2088=VERTEX_POINT('',#4983);
#2089=VERTEX_POINT('',#4985);
#2090=VERTEX_POINT('',#4987);
#2091=VERTEX_POINT('',#4991);
#2092=VERTEX_POINT('',#4993);
#2093=VERTEX_POINT('',#4997);
#2094=VERTEX_POINT('',#4999);
#2095=VERTEX_POINT('',#5003);
#2096=VERTEX_POINT('',#5005);
#2097=VERTEX_POINT('',#5009);
#2098=VERTEX_POINT('',#5010);
#2099=VERTEX_POINT('',#5015);
#2100=VERTEX_POINT('',#5016);
#2101=VERTEX_POINT('',#5018);
#2102=VERTEX_POINT('',#5020);
#2103=VERTEX_POINT('',#5024);
#2104=VERTEX_POINT('',#5026);
#2105=VERTEX_POINT('',#5030);
#2106=VERTEX_POINT('',#5032);
#2107=VERTEX_POINT('',#5036);
#2108=VERTEX_POINT('',#5038);
#2109=VERTEX_POINT('',#5042);
#2110=VERTEX_POINT('',#5044);
#2111=VERTEX_POINT('',#5051);
#2112=VERTEX_POINT('',#5053);
#2113=VERTEX_POINT('',#5063);
#2114=VERTEX_POINT('',#5065);
#2115=VERTEX_POINT('',#5074);
#2116=VERTEX_POINT('',#5080);
#2117=VERTEX_POINT('',#5093);
#2118=VERTEX_POINT('',#5095);
#2119=VERTEX_POINT('',#5100);
#2120=VERTEX_POINT('',#5105);
#2121=VERTEX_POINT('',#5110);
#2122=VERTEX_POINT('',#5112);
#2123=VERTEX_POINT('',#5116);
#2124=VERTEX_POINT('',#5117);
#2125=VERTEX_POINT('',#5119);
#2126=VERTEX_POINT('',#5121);
#2127=VERTEX_POINT('',#5125);
#2128=VERTEX_POINT('',#5127);
#2129=VERTEX_POINT('',#5131);
#2130=VERTEX_POINT('',#5133);
#2131=VERTEX_POINT('',#5137);
#2132=VERTEX_POINT('',#5139);
#2133=VERTEX_POINT('',#5143);
#2134=VERTEX_POINT('',#5144);
#2135=VERTEX_POINT('',#5149);
#2136=VERTEX_POINT('',#5150);
#2137=VERTEX_POINT('',#5152);
#2138=VERTEX_POINT('',#5154);
#2139=VERTEX_POINT('',#5158);
#2140=VERTEX_POINT('',#5160);
#2141=VERTEX_POINT('',#5164);
#2142=VERTEX_POINT('',#5166);
#2143=VERTEX_POINT('',#5170);
#2144=VERTEX_POINT('',#5172);
#2145=VERTEX_POINT('',#5176);
#2146=VERTEX_POINT('',#5178);
#2147=VERTEX_POINT('',#5185);
#2148=VERTEX_POINT('',#5187);
#2149=VERTEX_POINT('',#5197);
#2150=VERTEX_POINT('',#5199);
#2151=VERTEX_POINT('',#5208);
#2152=VERTEX_POINT('',#5214);
#2153=VERTEX_POINT('',#5227);
#2154=VERTEX_POINT('',#5229);
#2155=VERTEX_POINT('',#5234);
#2156=VERTEX_POINT('',#5239);
#2157=VERTEX_POINT('',#5244);
#2158=VERTEX_POINT('',#5246);
#2159=VERTEX_POINT('',#5250);
#2160=VERTEX_POINT('',#5251);
#2161=VERTEX_POINT('',#5253);
#2162=VERTEX_POINT('',#5255);
#2163=VERTEX_POINT('',#5259);
#2164=VERTEX_POINT('',#5261);
#2165=VERTEX_POINT('',#5265);
#2166=VERTEX_POINT('',#5267);
#2167=VERTEX_POINT('',#5271);
#2168=VERTEX_POINT('',#5273);
#2169=VERTEX_POINT('',#5277);
#2170=VERTEX_POINT('',#5278);
#2171=VERTEX_POINT('',#5283);
#2172=VERTEX_POINT('',#5284);
#2173=VERTEX_POINT('',#5286);
#2174=VERTEX_POINT('',#5288);
#2175=VERTEX_POINT('',#5292);
#2176=VERTEX_POINT('',#5294);
#2177=VERTEX_POINT('',#5298);
#2178=VERTEX_POINT('',#5300);
#2179=VERTEX_POINT('',#5304);
#2180=VERTEX_POINT('',#5306);
#2181=VERTEX_POINT('',#5310);
#2182=VERTEX_POINT('',#5312);
#2183=VERTEX_POINT('',#5319);
#2184=VERTEX_POINT('',#5321);
#2185=VERTEX_POINT('',#5331);
#2186=VERTEX_POINT('',#5333);
#2187=VERTEX_POINT('',#5342);
#2188=VERTEX_POINT('',#5348);
#2189=VERTEX_POINT('',#5361);
#2190=VERTEX_POINT('',#5363);
#2191=VERTEX_POINT('',#5368);
#2192=VERTEX_POINT('',#5373);
#2193=VERTEX_POINT('',#5378);
#2194=VERTEX_POINT('',#5380);
#2195=VERTEX_POINT('',#5384);
#2196=VERTEX_POINT('',#5385);
#2197=VERTEX_POINT('',#5387);
#2198=VERTEX_POINT('',#5389);
#2199=VERTEX_POINT('',#5393);
#2200=VERTEX_POINT('',#5395);
#2201=VERTEX_POINT('',#5399);
#2202=VERTEX_POINT('',#5401);
#2203=VERTEX_POINT('',#5405);
#2204=VERTEX_POINT('',#5407);
#2205=VERTEX_POINT('',#5411);
#2206=VERTEX_POINT('',#5412);
#2207=VERTEX_POINT('',#5417);
#2208=VERTEX_POINT('',#5418);
#2209=VERTEX_POINT('',#5420);
#2210=VERTEX_POINT('',#5422);
#2211=VERTEX_POINT('',#5426);
#2212=VERTEX_POINT('',#5428);
#2213=VERTEX_POINT('',#5432);
#2214=VERTEX_POINT('',#5434);
#2215=VERTEX_POINT('',#5438);
#2216=VERTEX_POINT('',#5440);
#2217=VERTEX_POINT('',#5444);
#2218=VERTEX_POINT('',#5446);
#2219=VERTEX_POINT('',#5453);
#2220=VERTEX_POINT('',#5455);
#2221=VERTEX_POINT('',#5465);
#2222=VERTEX_POINT('',#5467);
#2223=VERTEX_POINT('',#5476);
#2224=VERTEX_POINT('',#5482);
#2225=VERTEX_POINT('',#5495);
#2226=VERTEX_POINT('',#5497);
#2227=VERTEX_POINT('',#5502);
#2228=VERTEX_POINT('',#5507);
#2229=VERTEX_POINT('',#5512);
#2230=VERTEX_POINT('',#5514);
#2231=VERTEX_POINT('',#5518);
#2232=VERTEX_POINT('',#5519);
#2233=VERTEX_POINT('',#5521);
#2234=VERTEX_POINT('',#5523);
#2235=VERTEX_POINT('',#5527);
#2236=VERTEX_POINT('',#5529);
#2237=VERTEX_POINT('',#5533);
#2238=VERTEX_POINT('',#5535);
#2239=VERTEX_POINT('',#5539);
#2240=VERTEX_POINT('',#5541);
#2241=VERTEX_POINT('',#5545);
#2242=VERTEX_POINT('',#5546);
#2243=VERTEX_POINT('',#5551);
#2244=VERTEX_POINT('',#5552);
#2245=VERTEX_POINT('',#5554);
#2246=VERTEX_POINT('',#5556);
#2247=VERTEX_POINT('',#5560);
#2248=VERTEX_POINT('',#5562);
#2249=VERTEX_POINT('',#5566);
#2250=VERTEX_POINT('',#5568);
#2251=VERTEX_POINT('',#5572);
#2252=VERTEX_POINT('',#5574);
#2253=VERTEX_POINT('',#5578);
#2254=VERTEX_POINT('',#5580);
#2255=VERTEX_POINT('',#5587);
#2256=VERTEX_POINT('',#5589);
#2257=VERTEX_POINT('',#5599);
#2258=VERTEX_POINT('',#5601);
#2259=VERTEX_POINT('',#5610);
#2260=VERTEX_POINT('',#5616);
#2261=VERTEX_POINT('',#5629);
#2262=VERTEX_POINT('',#5631);
#2263=VERTEX_POINT('',#5636);
#2264=VERTEX_POINT('',#5641);
#2265=VERTEX_POINT('',#5646);
#2266=VERTEX_POINT('',#5648);
#2267=VERTEX_POINT('',#5652);
#2268=VERTEX_POINT('',#5654);
#2269=VERTEX_POINT('',#5658);
#2270=VERTEX_POINT('',#5660);
#2271=VERTEX_POINT('',#5662);
#2272=VERTEX_POINT('',#5664);
#2273=VERTEX_POINT('',#5666);
#2274=VERTEX_POINT('',#5670);
#2275=VERTEX_POINT('',#5672);
#2276=VERTEX_POINT('',#5674);
#2277=VERTEX_POINT('',#5676);
#2278=VERTEX_POINT('',#5678);
#2279=VERTEX_POINT('',#5680);
#2280=VERTEX_POINT('',#5684);
#2281=VERTEX_POINT('',#5686);
#2282=VERTEX_POINT('',#5690);
#2283=VERTEX_POINT('',#5691);
#2284=VERTEX_POINT('',#5694);
#2285=VERTEX_POINT('',#5696);
#2286=VERTEX_POINT('',#5698);
#2287=VERTEX_POINT('',#5700);
#2288=VERTEX_POINT('',#5703);
#2289=VERTEX_POINT('',#5705);
#2290=VERTEX_POINT('',#5709);
#2291=VERTEX_POINT('',#5713);
#2292=VERTEX_POINT('',#5717);
#2293=VERTEX_POINT('',#5721);
#2294=VERTEX_POINT('',#5751);
#2295=VERTEX_POINT('',#5754);
#2296=VERTEX_POINT('',#5757);
#2297=VERTEX_POINT('',#5760);
#2298=VERTEX_POINT('',#5764);
#2299=CIRCLE('',#3220,0.00075);
#2300=CIRCLE('',#3221,0.00075);
#2301=CIRCLE('',#3224,0.00075);
#2302=CIRCLE('',#3225,0.00075);
#2303=CIRCLE('',#3228,0.00889);
#2304=CIRCLE('',#3229,0.00889);
#2305=CIRCLE('',#3231,0.000508);
#2306=CIRCLE('',#3232,0.000508);
#2307=CIRCLE('',#3234,0.000508);
#2308=CIRCLE('',#3235,0.000508);
#2309=CIRCLE('',#3236,0.001016);
#2310=CIRCLE('',#3238,0.001778);
#2311=CIRCLE('',#3239,0.000508);
#2312=CIRCLE('',#3240,0.00127);
#2313=CIRCLE('',#3242,0.000508);
#2314=CIRCLE('',#3243,0.000508);
#2315=CIRCLE('',#3244,0.001016);
#2316=CIRCLE('',#3246,0.000508);
#2317=CIRCLE('',#3248,0.000508);
#2318=CIRCLE('',#3249,0.000508);
#2319=CIRCLE('',#3251,0.000508);
#2320=CIRCLE('',#3252,0.000508);
#2321=CIRCLE('',#3253,0.001016);
#2322=CIRCLE('',#3255,0.001778);
#2323=CIRCLE('',#3256,0.000508);
#2324=CIRCLE('',#3257,0.00127);
#2325=CIRCLE('',#3259,0.000508);
#2326=CIRCLE('',#3260,0.000508);
#2327=CIRCLE('',#3261,0.001016);
#2328=CIRCLE('',#3263,0.000508);
#2329=CIRCLE('',#3276,0.00889);
#2330=CIRCLE('',#3277,0.00889);
#2331=CIRCLE('',#3279,0.000508);
#2332=CIRCLE('',#3280,0.000508);
#2333=CIRCLE('',#3282,0.000508);
#2334=CIRCLE('',#3283,0.000508);
#2335=CIRCLE('',#3284,0.001016);
#2336=CIRCLE('',#3286,0.001778);
#2337=CIRCLE('',#3287,0.000508);
#2338=CIRCLE('',#3288,0.00127);
#2339=CIRCLE('',#3290,0.000508);
#2340=CIRCLE('',#3291,0.000508);
#2341=CIRCLE('',#3292,0.001016);
#2342=CIRCLE('',#3294,0.000508);
#2343=CIRCLE('',#3296,0.000508);
#2344=CIRCLE('',#3297,0.000508);
#2345=CIRCLE('',#3299,0.000508);
#2346=CIRCLE('',#3300,0.000508);
#2347=CIRCLE('',#3301,0.001016);
#2348=CIRCLE('',#3303,0.001778);
#2349=CIRCLE('',#3304,0.000508);
#2350=CIRCLE('',#3305,0.00127);
#2351=CIRCLE('',#3307,0.000508);
#2352=CIRCLE('',#3308,0.000508);
#2353=CIRCLE('',#3309,0.001016);
#2354=CIRCLE('',#3311,0.000508);
#2355=CIRCLE('',#3324,0.00889);
#2356=CIRCLE('',#3325,0.00889);
#2357=CIRCLE('',#3327,0.000508);
#2358=CIRCLE('',#3328,0.000508);
#2359=CIRCLE('',#3330,0.000508);
#2360=CIRCLE('',#3331,0.000508);
#2361=CIRCLE('',#3332,0.001016);
#2362=CIRCLE('',#3334,0.001778);
#2363=CIRCLE('',#3335,0.000508);
#2364=CIRCLE('',#3336,0.00127);
#2365=CIRCLE('',#3338,0.000508);
#2366=CIRCLE('',#3339,0.000508);
#2367=CIRCLE('',#3340,0.001016);
#2368=CIRCLE('',#3342,0.000508);
#2369=CIRCLE('',#3344,0.000508);
#2370=CIRCLE('',#3345,0.000508);
#2371=CIRCLE('',#3347,0.000508);
#2372=CIRCLE('',#3348,0.000508);
#2373=CIRCLE('',#3349,0.001016);
#2374=CIRCLE('',#3351,0.001778);
#2375=CIRCLE('',#3352,0.000508);
#2376=CIRCLE('',#3353,0.00127);
#2377=CIRCLE('',#3355,0.000508);
#2378=CIRCLE('',#3356,0.000508);
#2379=CIRCLE('',#3357,0.001016);
#2380=CIRCLE('',#3359,0.000508);
#2381=CIRCLE('',#3372,0.00889);
#2382=CIRCLE('',#3373,0.00889);
#2383=CIRCLE('',#3375,0.000508);
#2384=CIRCLE('',#3376,0.000508);
#2385=CIRCLE('',#3378,0.000508);
#2386=CIRCLE('',#3379,0.000508);
#2387=CIRCLE('',#3380,0.001016);
#2388=CIRCLE('',#3382,0.001778);
#2389=CIRCLE('',#3383,0.000508);
#2390=CIRCLE('',#3384,0.00127);
#2391=CIRCLE('',#3386,0.000508);
#2392=CIRCLE('',#3387,0.000508);
#2393=CIRCLE('',#3388,0.001016);
#2394=CIRCLE('',#3390,0.000508);
#2395=CIRCLE('',#3392,0.000508);
#2396=CIRCLE('',#3393,0.000508);
#2397=CIRCLE('',#3395,0.000508);
#2398=CIRCLE('',#3396,0.000508);
#2399=CIRCLE('',#3397,0.001016);
#2400=CIRCLE('',#3399,0.001778);
#2401=CIRCLE('',#3400,0.000508);
#2402=CIRCLE('',#3401,0.00127);
#2403=CIRCLE('',#3403,0.000508);
#2404=CIRCLE('',#3404,0.000508);
#2405=CIRCLE('',#3405,0.001016);
#2406=CIRCLE('',#3407,0.000508);
#2407=CIRCLE('',#3420,0.00889);
#2408=CIRCLE('',#3421,0.00889);
#2409=CIRCLE('',#3423,0.000508);
#2410=CIRCLE('',#3424,0.000508);
#2411=CIRCLE('',#3426,0.000508);
#2412=CIRCLE('',#3427,0.000508);
#2413=CIRCLE('',#3428,0.001016);
#2414=CIRCLE('',#3430,0.001778);
#2415=CIRCLE('',#3431,0.000508);
#2416=CIRCLE('',#3432,0.00127);
#2417=CIRCLE('',#3434,0.000508);
#2418=CIRCLE('',#3435,0.000508);
#2419=CIRCLE('',#3436,0.001016);
#2420=CIRCLE('',#3438,0.000508);
#2421=CIRCLE('',#3440,0.000508);
#2422=CIRCLE('',#3441,0.000508);
#2423=CIRCLE('',#3443,0.000508);
#2424=CIRCLE('',#3444,0.000508);
#2425=CIRCLE('',#3445,0.001016);
#2426=CIRCLE('',#3447,0.001778);
#2427=CIRCLE('',#3448,0.000508);
#2428=CIRCLE('',#3449,0.00127);
#2429=CIRCLE('',#3451,0.000508);
#2430=CIRCLE('',#3452,0.000508);
#2431=CIRCLE('',#3453,0.001016);
#2432=CIRCLE('',#3455,0.000508);
#2433=CIRCLE('',#3468,0.00889);
#2434=CIRCLE('',#3469,0.00889);
#2435=CIRCLE('',#3471,0.000508);
#2436=CIRCLE('',#3472,0.000508);
#2437=CIRCLE('',#3474,0.000508);
#2438=CIRCLE('',#3475,0.000508);
#2439=CIRCLE('',#3476,0.001016);
#2440=CIRCLE('',#3478,0.001778);
#2441=CIRCLE('',#3479,0.000508);
#2442=CIRCLE('',#3480,0.00127);
#2443=CIRCLE('',#3482,0.000508);
#2444=CIRCLE('',#3483,0.000508);
#2445=CIRCLE('',#3484,0.001016);
#2446=CIRCLE('',#3486,0.000508);
#2447=CIRCLE('',#3488,0.000508);
#2448=CIRCLE('',#3489,0.000508);
#2449=CIRCLE('',#3491,0.000508);
#2450=CIRCLE('',#3492,0.000508);
#2451=CIRCLE('',#3493,0.001016);
#2452=CIRCLE('',#3495,0.001778);
#2453=CIRCLE('',#3496,0.000508);
#2454=CIRCLE('',#3497,0.00127);
#2455=CIRCLE('',#3499,0.000508);
#2456=CIRCLE('',#3500,0.000508);
#2457=CIRCLE('',#3501,0.001016);
#2458=CIRCLE('',#3503,0.000508);
#2459=CIRCLE('',#3516,0.00889);
#2460=CIRCLE('',#3517,0.00889);
#2461=CIRCLE('',#3519,0.000508);
#2462=CIRCLE('',#3520,0.000508);
#2463=CIRCLE('',#3522,0.000508);
#2464=CIRCLE('',#3523,0.000508);
#2465=CIRCLE('',#3524,0.001016);
#2466=CIRCLE('',#3526,0.001778);
#2467=CIRCLE('',#3527,0.000508);
#2468=CIRCLE('',#3528,0.00127);
#2469=CIRCLE('',#3530,0.000508);
#2470=CIRCLE('',#3531,0.000508);
#2471=CIRCLE('',#3532,0.001016);
#2472=CIRCLE('',#3534,0.000508);
#2473=CIRCLE('',#3536,0.000508);
#2474=CIRCLE('',#3537,0.000508);
#2475=CIRCLE('',#3539,0.000508);
#2476=CIRCLE('',#3540,0.000508);
#2477=CIRCLE('',#3541,0.001016);
#2478=CIRCLE('',#3543,0.001778);
#2479=CIRCLE('',#3544,0.000508);
#2480=CIRCLE('',#3545,0.00127);
#2481=CIRCLE('',#3547,0.000508);
#2482=CIRCLE('',#3548,0.000508);
#2483=CIRCLE('',#3549,0.001016);
#2484=CIRCLE('',#3551,0.000508);
#2485=CIRCLE('',#3564,0.00889);
#2486=CIRCLE('',#3565,0.00889);
#2487=CIRCLE('',#3567,0.001778);
#2488=CIRCLE('',#3569,0.00205);
#2489=CIRCLE('',#3570,0.000508);
#2490=CIRCLE('',#3571,0.000508);
#2491=CIRCLE('',#3573,0.00075);
#2492=CIRCLE('',#3574,0.00205);
#2493=CIRCLE('',#3575,0.000508);
#2494=CIRCLE('',#3576,0.000508);
#2495=CIRCLE('',#3578,0.001778);
#2496=CIRCLE('',#3580,0.001016);
#2497=CIRCLE('',#3581,0.001016);
#2498=CIRCLE('',#3582,0.00127);
#2499=CIRCLE('',#3583,0.001016);
#2500=CIRCLE('',#3584,0.001016);
#2501=CIRCLE('',#3585,0.00127);
#2502=CIRCLE('',#3591,0.000508);
#2503=CIRCLE('',#3593,0.000508);
#2504=CIRCLE('',#3595,0.000508);
#2505=CIRCLE('',#3597,0.000508);
#2506=CIRCLE('',#3599,0.000508);
#2507=CIRCLE('',#3601,0.000508);
#2508=CIRCLE('',#3603,0.000508);
#2509=CIRCLE('',#3605,0.000508);
#2510=CIRCLE('',#3608,0.000508);
#2511=CIRCLE('',#3610,0.000508);
#2512=CIRCLE('',#3612,0.000508);
#2513=CIRCLE('',#3614,0.000508);
#2514=CIRCLE('',#3617,0.00205);
#2515=CIRCLE('',#3619,0.0015);
#2516=CIRCLE('',#3621,0.0015);
#2517=CIRCLE('',#3623,0.00205);
#2518=CIRCLE('',#3626,0.00075);
#2519=EDGE_LOOP('',(#571));
#2520=EDGE_LOOP('',(#572));
#2521=EDGE_LOOP('',(#573));
#2522=EDGE_LOOP('',(#574));
#2523=EDGE_LOOP('',(#575));
#2524=EDGE_LOOP('',(#576));
#2525=EDGE_LOOP('',(#577,#578,#579,#580,#581,#582,#583,#584,#585,#586,#587,
#588));
#2526=EDGE_LOOP('',(#589,#590,#591,#592));
#2527=EDGE_LOOP('',(#593,#594,#595,#596));
#2528=EDGE_LOOP('',(#597,#598,#599,#600));
#2529=EDGE_LOOP('',(#601,#602,#603,#604));
#2530=EDGE_LOOP('',(#605,#606,#607,#608));
#2531=EDGE_LOOP('',(#609,#610,#611,#612));
#2532=EDGE_LOOP('',(#613,#614,#615,#616));
#2533=EDGE_LOOP('',(#617,#618,#619,#620));
#2534=EDGE_LOOP('',(#621,#622,#623,#624));
#2535=EDGE_LOOP('',(#625,#626,#627,#628));
#2536=EDGE_LOOP('',(#629,#630,#631,#632));
#2537=EDGE_LOOP('',(#633,#634,#635,#636));
#2538=EDGE_LOOP('',(#637,#638,#639,#640));
#2539=EDGE_LOOP('',(#641,#642,#643,#644));
#2540=EDGE_LOOP('',(#645,#646,#647,#648));
#2541=EDGE_LOOP('',(#649,#650,#651,#652));
#2542=EDGE_LOOP('',(#653,#654,#655,#656));
#2543=EDGE_LOOP('',(#657,#658,#659,#660));
#2544=EDGE_LOOP('',(#661,#662,#663,#664));
#2545=EDGE_LOOP('',(#665,#666,#667,#668));
#2546=EDGE_LOOP('',(#669,#670,#671,#672,#673,#674,#675,#676,#677,#678,#679,
#680));
#2547=EDGE_LOOP('',(#681,#682,#683,#684,#685,#686,#687,#688,#689,#690,#691,
#692));
#2548=EDGE_LOOP('',(#693,#694,#695,#696));
#2549=EDGE_LOOP('',(#697,#698,#699,#700));
#2550=EDGE_LOOP('',(#701,#702,#703,#704));
#2551=EDGE_LOOP('',(#705,#706,#707,#708));
#2552=EDGE_LOOP('',(#709,#710,#711,#712));
#2553=EDGE_LOOP('',(#713,#714,#715,#716));
#2554=EDGE_LOOP('',(#717,#718,#719,#720));
#2555=EDGE_LOOP('',(#721,#722,#723,#724));
#2556=EDGE_LOOP('',(#725,#726,#727,#728));
#2557=EDGE_LOOP('',(#729,#730,#731,#732));
#2558=EDGE_LOOP('',(#733,#734,#735,#736));
#2559=EDGE_LOOP('',(#737,#738,#739,#740));
#2560=EDGE_LOOP('',(#741,#742,#743,#744));
#2561=EDGE_LOOP('',(#745,#746,#747,#748));
#2562=EDGE_LOOP('',(#749,#750,#751,#752));
#2563=EDGE_LOOP('',(#753,#754,#755,#756));
#2564=EDGE_LOOP('',(#757,#758,#759,#760));
#2565=EDGE_LOOP('',(#761,#762,#763,#764));
#2566=EDGE_LOOP('',(#765,#766,#767,#768));
#2567=EDGE_LOOP('',(#769,#770,#771,#772));
#2568=EDGE_LOOP('',(#773,#774,#775,#776,#777,#778,#779,#780,#781,#782,#783,
#784));
#2569=EDGE_LOOP('',(#785,#786,#787,#788,#789,#790,#791,#792,#793,#794,#795,
#796));
#2570=EDGE_LOOP('',(#797,#798,#799,#800));
#2571=EDGE_LOOP('',(#801,#802,#803,#804));
#2572=EDGE_LOOP('',(#805,#806,#807,#808));
#2573=EDGE_LOOP('',(#809,#810,#811,#812));
#2574=EDGE_LOOP('',(#813,#814,#815,#816));
#2575=EDGE_LOOP('',(#817,#818,#819,#820));
#2576=EDGE_LOOP('',(#821,#822,#823,#824));
#2577=EDGE_LOOP('',(#825,#826,#827,#828));
#2578=EDGE_LOOP('',(#829,#830,#831,#832));
#2579=EDGE_LOOP('',(#833,#834,#835,#836));
#2580=EDGE_LOOP('',(#837,#838,#839,#840));
#2581=EDGE_LOOP('',(#841,#842,#843,#844));
#2582=EDGE_LOOP('',(#845,#846,#847,#848));
#2583=EDGE_LOOP('',(#849,#850,#851,#852));
#2584=EDGE_LOOP('',(#853,#854,#855,#856));
#2585=EDGE_LOOP('',(#857,#858,#859,#860));
#2586=EDGE_LOOP('',(#861,#862,#863,#864));
#2587=EDGE_LOOP('',(#865,#866,#867,#868));
#2588=EDGE_LOOP('',(#869,#870,#871,#872));
#2589=EDGE_LOOP('',(#873,#874,#875,#876));
#2590=EDGE_LOOP('',(#877,#878,#879,#880,#881,#882,#883,#884,#885,#886,#887,
#888));
#2591=EDGE_LOOP('',(#889,#890,#891,#892,#893,#894,#895,#896,#897,#898,#899,
#900));
#2592=EDGE_LOOP('',(#901,#902,#903,#904));
#2593=EDGE_LOOP('',(#905,#906,#907,#908));
#2594=EDGE_LOOP('',(#909,#910,#911,#912));
#2595=EDGE_LOOP('',(#913,#914,#915,#916));
#2596=EDGE_LOOP('',(#917,#918,#919,#920));
#2597=EDGE_LOOP('',(#921,#922,#923,#924));
#2598=EDGE_LOOP('',(#925,#926,#927,#928));
#2599=EDGE_LOOP('',(#929,#930,#931,#932));
#2600=EDGE_LOOP('',(#933,#934,#935,#936));
#2601=EDGE_LOOP('',(#937,#938,#939,#940));
#2602=EDGE_LOOP('',(#941,#942,#943,#944));
#2603=EDGE_LOOP('',(#945,#946,#947,#948));
#2604=EDGE_LOOP('',(#949,#950,#951,#952));
#2605=EDGE_LOOP('',(#953,#954,#955,#956));
#2606=EDGE_LOOP('',(#957,#958,#959,#960));
#2607=EDGE_LOOP('',(#961,#962,#963,#964));
#2608=EDGE_LOOP('',(#965,#966,#967,#968));
#2609=EDGE_LOOP('',(#969,#970,#971,#972));
#2610=EDGE_LOOP('',(#973,#974,#975,#976));
#2611=EDGE_LOOP('',(#977,#978,#979,#980));
#2612=EDGE_LOOP('',(#981,#982,#983,#984,#985,#986,#987,#988,#989,#990,#991,
#992));
#2613=EDGE_LOOP('',(#993,#994,#995,#996,#997,#998,#999,#1000,#1001,#1002,
#1003,#1004));
#2614=EDGE_LOOP('',(#1005,#1006,#1007,#1008));
#2615=EDGE_LOOP('',(#1009,#1010,#1011,#1012));
#2616=EDGE_LOOP('',(#1013,#1014,#1015,#1016));
#2617=EDGE_LOOP('',(#1017,#1018,#1019,#1020));
#2618=EDGE_LOOP('',(#1021,#1022,#1023,#1024));
#2619=EDGE_LOOP('',(#1025,#1026,#1027,#1028));
#2620=EDGE_LOOP('',(#1029,#1030,#1031,#1032));
#2621=EDGE_LOOP('',(#1033,#1034,#1035,#1036));
#2622=EDGE_LOOP('',(#1037,#1038,#1039,#1040));
#2623=EDGE_LOOP('',(#1041,#1042,#1043,#1044));
#2624=EDGE_LOOP('',(#1045,#1046,#1047,#1048));
#2625=EDGE_LOOP('',(#1049,#1050,#1051,#1052));
#2626=EDGE_LOOP('',(#1053,#1054,#1055,#1056));
#2627=EDGE_LOOP('',(#1057,#1058,#1059,#1060));
#2628=EDGE_LOOP('',(#1061,#1062,#1063,#1064));
#2629=EDGE_LOOP('',(#1065,#1066,#1067,#1068));
#2630=EDGE_LOOP('',(#1069,#1070,#1071,#1072));
#2631=EDGE_LOOP('',(#1073,#1074,#1075,#1076));
#2632=EDGE_LOOP('',(#1077,#1078,#1079,#1080));
#2633=EDGE_LOOP('',(#1081,#1082,#1083,#1084));
#2634=EDGE_LOOP('',(#1085,#1086,#1087,#1088,#1089,#1090,#1091,#1092,#1093,
#1094,#1095,#1096));
#2635=EDGE_LOOP('',(#1097,#1098,#1099,#1100,#1101,#1102,#1103,#1104,#1105,
#1106,#1107,#1108));
#2636=EDGE_LOOP('',(#1109,#1110,#1111,#1112));
#2637=EDGE_LOOP('',(#1113,#1114,#1115,#1116));
#2638=EDGE_LOOP('',(#1117,#1118,#1119,#1120));
#2639=EDGE_LOOP('',(#1121,#1122,#1123,#1124));
#2640=EDGE_LOOP('',(#1125,#1126,#1127,#1128));
#2641=EDGE_LOOP('',(#1129,#1130,#1131,#1132));
#2642=EDGE_LOOP('',(#1133,#1134,#1135,#1136));
#2643=EDGE_LOOP('',(#1137,#1138,#1139,#1140));
#2644=EDGE_LOOP('',(#1141,#1142,#1143,#1144));
#2645=EDGE_LOOP('',(#1145,#1146,#1147,#1148));
#2646=EDGE_LOOP('',(#1149,#1150,#1151,#1152));
#2647=EDGE_LOOP('',(#1153,#1154,#1155,#1156));
#2648=EDGE_LOOP('',(#1157,#1158,#1159,#1160));
#2649=EDGE_LOOP('',(#1161,#1162,#1163,#1164));
#2650=EDGE_LOOP('',(#1165,#1166,#1167,#1168));
#2651=EDGE_LOOP('',(#1169,#1170,#1171,#1172));
#2652=EDGE_LOOP('',(#1173,#1174,#1175,#1176));
#2653=EDGE_LOOP('',(#1177,#1178,#1179,#1180));
#2654=EDGE_LOOP('',(#1181,#1182,#1183,#1184));
#2655=EDGE_LOOP('',(#1185,#1186,#1187,#1188));
#2656=EDGE_LOOP('',(#1189,#1190,#1191,#1192,#1193,#1194,#1195,#1196,#1197,
#1198,#1199,#1200));
#2657=EDGE_LOOP('',(#1201,#1202,#1203,#1204,#1205,#1206,#1207,#1208,#1209,
#1210,#1211,#1212));
#2658=EDGE_LOOP('',(#1213,#1214,#1215,#1216));
#2659=EDGE_LOOP('',(#1217,#1218,#1219,#1220));
#2660=EDGE_LOOP('',(#1221,#1222,#1223,#1224));
#2661=EDGE_LOOP('',(#1225,#1226,#1227,#1228));
#2662=EDGE_LOOP('',(#1229,#1230,#1231,#1232));
#2663=EDGE_LOOP('',(#1233,#1234,#1235,#1236));
#2664=EDGE_LOOP('',(#1237,#1238,#1239,#1240));
#2665=EDGE_LOOP('',(#1241,#1242,#1243,#1244));
#2666=EDGE_LOOP('',(#1245,#1246,#1247,#1248));
#2667=EDGE_LOOP('',(#1249,#1250,#1251,#1252));
#2668=EDGE_LOOP('',(#1253,#1254,#1255,#1256));
#2669=EDGE_LOOP('',(#1257,#1258,#1259,#1260));
#2670=EDGE_LOOP('',(#1261,#1262,#1263,#1264));
#2671=EDGE_LOOP('',(#1265,#1266,#1267,#1268));
#2672=EDGE_LOOP('',(#1269,#1270,#1271,#1272));
#2673=EDGE_LOOP('',(#1273,#1274,#1275,#1276));
#2674=EDGE_LOOP('',(#1277,#1278,#1279,#1280));
#2675=EDGE_LOOP('',(#1281,#1282,#1283,#1284));
#2676=EDGE_LOOP('',(#1285,#1286,#1287,#1288));
#2677=EDGE_LOOP('',(#1289,#1290,#1291,#1292));
#2678=EDGE_LOOP('',(#1293,#1294,#1295,#1296,#1297,#1298,#1299,#1300,#1301,
#1302,#1303,#1304));
#2679=EDGE_LOOP('',(#1305,#1306,#1307,#1308,#1309,#1310,#1311,#1312,#1313,
#1314,#1315,#1316));
#2680=EDGE_LOOP('',(#1317,#1318,#1319,#1320));
#2681=EDGE_LOOP('',(#1321));
#2682=EDGE_LOOP('',(#1322,#1323,#1324,#1325,#1326,#1327,#1328,#1329,#1330,
#1331,#1332,#1333,#1334,#1335,#1336,#1337,#1338,#1339,#1340,#1341,#1342,
#1343,#1344,#1345,#1346,#1347,#1348,#1349,#1350,#1351,#1352,#1353,#1354,
#1355,#1356,#1357,#1358,#1359,#1360,#1361,#1362,#1363,#1364,#1365,#1366,
#1367,#1368,#1369));
#2683=EDGE_LOOP('',(#1370));
#2684=EDGE_LOOP('',(#1371));
#2685=EDGE_LOOP('',(#1372));
#2686=EDGE_LOOP('',(#1373));
#2687=EDGE_LOOP('',(#1374,#1375,#1376,#1377,#1378,#1379,#1380,#1381,#1382,
#1383,#1384,#1385,#1386,#1387,#1388,#1389,#1390,#1391,#1392,#1393,#1394,
#1395,#1396,#1397,#1398,#1399,#1400,#1401,#1402,#1403,#1404,#1405,#1406,
#1407,#1408,#1409,#1410,#1411,#1412,#1413,#1414,#1415,#1416,#1417,#1418,
#1419,#1420,#1421));
#2688=EDGE_LOOP('',(#1422,#1423,#1424,#1425));
#2689=EDGE_LOOP('',(#1426,#1427,#1428,#1429,#1430,#1431,#1432,#1433,#1434,
#1435,#1436,#1437));
#2690=EDGE_LOOP('',(#1438,#1439,#1440,#1441));
#2691=EDGE_LOOP('',(#1442,#1443,#1444,#1445));
#2692=EDGE_LOOP('',(#1446,#1447,#1448,#1449));
#2693=EDGE_LOOP('',(#1450,#1451,#1452,#1453));
#2694=EDGE_LOOP('',(#1454,#1455,#1456,#1457));
#2695=EDGE_LOOP('',(#1458,#1459,#1460,#1461));
#2696=EDGE_LOOP('',(#1462,#1463,#1464,#1465));
#2697=EDGE_LOOP('',(#1466,#1467,#1468,#1469));
#2698=EDGE_LOOP('',(#1470,#1471,#1472,#1473));
#2699=EDGE_LOOP('',(#1474,#1475,#1476,#1477));
#2700=EDGE_LOOP('',(#1478,#1479,#1480,#1481));
#2701=EDGE_LOOP('',(#1482,#1483,#1484,#1485));
#2702=EDGE_LOOP('',(#1486,#1487,#1488,#1489));
#2703=EDGE_LOOP('',(#1490,#1491,#1492,#1493));
#2704=EDGE_LOOP('',(#1494,#1495,#1496,#1497));
#2705=EDGE_LOOP('',(#1498,#1499,#1500,#1501));
#2706=EDGE_LOOP('',(#1502,#1503,#1504,#1505));
#2707=EDGE_LOOP('',(#1506,#1507,#1508,#1509));
#2708=EDGE_LOOP('',(#1510));
#2709=EDGE_LOOP('',(#1511));
#2710=EDGE_LOOP('',(#1512));
#2711=EDGE_LOOP('',(#1513));
#2712=EDGE_LOOP('',(#1514));
#2713=EDGE_LOOP('',(#1515));
#2714=EDGE_LOOP('',(#1516));
#2715=EDGE_LOOP('',(#1517));
#2716=EDGE_LOOP('',(#1518));
#2717=EDGE_LOOP('',(#1519));
#2718=EDGE_LOOP('',(#1520));
#2719=EDGE_LOOP('',(#1521));
#2720=EDGE_LOOP('',(#1522));
#2721=FACE_BOUND('',#2519,.T.);
#2722=FACE_BOUND('',#2520,.T.);
#2723=FACE_BOUND('',#2521,.T.);
#2724=FACE_BOUND('',#2522,.T.);
#2725=FACE_BOUND('',#2523,.T.);
#2726=FACE_BOUND('',#2524,.T.);
#2727=FACE_BOUND('',#2525,.T.);
#2728=FACE_BOUND('',#2526,.T.);
#2729=FACE_BOUND('',#2527,.T.);
#2730=FACE_BOUND('',#2528,.T.);
#2731=FACE_BOUND('',#2529,.T.);
#2732=FACE_BOUND('',#2530,.T.);
#2733=FACE_BOUND('',#2531,.T.);
#2734=FACE_BOUND('',#2532,.T.);
#2735=FACE_BOUND('',#2533,.T.);
#2736=FACE_BOUND('',#2534,.T.);
#2737=FACE_BOUND('',#2535,.T.);
#2738=FACE_BOUND('',#2536,.T.);
#2739=FACE_BOUND('',#2537,.T.);
#2740=FACE_BOUND('',#2538,.T.);
#2741=FACE_BOUND('',#2539,.T.);
#2742=FACE_BOUND('',#2540,.T.);
#2743=FACE_BOUND('',#2541,.T.);
#2744=FACE_BOUND('',#2542,.T.);
#2745=FACE_BOUND('',#2543,.T.);
#2746=FACE_BOUND('',#2544,.T.);
#2747=FACE_BOUND('',#2545,.T.);
#2748=FACE_BOUND('',#2546,.T.);
#2749=FACE_BOUND('',#2547,.T.);
#2750=FACE_BOUND('',#2548,.T.);
#2751=FACE_BOUND('',#2549,.T.);
#2752=FACE_BOUND('',#2550,.T.);
#2753=FACE_BOUND('',#2551,.T.);
#2754=FACE_BOUND('',#2552,.T.);
#2755=FACE_BOUND('',#2553,.T.);
#2756=FACE_BOUND('',#2554,.T.);
#2757=FACE_BOUND('',#2555,.T.);
#2758=FACE_BOUND('',#2556,.T.);
#2759=FACE_BOUND('',#2557,.T.);
#2760=FACE_BOUND('',#2558,.T.);
#2761=FACE_BOUND('',#2559,.T.);
#2762=FACE_BOUND('',#2560,.T.);
#2763=FACE_BOUND('',#2561,.T.);
#2764=FACE_BOUND('',#2562,.T.);
#2765=FACE_BOUND('',#2563,.T.);
#2766=FACE_BOUND('',#2564,.T.);
#2767=FACE_BOUND('',#2565,.T.);
#2768=FACE_BOUND('',#2566,.T.);
#2769=FACE_BOUND('',#2567,.T.);
#2770=FACE_BOUND('',#2568,.T.);
#2771=FACE_BOUND('',#2569,.T.);
#2772=FACE_BOUND('',#2570,.T.);
#2773=FACE_BOUND('',#2571,.T.);
#2774=FACE_BOUND('',#2572,.T.);
#2775=FACE_BOUND('',#2573,.T.);
#2776=FACE_BOUND('',#2574,.T.);
#2777=FACE_BOUND('',#2575,.T.);
#2778=FACE_BOUND('',#2576,.T.);
#2779=FACE_BOUND('',#2577,.T.);
#2780=FACE_BOUND('',#2578,.T.);
#2781=FACE_BOUND('',#2579,.T.);
#2782=FACE_BOUND('',#2580,.T.);
#2783=FACE_BOUND('',#2581,.T.);
#2784=FACE_BOUND('',#2582,.T.);
#2785=FACE_BOUND('',#2583,.T.);
#2786=FACE_BOUND('',#2584,.T.);
#2787=FACE_BOUND('',#2585,.T.);
#2788=FACE_BOUND('',#2586,.T.);
#2789=FACE_BOUND('',#2587,.T.);
#2790=FACE_BOUND('',#2588,.T.);
#2791=FACE_BOUND('',#2589,.T.);
#2792=FACE_BOUND('',#2590,.T.);
#2793=FACE_BOUND('',#2591,.T.);
#2794=FACE_BOUND('',#2592,.T.);
#2795=FACE_BOUND('',#2593,.T.);
#2796=FACE_BOUND('',#2594,.T.);
#2797=FACE_BOUND('',#2595,.T.);
#2798=FACE_BOUND('',#2596,.T.);
#2799=FACE_BOUND('',#2597,.T.);
#2800=FACE_BOUND('',#2598,.T.);
#2801=FACE_BOUND('',#2599,.T.);
#2802=FACE_BOUND('',#2600,.T.);
#2803=FACE_BOUND('',#2601,.T.);
#2804=FACE_BOUND('',#2602,.T.);
#2805=FACE_BOUND('',#2603,.T.);
#2806=FACE_BOUND('',#2604,.T.);
#2807=FACE_BOUND('',#2605,.T.);
#2808=FACE_BOUND('',#2606,.T.);
#2809=FACE_BOUND('',#2607,.T.);
#2810=FACE_BOUND('',#2608,.T.);
#2811=FACE_BOUND('',#2609,.T.);
#2812=FACE_BOUND('',#2610,.T.);
#2813=FACE_BOUND('',#2611,.T.);
#2814=FACE_BOUND('',#2612,.T.);
#2815=FACE_BOUND('',#2613,.T.);
#2816=FACE_BOUND('',#2614,.T.);
#2817=FACE_BOUND('',#2615,.T.);
#2818=FACE_BOUND('',#2616,.T.);
#2819=FACE_BOUND('',#2617,.T.);
#2820=FACE_BOUND('',#2618,.T.);
#2821=FACE_BOUND('',#2619,.T.);
#2822=FACE_BOUND('',#2620,.T.);
#2823=FACE_BOUND('',#2621,.T.);
#2824=FACE_BOUND('',#2622,.T.);
#2825=FACE_BOUND('',#2623,.T.);
#2826=FACE_BOUND('',#2624,.T.);
#2827=FACE_BOUND('',#2625,.T.);
#2828=FACE_BOUND('',#2626,.T.);
#2829=FACE_BOUND('',#2627,.T.);
#2830=FACE_BOUND('',#2628,.T.);
#2831=FACE_BOUND('',#2629,.T.);
#2832=FACE_BOUND('',#2630,.T.);
#2833=FACE_BOUND('',#2631,.T.);
#2834=FACE_BOUND('',#2632,.T.);
#2835=FACE_BOUND('',#2633,.T.);
#2836=FACE_BOUND('',#2634,.T.);
#2837=FACE_BOUND('',#2635,.T.);
#2838=FACE_BOUND('',#2636,.T.);
#2839=FACE_BOUND('',#2637,.T.);
#2840=FACE_BOUND('',#2638,.T.);
#2841=FACE_BOUND('',#2639,.T.);
#2842=FACE_BOUND('',#2640,.T.);
#2843=FACE_BOUND('',#2641,.T.);
#2844=FACE_BOUND('',#2642,.T.);
#2845=FACE_BOUND('',#2643,.T.);
#2846=FACE_BOUND('',#2644,.T.);
#2847=FACE_BOUND('',#2645,.T.);
#2848=FACE_BOUND('',#2646,.T.);
#2849=FACE_BOUND('',#2647,.T.);
#2850=FACE_BOUND('',#2648,.T.);
#2851=FACE_BOUND('',#2649,.T.);
#2852=FACE_BOUND('',#2650,.T.);
#2853=FACE_BOUND('',#2651,.T.);
#2854=FACE_BOUND('',#2652,.T.);
#2855=FACE_BOUND('',#2653,.T.);
#2856=FACE_BOUND('',#2654,.T.);
#2857=FACE_BOUND('',#2655,.T.);
#2858=FACE_BOUND('',#2656,.T.);
#2859=FACE_BOUND('',#2657,.T.);
#2860=FACE_BOUND('',#2658,.T.);
#2861=FACE_BOUND('',#2659,.T.);
#2862=FACE_BOUND('',#2660,.T.);
#2863=FACE_BOUND('',#2661,.T.);
#2864=FACE_BOUND('',#2662,.T.);
#2865=FACE_BOUND('',#2663,.T.);
#2866=FACE_BOUND('',#2664,.T.);
#2867=FACE_BOUND('',#2665,.T.);
#2868=FACE_BOUND('',#2666,.T.);
#2869=FACE_BOUND('',#2667,.T.);
#2870=FACE_BOUND('',#2668,.T.);
#2871=FACE_BOUND('',#2669,.T.);
#2872=FACE_BOUND('',#2670,.T.);
#2873=FACE_BOUND('',#2671,.T.);
#2874=FACE_BOUND('',#2672,.T.);
#2875=FACE_BOUND('',#2673,.T.);
#2876=FACE_BOUND('',#2674,.T.);
#2877=FACE_BOUND('',#2675,.T.);
#2878=FACE_BOUND('',#2676,.T.);
#2879=FACE_BOUND('',#2677,.T.);
#2880=FACE_BOUND('',#2678,.T.);
#2881=FACE_BOUND('',#2679,.T.);
#2882=FACE_BOUND('',#2680,.T.);
#2883=FACE_BOUND('',#2681,.T.);
#2884=FACE_BOUND('',#2682,.T.);
#2885=FACE_BOUND('',#2683,.T.);
#2886=FACE_BOUND('',#2684,.T.);
#2887=FACE_BOUND('',#2685,.T.);
#2888=FACE_BOUND('',#2686,.T.);
#2889=FACE_BOUND('',#2687,.T.);
#2890=FACE_BOUND('',#2688,.T.);
#2891=FACE_BOUND('',#2689,.T.);
#2892=FACE_BOUND('',#2690,.T.);
#2893=FACE_BOUND('',#2691,.T.);
#2894=FACE_BOUND('',#2692,.T.);
#2895=FACE_BOUND('',#2693,.T.);
#2896=FACE_BOUND('',#2694,.T.);
#2897=FACE_BOUND('',#2695,.T.);
#2898=FACE_BOUND('',#2696,.T.);
#2899=FACE_BOUND('',#2697,.T.);
#2900=FACE_BOUND('',#2698,.T.);
#2901=FACE_BOUND('',#2699,.T.);
#2902=FACE_BOUND('',#2700,.T.);
#2903=FACE_BOUND('',#2701,.T.);
#2904=FACE_BOUND('',#2702,.T.);
#2905=FACE_BOUND('',#2703,.T.);
#2906=FACE_BOUND('',#2704,.T.);
#2907=FACE_BOUND('',#2705,.T.);
#2908=FACE_BOUND('',#2706,.T.);
#2909=FACE_BOUND('',#2707,.T.);
#2910=FACE_BOUND('',#2708,.T.);
#2911=FACE_BOUND('',#2709,.T.);
#2912=FACE_BOUND('',#2710,.T.);
#2913=FACE_BOUND('',#2711,.T.);
#2914=FACE_BOUND('',#2712,.T.);
#2915=FACE_BOUND('',#2713,.T.);
#2916=FACE_BOUND('',#2714,.T.);
#2917=FACE_BOUND('',#2715,.T.);
#2918=FACE_BOUND('',#2716,.T.);
#2919=FACE_BOUND('',#2717,.T.);
#2920=FACE_BOUND('',#2718,.T.);
#2921=FACE_BOUND('',#2719,.T.);
#2922=FACE_BOUND('',#2720,.T.);
#2923=CYLINDRICAL_SURFACE('',#3219,0.00075);
#2924=CYLINDRICAL_SURFACE('',#3223,0.00075);
#2925=CYLINDRICAL_SURFACE('',#3227,0.00889);
#2926=CYLINDRICAL_SURFACE('',#3230,0.000508);
#2927=CYLINDRICAL_SURFACE('',#3245,0.000508);
#2928=CYLINDRICAL_SURFACE('',#3247,0.000508);
#2929=CYLINDRICAL_SURFACE('',#3262,0.000508);
#2930=CYLINDRICAL_SURFACE('',#3264,0.000508);
#2931=CYLINDRICAL_SURFACE('',#3265,0.000508);
#2932=CYLINDRICAL_SURFACE('',#3266,0.000508);
#2933=CYLINDRICAL_SURFACE('',#3267,0.000508);
#2934=CYLINDRICAL_SURFACE('',#3272,0.001778);
#2935=CYLINDRICAL_SURFACE('',#3273,0.001778);
#2936=CYLINDRICAL_SURFACE('',#3275,0.00889);
#2937=CYLINDRICAL_SURFACE('',#3278,0.000508);
#2938=CYLINDRICAL_SURFACE('',#3293,0.000508);
#2939=CYLINDRICAL_SURFACE('',#3295,0.000508);
#2940=CYLINDRICAL_SURFACE('',#3310,0.000508);
#2941=CYLINDRICAL_SURFACE('',#3312,0.000508);
#2942=CYLINDRICAL_SURFACE('',#3313,0.000508);
#2943=CYLINDRICAL_SURFACE('',#3314,0.000508);
#2944=CYLINDRICAL_SURFACE('',#3315,0.000508);
#2945=CYLINDRICAL_SURFACE('',#3320,0.001778);
#2946=CYLINDRICAL_SURFACE('',#3321,0.001778);
#2947=CYLINDRICAL_SURFACE('',#3323,0.00889);
#2948=CYLINDRICAL_SURFACE('',#3326,0.000508);
#2949=CYLINDRICAL_SURFACE('',#3341,0.000508);
#2950=CYLINDRICAL_SURFACE('',#3343,0.000508);
#2951=CYLINDRICAL_SURFACE('',#3358,0.000508);
#2952=CYLINDRICAL_SURFACE('',#3360,0.000508);
#2953=CYLINDRICAL_SURFACE('',#3361,0.000508);
#2954=CYLINDRICAL_SURFACE('',#3362,0.000508);
#2955=CYLINDRICAL_SURFACE('',#3363,0.000508);
#2956=CYLINDRICAL_SURFACE('',#3368,0.001778);
#2957=CYLINDRICAL_SURFACE('',#3369,0.001778);
#2958=CYLINDRICAL_SURFACE('',#3371,0.00889);
#2959=CYLINDRICAL_SURFACE('',#3374,0.000508);
#2960=CYLINDRICAL_SURFACE('',#3389,0.000508);
#2961=CYLINDRICAL_SURFACE('',#3391,0.000508);
#2962=CYLINDRICAL_SURFACE('',#3406,0.000508);
#2963=CYLINDRICAL_SURFACE('',#3408,0.000508);
#2964=CYLINDRICAL_SURFACE('',#3409,0.000508);
#2965=CYLINDRICAL_SURFACE('',#3410,0.000508);
#2966=CYLINDRICAL_SURFACE('',#3411,0.000508);
#2967=CYLINDRICAL_SURFACE('',#3416,0.001778);
#2968=CYLINDRICAL_SURFACE('',#3417,0.001778);
#2969=CYLINDRICAL_SURFACE('',#3419,0.00889);
#2970=CYLINDRICAL_SURFACE('',#3422,0.000508);
#2971=CYLINDRICAL_SURFACE('',#3437,0.000508);
#2972=CYLINDRICAL_SURFACE('',#3439,0.000508);
#2973=CYLINDRICAL_SURFACE('',#3454,0.000508);
#2974=CYLINDRICAL_SURFACE('',#3456,0.000508);
#2975=CYLINDRICAL_SURFACE('',#3457,0.000508);
#2976=CYLINDRICAL_SURFACE('',#3458,0.000508);
#2977=CYLINDRICAL_SURFACE('',#3459,0.000508);
#2978=CYLINDRICAL_SURFACE('',#3464,0.001778);
#2979=CYLINDRICAL_SURFACE('',#3465,0.001778);
#2980=CYLINDRICAL_SURFACE('',#3467,0.00889);
#2981=CYLINDRICAL_SURFACE('',#3470,0.000508);
#2982=CYLINDRICAL_SURFACE('',#3485,0.000508);
#2983=CYLINDRICAL_SURFACE('',#3487,0.000508);
#2984=CYLINDRICAL_SURFACE('',#3502,0.000508);
#2985=CYLINDRICAL_SURFACE('',#3504,0.000508);
#2986=CYLINDRICAL_SURFACE('',#3505,0.000508);
#2987=CYLINDRICAL_SURFACE('',#3506,0.000508);
#2988=CYLINDRICAL_SURFACE('',#3507,0.000508);
#2989=CYLINDRICAL_SURFACE('',#3512,0.001778);
#2990=CYLINDRICAL_SURFACE('',#3513,0.001778);
#2991=CYLINDRICAL_SURFACE('',#3515,0.00889);
#2992=CYLINDRICAL_SURFACE('',#3518,0.000508);
#2993=CYLINDRICAL_SURFACE('',#3533,0.000508);
#2994=CYLINDRICAL_SURFACE('',#3535,0.000508);
#2995=CYLINDRICAL_SURFACE('',#3550,0.000508);
#2996=CYLINDRICAL_SURFACE('',#3552,0.000508);
#2997=CYLINDRICAL_SURFACE('',#3553,0.000508);
#2998=CYLINDRICAL_SURFACE('',#3554,0.000508);
#2999=CYLINDRICAL_SURFACE('',#3555,0.000508);
#3000=CYLINDRICAL_SURFACE('',#3560,0.001778);
#3001=CYLINDRICAL_SURFACE('',#3561,0.001778);
#3002=CYLINDRICAL_SURFACE('',#3563,0.00889);
#3003=CYLINDRICAL_SURFACE('',#3566,0.001778);
#3004=CYLINDRICAL_SURFACE('',#3577,0.001778);
#3005=CYLINDRICAL_SURFACE('',#3590,0.000508);
#3006=CYLINDRICAL_SURFACE('',#3592,0.000508);
#3007=CYLINDRICAL_SURFACE('',#3594,0.000508);
#3008=CYLINDRICAL_SURFACE('',#3596,0.000508);
#3009=CYLINDRICAL_SURFACE('',#3598,0.000508);
#3010=CYLINDRICAL_SURFACE('',#3606,0.000508);
#3011=CYLINDRICAL_SURFACE('',#3607,0.000508);
#3012=CYLINDRICAL_SURFACE('',#3615,0.000508);
#3013=CYLINDRICAL_SURFACE('',#3616,0.00205);
#3014=CYLINDRICAL_SURFACE('',#3620,0.0015);
#3015=CYLINDRICAL_SURFACE('',#3624,0.00205);
#3016=CYLINDRICAL_SURFACE('',#3625,0.00075);
#3017=ADVANCED_FACE('',(#2721,#2722),#2923,.F.);
#3018=ADVANCED_FACE('',(#2723),#524,.T.);
#3019=ADVANCED_FACE('',(#2724,#2725),#2924,.F.);
#3020=ADVANCED_FACE('',(#2726),#525,.T.);
#3021=ADVANCED_FACE('',(#2727),#2925,.T.);
#3022=ADVANCED_FACE('',(#2728),#2926,.F.);
#3023=ADVANCED_FACE('',(#2729),#12,.F.);
#3024=ADVANCED_FACE('',(#2730),#13,.F.);
#3025=ADVANCED_FACE('',(#2731),#14,.F.);
#3026=ADVANCED_FACE('',(#2732),#2927,.F.);
#3027=ADVANCED_FACE('',(#2733),#2928,.F.);
#3028=ADVANCED_FACE('',(#2734),#15,.F.);
#3029=ADVANCED_FACE('',(#2735),#16,.F.);
#3030=ADVANCED_FACE('',(#2736),#17,.F.);
#3031=ADVANCED_FACE('',(#2737),#2929,.F.);
#3032=ADVANCED_FACE('',(#2738),#2930,.T.);
#3033=ADVANCED_FACE('',(#2739),#2931,.T.);
#3034=ADVANCED_FACE('',(#2740),#2932,.T.);
#3035=ADVANCED_FACE('',(#2741),#2933,.T.);
#3036=ADVANCED_FACE('',(#2742),#526,.F.);
#3037=ADVANCED_FACE('',(#2743),#527,.T.);
#3038=ADVANCED_FACE('',(#2744),#528,.F.);
#3039=ADVANCED_FACE('',(#2745),#529,.T.);
#3040=ADVANCED_FACE('',(#2746),#2934,.F.);
#3041=ADVANCED_FACE('',(#2747),#2935,.F.);
#3042=ADVANCED_FACE('',(#2748),#530,.F.);
#3043=ADVANCED_FACE('',(#2749),#2936,.T.);
#3044=ADVANCED_FACE('',(#2750),#2937,.F.);
#3045=ADVANCED_FACE('',(#2751),#18,.F.);
#3046=ADVANCED_FACE('',(#2752),#19,.F.);
#3047=ADVANCED_FACE('',(#2753),#20,.F.);
#3048=ADVANCED_FACE('',(#2754),#2938,.F.);
#3049=ADVANCED_FACE('',(#2755),#2939,.F.);
#3050=ADVANCED_FACE('',(#2756),#21,.F.);
#3051=ADVANCED_FACE('',(#2757),#22,.F.);
#3052=ADVANCED_FACE('',(#2758),#23,.F.);
#3053=ADVANCED_FACE('',(#2759),#2940,.F.);
#3054=ADVANCED_FACE('',(#2760),#2941,.T.);
#3055=ADVANCED_FACE('',(#2761),#2942,.T.);
#3056=ADVANCED_FACE('',(#2762),#2943,.T.);
#3057=ADVANCED_FACE('',(#2763),#2944,.T.);
#3058=ADVANCED_FACE('',(#2764),#531,.F.);
#3059=ADVANCED_FACE('',(#2765),#532,.T.);
#3060=ADVANCED_FACE('',(#2766),#533,.F.);
#3061=ADVANCED_FACE('',(#2767),#534,.T.);
#3062=ADVANCED_FACE('',(#2768),#2945,.F.);
#3063=ADVANCED_FACE('',(#2769),#2946,.F.);
#3064=ADVANCED_FACE('',(#2770),#535,.F.);
#3065=ADVANCED_FACE('',(#2771),#2947,.T.);
#3066=ADVANCED_FACE('',(#2772),#2948,.F.);
#3067=ADVANCED_FACE('',(#2773),#24,.F.);
#3068=ADVANCED_FACE('',(#2774),#25,.F.);
#3069=ADVANCED_FACE('',(#2775),#26,.F.);
#3070=ADVANCED_FACE('',(#2776),#2949,.F.);
#3071=ADVANCED_FACE('',(#2777),#2950,.F.);
#3072=ADVANCED_FACE('',(#2778),#27,.F.);
#3073=ADVANCED_FACE('',(#2779),#28,.F.);
#3074=ADVANCED_FACE('',(#2780),#29,.F.);
#3075=ADVANCED_FACE('',(#2781),#2951,.F.);
#3076=ADVANCED_FACE('',(#2782),#2952,.T.);
#3077=ADVANCED_FACE('',(#2783),#2953,.T.);
#3078=ADVANCED_FACE('',(#2784),#2954,.T.);
#3079=ADVANCED_FACE('',(#2785),#2955,.T.);
#3080=ADVANCED_FACE('',(#2786),#536,.F.);
#3081=ADVANCED_FACE('',(#2787),#537,.T.);
#3082=ADVANCED_FACE('',(#2788),#538,.F.);
#3083=ADVANCED_FACE('',(#2789),#539,.T.);
#3084=ADVANCED_FACE('',(#2790),#2956,.F.);
#3085=ADVANCED_FACE('',(#2791),#2957,.F.);
#3086=ADVANCED_FACE('',(#2792),#540,.F.);
#3087=ADVANCED_FACE('',(#2793),#2958,.T.);
#3088=ADVANCED_FACE('',(#2794),#2959,.F.);
#3089=ADVANCED_FACE('',(#2795),#30,.F.);
#3090=ADVANCED_FACE('',(#2796),#31,.F.);
#3091=ADVANCED_FACE('',(#2797),#32,.F.);
#3092=ADVANCED_FACE('',(#2798),#2960,.F.);
#3093=ADVANCED_FACE('',(#2799),#2961,.F.);
#3094=ADVANCED_FACE('',(#2800),#33,.F.);
#3095=ADVANCED_FACE('',(#2801),#34,.F.);
#3096=ADVANCED_FACE('',(#2802),#35,.F.);
#3097=ADVANCED_FACE('',(#2803),#2962,.F.);
#3098=ADVANCED_FACE('',(#2804),#2963,.T.);
#3099=ADVANCED_FACE('',(#2805),#2964,.T.);
#3100=ADVANCED_FACE('',(#2806),#2965,.T.);
#3101=ADVANCED_FACE('',(#2807),#2966,.T.);
#3102=ADVANCED_FACE('',(#2808),#541,.F.);
#3103=ADVANCED_FACE('',(#2809),#542,.T.);
#3104=ADVANCED_FACE('',(#2810),#543,.F.);
#3105=ADVANCED_FACE('',(#2811),#544,.T.);
#3106=ADVANCED_FACE('',(#2812),#2967,.F.);
#3107=ADVANCED_FACE('',(#2813),#2968,.F.);
#3108=ADVANCED_FACE('',(#2814),#545,.F.);
#3109=ADVANCED_FACE('',(#2815),#2969,.T.);
#3110=ADVANCED_FACE('',(#2816),#2970,.F.);
#3111=ADVANCED_FACE('',(#2817),#36,.F.);
#3112=ADVANCED_FACE('',(#2818),#37,.F.);
#3113=ADVANCED_FACE('',(#2819),#38,.F.);
#3114=ADVANCED_FACE('',(#2820),#2971,.F.);
#3115=ADVANCED_FACE('',(#2821),#2972,.F.);
#3116=ADVANCED_FACE('',(#2822),#39,.F.);
#3117=ADVANCED_FACE('',(#2823),#40,.F.);
#3118=ADVANCED_FACE('',(#2824),#41,.F.);
#3119=ADVANCED_FACE('',(#2825),#2973,.F.);
#3120=ADVANCED_FACE('',(#2826),#2974,.T.);
#3121=ADVANCED_FACE('',(#2827),#2975,.T.);
#3122=ADVANCED_FACE('',(#2828),#2976,.T.);
#3123=ADVANCED_FACE('',(#2829),#2977,.T.);
#3124=ADVANCED_FACE('',(#2830),#546,.F.);
#3125=ADVANCED_FACE('',(#2831),#547,.T.);
#3126=ADVANCED_FACE('',(#2832),#548,.F.);
#3127=ADVANCED_FACE('',(#2833),#549,.T.);
#3128=ADVANCED_FACE('',(#2834),#2978,.F.);
#3129=ADVANCED_FACE('',(#2835),#2979,.F.);
#3130=ADVANCED_FACE('',(#2836),#550,.F.);
#3131=ADVANCED_FACE('',(#2837),#2980,.T.);
#3132=ADVANCED_FACE('',(#2838),#2981,.F.);
#3133=ADVANCED_FACE('',(#2839),#42,.F.);
#3134=ADVANCED_FACE('',(#2840),#43,.F.);
#3135=ADVANCED_FACE('',(#2841),#44,.F.);
#3136=ADVANCED_FACE('',(#2842),#2982,.F.);
#3137=ADVANCED_FACE('',(#2843),#2983,.F.);
#3138=ADVANCED_FACE('',(#2844),#45,.F.);
#3139=ADVANCED_FACE('',(#2845),#46,.F.);
#3140=ADVANCED_FACE('',(#2846),#47,.F.);
#3141=ADVANCED_FACE('',(#2847),#2984,.F.);
#3142=ADVANCED_FACE('',(#2848),#2985,.T.);
#3143=ADVANCED_FACE('',(#2849),#2986,.T.);
#3144=ADVANCED_FACE('',(#2850),#2987,.T.);
#3145=ADVANCED_FACE('',(#2851),#2988,.T.);
#3146=ADVANCED_FACE('',(#2852),#551,.F.);
#3147=ADVANCED_FACE('',(#2853),#552,.T.);
#3148=ADVANCED_FACE('',(#2854),#553,.F.);
#3149=ADVANCED_FACE('',(#2855),#554,.T.);
#3150=ADVANCED_FACE('',(#2856),#2989,.F.);
#3151=ADVANCED_FACE('',(#2857),#2990,.F.);
#3152=ADVANCED_FACE('',(#2858),#555,.F.);
#3153=ADVANCED_FACE('',(#2859),#2991,.T.);
#3154=ADVANCED_FACE('',(#2860),#2992,.F.);
#3155=ADVANCED_FACE('',(#2861),#48,.F.);
#3156=ADVANCED_FACE('',(#2862),#49,.F.);
#3157=ADVANCED_FACE('',(#2863),#50,.F.);
#3158=ADVANCED_FACE('',(#2864),#2993,.F.);
#3159=ADVANCED_FACE('',(#2865),#2994,.F.);
#3160=ADVANCED_FACE('',(#2866),#51,.F.);
#3161=ADVANCED_FACE('',(#2867),#52,.F.);
#3162=ADVANCED_FACE('',(#2868),#53,.F.);
#3163=ADVANCED_FACE('',(#2869),#2995,.F.);
#3164=ADVANCED_FACE('',(#2870),#2996,.T.);
#3165=ADVANCED_FACE('',(#2871),#2997,.T.);
#3166=ADVANCED_FACE('',(#2872),#2998,.T.);
#3167=ADVANCED_FACE('',(#2873),#2999,.T.);
#3168=ADVANCED_FACE('',(#2874),#556,.F.);
#3169=ADVANCED_FACE('',(#2875),#557,.T.);
#3170=ADVANCED_FACE('',(#2876),#558,.F.);
#3171=ADVANCED_FACE('',(#2877),#559,.T.);
#3172=ADVANCED_FACE('',(#2878),#3000,.F.);
#3173=ADVANCED_FACE('',(#2879),#3001,.F.);
#3174=ADVANCED_FACE('',(#2880),#560,.F.);
#3175=ADVANCED_FACE('',(#2881),#3002,.T.);
#3176=ADVANCED_FACE('',(#2882),#3003,.F.);
#3177=ADVANCED_FACE('',(#2883,#2884),#561,.T.);
#3178=ADVANCED_FACE('',(#2885,#2886,#2887,#2888,#2889),#562,.F.);
#3179=ADVANCED_FACE('',(#2890),#3004,.F.);
#3180=ADVANCED_FACE('',(#2891),#563,.F.);
#3181=ADVANCED_FACE('',(#2892),#564,.T.);
#3182=ADVANCED_FACE('',(#2893),#565,.T.);
#3183=ADVANCED_FACE('',(#2894),#566,.F.);
#3184=ADVANCED_FACE('',(#2895),#567,.F.);
#3185=ADVANCED_FACE('',(#2896),#3005,.T.);
#3186=ADVANCED_FACE('',(#2897),#3006,.T.);
#3187=ADVANCED_FACE('',(#2898),#3007,.T.);
#3188=ADVANCED_FACE('',(#2899),#3008,.T.);
#3189=ADVANCED_FACE('',(#2900),#3009,.F.);
#3190=ADVANCED_FACE('',(#2901),#54,.F.);
#3191=ADVANCED_FACE('',(#2902),#55,.F.);
#3192=ADVANCED_FACE('',(#2903),#56,.F.);
#3193=ADVANCED_FACE('',(#2904),#3010,.F.);
#3194=ADVANCED_FACE('',(#2905),#3011,.F.);
#3195=ADVANCED_FACE('',(#2906),#57,.F.);
#3196=ADVANCED_FACE('',(#2907),#58,.F.);
#3197=ADVANCED_FACE('',(#2908),#59,.F.);
#3198=ADVANCED_FACE('',(#2909),#3012,.F.);
#3199=ADVANCED_FACE('',(#2910,#2911),#3013,.F.);
#3200=ADVANCED_FACE('',(#2912,#2913),#568,.F.);
#3201=ADVANCED_FACE('',(#2914,#2915),#3014,.F.);
#3202=ADVANCED_FACE('',(#2916,#2917),#569,.F.);
#3203=ADVANCED_FACE('',(#2918,#2919),#3015,.F.);
#3204=ADVANCED_FACE('',(#2920,#2921),#3016,.F.);
#3205=ADVANCED_FACE('',(#2922),#570,.T.);
#3206=CLOSED_SHELL('',(#3017,#3018,#3019,#3020,#3021,#3022,#3023,#3024,
#3025,#3026,#3027,#3028,#3029,#3030,#3031,#3032,#3033,#3034,#3035,#3036,
#3037,#3038,#3039,#3040,#3041,#3042,#3043,#3044,#3045,#3046,#3047,#3048,
#3049,#3050,#3051,#3052,#3053,#3054,#3055,#3056,#3057,#3058,#3059,#3060,
#3061,#3062,#3063,#3064,#3065,#3066,#3067,#3068,#3069,#3070,#3071,#3072,
#3073,#3074,#3075,#3076,#3077,#3078,#3079,#3080,#3081,#3082,#3083,#3084,
#3085,#3086,#3087,#3088,#3089,#3090,#3091,#3092,#3093,#3094,#3095,#3096,
#3097,#3098,#3099,#3100,#3101,#3102,#3103,#3104,#3105,#3106,#3107,#3108,
#3109,#3110,#3111,#3112,#3113,#3114,#3115,#3116,#3117,#3118,#3119,#3120,
#3121,#3122,#3123,#3124,#3125,#3126,#3127,#3128,#3129,#3130,#3131,#3132,
#3133,#3134,#3135,#3136,#3137,#3138,#3139,#3140,#3141,#3142,#3143,#3144,
#3145,#3146,#3147,#3148,#3149,#3150,#3151,#3152,#3153,#3154,#3155,#3156,
#3157,#3158,#3159,#3160,#3161,#3162,#3163,#3164,#3165,#3166,#3167,#3168,
#3169,#3170,#3171,#3172,#3173,#3174,#3175,#3176,#3177,#3178,#3179,#3180,
#3181,#3182,#3183,#3184,#3185,#3186,#3187,#3188,#3189,#3190,#3191,#3192,
#3193,#3194,#3195,#3196,#3197,#3198,#3199,#3200,#3201,#3202,#3203,#3204,
#3205));
#3207=STYLED_ITEM('',(#3208),#3215);
#3208=PRESENTATION_STYLE_ASSIGNMENT((#3209));
#3209=SURFACE_STYLE_USAGE(.BOTH.,#3210);
#3210=SURFACE_SIDE_STYLE('',(#3211));
#3211=SURFACE_STYLE_FILL_AREA(#3212);
#3212=FILL_AREA_STYLE('',(#3213));
#3213=FILL_AREA_STYLE_COLOUR('',#3214);
#3214=COLOUR_RGB('',0.866666666666667,0.32156862745098,0.156862745098039);
#3215=MANIFOLD_SOLID_BREP('Rotor 8P',#3206);
#3216=SHAPE_DEFINITION_REPRESENTATION(#5772,#3217);
#3217=SHAPE_REPRESENTATION('Rotor 8P',(#3218),#5767);
#3218=AXIS2_PLACEMENT_3D('',#4656,#3628,#3629);
#3219=AXIS2_PLACEMENT_3D('',#4657,#3630,#3631);
#3220=AXIS2_PLACEMENT_3D('',#4658,#3632,#3633);
#3221=AXIS2_PLACEMENT_3D('',#4660,#3634,#3635);
#3222=AXIS2_PLACEMENT_3D('',#4662,#3636,#3637);
#3223=AXIS2_PLACEMENT_3D('',#4663,#3638,#3639);
#3224=AXIS2_PLACEMENT_3D('',#4664,#3640,#3641);
#3225=AXIS2_PLACEMENT_3D('',#4666,#3642,#3643);
#3226=AXIS2_PLACEMENT_3D('',#4668,#3644,#3645);
#3227=AXIS2_PLACEMENT_3D('',#4669,#3646,#3647);
#3228=AXIS2_PLACEMENT_3D('',#4670,#3648,#3649);
#3229=AXIS2_PLACEMENT_3D('',#4692,#3652,#3653);
#3230=AXIS2_PLACEMENT_3D('',#4712,#3656,#3657);
#3231=AXIS2_PLACEMENT_3D('',#4713,#3658,#3659);
#3232=AXIS2_PLACEMENT_3D('',#4718,#3661,#3662);
#3233=AXIS2_PLACEMENT_3D('',#4721,#3664,#3665);
#3234=AXIS2_PLACEMENT_3D('',#4722,#3666,#3667);
#3235=AXIS2_PLACEMENT_3D('',#4724,#3668,#3669);
#3236=AXIS2_PLACEMENT_3D('',#4726,#3670,#3671);
#3237=AXIS2_PLACEMENT_3D('',#4727,#3672,#3673);
#3238=AXIS2_PLACEMENT_3D('',#4728,#3674,#3675);
#3239=AXIS2_PLACEMENT_3D('',#4730,#3676,#3677);
#3240=AXIS2_PLACEMENT_3D('',#4732,#3678,#3679);
#3241=AXIS2_PLACEMENT_3D('',#4733,#3680,#3681);
#3242=AXIS2_PLACEMENT_3D('',#4734,#3682,#3683);
#3243=AXIS2_PLACEMENT_3D('',#4736,#3684,#3685);
#3244=AXIS2_PLACEMENT_3D('',#4738,#3686,#3687);
#3245=AXIS2_PLACEMENT_3D('',#4739,#3688,#3689);
#3246=AXIS2_PLACEMENT_3D('',#4740,#3690,#3691);
#3247=AXIS2_PLACEMENT_3D('',#4745,#3694,#3695);
#3248=AXIS2_PLACEMENT_3D('',#4746,#3696,#3697);
#3249=AXIS2_PLACEMENT_3D('',#4751,#3699,#3700);
#3250=AXIS2_PLACEMENT_3D('',#4754,#3702,#3703);
#3251=AXIS2_PLACEMENT_3D('',#4755,#3704,#3705);
#3252=AXIS2_PLACEMENT_3D('',#4757,#3706,#3707);
#3253=AXIS2_PLACEMENT_3D('',#4759,#3708,#3709);
#3254=AXIS2_PLACEMENT_3D('',#4760,#3710,#3711);
#3255=AXIS2_PLACEMENT_3D('',#4761,#3712,#3713);
#3256=AXIS2_PLACEMENT_3D('',#4763,#3714,#3715);
#3257=AXIS2_PLACEMENT_3D('',#4765,#3716,#3717);
#3258=AXIS2_PLACEMENT_3D('',#4766,#3718,#3719);
#3259=AXIS2_PLACEMENT_3D('',#4767,#3720,#3721);
#3260=AXIS2_PLACEMENT_3D('',#4769,#3722,#3723);
#3261=AXIS2_PLACEMENT_3D('',#4771,#3724,#3725);
#3262=AXIS2_PLACEMENT_3D('',#4772,#3726,#3727);
#3263=AXIS2_PLACEMENT_3D('',#4775,#3729,#3730);
#3264=AXIS2_PLACEMENT_3D('',#4778,#3732,#3733);
#3265=AXIS2_PLACEMENT_3D('',#4781,#3736,#3737);
#3266=AXIS2_PLACEMENT_3D('',#4790,#3740,#3741);
#3267=AXIS2_PLACEMENT_3D('',#4793,#3744,#3745);
#3268=AXIS2_PLACEMENT_3D('',#4802,#3748,#3749);
#3269=AXIS2_PLACEMENT_3D('',#4804,#3751,#3752);
#3270=AXIS2_PLACEMENT_3D('',#4808,#3755,#3756);
#3271=AXIS2_PLACEMENT_3D('',#4810,#3758,#3759);
#3272=AXIS2_PLACEMENT_3D('',#4814,#3762,#3763);
#3273=AXIS2_PLACEMENT_3D('',#4815,#3764,#3765);
#3274=AXIS2_PLACEMENT_3D('',#4820,#3766,#3767);
#3275=AXIS2_PLACEMENT_3D('',#4823,#3770,#3771);
#3276=AXIS2_PLACEMENT_3D('',#4824,#3772,#3773);
#3277=AXIS2_PLACEMENT_3D('',#4845,#3776,#3777);
#3278=AXIS2_PLACEMENT_3D('',#4846,#3778,#3779);
#3279=AXIS2_PLACEMENT_3D('',#4847,#3780,#3781);
#3280=AXIS2_PLACEMENT_3D('',#4852,#3783,#3784);
#3281=AXIS2_PLACEMENT_3D('',#4855,#3786,#3787);
#3282=AXIS2_PLACEMENT_3D('',#4856,#3788,#3789);
#3283=AXIS2_PLACEMENT_3D('',#4858,#3790,#3791);
#3284=AXIS2_PLACEMENT_3D('',#4860,#3792,#3793);
#3285=AXIS2_PLACEMENT_3D('',#4861,#3794,#3795);
#3286=AXIS2_PLACEMENT_3D('',#4862,#3796,#3797);
#3287=AXIS2_PLACEMENT_3D('',#4864,#3798,#3799);
#3288=AXIS2_PLACEMENT_3D('',#4866,#3800,#3801);
#3289=AXIS2_PLACEMENT_3D('',#4867,#3802,#3803);
#3290=AXIS2_PLACEMENT_3D('',#4868,#3804,#3805);
#3291=AXIS2_PLACEMENT_3D('',#4870,#3806,#3807);
#3292=AXIS2_PLACEMENT_3D('',#4872,#3808,#3809);
#3293=AXIS2_PLACEMENT_3D('',#4873,#3810,#3811);
#3294=AXIS2_PLACEMENT_3D('',#4874,#3812,#3813);
#3295=AXIS2_PLACEMENT_3D('',#4879,#3816,#3817);
#3296=AXIS2_PLACEMENT_3D('',#4880,#3818,#3819);
#3297=AXIS2_PLACEMENT_3D('',#4885,#3821,#3822);
#3298=AXIS2_PLACEMENT_3D('',#4888,#3824,#3825);
#3299=AXIS2_PLACEMENT_3D('',#4889,#3826,#3827);
#3300=AXIS2_PLACEMENT_3D('',#4891,#3828,#3829);
#3301=AXIS2_PLACEMENT_3D('',#4893,#3830,#3831);
#3302=AXIS2_PLACEMENT_3D('',#4894,#3832,#3833);
#3303=AXIS2_PLACEMENT_3D('',#4895,#3834,#3835);
#3304=AXIS2_PLACEMENT_3D('',#4897,#3836,#3837);
#3305=AXIS2_PLACEMENT_3D('',#4899,#3838,#3839);
#3306=AXIS2_PLACEMENT_3D('',#4900,#3840,#3841);
#3307=AXIS2_PLACEMENT_3D('',#4901,#3842,#3843);
#3308=AXIS2_PLACEMENT_3D('',#4903,#3844,#3845);
#3309=AXIS2_PLACEMENT_3D('',#4905,#3846,#3847);
#3310=AXIS2_PLACEMENT_3D('',#4906,#3848,#3849);
#3311=AXIS2_PLACEMENT_3D('',#4909,#3851,#3852);
#3312=AXIS2_PLACEMENT_3D('',#4912,#3854,#3855);
#3313=AXIS2_PLACEMENT_3D('',#4915,#3858,#3859);
#3314=AXIS2_PLACEMENT_3D('',#4924,#3862,#3863);
#3315=AXIS2_PLACEMENT_3D('',#4927,#3866,#3867);
#3316=AXIS2_PLACEMENT_3D('',#4936,#3870,#3871);
#3317=AXIS2_PLACEMENT_3D('',#4938,#3873,#3874);
#3318=AXIS2_PLACEMENT_3D('',#4942,#3877,#3878);
#3319=AXIS2_PLACEMENT_3D('',#4944,#3880,#3881);
#3320=AXIS2_PLACEMENT_3D('',#4948,#3884,#3885);
#3321=AXIS2_PLACEMENT_3D('',#4949,#3886,#3887);
#3322=AXIS2_PLACEMENT_3D('',#4954,#3888,#3889);
#3323=AXIS2_PLACEMENT_3D('',#4957,#3892,#3893);
#3324=AXIS2_PLACEMENT_3D('',#4958,#3894,#3895);
#3325=AXIS2_PLACEMENT_3D('',#4979,#3898,#3899);
#3326=AXIS2_PLACEMENT_3D('',#4980,#3900,#3901);
#3327=AXIS2_PLACEMENT_3D('',#4981,#3902,#3903);
#3328=AXIS2_PLACEMENT_3D('',#4986,#3905,#3906);
#3329=AXIS2_PLACEMENT_3D('',#4989,#3908,#3909);
#3330=AXIS2_PLACEMENT_3D('',#4990,#3910,#3911);
#3331=AXIS2_PLACEMENT_3D('',#4992,#3912,#3913);
#3332=AXIS2_PLACEMENT_3D('',#4994,#3914,#3915);
#3333=AXIS2_PLACEMENT_3D('',#4995,#3916,#3917);
#3334=AXIS2_PLACEMENT_3D('',#4996,#3918,#3919);
#3335=AXIS2_PLACEMENT_3D('',#4998,#3920,#3921);
#3336=AXIS2_PLACEMENT_3D('',#5000,#3922,#3923);
#3337=AXIS2_PLACEMENT_3D('',#5001,#3924,#3925);
#3338=AXIS2_PLACEMENT_3D('',#5002,#3926,#3927);
#3339=AXIS2_PLACEMENT_3D('',#5004,#3928,#3929);
#3340=AXIS2_PLACEMENT_3D('',#5006,#3930,#3931);
#3341=AXIS2_PLACEMENT_3D('',#5007,#3932,#3933);
#3342=AXIS2_PLACEMENT_3D('',#5008,#3934,#3935);
#3343=AXIS2_PLACEMENT_3D('',#5013,#3938,#3939);
#3344=AXIS2_PLACEMENT_3D('',#5014,#3940,#3941);
#3345=AXIS2_PLACEMENT_3D('',#5019,#3943,#3944);
#3346=AXIS2_PLACEMENT_3D('',#5022,#3946,#3947);
#3347=AXIS2_PLACEMENT_3D('',#5023,#3948,#3949);
#3348=AXIS2_PLACEMENT_3D('',#5025,#3950,#3951);
#3349=AXIS2_PLACEMENT_3D('',#5027,#3952,#3953);
#3350=AXIS2_PLACEMENT_3D('',#5028,#3954,#3955);
#3351=AXIS2_PLACEMENT_3D('',#5029,#3956,#3957);
#3352=AXIS2_PLACEMENT_3D('',#5031,#3958,#3959);
#3353=AXIS2_PLACEMENT_3D('',#5033,#3960,#3961);
#3354=AXIS2_PLACEMENT_3D('',#5034,#3962,#3963);
#3355=AXIS2_PLACEMENT_3D('',#5035,#3964,#3965);
#3356=AXIS2_PLACEMENT_3D('',#5037,#3966,#3967);
#3357=AXIS2_PLACEMENT_3D('',#5039,#3968,#3969);
#3358=AXIS2_PLACEMENT_3D('',#5040,#3970,#3971);
#3359=AXIS2_PLACEMENT_3D('',#5043,#3973,#3974);
#3360=AXIS2_PLACEMENT_3D('',#5046,#3976,#3977);
#3361=AXIS2_PLACEMENT_3D('',#5049,#3980,#3981);
#3362=AXIS2_PLACEMENT_3D('',#5058,#3984,#3985);
#3363=AXIS2_PLACEMENT_3D('',#5061,#3988,#3989);
#3364=AXIS2_PLACEMENT_3D('',#5070,#3992,#3993);
#3365=AXIS2_PLACEMENT_3D('',#5072,#3995,#3996);
#3366=AXIS2_PLACEMENT_3D('',#5076,#3999,#4000);
#3367=AXIS2_PLACEMENT_3D('',#5078,#4002,#4003);
#3368=AXIS2_PLACEMENT_3D('',#5082,#4006,#4007);
#3369=AXIS2_PLACEMENT_3D('',#5083,#4008,#4009);
#3370=AXIS2_PLACEMENT_3D('',#5088,#4010,#4011);
#3371=AXIS2_PLACEMENT_3D('',#5091,#4014,#4015);
#3372=AXIS2_PLACEMENT_3D('',#5092,#4016,#4017);
#3373=AXIS2_PLACEMENT_3D('',#5113,#4020,#4021);
#3374=AXIS2_PLACEMENT_3D('',#5114,#4022,#4023);
#3375=AXIS2_PLACEMENT_3D('',#5115,#4024,#4025);
#3376=AXIS2_PLACEMENT_3D('',#5120,#4027,#4028);
#3377=AXIS2_PLACEMENT_3D('',#5123,#4030,#4031);
#3378=AXIS2_PLACEMENT_3D('',#5124,#4032,#4033);
#3379=AXIS2_PLACEMENT_3D('',#5126,#4034,#4035);
#3380=AXIS2_PLACEMENT_3D('',#5128,#4036,#4037);
#3381=AXIS2_PLACEMENT_3D('',#5129,#4038,#4039);
#3382=AXIS2_PLACEMENT_3D('',#5130,#4040,#4041);
#3383=AXIS2_PLACEMENT_3D('',#5132,#4042,#4043);
#3384=AXIS2_PLACEMENT_3D('',#5134,#4044,#4045);
#3385=AXIS2_PLACEMENT_3D('',#5135,#4046,#4047);
#3386=AXIS2_PLACEMENT_3D('',#5136,#4048,#4049);
#3387=AXIS2_PLACEMENT_3D('',#5138,#4050,#4051);
#3388=AXIS2_PLACEMENT_3D('',#5140,#4052,#4053);
#3389=AXIS2_PLACEMENT_3D('',#5141,#4054,#4055);
#3390=AXIS2_PLACEMENT_3D('',#5142,#4056,#4057);
#3391=AXIS2_PLACEMENT_3D('',#5147,#4060,#4061);
#3392=AXIS2_PLACEMENT_3D('',#5148,#4062,#4063);
#3393=AXIS2_PLACEMENT_3D('',#5153,#4065,#4066);
#3394=AXIS2_PLACEMENT_3D('',#5156,#4068,#4069);
#3395=AXIS2_PLACEMENT_3D('',#5157,#4070,#4071);
#3396=AXIS2_PLACEMENT_3D('',#5159,#4072,#4073);
#3397=AXIS2_PLACEMENT_3D('',#5161,#4074,#4075);
#3398=AXIS2_PLACEMENT_3D('',#5162,#4076,#4077);
#3399=AXIS2_PLACEMENT_3D('',#5163,#4078,#4079);
#3400=AXIS2_PLACEMENT_3D('',#5165,#4080,#4081);
#3401=AXIS2_PLACEMENT_3D('',#5167,#4082,#4083);
#3402=AXIS2_PLACEMENT_3D('',#5168,#4084,#4085);
#3403=AXIS2_PLACEMENT_3D('',#5169,#4086,#4087);
#3404=AXIS2_PLACEMENT_3D('',#5171,#4088,#4089);
#3405=AXIS2_PLACEMENT_3D('',#5173,#4090,#4091);
#3406=AXIS2_PLACEMENT_3D('',#5174,#4092,#4093);
#3407=AXIS2_PLACEMENT_3D('',#5177,#4095,#4096);
#3408=AXIS2_PLACEMENT_3D('',#5180,#4098,#4099);
#3409=AXIS2_PLACEMENT_3D('',#5183,#4102,#4103);
#3410=AXIS2_PLACEMENT_3D('',#5192,#4106,#4107);
#3411=AXIS2_PLACEMENT_3D('',#5195,#4110,#4111);
#3412=AXIS2_PLACEMENT_3D('',#5204,#4114,#4115);
#3413=AXIS2_PLACEMENT_3D('',#5206,#4117,#4118);
#3414=AXIS2_PLACEMENT_3D('',#5210,#4121,#4122);
#3415=AXIS2_PLACEMENT_3D('',#5212,#4124,#4125);
#3416=AXIS2_PLACEMENT_3D('',#5216,#4128,#4129);
#3417=AXIS2_PLACEMENT_3D('',#5217,#4130,#4131);
#3418=AXIS2_PLACEMENT_3D('',#5222,#4132,#4133);
#3419=AXIS2_PLACEMENT_3D('',#5225,#4136,#4137);
#3420=AXIS2_PLACEMENT_3D('',#5226,#4138,#4139);
#3421=AXIS2_PLACEMENT_3D('',#5247,#4142,#4143);
#3422=AXIS2_PLACEMENT_3D('',#5248,#4144,#4145);
#3423=AXIS2_PLACEMENT_3D('',#5249,#4146,#4147);
#3424=AXIS2_PLACEMENT_3D('',#5254,#4149,#4150);
#3425=AXIS2_PLACEMENT_3D('',#5257,#4152,#4153);
#3426=AXIS2_PLACEMENT_3D('',#5258,#4154,#4155);
#3427=AXIS2_PLACEMENT_3D('',#5260,#4156,#4157);
#3428=AXIS2_PLACEMENT_3D('',#5262,#4158,#4159);
#3429=AXIS2_PLACEMENT_3D('',#5263,#4160,#4161);
#3430=AXIS2_PLACEMENT_3D('',#5264,#4162,#4163);
#3431=AXIS2_PLACEMENT_3D('',#5266,#4164,#4165);
#3432=AXIS2_PLACEMENT_3D('',#5268,#4166,#4167);
#3433=AXIS2_PLACEMENT_3D('',#5269,#4168,#4169);
#3434=AXIS2_PLACEMENT_3D('',#5270,#4170,#4171);
#3435=AXIS2_PLACEMENT_3D('',#5272,#4172,#4173);
#3436=AXIS2_PLACEMENT_3D('',#5274,#4174,#4175);
#3437=AXIS2_PLACEMENT_3D('',#5275,#4176,#4177);
#3438=AXIS2_PLACEMENT_3D('',#5276,#4178,#4179);
#3439=AXIS2_PLACEMENT_3D('',#5281,#4182,#4183);
#3440=AXIS2_PLACEMENT_3D('',#5282,#4184,#4185);
#3441=AXIS2_PLACEMENT_3D('',#5287,#4187,#4188);
#3442=AXIS2_PLACEMENT_3D('',#5290,#4190,#4191);
#3443=AXIS2_PLACEMENT_3D('',#5291,#4192,#4193);
#3444=AXIS2_PLACEMENT_3D('',#5293,#4194,#4195);
#3445=AXIS2_PLACEMENT_3D('',#5295,#4196,#4197);
#3446=AXIS2_PLACEMENT_3D('',#5296,#4198,#4199);
#3447=AXIS2_PLACEMENT_3D('',#5297,#4200,#4201);
#3448=AXIS2_PLACEMENT_3D('',#5299,#4202,#4203);
#3449=AXIS2_PLACEMENT_3D('',#5301,#4204,#4205);
#3450=AXIS2_PLACEMENT_3D('',#5302,#4206,#4207);
#3451=AXIS2_PLACEMENT_3D('',#5303,#4208,#4209);
#3452=AXIS2_PLACEMENT_3D('',#5305,#4210,#4211);
#3453=AXIS2_PLACEMENT_3D('',#5307,#4212,#4213);
#3454=AXIS2_PLACEMENT_3D('',#5308,#4214,#4215);
#3455=AXIS2_PLACEMENT_3D('',#5311,#4217,#4218);
#3456=AXIS2_PLACEMENT_3D('',#5314,#4220,#4221);
#3457=AXIS2_PLACEMENT_3D('',#5317,#4224,#4225);
#3458=AXIS2_PLACEMENT_3D('',#5326,#4228,#4229);
#3459=AXIS2_PLACEMENT_3D('',#5329,#4232,#4233);
#3460=AXIS2_PLACEMENT_3D('',#5338,#4236,#4237);
#3461=AXIS2_PLACEMENT_3D('',#5340,#4239,#4240);
#3462=AXIS2_PLACEMENT_3D('',#5344,#4243,#4244);
#3463=AXIS2_PLACEMENT_3D('',#5346,#4246,#4247);
#3464=AXIS2_PLACEMENT_3D('',#5350,#4250,#4251);
#3465=AXIS2_PLACEMENT_3D('',#5351,#4252,#4253);
#3466=AXIS2_PLACEMENT_3D('',#5356,#4254,#4255);
#3467=AXIS2_PLACEMENT_3D('',#5359,#4258,#4259);
#3468=AXIS2_PLACEMENT_3D('',#5360,#4260,#4261);
#3469=AXIS2_PLACEMENT_3D('',#5381,#4264,#4265);
#3470=AXIS2_PLACEMENT_3D('',#5382,#4266,#4267);
#3471=AXIS2_PLACEMENT_3D('',#5383,#4268,#4269);
#3472=AXIS2_PLACEMENT_3D('',#5388,#4271,#4272);
#3473=AXIS2_PLACEMENT_3D('',#5391,#4274,#4275);
#3474=AXIS2_PLACEMENT_3D('',#5392,#4276,#4277);
#3475=AXIS2_PLACEMENT_3D('',#5394,#4278,#4279);
#3476=AXIS2_PLACEMENT_3D('',#5396,#4280,#4281);
#3477=AXIS2_PLACEMENT_3D('',#5397,#4282,#4283);
#3478=AXIS2_PLACEMENT_3D('',#5398,#4284,#4285);
#3479=AXIS2_PLACEMENT_3D('',#5400,#4286,#4287);
#3480=AXIS2_PLACEMENT_3D('',#5402,#4288,#4289);
#3481=AXIS2_PLACEMENT_3D('',#5403,#4290,#4291);
#3482=AXIS2_PLACEMENT_3D('',#5404,#4292,#4293);
#3483=AXIS2_PLACEMENT_3D('',#5406,#4294,#4295);
#3484=AXIS2_PLACEMENT_3D('',#5408,#4296,#4297);
#3485=AXIS2_PLACEMENT_3D('',#5409,#4298,#4299);
#3486=AXIS2_PLACEMENT_3D('',#5410,#4300,#4301);
#3487=AXIS2_PLACEMENT_3D('',#5415,#4304,#4305);
#3488=AXIS2_PLACEMENT_3D('',#5416,#4306,#4307);
#3489=AXIS2_PLACEMENT_3D('',#5421,#4309,#4310);
#3490=AXIS2_PLACEMENT_3D('',#5424,#4312,#4313);
#3491=AXIS2_PLACEMENT_3D('',#5425,#4314,#4315);
#3492=AXIS2_PLACEMENT_3D('',#5427,#4316,#4317);
#3493=AXIS2_PLACEMENT_3D('',#5429,#4318,#4319);
#3494=AXIS2_PLACEMENT_3D('',#5430,#4320,#4321);
#3495=AXIS2_PLACEMENT_3D('',#5431,#4322,#4323);
#3496=AXIS2_PLACEMENT_3D('',#5433,#4324,#4325);
#3497=AXIS2_PLACEMENT_3D('',#5435,#4326,#4327);
#3498=AXIS2_PLACEMENT_3D('',#5436,#4328,#4329);
#3499=AXIS2_PLACEMENT_3D('',#5437,#4330,#4331);
#3500=AXIS2_PLACEMENT_3D('',#5439,#4332,#4333);
#3501=AXIS2_PLACEMENT_3D('',#5441,#4334,#4335);
#3502=AXIS2_PLACEMENT_3D('',#5442,#4336,#4337);
#3503=AXIS2_PLACEMENT_3D('',#5445,#4339,#4340);
#3504=AXIS2_PLACEMENT_3D('',#5448,#4342,#4343);
#3505=AXIS2_PLACEMENT_3D('',#5451,#4346,#4347);
#3506=AXIS2_PLACEMENT_3D('',#5460,#4350,#4351);
#3507=AXIS2_PLACEMENT_3D('',#5463,#4354,#4355);
#3508=AXIS2_PLACEMENT_3D('',#5472,#4358,#4359);
#3509=AXIS2_PLACEMENT_3D('',#5474,#4361,#4362);
#3510=AXIS2_PLACEMENT_3D('',#5478,#4365,#4366);
#3511=AXIS2_PLACEMENT_3D('',#5480,#4368,#4369);
#3512=AXIS2_PLACEMENT_3D('',#5484,#4372,#4373);
#3513=AXIS2_PLACEMENT_3D('',#5485,#4374,#4375);
#3514=AXIS2_PLACEMENT_3D('',#5490,#4376,#4377);
#3515=AXIS2_PLACEMENT_3D('',#5493,#4380,#4381);
#3516=AXIS2_PLACEMENT_3D('',#5494,#4382,#4383);
#3517=AXIS2_PLACEMENT_3D('',#5515,#4386,#4387);
#3518=AXIS2_PLACEMENT_3D('',#5516,#4388,#4389);
#3519=AXIS2_PLACEMENT_3D('',#5517,#4390,#4391);
#3520=AXIS2_PLACEMENT_3D('',#5522,#4393,#4394);
#3521=AXIS2_PLACEMENT_3D('',#5525,#4396,#4397);
#3522=AXIS2_PLACEMENT_3D('',#5526,#4398,#4399);
#3523=AXIS2_PLACEMENT_3D('',#5528,#4400,#4401);
#3524=AXIS2_PLACEMENT_3D('',#5530,#4402,#4403);
#3525=AXIS2_PLACEMENT_3D('',#5531,#4404,#4405);
#3526=AXIS2_PLACEMENT_3D('',#5532,#4406,#4407);
#3527=AXIS2_PLACEMENT_3D('',#5534,#4408,#4409);
#3528=AXIS2_PLACEMENT_3D('',#5536,#4410,#4411);
#3529=AXIS2_PLACEMENT_3D('',#5537,#4412,#4413);
#3530=AXIS2_PLACEMENT_3D('',#5538,#4414,#4415);
#3531=AXIS2_PLACEMENT_3D('',#5540,#4416,#4417);
#3532=AXIS2_PLACEMENT_3D('',#5542,#4418,#4419);
#3533=AXIS2_PLACEMENT_3D('',#5543,#4420,#4421);
#3534=AXIS2_PLACEMENT_3D('',#5544,#4422,#4423);
#3535=AXIS2_PLACEMENT_3D('',#5549,#4426,#4427);
#3536=AXIS2_PLACEMENT_3D('',#5550,#4428,#4429);
#3537=AXIS2_PLACEMENT_3D('',#5555,#4431,#4432);
#3538=AXIS2_PLACEMENT_3D('',#5558,#4434,#4435);
#3539=AXIS2_PLACEMENT_3D('',#5559,#4436,#4437);
#3540=AXIS2_PLACEMENT_3D('',#5561,#4438,#4439);
#3541=AXIS2_PLACEMENT_3D('',#5563,#4440,#4441);
#3542=AXIS2_PLACEMENT_3D('',#5564,#4442,#4443);
#3543=AXIS2_PLACEMENT_3D('',#5565,#4444,#4445);
#3544=AXIS2_PLACEMENT_3D('',#5567,#4446,#4447);
#3545=AXIS2_PLACEMENT_3D('',#5569,#4448,#4449);
#3546=AXIS2_PLACEMENT_3D('',#5570,#4450,#4451);
#3547=AXIS2_PLACEMENT_3D('',#5571,#4452,#4453);
#3548=AXIS2_PLACEMENT_3D('',#5573,#4454,#4455);
#3549=AXIS2_PLACEMENT_3D('',#5575,#4456,#4457);
#3550=AXIS2_PLACEMENT_3D('',#5576,#4458,#4459);
#3551=AXIS2_PLACEMENT_3D('',#5579,#4461,#4462);
#3552=AXIS2_PLACEMENT_3D('',#5582,#4464,#4465);
#3553=AXIS2_PLACEMENT_3D('',#5585,#4468,#4469);
#3554=AXIS2_PLACEMENT_3D('',#5594,#4472,#4473);
#3555=AXIS2_PLACEMENT_3D('',#5597,#4476,#4477);
#3556=AXIS2_PLACEMENT_3D('',#5606,#4480,#4481);
#3557=AXIS2_PLACEMENT_3D('',#5608,#4483,#4484);
#3558=AXIS2_PLACEMENT_3D('',#5612,#4487,#4488);
#3559=AXIS2_PLACEMENT_3D('',#5614,#4490,#4491);
#3560=AXIS2_PLACEMENT_3D('',#5618,#4494,#4495);
#3561=AXIS2_PLACEMENT_3D('',#5619,#4496,#4497);
#3562=AXIS2_PLACEMENT_3D('',#5624,#4498,#4499);
#3563=AXIS2_PLACEMENT_3D('',#5627,#4502,#4503);
#3564=AXIS2_PLACEMENT_3D('',#5628,#4504,#4505);
#3565=AXIS2_PLACEMENT_3D('',#5649,#4508,#4509);
#3566=AXIS2_PLACEMENT_3D('',#5650,#4510,#4511);
#3567=AXIS2_PLACEMENT_3D('',#5653,#4513,#4514);
#3568=AXIS2_PLACEMENT_3D('',#5656,#4516,#4517);
#3569=AXIS2_PLACEMENT_3D('',#5657,#4518,#4519);
#3570=AXIS2_PLACEMENT_3D('',#5661,#4521,#4522);
#3571=AXIS2_PLACEMENT_3D('',#5665,#4524,#4525);
#3572=AXIS2_PLACEMENT_3D('',#5668,#4527,#4528);
#3573=AXIS2_PLACEMENT_3D('',#5669,#4529,#4530);
#3574=AXIS2_PLACEMENT_3D('',#5671,#4531,#4532);
#3575=AXIS2_PLACEMENT_3D('',#5675,#4534,#4535);
#3576=AXIS2_PLACEMENT_3D('',#5679,#4537,#4538);
#3577=AXIS2_PLACEMENT_3D('',#5682,#4540,#4541);
#3578=AXIS2_PLACEMENT_3D('',#5685,#4543,#4544);
#3579=AXIS2_PLACEMENT_3D('',#5688,#4546,#4547);
#3580=AXIS2_PLACEMENT_3D('',#5689,#4548,#4549);
#3581=AXIS2_PLACEMENT_3D('',#5695,#4552,#4553);
#3582=AXIS2_PLACEMENT_3D('',#5697,#4554,#4555);
#3583=AXIS2_PLACEMENT_3D('',#5699,#4556,#4557);
#3584=AXIS2_PLACEMENT_3D('',#5704,#4560,#4561);
#3585=AXIS2_PLACEMENT_3D('',#5706,#4562,#4563);
#3586=AXIS2_PLACEMENT_3D('',#5707,#4564,#4565);
#3587=AXIS2_PLACEMENT_3D('',#5711,#4568,#4569);
#3588=AXIS2_PLACEMENT_3D('',#5715,#4572,#4573);
#3589=AXIS2_PLACEMENT_3D('',#5719,#4576,#4577);
#3590=AXIS2_PLACEMENT_3D('',#5723,#4580,#4581);
#3591=AXIS2_PLACEMENT_3D('',#5724,#4582,#4583);
#3592=AXIS2_PLACEMENT_3D('',#5725,#4584,#4585);
#3593=AXIS2_PLACEMENT_3D('',#5726,#4586,#4587);
#3594=AXIS2_PLACEMENT_3D('',#5727,#4588,#4589);
#3595=AXIS2_PLACEMENT_3D('',#5728,#4590,#4591);
#3596=AXIS2_PLACEMENT_3D('',#5729,#4592,#4593);
#3597=AXIS2_PLACEMENT_3D('',#5730,#4594,#4595);
#3598=AXIS2_PLACEMENT_3D('',#5731,#4596,#4597);
#3599=AXIS2_PLACEMENT_3D('',#5732,#4598,#4599);
#3600=AXIS2_PLACEMENT_3D('',#5733,#4600,#4601);
#3601=AXIS2_PLACEMENT_3D('',#5734,#4602,#4603);
#3602=AXIS2_PLACEMENT_3D('',#5735,#4604,#4605);
#3603=AXIS2_PLACEMENT_3D('',#5736,#4606,#4607);
#3604=AXIS2_PLACEMENT_3D('',#5737,#4608,#4609);
#3605=AXIS2_PLACEMENT_3D('',#5738,#4610,#4611);
#3606=AXIS2_PLACEMENT_3D('',#5739,#4612,#4613);
#3607=AXIS2_PLACEMENT_3D('',#5740,#4614,#4615);
#3608=AXIS2_PLACEMENT_3D('',#5741,#4616,#4617);
#3609=AXIS2_PLACEMENT_3D('',#5742,#4618,#4619);
#3610=AXIS2_PLACEMENT_3D('',#5743,#4620,#4621);
#3611=AXIS2_PLACEMENT_3D('',#5744,#4622,#4623);
#3612=AXIS2_PLACEMENT_3D('',#5745,#4624,#4625);
#3613=AXIS2_PLACEMENT_3D('',#5746,#4626,#4627);
#3614=AXIS2_PLACEMENT_3D('',#5747,#4628,#4629);
#3615=AXIS2_PLACEMENT_3D('',#5748,#4630,#4631);
#3616=AXIS2_PLACEMENT_3D('',#5749,#4632,#4633);
#3617=AXIS2_PLACEMENT_3D('',#5750,#4634,#4635);
#3618=AXIS2_PLACEMENT_3D('',#5752,#4636,#4637);
#3619=AXIS2_PLACEMENT_3D('',#5753,#4638,#4639);
#3620=AXIS2_PLACEMENT_3D('',#5755,#4640,#4641);
#3621=AXIS2_PLACEMENT_3D('',#5756,#4642,#4643);
#3622=AXIS2_PLACEMENT_3D('',#5758,#4644,#4645);
#3623=AXIS2_PLACEMENT_3D('',#5759,#4646,#4647);
#3624=AXIS2_PLACEMENT_3D('',#5761,#4648,#4649);
#3625=AXIS2_PLACEMENT_3D('',#5762,#4650,#4651);
#3626=AXIS2_PLACEMENT_3D('',#5763,#4652,#4653);
#3627=AXIS2_PLACEMENT_3D('',#5765,#4654,#4655);
#3628=DIRECTION('',(0.,0.,1.));
#3629=DIRECTION('',(1.,0.,0.));
#3630=DIRECTION('',(0.,0.,-1.));
#3631=DIRECTION('',(0.5,0.866025403784438,0.));
#3632=DIRECTION('',(0.,0.,-1.));
#3633=DIRECTION('',(0.5,0.866025403784438,0.));
#3634=DIRECTION('',(0.,0.,-1.));
#3635=DIRECTION('',(0.5,0.866025403784438,0.));
#3636=DIRECTION('',(0.,0.,-1.));
#3637=DIRECTION('',(-0.5,-0.866025403784438,0.));
#3638=DIRECTION('',(0.,0.,-1.));
#3639=DIRECTION('',(0.5,-0.866025403784439,0.));
#3640=DIRECTION('',(0.,0.,-1.));
#3641=DIRECTION('',(0.5,-0.866025403784439,0.));
#3642=DIRECTION('',(0.,0.,-1.));
#3643=DIRECTION('',(0.5,-0.866025403784439,0.));
#3644=DIRECTION('',(0.,0.,-1.));
#3645=DIRECTION('',(-0.5,0.866025403784439,0.));
#3646=DIRECTION('',(0.,0.,-1.));
#3647=DIRECTION('',(-1.,0.,0.));
#3648=DIRECTION('',(0.,0.,1.));
#3649=DIRECTION('',(1.,0.,0.));
#3650=DIRECTION('',(0.,0.,-1.));
#3651=DIRECTION('',(0.,0.,-1.));
#3652=DIRECTION('',(0.,0.,1.));
#3653=DIRECTION('',(1.,0.,0.));
#3654=DIRECTION('',(0.,0.,-1.));
#3655=DIRECTION('',(0.,0.,-1.));
#3656=DIRECTION('',(0.,0.,1.));
#3657=DIRECTION('',(0.707106781186547,-0.707106781186548,0.));
#3658=DIRECTION('',(0.,0.,1.));
#3659=DIRECTION('',(0.707106781186547,-0.707106781186548,0.));
#3660=DIRECTION('',(0.,0.,1.));
#3661=DIRECTION('',(0.,0.,1.));
#3662=DIRECTION('',(0.707106781186547,-0.707106781186548,0.));
#3663=DIRECTION('',(0.,0.,1.));
#3664=DIRECTION('',(-0.707106781186548,-0.707106781186547,0.));
#3665=DIRECTION('',(0.,0.,-1.));
#3666=DIRECTION('',(-0.707106781186548,-0.707106781186547,0.));
#3667=DIRECTION('',(0.,0.,-1.));
#3668=DIRECTION('',(-0.282597082630219,0.282597082630219,0.916666666666667));
#3669=DIRECTION('',(0.648181216087668,-0.648181216087669,0.399652626942727));
#3670=DIRECTION('',(-0.707106781186548,-0.707106781186547,0.));
#3671=DIRECTION('',(0.,0.,-1.));
#3672=DIRECTION('',(-0.707106781186548,-0.707106781186547,0.));
#3673=DIRECTION('',(0.,0.,-1.));
#3674=DIRECTION('',(-0.707106781186548,-0.707106781186547,0.));
#3675=DIRECTION('',(0.,0.,-1.));
#3676=DIRECTION('',(0.282597082630219,-0.282597082630219,0.916666666666667));
#3677=DIRECTION('',(0.648181216087668,-0.648181216087669,-0.399652626942727));
#3678=DIRECTION('',(-0.707106781186548,-0.707106781186547,0.));
#3679=DIRECTION('',(0.,0.,-1.));
#3680=DIRECTION('',(-0.707106781186548,-0.707106781186547,0.));
#3681=DIRECTION('',(0.,0.,-1.));
#3682=DIRECTION('',(-0.707106781186548,-0.707106781186547,0.));
#3683=DIRECTION('',(0.,0.,-1.));
#3684=DIRECTION('',(0.,0.,1.));
#3685=DIRECTION('',(0.707106781186547,-0.707106781186548,0.));
#3686=DIRECTION('',(-0.707106781186548,-0.707106781186547,0.));
#3687=DIRECTION('',(0.,0.,-1.));
#3688=DIRECTION('',(0.,0.,1.));
#3689=DIRECTION('',(0.707106781186547,-0.707106781186548,0.));
#3690=DIRECTION('',(0.,0.,1.));
#3691=DIRECTION('',(0.707106781186547,-0.707106781186548,0.));
#3692=DIRECTION('',(0.,0.,1.));
#3693=DIRECTION('',(0.,0.,1.));
#3694=DIRECTION('',(0.,0.,-1.));
#3695=DIRECTION('',(-0.707106781186547,0.707106781186548,0.));
#3696=DIRECTION('',(0.,0.,1.));
#3697=DIRECTION('',(0.707106781186547,-0.707106781186548,0.));
#3698=DIRECTION('',(0.,0.,1.));
#3699=DIRECTION('',(0.,0.,-1.));
#3700=DIRECTION('',(-0.707106781186547,0.707106781186548,0.));
#3701=DIRECTION('',(0.,0.,1.));
#3702=DIRECTION('',(-0.707106781186548,-0.707106781186547,0.));
#3703=DIRECTION('',(0.,0.,-1.));
#3704=DIRECTION('',(-0.707106781186548,-0.707106781186547,0.));
#3705=DIRECTION('',(0.,0.,-1.));
#3706=DIRECTION('',(0.282597082630221,-0.282597082630221,-0.916666666666666));
#3707=DIRECTION('',(-0.648181216087668,0.648181216087668,-0.399652626942729));
#3708=DIRECTION('',(-0.707106781186548,-0.707106781186547,0.));
#3709=DIRECTION('',(0.,0.,-1.));
#3710=DIRECTION('',(-0.707106781186548,-0.707106781186547,0.));
#3711=DIRECTION('',(0.,0.,-1.));
#3712=DIRECTION('',(-0.707106781186548,-0.707106781186547,0.));
#3713=DIRECTION('',(0.,0.,-1.));
#3714=DIRECTION('',(-0.282597082630221,0.282597082630221,-0.916666666666666));
#3715=DIRECTION('',(-0.648181216087668,0.648181216087668,0.399652626942729));
#3716=DIRECTION('',(-0.707106781186548,-0.707106781186547,0.));
#3717=DIRECTION('',(0.,0.,-1.));
#3718=DIRECTION('',(-0.707106781186548,-0.707106781186547,0.));
#3719=DIRECTION('',(0.,0.,-1.));
#3720=DIRECTION('',(-0.707106781186548,-0.707106781186547,0.));
#3721=DIRECTION('',(0.,0.,-1.));
#3722=DIRECTION('',(0.,0.,-1.));
#3723=DIRECTION('',(-0.707106781186547,0.707106781186548,0.));
#3724=DIRECTION('',(-0.707106781186548,-0.707106781186547,0.));
#3725=DIRECTION('',(0.,0.,-1.));
#3726=DIRECTION('',(0.,0.,-1.));
#3727=DIRECTION('',(-0.707106781186547,0.707106781186548,0.));
#3728=DIRECTION('',(0.,0.,1.));
#3729=DIRECTION('',(0.,0.,1.));
#3730=DIRECTION('',(0.707106781186547,-0.707106781186548,0.));
#3731=DIRECTION('',(0.,0.,1.));
#3732=DIRECTION('',(-0.707106781186548,-0.707106781186547,0.));
#3733=DIRECTION('',(0.,0.,-1.));
#3734=DIRECTION('',(-0.707106781186548,-0.707106781186547,0.));
#3735=DIRECTION('',(-0.707106781186548,-0.707106781186547,0.));
#3736=DIRECTION('',(-0.707106781186548,-0.707106781186547,0.));
#3737=DIRECTION('',(0.,0.,-1.));
#3738=DIRECTION('',(-0.707106781186548,-0.707106781186547,0.));
#3739=DIRECTION('',(0.707106781186548,0.707106781186547,0.));
#3740=DIRECTION('',(-0.707106781186548,-0.707106781186547,0.));
#3741=DIRECTION('',(0.,0.,-1.));
#3742=DIRECTION('',(-0.707106781186548,-0.707106781186547,0.));
#3743=DIRECTION('',(-0.707106781186548,-0.707106781186547,0.));
#3744=DIRECTION('',(-0.707106781186548,-0.707106781186547,0.));
#3745=DIRECTION('',(0.,0.,-1.));
#3746=DIRECTION('',(0.707106781186548,0.707106781186547,0.));
#3747=DIRECTION('',(-0.707106781186548,-0.707106781186547,0.));
#3748=DIRECTION('',(-0.707106781186547,0.707106781186548,0.));
#3749=DIRECTION('',(0.,0.,1.));
#3750=DIRECTION('',(-0.707106781186548,-0.707106781186547,0.));
#3751=DIRECTION('',(-0.707106781186547,0.707106781186548,0.));
#3752=DIRECTION('',(0.,0.,1.));
#3753=DIRECTION('',(-0.707106781186548,-0.707106781186547,0.));
#3754=DIRECTION('',(0.,0.,-1.));
#3755=DIRECTION('',(-0.707106781186547,0.707106781186548,0.));
#3756=DIRECTION('',(0.,0.,1.));
#3757=DIRECTION('',(-0.707106781186548,-0.707106781186547,0.));
#3758=DIRECTION('',(-0.707106781186547,0.707106781186548,0.));
#3759=DIRECTION('',(0.,0.,1.));
#3760=DIRECTION('',(-0.707106781186548,-0.707106781186547,0.));
#3761=DIRECTION('',(0.,0.,-1.));
#3762=DIRECTION('',(-0.707106781186548,-0.707106781186547,0.));
#3763=DIRECTION('',(0.,0.,-1.));
#3764=DIRECTION('',(-0.707106781186548,-0.707106781186547,0.));
#3765=DIRECTION('',(0.,0.,-1.));
#3766=DIRECTION('',(-0.707106781186548,-0.707106781186547,0.));
#3767=DIRECTION('',(0.707106781186547,-0.707106781186548,0.));
#3768=DIRECTION('',(0.707106781186547,-0.707106781186548,0.));
#3769=DIRECTION('',(0.707106781186547,-0.707106781186548,0.));
#3770=DIRECTION('',(0.,0.,-1.));
#3771=DIRECTION('',(-1.,0.,0.));
#3772=DIRECTION('',(0.,0.,1.));
#3773=DIRECTION('',(1.,0.,0.));
#3774=DIRECTION('',(0.,0.,-1.));
#3775=DIRECTION('',(0.,0.,-1.));
#3776=DIRECTION('',(0.,0.,1.));
#3777=DIRECTION('',(1.,0.,0.));
#3778=DIRECTION('',(0.,0.,1.));
#3779=DIRECTION('',(-1.83697019872103E-16,-1.,0.));
#3780=DIRECTION('',(0.,0.,1.));
#3781=DIRECTION('',(-1.83697019872103E-16,-1.,0.));
#3782=DIRECTION('',(0.,0.,1.));
#3783=DIRECTION('',(0.,0.,1.));
#3784=DIRECTION('',(-1.83697019872103E-16,-1.,0.));
#3785=DIRECTION('',(0.,0.,1.));
#3786=DIRECTION('',(-1.,1.83697019872103E-16,0.));
#3787=DIRECTION('',(0.,0.,-1.));
#3788=DIRECTION('',(-1.,1.83697019872103E-16,0.));
#3789=DIRECTION('',(0.,0.,-1.));
#3790=DIRECTION('',(7.34149965534362E-17,0.399652626942727,0.916666666666667));
#3791=DIRECTION('',(-1.68388934882761E-16,-0.916666666666667,0.399652626942727));
#3792=DIRECTION('',(-1.,1.83697019872103E-16,0.));
#3793=DIRECTION('',(0.,0.,-1.));
#3794=DIRECTION('',(-1.,1.83697019872103E-16,0.));
#3795=DIRECTION('',(0.,0.,-1.));
#3796=DIRECTION('',(-1.,1.83697019872103E-16,0.));
#3797=DIRECTION('',(0.,0.,-1.));
#3798=DIRECTION('',(-7.34149965534362E-17,-0.399652626942727,0.916666666666667));
#3799=DIRECTION('',(-1.68388934882761E-16,-0.916666666666667,-0.399652626942727));
#3800=DIRECTION('',(-1.,1.83697019872103E-16,0.));
#3801=DIRECTION('',(0.,0.,-1.));
#3802=DIRECTION('',(-1.,1.83697019872103E-16,0.));
#3803=DIRECTION('',(0.,0.,-1.));
#3804=DIRECTION('',(-1.,1.83697019872103E-16,0.));
#3805=DIRECTION('',(0.,0.,-1.));
#3806=DIRECTION('',(0.,0.,1.));
#3807=DIRECTION('',(-1.83697019872103E-16,-1.,0.));
#3808=DIRECTION('',(-1.,1.83697019872103E-16,0.));
#3809=DIRECTION('',(0.,0.,-1.));
#3810=DIRECTION('',(0.,0.,1.));
#3811=DIRECTION('',(-1.83697019872103E-16,-1.,0.));
#3812=DIRECTION('',(0.,0.,1.));
#3813=DIRECTION('',(-1.83697019872103E-16,-1.,0.));
#3814=DIRECTION('',(0.,0.,1.));
#3815=DIRECTION('',(0.,0.,1.));
#3816=DIRECTION('',(0.,0.,-1.));
#3817=DIRECTION('',(1.83697019872103E-16,1.,0.));
#3818=DIRECTION('',(0.,0.,1.));
#3819=DIRECTION('',(-1.83697019872103E-16,-1.,0.));
#3820=DIRECTION('',(0.,0.,1.));
#3821=DIRECTION('',(0.,0.,-1.));
#3822=DIRECTION('',(1.83697019872103E-16,1.,0.));
#3823=DIRECTION('',(0.,0.,1.));
#3824=DIRECTION('',(-1.,1.83697019872103E-16,0.));
#3825=DIRECTION('',(0.,0.,-1.));
#3826=DIRECTION('',(-1.,1.83697019872103E-16,0.));
#3827=DIRECTION('',(0.,0.,-1.));
#3828=DIRECTION('',(-7.34149965534366E-17,-0.399652626942729,-0.916666666666666));
#3829=DIRECTION('',(1.68388934882761E-16,0.916666666666666,-0.399652626942729));
#3830=DIRECTION('',(-1.,1.83697019872103E-16,0.));
#3831=DIRECTION('',(0.,0.,-1.));
#3832=DIRECTION('',(-1.,1.83697019872103E-16,0.));
#3833=DIRECTION('',(0.,0.,-1.));
#3834=DIRECTION('',(-1.,1.83697019872103E-16,0.));
#3835=DIRECTION('',(0.,0.,-1.));
#3836=DIRECTION('',(7.34149965534366E-17,0.399652626942729,-0.916666666666666));
#3837=DIRECTION('',(1.68388934882761E-16,0.916666666666666,0.399652626942729));
#3838=DIRECTION('',(-1.,1.83697019872103E-16,0.));
#3839=DIRECTION('',(0.,0.,-1.));
#3840=DIRECTION('',(-1.,1.83697019872103E-16,0.));
#3841=DIRECTION('',(0.,0.,-1.));
#3842=DIRECTION('',(-1.,1.83697019872103E-16,0.));
#3843=DIRECTION('',(0.,0.,-1.));
#3844=DIRECTION('',(0.,0.,-1.));
#3845=DIRECTION('',(1.83697019872103E-16,1.,0.));
#3846=DIRECTION('',(-1.,1.83697019872103E-16,0.));
#3847=DIRECTION('',(0.,0.,-1.));
#3848=DIRECTION('',(0.,0.,-1.));
#3849=DIRECTION('',(1.83697019872103E-16,1.,0.));
#3850=DIRECTION('',(0.,0.,1.));
#3851=DIRECTION('',(0.,0.,1.));
#3852=DIRECTION('',(-1.83697019872103E-16,-1.,0.));
#3853=DIRECTION('',(0.,0.,1.));
#3854=DIRECTION('',(-1.,1.83697019872103E-16,0.));
#3855=DIRECTION('',(0.,0.,-1.));
#3856=DIRECTION('',(-1.,1.83697019872103E-16,0.));
#3857=DIRECTION('',(-1.,1.83697019872103E-16,0.));
#3858=DIRECTION('',(-1.,1.83697019872103E-16,0.));
#3859=DIRECTION('',(0.,0.,-1.));
#3860=DIRECTION('',(-1.,1.83697019872103E-16,0.));
#3861=DIRECTION('',(1.,-1.83697019872103E-16,0.));
#3862=DIRECTION('',(-1.,1.83697019872103E-16,0.));
#3863=DIRECTION('',(0.,0.,-1.));
#3864=DIRECTION('',(-1.,1.83697019872103E-16,0.));
#3865=DIRECTION('',(-1.,1.83697019872103E-16,0.));
#3866=DIRECTION('',(-1.,1.83697019872103E-16,0.));
#3867=DIRECTION('',(0.,0.,-1.));
#3868=DIRECTION('',(1.,-1.83697019872103E-16,0.));
#3869=DIRECTION('',(-1.,1.83697019872103E-16,0.));
#3870=DIRECTION('',(1.83697019872103E-16,1.,0.));
#3871=DIRECTION('',(0.,0.,1.));
#3872=DIRECTION('',(-1.,1.83697019872103E-16,0.));
#3873=DIRECTION('',(1.83697019872103E-16,1.,0.));
#3874=DIRECTION('',(0.,0.,1.));
#3875=DIRECTION('',(-1.,1.83697019872103E-16,0.));
#3876=DIRECTION('',(0.,0.,-1.));
#3877=DIRECTION('',(1.83697019872103E-16,1.,0.));
#3878=DIRECTION('',(0.,0.,1.));
#3879=DIRECTION('',(-1.,1.83697019872103E-16,0.));
#3880=DIRECTION('',(1.83697019872103E-16,1.,0.));
#3881=DIRECTION('',(0.,0.,1.));
#3882=DIRECTION('',(-1.,1.83697019872103E-16,0.));
#3883=DIRECTION('',(0.,0.,-1.));
#3884=DIRECTION('',(-1.,1.83697019872103E-16,0.));
#3885=DIRECTION('',(0.,0.,-1.));
#3886=DIRECTION('',(-1.,1.83697019872103E-16,0.));
#3887=DIRECTION('',(0.,0.,-1.));
#3888=DIRECTION('',(-1.,1.83697019872103E-16,0.));
#3889=DIRECTION('',(-1.83697019872103E-16,-1.,0.));
#3890=DIRECTION('',(-1.83697019872103E-16,-1.,0.));
#3891=DIRECTION('',(-1.83697019872103E-16,-1.,0.));
#3892=DIRECTION('',(0.,0.,-1.));
#3893=DIRECTION('',(-1.,0.,0.));
#3894=DIRECTION('',(0.,0.,1.));
#3895=DIRECTION('',(1.,0.,0.));
#3896=DIRECTION('',(0.,0.,-1.));
#3897=DIRECTION('',(0.,0.,-1.));
#3898=DIRECTION('',(0.,0.,1.));
#3899=DIRECTION('',(1.,0.,0.));
#3900=DIRECTION('',(0.,0.,1.));
#3901=DIRECTION('',(-0.707106781186548,-0.707106781186548,0.));
#3902=DIRECTION('',(0.,0.,1.));
#3903=DIRECTION('',(-0.707106781186548,-0.707106781186548,0.));
#3904=DIRECTION('',(0.,0.,1.));
#3905=DIRECTION('',(0.,0.,1.));
#3906=DIRECTION('',(-0.707106781186548,-0.707106781186548,0.));
#3907=DIRECTION('',(0.,0.,1.));
#3908=DIRECTION('',(-0.707106781186548,0.707106781186548,0.));
#3909=DIRECTION('',(0.,0.,-1.));
#3910=DIRECTION('',(-0.707106781186548,0.707106781186548,0.));
#3911=DIRECTION('',(0.,0.,-1.));
#3912=DIRECTION('',(0.282597082630219,0.282597082630219,0.916666666666667));
#3913=DIRECTION('',(-0.648181216087669,-0.648181216087669,0.399652626942727));
#3914=DIRECTION('',(-0.707106781186548,0.707106781186548,0.));
#3915=DIRECTION('',(0.,0.,-1.));
#3916=DIRECTION('',(-0.707106781186548,0.707106781186548,0.));
#3917=DIRECTION('',(0.,0.,-1.));
#3918=DIRECTION('',(-0.707106781186548,0.707106781186548,0.));
#3919=DIRECTION('',(0.,0.,-1.));
#3920=DIRECTION('',(-0.282597082630219,-0.282597082630219,0.916666666666667));
#3921=DIRECTION('',(-0.648181216087669,-0.648181216087669,-0.399652626942727));
#3922=DIRECTION('',(-0.707106781186548,0.707106781186548,0.));
#3923=DIRECTION('',(0.,0.,-1.));
#3924=DIRECTION('',(-0.707106781186548,0.707106781186548,0.));
#3925=DIRECTION('',(0.,0.,-1.));
#3926=DIRECTION('',(-0.707106781186548,0.707106781186548,0.));
#3927=DIRECTION('',(0.,0.,-1.));
#3928=DIRECTION('',(0.,0.,1.));
#3929=DIRECTION('',(-0.707106781186548,-0.707106781186548,0.));
#3930=DIRECTION('',(-0.707106781186548,0.707106781186548,0.));
#3931=DIRECTION('',(0.,0.,-1.));
#3932=DIRECTION('',(0.,0.,1.));
#3933=DIRECTION('',(-0.707106781186548,-0.707106781186548,0.));
#3934=DIRECTION('',(0.,0.,1.));
#3935=DIRECTION('',(-0.707106781186548,-0.707106781186548,0.));
#3936=DIRECTION('',(0.,0.,1.));
#3937=DIRECTION('',(0.,0.,1.));
#3938=DIRECTION('',(0.,0.,-1.));
#3939=DIRECTION('',(0.707106781186548,0.707106781186548,0.));
#3940=DIRECTION('',(0.,0.,1.));
#3941=DIRECTION('',(-0.707106781186548,-0.707106781186548,0.));
#3942=DIRECTION('',(0.,0.,1.));
#3943=DIRECTION('',(0.,0.,-1.));
#3944=DIRECTION('',(0.707106781186548,0.707106781186548,0.));
#3945=DIRECTION('',(0.,0.,1.));
#3946=DIRECTION('',(-0.707106781186548,0.707106781186548,0.));
#3947=DIRECTION('',(0.,0.,-1.));
#3948=DIRECTION('',(-0.707106781186548,0.707106781186548,0.));
#3949=DIRECTION('',(0.,0.,-1.));
#3950=DIRECTION('',(-0.282597082630221,-0.282597082630221,-0.916666666666666));
#3951=DIRECTION('',(0.648181216087668,0.648181216087668,-0.399652626942729));
#3952=DIRECTION('',(-0.707106781186548,0.707106781186548,0.));
#3953=DIRECTION('',(0.,0.,-1.));
#3954=DIRECTION('',(-0.707106781186548,0.707106781186548,0.));
#3955=DIRECTION('',(0.,0.,-1.));
#3956=DIRECTION('',(-0.707106781186548,0.707106781186548,0.));
#3957=DIRECTION('',(0.,0.,-1.));
#3958=DIRECTION('',(0.282597082630221,0.282597082630221,-0.916666666666666));
#3959=DIRECTION('',(0.648181216087668,0.648181216087668,0.399652626942729));
#3960=DIRECTION('',(-0.707106781186548,0.707106781186548,0.));
#3961=DIRECTION('',(0.,0.,-1.));
#3962=DIRECTION('',(-0.707106781186548,0.707106781186548,0.));
#3963=DIRECTION('',(0.,0.,-1.));
#3964=DIRECTION('',(-0.707106781186548,0.707106781186548,0.));
#3965=DIRECTION('',(0.,0.,-1.));
#3966=DIRECTION('',(0.,0.,-1.));
#3967=DIRECTION('',(0.707106781186548,0.707106781186548,0.));
#3968=DIRECTION('',(-0.707106781186548,0.707106781186548,0.));
#3969=DIRECTION('',(0.,0.,-1.));
#3970=DIRECTION('',(0.,0.,-1.));
#3971=DIRECTION('',(0.707106781186548,0.707106781186548,0.));
#3972=DIRECTION('',(0.,0.,1.));
#3973=DIRECTION('',(0.,0.,1.));
#3974=DIRECTION('',(-0.707106781186548,-0.707106781186548,0.));
#3975=DIRECTION('',(0.,0.,1.));
#3976=DIRECTION('',(-0.707106781186548,0.707106781186548,0.));
#3977=DIRECTION('',(0.,0.,-1.));
#3978=DIRECTION('',(-0.707106781186548,0.707106781186548,0.));
#3979=DIRECTION('',(-0.707106781186548,0.707106781186548,0.));
#3980=DIRECTION('',(-0.707106781186548,0.707106781186548,0.));
#3981=DIRECTION('',(0.,0.,-1.));
#3982=DIRECTION('',(-0.707106781186548,0.707106781186548,0.));
#3983=DIRECTION('',(0.707106781186548,-0.707106781186548,0.));
#3984=DIRECTION('',(-0.707106781186548,0.707106781186548,0.));
#3985=DIRECTION('',(0.,0.,-1.));
#3986=DIRECTION('',(-0.707106781186548,0.707106781186548,0.));
#3987=DIRECTION('',(-0.707106781186548,0.707106781186548,0.));
#3988=DIRECTION('',(-0.707106781186548,0.707106781186548,0.));
#3989=DIRECTION('',(0.,0.,-1.));
#3990=DIRECTION('',(0.707106781186548,-0.707106781186548,0.));
#3991=DIRECTION('',(-0.707106781186548,0.707106781186548,0.));
#3992=DIRECTION('',(0.707106781186548,0.707106781186548,0.));
#3993=DIRECTION('',(0.,0.,1.));
#3994=DIRECTION('',(-0.707106781186548,0.707106781186548,0.));
#3995=DIRECTION('',(0.707106781186548,0.707106781186548,0.));
#3996=DIRECTION('',(0.,0.,1.));
#3997=DIRECTION('',(-0.707106781186548,0.707106781186548,0.));
#3998=DIRECTION('',(0.,0.,-1.));
#3999=DIRECTION('',(0.707106781186548,0.707106781186548,0.));
#4000=DIRECTION('',(0.,0.,1.));
#4001=DIRECTION('',(-0.707106781186548,0.707106781186548,0.));
#4002=DIRECTION('',(0.707106781186548,0.707106781186548,0.));
#4003=DIRECTION('',(0.,0.,1.));
#4004=DIRECTION('',(-0.707106781186548,0.707106781186548,0.));
#4005=DIRECTION('',(0.,0.,-1.));
#4006=DIRECTION('',(-0.707106781186548,0.707106781186548,0.));
#4007=DIRECTION('',(0.,0.,-1.));
#4008=DIRECTION('',(-0.707106781186548,0.707106781186548,0.));
#4009=DIRECTION('',(0.,0.,-1.));
#4010=DIRECTION('',(-0.707106781186548,0.707106781186548,0.));
#4011=DIRECTION('',(-0.707106781186548,-0.707106781186548,0.));
#4012=DIRECTION('',(-0.707106781186548,-0.707106781186548,0.));
#4013=DIRECTION('',(-0.707106781186548,-0.707106781186548,0.));
#4014=DIRECTION('',(0.,0.,-1.));
#4015=DIRECTION('',(-1.,0.,0.));
#4016=DIRECTION('',(0.,0.,1.));
#4017=DIRECTION('',(1.,0.,0.));
#4018=DIRECTION('',(0.,0.,-1.));
#4019=DIRECTION('',(0.,0.,-1.));
#4020=DIRECTION('',(0.,0.,1.));
#4021=DIRECTION('',(1.,0.,0.));
#4022=DIRECTION('',(0.,0.,1.));
#4023=DIRECTION('',(-1.,1.22464679914735E-16,0.));
#4024=DIRECTION('',(0.,0.,1.));
#4025=DIRECTION('',(-1.,1.22464679914735E-16,0.));
#4026=DIRECTION('',(0.,0.,1.));
#4027=DIRECTION('',(0.,0.,1.));
#4028=DIRECTION('',(-1.,1.22464679914735E-16,0.));
#4029=DIRECTION('',(0.,0.,1.));
#4030=DIRECTION('',(1.22464679914735E-16,1.,0.));
#4031=DIRECTION('',(0.,0.,-1.));
#4032=DIRECTION('',(1.22464679914735E-16,1.,0.));
#4033=DIRECTION('',(0.,0.,-1.));
#4034=DIRECTION('',(0.399652626942727,-4.89433310356241E-17,0.916666666666667));
#4035=DIRECTION('',(-0.916666666666667,1.12259289921841E-16,0.399652626942727));
#4036=DIRECTION('',(1.22464679914735E-16,1.,0.));
#4037=DIRECTION('',(0.,0.,-1.));
#4038=DIRECTION('',(1.22464679914735E-16,1.,0.));
#4039=DIRECTION('',(0.,0.,-1.));
#4040=DIRECTION('',(1.22464679914735E-16,1.,0.));
#4041=DIRECTION('',(0.,0.,-1.));
#4042=DIRECTION('',(-0.399652626942727,4.89433310356241E-17,0.916666666666667));
#4043=DIRECTION('',(-0.916666666666667,1.12259289921841E-16,-0.399652626942727));
#4044=DIRECTION('',(1.22464679914735E-16,1.,0.));
#4045=DIRECTION('',(0.,0.,-1.));
#4046=DIRECTION('',(1.22464679914735E-16,1.,0.));
#4047=DIRECTION('',(0.,0.,-1.));
#4048=DIRECTION('',(1.22464679914735E-16,1.,0.));
#4049=DIRECTION('',(0.,0.,-1.));
#4050=DIRECTION('',(0.,0.,1.));
#4051=DIRECTION('',(-1.,1.22464679914735E-16,0.));
#4052=DIRECTION('',(1.22464679914735E-16,1.,0.));
#4053=DIRECTION('',(0.,0.,-1.));
#4054=DIRECTION('',(0.,0.,1.));
#4055=DIRECTION('',(-1.,1.22464679914735E-16,0.));
#4056=DIRECTION('',(0.,0.,1.));
#4057=DIRECTION('',(-1.,1.22464679914735E-16,0.));
#4058=DIRECTION('',(0.,0.,1.));
#4059=DIRECTION('',(0.,0.,1.));
#4060=DIRECTION('',(0.,0.,-1.));
#4061=DIRECTION('',(1.,-1.22464679914735E-16,0.));
#4062=DIRECTION('',(0.,0.,1.));
#4063=DIRECTION('',(-1.,1.22464679914735E-16,0.));
#4064=DIRECTION('',(0.,0.,1.));
#4065=DIRECTION('',(0.,0.,-1.));
#4066=DIRECTION('',(1.,-1.22464679914735E-16,0.));
#4067=DIRECTION('',(0.,0.,1.));
#4068=DIRECTION('',(1.22464679914735E-16,1.,0.));
#4069=DIRECTION('',(0.,0.,-1.));
#4070=DIRECTION('',(1.22464679914735E-16,1.,0.));
#4071=DIRECTION('',(0.,0.,-1.));
#4072=DIRECTION('',(-0.399652626942729,4.89433310356244E-17,-0.916666666666666));
#4073=DIRECTION('',(0.916666666666666,-1.12259289921841E-16,-0.399652626942729));
#4074=DIRECTION('',(1.22464679914735E-16,1.,0.));
#4075=DIRECTION('',(0.,0.,-1.));
#4076=DIRECTION('',(1.22464679914735E-16,1.,0.));
#4077=DIRECTION('',(0.,0.,-1.));
#4078=DIRECTION('',(1.22464679914735E-16,1.,0.));
#4079=DIRECTION('',(0.,0.,-1.));
#4080=DIRECTION('',(0.399652626942729,-4.89433310356244E-17,-0.916666666666666));
#4081=DIRECTION('',(0.916666666666666,-1.12259289921841E-16,0.399652626942729));
#4082=DIRECTION('',(1.22464679914735E-16,1.,0.));
#4083=DIRECTION('',(0.,0.,-1.));
#4084=DIRECTION('',(1.22464679914735E-16,1.,0.));
#4085=DIRECTION('',(0.,0.,-1.));
#4086=DIRECTION('',(1.22464679914735E-16,1.,0.));
#4087=DIRECTION('',(0.,0.,-1.));
#4088=DIRECTION('',(0.,0.,-1.));
#4089=DIRECTION('',(1.,-1.22464679914735E-16,0.));
#4090=DIRECTION('',(1.22464679914735E-16,1.,0.));
#4091=DIRECTION('',(0.,0.,-1.));
#4092=DIRECTION('',(0.,0.,-1.));
#4093=DIRECTION('',(1.,-1.22464679914735E-16,0.));
#4094=DIRECTION('',(0.,0.,1.));
#4095=DIRECTION('',(0.,0.,1.));
#4096=DIRECTION('',(-1.,1.22464679914735E-16,0.));
#4097=DIRECTION('',(0.,0.,1.));
#4098=DIRECTION('',(1.22464679914735E-16,1.,0.));
#4099=DIRECTION('',(0.,0.,-1.));
#4100=DIRECTION('',(1.22464679914735E-16,1.,0.));
#4101=DIRECTION('',(1.22464679914735E-16,1.,0.));
#4102=DIRECTION('',(1.22464679914735E-16,1.,0.));
#4103=DIRECTION('',(0.,0.,-1.));
#4104=DIRECTION('',(1.22464679914735E-16,1.,0.));
#4105=DIRECTION('',(-1.22464679914735E-16,-1.,0.));
#4106=DIRECTION('',(1.22464679914735E-16,1.,0.));
#4107=DIRECTION('',(0.,0.,-1.));
#4108=DIRECTION('',(1.22464679914735E-16,1.,0.));
#4109=DIRECTION('',(1.22464679914735E-16,1.,0.));
#4110=DIRECTION('',(1.22464679914735E-16,1.,0.));
#4111=DIRECTION('',(0.,0.,-1.));
#4112=DIRECTION('',(-1.22464679914735E-16,-1.,0.));
#4113=DIRECTION('',(1.22464679914735E-16,1.,0.));
#4114=DIRECTION('',(1.,-1.22464679914735E-16,0.));
#4115=DIRECTION('',(0.,0.,1.));
#4116=DIRECTION('',(1.22464679914735E-16,1.,0.));
#4117=DIRECTION('',(1.,-1.22464679914735E-16,0.));
#4118=DIRECTION('',(0.,0.,1.));
#4119=DIRECTION('',(1.22464679914735E-16,1.,0.));
#4120=DIRECTION('',(0.,0.,-1.));
#4121=DIRECTION('',(1.,-1.22464679914735E-16,0.));
#4122=DIRECTION('',(0.,0.,1.));
#4123=DIRECTION('',(1.22464679914735E-16,1.,0.));
#4124=DIRECTION('',(1.,-1.22464679914735E-16,0.));
#4125=DIRECTION('',(0.,0.,1.));
#4126=DIRECTION('',(1.22464679914735E-16,1.,0.));
#4127=DIRECTION('',(0.,0.,-1.));
#4128=DIRECTION('',(1.22464679914735E-16,1.,0.));
#4129=DIRECTION('',(0.,0.,-1.));
#4130=DIRECTION('',(1.22464679914735E-16,1.,0.));
#4131=DIRECTION('',(0.,0.,-1.));
#4132=DIRECTION('',(1.22464679914735E-16,1.,0.));
#4133=DIRECTION('',(-1.,1.22464679914735E-16,0.));
#4134=DIRECTION('',(-1.,1.22464679914735E-16,0.));
#4135=DIRECTION('',(-1.,1.22464679914735E-16,0.));
#4136=DIRECTION('',(0.,0.,-1.));
#4137=DIRECTION('',(-1.,0.,0.));
#4138=DIRECTION('',(0.,0.,1.));
#4139=DIRECTION('',(1.,0.,0.));
#4140=DIRECTION('',(0.,0.,-1.));
#4141=DIRECTION('',(0.,0.,-1.));
#4142=DIRECTION('',(0.,0.,1.));
#4143=DIRECTION('',(1.,0.,0.));
#4144=DIRECTION('',(0.,0.,1.));
#4145=DIRECTION('',(-0.707106781186548,0.707106781186548,0.));
#4146=DIRECTION('',(0.,0.,1.));
#4147=DIRECTION('',(-0.707106781186548,0.707106781186548,0.));
#4148=DIRECTION('',(0.,0.,1.));
#4149=DIRECTION('',(0.,0.,1.));
#4150=DIRECTION('',(-0.707106781186548,0.707106781186548,0.));
#4151=DIRECTION('',(0.,0.,1.));
#4152=DIRECTION('',(0.707106781186548,0.707106781186548,0.));
#4153=DIRECTION('',(0.,0.,-1.));
#4154=DIRECTION('',(0.707106781186548,0.707106781186548,0.));
#4155=DIRECTION('',(0.,0.,-1.));
#4156=DIRECTION('',(0.282597082630219,-0.282597082630219,0.916666666666667));
#4157=DIRECTION('',(-0.648181216087669,0.648181216087669,0.399652626942727));
#4158=DIRECTION('',(0.707106781186548,0.707106781186548,0.));
#4159=DIRECTION('',(0.,0.,-1.));
#4160=DIRECTION('',(0.707106781186548,0.707106781186548,0.));
#4161=DIRECTION('',(0.,0.,-1.));
#4162=DIRECTION('',(0.707106781186548,0.707106781186548,0.));
#4163=DIRECTION('',(0.,0.,-1.));
#4164=DIRECTION('',(-0.282597082630219,0.282597082630219,0.916666666666667));
#4165=DIRECTION('',(-0.648181216087669,0.648181216087669,-0.399652626942727));
#4166=DIRECTION('',(0.707106781186548,0.707106781186548,0.));
#4167=DIRECTION('',(0.,0.,-1.));
#4168=DIRECTION('',(0.707106781186548,0.707106781186548,0.));
#4169=DIRECTION('',(0.,0.,-1.));
#4170=DIRECTION('',(0.707106781186548,0.707106781186548,0.));
#4171=DIRECTION('',(0.,0.,-1.));
#4172=DIRECTION('',(0.,0.,1.));
#4173=DIRECTION('',(-0.707106781186548,0.707106781186548,0.));
#4174=DIRECTION('',(0.707106781186548,0.707106781186548,0.));
#4175=DIRECTION('',(0.,0.,-1.));
#4176=DIRECTION('',(0.,0.,1.));
#4177=DIRECTION('',(-0.707106781186548,0.707106781186548,0.));
#4178=DIRECTION('',(0.,0.,1.));
#4179=DIRECTION('',(-0.707106781186548,0.707106781186548,0.));
#4180=DIRECTION('',(0.,0.,1.));
#4181=DIRECTION('',(0.,0.,1.));
#4182=DIRECTION('',(0.,0.,-1.));
#4183=DIRECTION('',(0.707106781186548,-0.707106781186548,0.));
#4184=DIRECTION('',(0.,0.,1.));
#4185=DIRECTION('',(-0.707106781186548,0.707106781186548,0.));
#4186=DIRECTION('',(0.,0.,1.));
#4187=DIRECTION('',(0.,0.,-1.));
#4188=DIRECTION('',(0.707106781186548,-0.707106781186548,0.));
#4189=DIRECTION('',(0.,0.,1.));
#4190=DIRECTION('',(0.707106781186548,0.707106781186548,0.));
#4191=DIRECTION('',(0.,0.,-1.));
#4192=DIRECTION('',(0.707106781186548,0.707106781186548,0.));
#4193=DIRECTION('',(0.,0.,-1.));
#4194=DIRECTION('',(-0.282597082630221,0.282597082630221,-0.916666666666666));
#4195=DIRECTION('',(0.648181216087668,-0.648181216087668,-0.399652626942729));
#4196=DIRECTION('',(0.707106781186548,0.707106781186548,0.));
#4197=DIRECTION('',(0.,0.,-1.));
#4198=DIRECTION('',(0.707106781186548,0.707106781186548,0.));
#4199=DIRECTION('',(0.,0.,-1.));
#4200=DIRECTION('',(0.707106781186548,0.707106781186548,0.));
#4201=DIRECTION('',(0.,0.,-1.));
#4202=DIRECTION('',(0.282597082630221,-0.282597082630221,-0.916666666666666));
#4203=DIRECTION('',(0.648181216087668,-0.648181216087668,0.399652626942729));
#4204=DIRECTION('',(0.707106781186548,0.707106781186548,0.));
#4205=DIRECTION('',(0.,0.,-1.));
#4206=DIRECTION('',(0.707106781186548,0.707106781186548,0.));
#4207=DIRECTION('',(0.,0.,-1.));
#4208=DIRECTION('',(0.707106781186548,0.707106781186548,0.));
#4209=DIRECTION('',(0.,0.,-1.));
#4210=DIRECTION('',(0.,0.,-1.));
#4211=DIRECTION('',(0.707106781186548,-0.707106781186548,0.));
#4212=DIRECTION('',(0.707106781186548,0.707106781186548,0.));
#4213=DIRECTION('',(0.,0.,-1.));
#4214=DIRECTION('',(0.,0.,-1.));
#4215=DIRECTION('',(0.707106781186548,-0.707106781186548,0.));
#4216=DIRECTION('',(0.,0.,1.));
#4217=DIRECTION('',(0.,0.,1.));
#4218=DIRECTION('',(-0.707106781186548,0.707106781186548,0.));
#4219=DIRECTION('',(0.,0.,1.));
#4220=DIRECTION('',(0.707106781186548,0.707106781186548,0.));
#4221=DIRECTION('',(0.,0.,-1.));
#4222=DIRECTION('',(0.707106781186548,0.707106781186548,0.));
#4223=DIRECTION('',(0.707106781186548,0.707106781186548,0.));
#4224=DIRECTION('',(0.707106781186548,0.707106781186548,0.));
#4225=DIRECTION('',(0.,0.,-1.));
#4226=DIRECTION('',(0.707106781186548,0.707106781186548,0.));
#4227=DIRECTION('',(-0.707106781186548,-0.707106781186548,0.));
#4228=DIRECTION('',(0.707106781186548,0.707106781186548,0.));
#4229=DIRECTION('',(0.,0.,-1.));
#4230=DIRECTION('',(0.707106781186548,0.707106781186548,0.));
#4231=DIRECTION('',(0.707106781186548,0.707106781186548,0.));
#4232=DIRECTION('',(0.707106781186548,0.707106781186548,0.));
#4233=DIRECTION('',(0.,0.,-1.));
#4234=DIRECTION('',(-0.707106781186548,-0.707106781186548,0.));
#4235=DIRECTION('',(0.707106781186548,0.707106781186548,0.));
#4236=DIRECTION('',(0.707106781186548,-0.707106781186548,0.));
#4237=DIRECTION('',(0.,0.,1.));
#4238=DIRECTION('',(0.707106781186548,0.707106781186548,0.));
#4239=DIRECTION('',(0.707106781186548,-0.707106781186548,0.));
#4240=DIRECTION('',(0.,0.,1.));
#4241=DIRECTION('',(0.707106781186548,0.707106781186548,0.));
#4242=DIRECTION('',(0.,0.,-1.));
#4243=DIRECTION('',(0.707106781186548,-0.707106781186548,0.));
#4244=DIRECTION('',(0.,0.,1.));
#4245=DIRECTION('',(0.707106781186548,0.707106781186548,0.));
#4246=DIRECTION('',(0.707106781186548,-0.707106781186548,0.));
#4247=DIRECTION('',(0.,0.,1.));
#4248=DIRECTION('',(0.707106781186548,0.707106781186548,0.));
#4249=DIRECTION('',(0.,0.,-1.));
#4250=DIRECTION('',(0.707106781186548,0.707106781186548,0.));
#4251=DIRECTION('',(0.,0.,-1.));
#4252=DIRECTION('',(0.707106781186548,0.707106781186548,0.));
#4253=DIRECTION('',(0.,0.,-1.));
#4254=DIRECTION('',(0.707106781186548,0.707106781186548,0.));
#4255=DIRECTION('',(-0.707106781186548,0.707106781186548,0.));
#4256=DIRECTION('',(-0.707106781186548,0.707106781186548,0.));
#4257=DIRECTION('',(-0.707106781186548,0.707106781186548,0.));
#4258=DIRECTION('',(0.,0.,-1.));
#4259=DIRECTION('',(-1.,0.,0.));
#4260=DIRECTION('',(0.,0.,1.));
#4261=DIRECTION('',(1.,0.,0.));
#4262=DIRECTION('',(0.,0.,-1.));
#4263=DIRECTION('',(0.,0.,-1.));
#4264=DIRECTION('',(0.,0.,1.));
#4265=DIRECTION('',(1.,0.,0.));
#4266=DIRECTION('',(0.,0.,1.));
#4267=DIRECTION('',(6.12323399573677E-17,1.,0.));
#4268=DIRECTION('',(0.,0.,1.));
#4269=DIRECTION('',(6.12323399573677E-17,1.,0.));
#4270=DIRECTION('',(0.,0.,1.));
#4271=DIRECTION('',(0.,0.,1.));
#4272=DIRECTION('',(6.12323399573677E-17,1.,0.));
#4273=DIRECTION('',(0.,0.,1.));
#4274=DIRECTION('',(1.,-6.12323399573677E-17,0.));
#4275=DIRECTION('',(0.,0.,-1.));
#4276=DIRECTION('',(1.,-6.12323399573677E-17,0.));
#4277=DIRECTION('',(0.,0.,-1.));
#4278=DIRECTION('',(-2.4471665517812E-17,-0.399652626942727,0.916666666666667));
#4279=DIRECTION('',(5.61296449609204E-17,0.916666666666667,0.399652626942727));
#4280=DIRECTION('',(1.,-6.12323399573677E-17,0.));
#4281=DIRECTION('',(0.,0.,-1.));
#4282=DIRECTION('',(1.,-6.12323399573677E-17,0.));
#4283=DIRECTION('',(0.,0.,-1.));
#4284=DIRECTION('',(1.,-6.12323399573677E-17,0.));
#4285=DIRECTION('',(0.,0.,-1.));
#4286=DIRECTION('',(2.4471665517812E-17,0.399652626942727,0.916666666666667));
#4287=DIRECTION('',(5.61296449609204E-17,0.916666666666667,-0.399652626942727));
#4288=DIRECTION('',(1.,-6.12323399573677E-17,0.));
#4289=DIRECTION('',(0.,0.,-1.));
#4290=DIRECTION('',(1.,-6.12323399573677E-17,0.));
#4291=DIRECTION('',(0.,0.,-1.));
#4292=DIRECTION('',(1.,-6.12323399573677E-17,0.));
#4293=DIRECTION('',(0.,0.,-1.));
#4294=DIRECTION('',(0.,0.,1.));
#4295=DIRECTION('',(6.12323399573677E-17,1.,0.));
#4296=DIRECTION('',(1.,-6.12323399573677E-17,0.));
#4297=DIRECTION('',(0.,0.,-1.));
#4298=DIRECTION('',(0.,0.,1.));
#4299=DIRECTION('',(6.12323399573677E-17,1.,0.));
#4300=DIRECTION('',(0.,0.,1.));
#4301=DIRECTION('',(6.12323399573677E-17,1.,0.));
#4302=DIRECTION('',(0.,0.,1.));
#4303=DIRECTION('',(0.,0.,1.));
#4304=DIRECTION('',(0.,0.,-1.));
#4305=DIRECTION('',(-6.12323399573677E-17,-1.,0.));
#4306=DIRECTION('',(0.,0.,1.));
#4307=DIRECTION('',(6.12323399573677E-17,1.,0.));
#4308=DIRECTION('',(0.,0.,1.));
#4309=DIRECTION('',(0.,0.,-1.));
#4310=DIRECTION('',(-6.12323399573677E-17,-1.,0.));
#4311=DIRECTION('',(0.,0.,1.));
#4312=DIRECTION('',(1.,-6.12323399573677E-17,0.));
#4313=DIRECTION('',(0.,0.,-1.));
#4314=DIRECTION('',(1.,-6.12323399573677E-17,0.));
#4315=DIRECTION('',(0.,0.,-1.));
#4316=DIRECTION('',(2.44716655178122E-17,0.399652626942729,-0.916666666666666));
#4317=DIRECTION('',(-5.61296449609203E-17,-0.916666666666666,-0.399652626942729));
#4318=DIRECTION('',(1.,-6.12323399573677E-17,0.));
#4319=DIRECTION('',(0.,0.,-1.));
#4320=DIRECTION('',(1.,-6.12323399573677E-17,0.));
#4321=DIRECTION('',(0.,0.,-1.));
#4322=DIRECTION('',(1.,-6.12323399573677E-17,0.));
#4323=DIRECTION('',(0.,0.,-1.));
#4324=DIRECTION('',(-2.44716655178122E-17,-0.399652626942729,-0.916666666666666));
#4325=DIRECTION('',(-5.61296449609203E-17,-0.916666666666666,0.399652626942729));
#4326=DIRECTION('',(1.,-6.12323399573677E-17,0.));
#4327=DIRECTION('',(0.,0.,-1.));
#4328=DIRECTION('',(1.,-6.12323399573677E-17,0.));
#4329=DIRECTION('',(0.,0.,-1.));
#4330=DIRECTION('',(1.,-6.12323399573677E-17,0.));
#4331=DIRECTION('',(0.,0.,-1.));
#4332=DIRECTION('',(0.,0.,-1.));
#4333=DIRECTION('',(-6.12323399573677E-17,-1.,0.));
#4334=DIRECTION('',(1.,-6.12323399573677E-17,0.));
#4335=DIRECTION('',(0.,0.,-1.));
#4336=DIRECTION('',(0.,0.,-1.));
#4337=DIRECTION('',(-6.12323399573677E-17,-1.,0.));
#4338=DIRECTION('',(0.,0.,1.));
#4339=DIRECTION('',(0.,0.,1.));
#4340=DIRECTION('',(6.12323399573677E-17,1.,0.));
#4341=DIRECTION('',(0.,0.,1.));
#4342=DIRECTION('',(1.,-6.12323399573677E-17,0.));
#4343=DIRECTION('',(0.,0.,-1.));
#4344=DIRECTION('',(1.,-6.12323399573677E-17,0.));
#4345=DIRECTION('',(1.,-6.12323399573677E-17,0.));
#4346=DIRECTION('',(1.,-6.12323399573677E-17,0.));
#4347=DIRECTION('',(0.,0.,-1.));
#4348=DIRECTION('',(1.,-6.12323399573677E-17,0.));
#4349=DIRECTION('',(-1.,6.12323399573677E-17,0.));
#4350=DIRECTION('',(1.,-6.12323399573677E-17,0.));
#4351=DIRECTION('',(0.,0.,-1.));
#4352=DIRECTION('',(1.,-6.12323399573677E-17,0.));
#4353=DIRECTION('',(1.,-6.12323399573677E-17,0.));
#4354=DIRECTION('',(1.,-6.12323399573677E-17,0.));
#4355=DIRECTION('',(0.,0.,-1.));
#4356=DIRECTION('',(-1.,6.12323399573677E-17,0.));
#4357=DIRECTION('',(1.,-6.12323399573677E-17,0.));
#4358=DIRECTION('',(-6.12323399573677E-17,-1.,0.));
#4359=DIRECTION('',(0.,0.,1.));
#4360=DIRECTION('',(1.,-6.12323399573677E-17,0.));
#4361=DIRECTION('',(-6.12323399573677E-17,-1.,0.));
#4362=DIRECTION('',(0.,0.,1.));
#4363=DIRECTION('',(1.,-6.12323399573677E-17,0.));
#4364=DIRECTION('',(0.,0.,-1.));
#4365=DIRECTION('',(-6.12323399573677E-17,-1.,0.));
#4366=DIRECTION('',(0.,0.,1.));
#4367=DIRECTION('',(1.,-6.12323399573677E-17,0.));
#4368=DIRECTION('',(-6.12323399573677E-17,-1.,0.));
#4369=DIRECTION('',(0.,0.,1.));
#4370=DIRECTION('',(1.,-6.12323399573677E-17,0.));
#4371=DIRECTION('',(0.,0.,-1.));
#4372=DIRECTION('',(1.,-6.12323399573677E-17,0.));
#4373=DIRECTION('',(0.,0.,-1.));
#4374=DIRECTION('',(1.,-6.12323399573677E-17,0.));
#4375=DIRECTION('',(0.,0.,-1.));
#4376=DIRECTION('',(1.,-6.12323399573677E-17,0.));
#4377=DIRECTION('',(6.12323399573677E-17,1.,0.));
#4378=DIRECTION('',(6.12323399573677E-17,1.,0.));
#4379=DIRECTION('',(6.12323399573677E-17,1.,0.));
#4380=DIRECTION('',(0.,0.,-1.));
#4381=DIRECTION('',(-1.,0.,0.));
#4382=DIRECTION('',(0.,0.,1.));
#4383=DIRECTION('',(1.,0.,0.));
#4384=DIRECTION('',(0.,0.,-1.));
#4385=DIRECTION('',(0.,0.,-1.));
#4386=DIRECTION('',(0.,0.,1.));
#4387=DIRECTION('',(1.,0.,0.));
#4388=DIRECTION('',(0.,0.,1.));
#4389=DIRECTION('',(0.707106781186548,0.707106781186548,0.));
#4390=DIRECTION('',(0.,0.,1.));
#4391=DIRECTION('',(0.707106781186548,0.707106781186548,0.));
#4392=DIRECTION('',(0.,0.,1.));
#4393=DIRECTION('',(0.,0.,1.));
#4394=DIRECTION('',(0.707106781186548,0.707106781186548,0.));
#4395=DIRECTION('',(0.,0.,1.));
#4396=DIRECTION('',(0.707106781186548,-0.707106781186548,0.));
#4397=DIRECTION('',(0.,0.,-1.));
#4398=DIRECTION('',(0.707106781186548,-0.707106781186548,0.));
#4399=DIRECTION('',(0.,0.,-1.));
#4400=DIRECTION('',(-0.282597082630219,-0.282597082630219,0.916666666666667));
#4401=DIRECTION('',(0.648181216087669,0.648181216087669,0.399652626942727));
#4402=DIRECTION('',(0.707106781186548,-0.707106781186548,0.));
#4403=DIRECTION('',(0.,0.,-1.));
#4404=DIRECTION('',(0.707106781186548,-0.707106781186548,0.));
#4405=DIRECTION('',(0.,0.,-1.));
#4406=DIRECTION('',(0.707106781186548,-0.707106781186548,0.));
#4407=DIRECTION('',(0.,0.,-1.));
#4408=DIRECTION('',(0.282597082630219,0.282597082630219,0.916666666666667));
#4409=DIRECTION('',(0.648181216087669,0.648181216087669,-0.399652626942727));
#4410=DIRECTION('',(0.707106781186548,-0.707106781186548,0.));
#4411=DIRECTION('',(0.,0.,-1.));
#4412=DIRECTION('',(0.707106781186548,-0.707106781186548,0.));
#4413=DIRECTION('',(0.,0.,-1.));
#4414=DIRECTION('',(0.707106781186548,-0.707106781186548,0.));
#4415=DIRECTION('',(0.,0.,-1.));
#4416=DIRECTION('',(0.,0.,1.));
#4417=DIRECTION('',(0.707106781186548,0.707106781186548,0.));
#4418=DIRECTION('',(0.707106781186548,-0.707106781186548,0.));
#4419=DIRECTION('',(0.,0.,-1.));
#4420=DIRECTION('',(0.,0.,1.));
#4421=DIRECTION('',(0.707106781186548,0.707106781186548,0.));
#4422=DIRECTION('',(0.,0.,1.));
#4423=DIRECTION('',(0.707106781186548,0.707106781186548,0.));
#4424=DIRECTION('',(0.,0.,1.));
#4425=DIRECTION('',(0.,0.,1.));
#4426=DIRECTION('',(0.,0.,-1.));
#4427=DIRECTION('',(-0.707106781186548,-0.707106781186548,0.));
#4428=DIRECTION('',(0.,0.,1.));
#4429=DIRECTION('',(0.707106781186548,0.707106781186548,0.));
#4430=DIRECTION('',(0.,0.,1.));
#4431=DIRECTION('',(0.,0.,-1.));
#4432=DIRECTION('',(-0.707106781186548,-0.707106781186548,0.));
#4433=DIRECTION('',(0.,0.,1.));
#4434=DIRECTION('',(0.707106781186548,-0.707106781186548,0.));
#4435=DIRECTION('',(0.,0.,-1.));
#4436=DIRECTION('',(0.707106781186548,-0.707106781186548,0.));
#4437=DIRECTION('',(0.,0.,-1.));
#4438=DIRECTION('',(0.282597082630221,0.282597082630221,-0.916666666666666));
#4439=DIRECTION('',(-0.648181216087668,-0.648181216087668,-0.399652626942729));
#4440=DIRECTION('',(0.707106781186548,-0.707106781186548,0.));
#4441=DIRECTION('',(0.,0.,-1.));
#4442=DIRECTION('',(0.707106781186548,-0.707106781186548,0.));
#4443=DIRECTION('',(0.,0.,-1.));
#4444=DIRECTION('',(0.707106781186548,-0.707106781186548,0.));
#4445=DIRECTION('',(0.,0.,-1.));
#4446=DIRECTION('',(-0.282597082630221,-0.282597082630221,-0.916666666666666));
#4447=DIRECTION('',(-0.648181216087668,-0.648181216087668,0.399652626942729));
#4448=DIRECTION('',(0.707106781186548,-0.707106781186548,0.));
#4449=DIRECTION('',(0.,0.,-1.));
#4450=DIRECTION('',(0.707106781186548,-0.707106781186548,0.));
#4451=DIRECTION('',(0.,0.,-1.));
#4452=DIRECTION('',(0.707106781186548,-0.707106781186548,0.));
#4453=DIRECTION('',(0.,0.,-1.));
#4454=DIRECTION('',(0.,0.,-1.));
#4455=DIRECTION('',(-0.707106781186548,-0.707106781186548,0.));
#4456=DIRECTION('',(0.707106781186548,-0.707106781186548,0.));
#4457=DIRECTION('',(0.,0.,-1.));
#4458=DIRECTION('',(0.,0.,-1.));
#4459=DIRECTION('',(-0.707106781186548,-0.707106781186548,0.));
#4460=DIRECTION('',(0.,0.,1.));
#4461=DIRECTION('',(0.,0.,1.));
#4462=DIRECTION('',(0.707106781186548,0.707106781186548,0.));
#4463=DIRECTION('',(0.,0.,1.));
#4464=DIRECTION('',(0.707106781186548,-0.707106781186548,0.));
#4465=DIRECTION('',(0.,0.,-1.));
#4466=DIRECTION('',(0.707106781186548,-0.707106781186548,0.));
#4467=DIRECTION('',(0.707106781186548,-0.707106781186548,0.));
#4468=DIRECTION('',(0.707106781186548,-0.707106781186548,0.));
#4469=DIRECTION('',(0.,0.,-1.));
#4470=DIRECTION('',(0.707106781186548,-0.707106781186548,0.));
#4471=DIRECTION('',(-0.707106781186548,0.707106781186548,0.));
#4472=DIRECTION('',(0.707106781186548,-0.707106781186548,0.));
#4473=DIRECTION('',(0.,0.,-1.));
#4474=DIRECTION('',(0.707106781186548,-0.707106781186548,0.));
#4475=DIRECTION('',(0.707106781186548,-0.707106781186548,0.));
#4476=DIRECTION('',(0.707106781186548,-0.707106781186548,0.));
#4477=DIRECTION('',(0.,0.,-1.));
#4478=DIRECTION('',(-0.707106781186548,0.707106781186548,0.));
#4479=DIRECTION('',(0.707106781186548,-0.707106781186548,0.));
#4480=DIRECTION('',(-0.707106781186548,-0.707106781186548,0.));
#4481=DIRECTION('',(0.,0.,1.));
#4482=DIRECTION('',(0.707106781186548,-0.707106781186548,0.));
#4483=DIRECTION('',(-0.707106781186548,-0.707106781186548,0.));
#4484=DIRECTION('',(0.,0.,1.));
#4485=DIRECTION('',(0.707106781186548,-0.707106781186548,0.));
#4486=DIRECTION('',(0.,0.,-1.));
#4487=DIRECTION('',(-0.707106781186548,-0.707106781186548,0.));
#4488=DIRECTION('',(0.,0.,1.));
#4489=DIRECTION('',(0.707106781186548,-0.707106781186548,0.));
#4490=DIRECTION('',(-0.707106781186548,-0.707106781186548,0.));
#4491=DIRECTION('',(0.,0.,1.));
#4492=DIRECTION('',(0.707106781186548,-0.707106781186548,0.));
#4493=DIRECTION('',(0.,0.,-1.));
#4494=DIRECTION('',(0.707106781186548,-0.707106781186548,0.));
#4495=DIRECTION('',(0.,0.,-1.));
#4496=DIRECTION('',(0.707106781186548,-0.707106781186548,0.));
#4497=DIRECTION('',(0.,0.,-1.));
#4498=DIRECTION('',(0.707106781186548,-0.707106781186548,0.));
#4499=DIRECTION('',(0.707106781186548,0.707106781186548,0.));
#4500=DIRECTION('',(0.707106781186548,0.707106781186548,0.));
#4501=DIRECTION('',(0.707106781186548,0.707106781186548,0.));
#4502=DIRECTION('',(0.,0.,-1.));
#4503=DIRECTION('',(-1.,0.,0.));
#4504=DIRECTION('',(0.,0.,1.));
#4505=DIRECTION('',(1.,0.,0.));
#4506=DIRECTION('',(0.,0.,-1.));
#4507=DIRECTION('',(0.,0.,-1.));
#4508=DIRECTION('',(0.,0.,1.));
#4509=DIRECTION('',(1.,0.,0.));
#4510=DIRECTION('',(0.,-1.,0.));
#4511=DIRECTION('',(0.,0.,-1.));
#4512=DIRECTION('',(0.,-1.,0.));
#4513=DIRECTION('',(0.,-1.,0.));
#4514=DIRECTION('',(0.,0.,-1.));
#4515=DIRECTION('',(0.,-1.,0.));
#4516=DIRECTION('',(0.,0.,1.));
#4517=DIRECTION('',(1.,0.,0.));
#4518=DIRECTION('',(0.,0.,1.));
#4519=DIRECTION('',(1.,0.,0.));
#4520=DIRECTION('',(0.,-1.,0.));
#4521=DIRECTION('',(0.,0.,1.));
#4522=DIRECTION('',(1.,0.,0.));
#4523=DIRECTION('',(1.,0.,0.));
#4524=DIRECTION('',(0.,0.,1.));
#4525=DIRECTION('',(1.,0.,0.));
#4526=DIRECTION('',(0.,-1.,0.));
#4527=DIRECTION('',(0.,0.,1.));
#4528=DIRECTION('',(1.,0.,0.));
#4529=DIRECTION('',(0.,0.,-1.));
#4530=DIRECTION('',(-1.,0.,0.));
#4531=DIRECTION('',(0.,0.,1.));
#4532=DIRECTION('',(1.,0.,0.));
#4533=DIRECTION('',(0.,-1.,0.));
#4534=DIRECTION('',(0.,0.,1.));
#4535=DIRECTION('',(1.,0.,0.));
#4536=DIRECTION('',(1.,0.,0.));
#4537=DIRECTION('',(0.,0.,1.));
#4538=DIRECTION('',(1.,0.,0.));
#4539=DIRECTION('',(0.,-1.,0.));
#4540=DIRECTION('',(0.,-1.,0.));
#4541=DIRECTION('',(0.,0.,-1.));
#4542=DIRECTION('',(0.,-1.,0.));
#4543=DIRECTION('',(0.,-1.,0.));
#4544=DIRECTION('',(0.,0.,-1.));
#4545=DIRECTION('',(0.,-1.,0.));
#4546=DIRECTION('',(0.,-1.,0.));
#4547=DIRECTION('',(1.,0.,0.));
#4548=DIRECTION('',(0.,-1.,0.));
#4549=DIRECTION('',(0.,0.,-1.));
#4550=DIRECTION('',(0.,0.,1.));
#4551=DIRECTION('',(0.,0.,1.));
#4552=DIRECTION('',(0.,-1.,0.));
#4553=DIRECTION('',(0.,0.,-1.));
#4554=DIRECTION('',(0.,-1.,0.));
#4555=DIRECTION('',(0.,0.,-1.));
#4556=DIRECTION('',(0.,-1.,0.));
#4557=DIRECTION('',(0.,0.,-1.));
#4558=DIRECTION('',(0.,0.,1.));
#4559=DIRECTION('',(0.,0.,1.));
#4560=DIRECTION('',(0.,-1.,0.));
#4561=DIRECTION('',(0.,0.,-1.));
#4562=DIRECTION('',(0.,-1.,0.));
#4563=DIRECTION('',(0.,0.,-1.));
#4564=DIRECTION('',(-1.,0.,0.));
#4565=DIRECTION('',(0.,0.,1.));
#4566=DIRECTION('',(0.,1.,0.));
#4567=DIRECTION('',(0.,0.,1.));
#4568=DIRECTION('',(-1.,0.,0.));
#4569=DIRECTION('',(0.,0.,1.));
#4570=DIRECTION('',(0.,0.,1.));
#4571=DIRECTION('',(0.,1.,0.));
#4572=DIRECTION('',(-1.,0.,0.));
#4573=DIRECTION('',(0.,0.,1.));
#4574=DIRECTION('',(0.,0.,1.));
#4575=DIRECTION('',(0.,-1.,0.));
#4576=DIRECTION('',(-1.,0.,0.));
#4577=DIRECTION('',(0.,0.,1.));
#4578=DIRECTION('',(0.,-1.,0.));
#4579=DIRECTION('',(0.,0.,1.));
#4580=DIRECTION('',(0.,-1.,0.));
#4581=DIRECTION('',(0.,0.,-1.));
#4582=DIRECTION('',(0.,-1.,0.));
#4583=DIRECTION('',(0.,0.,-1.));
#4584=DIRECTION('',(0.,-1.,0.));
#4585=DIRECTION('',(0.,0.,-1.));
#4586=DIRECTION('',(0.,-1.,0.));
#4587=DIRECTION('',(0.,0.,-1.));
#4588=DIRECTION('',(0.,-1.,0.));
#4589=DIRECTION('',(0.,0.,-1.));
#4590=DIRECTION('',(0.,-1.,0.));
#4591=DIRECTION('',(0.,0.,-1.));
#4592=DIRECTION('',(0.,-1.,0.));
#4593=DIRECTION('',(0.,0.,-1.));
#4594=DIRECTION('',(0.,-1.,0.));
#4595=DIRECTION('',(0.,0.,-1.));
#4596=DIRECTION('',(0.,0.,-1.));
#4597=DIRECTION('',(-1.,0.,0.));
#4598=DIRECTION('',(0.,0.,-1.));
#4599=DIRECTION('',(-1.,0.,0.));
#4600=DIRECTION('',(0.,-1.,0.));
#4601=DIRECTION('',(0.,0.,-1.));
#4602=DIRECTION('',(0.399652626942729,0.,-0.916666666666666));
#4603=DIRECTION('',(-0.916666666666666,0.,-0.399652626942729));
#4604=DIRECTION('',(0.,-1.,0.));
#4605=DIRECTION('',(0.,0.,-1.));
#4606=DIRECTION('',(-0.399652626942729,0.,-0.916666666666666));
#4607=DIRECTION('',(-0.916666666666666,0.,0.399652626942729));
#4608=DIRECTION('',(0.,-1.,0.));
#4609=DIRECTION('',(0.,0.,-1.));
#4610=DIRECTION('',(0.,0.,-1.));
#4611=DIRECTION('',(-1.,0.,0.));
#4612=DIRECTION('',(0.,0.,-1.));
#4613=DIRECTION('',(-1.,0.,0.));
#4614=DIRECTION('',(0.,0.,1.));
#4615=DIRECTION('',(1.,0.,0.));
#4616=DIRECTION('',(0.,0.,1.));
#4617=DIRECTION('',(1.,0.,0.));
#4618=DIRECTION('',(0.,-1.,0.));
#4619=DIRECTION('',(0.,0.,-1.));
#4620=DIRECTION('',(-0.399652626942727,0.,0.916666666666667));
#4621=DIRECTION('',(0.916666666666667,0.,0.399652626942727));
#4622=DIRECTION('',(0.,-1.,0.));
#4623=DIRECTION('',(0.,0.,-1.));
#4624=DIRECTION('',(0.399652626942727,0.,0.916666666666667));
#4625=DIRECTION('',(0.916666666666667,0.,-0.399652626942727));
#4626=DIRECTION('',(0.,-1.,0.));
#4627=DIRECTION('',(0.,0.,-1.));
#4628=DIRECTION('',(0.,0.,1.));
#4629=DIRECTION('',(1.,0.,0.));
#4630=DIRECTION('',(0.,0.,1.));
#4631=DIRECTION('',(1.,0.,0.));
#4632=DIRECTION('',(0.,0.,1.));
#4633=DIRECTION('',(1.,0.,0.));
#4634=DIRECTION('',(0.,0.,1.));
#4635=DIRECTION('',(1.,0.,0.));
#4636=DIRECTION('',(0.,0.,-1.));
#4637=DIRECTION('',(-1.,0.,0.));
#4638=DIRECTION('',(0.,0.,1.));
#4639=DIRECTION('',(1.,0.,0.));
#4640=DIRECTION('',(0.,0.,1.));
#4641=DIRECTION('',(1.,0.,0.));
#4642=DIRECTION('',(0.,0.,1.));
#4643=DIRECTION('',(1.,0.,0.));
#4644=DIRECTION('',(0.,0.,1.));
#4645=DIRECTION('',(1.,0.,0.));
#4646=DIRECTION('',(0.,0.,1.));
#4647=DIRECTION('',(1.,0.,0.));
#4648=DIRECTION('',(0.,0.,1.));
#4649=DIRECTION('',(1.,0.,0.));
#4650=DIRECTION('',(0.,0.,-1.));
#4651=DIRECTION('',(-1.,0.,0.));
#4652=DIRECTION('',(0.,0.,-1.));
#4653=DIRECTION('',(-1.,0.,0.));
#4654=DIRECTION('',(0.,0.,-1.));
#4655=DIRECTION('',(1.,0.,0.));
#4656=CARTESIAN_POINT('',(0.,0.,0.));
#4657=CARTESIAN_POINT('',(0.0211603988904232,0.0017145,0.00020625));
#4658=CARTESIAN_POINT('',(0.0211603988904232,0.0017145,0.00020625));
#4659=CARTESIAN_POINT('',(0.0215353988904232,0.00236401905283833,0.00020625));
#4660=CARTESIAN_POINT('',(0.0211603988904232,0.0017145,-0.00079375));
#4661=CARTESIAN_POINT('',(0.0215353988904232,0.00236401905283833,-0.00079375));
#4662=CARTESIAN_POINT('',(0.02413,0.,0.00020625));
#4663=CARTESIAN_POINT('',(0.0270996011095768,0.0017145,0.00020625));
#4664=CARTESIAN_POINT('',(0.0270996011095768,0.0017145,0.00020625));
#4665=CARTESIAN_POINT('',(0.0274746011095768,0.00106498094716167,0.00020625));
#4666=CARTESIAN_POINT('',(0.0270996011095768,0.0017145,-0.00079375));
#4667=CARTESIAN_POINT('',(0.0274746011095768,0.00106498094716167,-0.00079375));
#4668=CARTESIAN_POINT('',(0.02413,0.,0.00020625));
#4669=CARTESIAN_POINT('',(0.02413,-1.19036797375581E-18,0.00238125));
#4670=CARTESIAN_POINT('',(0.02413,-1.19036797375581E-18,0.00238125));
#4671=CARTESIAN_POINT('',(0.0291926092019285,0.00730767323219571,0.00238125));
#4672=CARTESIAN_POINT('',(0.0257175,0.008747110594362,0.00238125));
#4673=CARTESIAN_POINT('',(0.0291926092019284,0.0073076732321957,0.00238125));
#4674=CARTESIAN_POINT('',(0.0291926092019284,0.0073076732321957,0.00170735590519108));
#4675=CARTESIAN_POINT('',(0.0291926092019284,0.0073076732321957,0.00170735590519108));
#4676=CARTESIAN_POINT('',(0.0291926092019284,0.0073076732321957,0.00163712247782581));
#4677=CARTESIAN_POINT('',(0.0291806506594226,0.00731599881230586,0.00156853254495879));
#4678=CARTESIAN_POINT('',(0.0291571674158012,0.00733209982020889,0.00150433237070417));
#4679=CARTESIAN_POINT('',(0.0291571674158011,0.00733209982020889,0.00150433237070417));
#4680=CARTESIAN_POINT('',(0.0291571674158011,0.00733209982020889,0.00150433237070417));
#4681=CARTESIAN_POINT('',(0.0289928741414417,0.00744474555823045,0.00105517564377248));
#4682=CARTESIAN_POINT('',(0.0289947161777639,0.00744348258783933,0.000527288465326955));
#4683=CARTESIAN_POINT('',(0.0291571674158011,0.00733209982020889,8.3167629295824E-5));
#4684=CARTESIAN_POINT('',(0.0291571674158011,0.00733209982020889,8.31676292958283E-5));
#4685=CARTESIAN_POINT('',(0.0291571674158012,0.00733209982020889,8.31676292958286E-5));
#4686=CARTESIAN_POINT('',(0.029180649893448,0.00731599933748724,1.89695491173092E-5));
#4687=CARTESIAN_POINT('',(0.0291926092019285,0.00730767323219571,-4.96236181121398E-5));
#4688=CARTESIAN_POINT('',(0.0291926092019285,0.00730767323219571,-0.000119855905191077));
#4689=CARTESIAN_POINT('',(0.0291926092019284,0.0073076732321957,-0.000119855905191076));
#4690=CARTESIAN_POINT('',(0.0291926092019284,0.0073076732321957,0.00238125));
#4691=CARTESIAN_POINT('',(0.0291926092019284,0.0073076732321957,-0.00079375));
#4692=CARTESIAN_POINT('',(0.02413,-1.19036797375581E-18,-0.00079375));
#4693=CARTESIAN_POINT('',(0.0257175,0.008747110594362,-0.00079375));
#4694=CARTESIAN_POINT('',(0.0257175,0.008747110594362,0.00238125));
#4695=CARTESIAN_POINT('',(0.0257175,0.008747110594362,-0.000119855905191069));
#4696=CARTESIAN_POINT('',(0.0257175,0.008747110594362,-0.00011985590519107));
#4697=CARTESIAN_POINT('',(0.0257175,0.008747110594362,-4.96224778257987E-5));
#4698=CARTESIAN_POINT('',(0.0257318430406522,0.00874454170201621,1.89674550412157E-5));
#4699=CARTESIAN_POINT('',(0.0257598333333334,0.00873932167307941,8.31676292958352E-5));
#4700=CARTESIAN_POINT('',(0.0257598333333333,0.00873932167307941,8.3167629295835E-5));
#4701=CARTESIAN_POINT('',(0.0257598333333333,0.00873932167307941,8.31676292958379E-5));
#4702=CARTESIAN_POINT('',(0.0259556587869631,0.0087028013499033,0.000532324356227528));
#4703=CARTESIAN_POINT('',(0.0259534632156604,0.00870321081134992,0.00106021153467303));
#4704=CARTESIAN_POINT('',(0.0257598333333333,0.00873932167307941,0.00150433237070416));
#4705=CARTESIAN_POINT('',(0.0257598333333333,0.00873932167307941,0.00150433237070416));
#4706=CARTESIAN_POINT('',(0.0257598333333333,0.00873932167307941,0.00150433237070416));
#4707=CARTESIAN_POINT('',(0.0257318439536373,0.00874454153174973,0.00156853045088268));
#4708=CARTESIAN_POINT('',(0.0257175,0.008747110594362,0.00163712361811213));
#4709=CARTESIAN_POINT('',(0.0257175,0.008747110594362,0.00170735590519107));
#4710=CARTESIAN_POINT('',(0.0257175,0.008747110594362,0.00170735590519107));
#4711=CARTESIAN_POINT('',(0.0257175,0.008747110594362,0.00238125));
#4712=CARTESIAN_POINT('',(0.0290242395859827,0.00336759604540093,-0.100068637861126));
#4713=CARTESIAN_POINT('',(0.0290242395859827,0.00336759604540093,0.00238125));
#4714=CARTESIAN_POINT('',(0.0293834498308254,0.00300838580055817,0.00238125));
#4715=CARTESIAN_POINT('',(0.0286650293411399,0.00300838580055817,0.00238125));
#4716=CARTESIAN_POINT('',(0.0293834498308254,0.00300838580055817,-0.100068637861126));
#4717=CARTESIAN_POINT('',(0.0293834498308254,0.00300838580055817,0.00170735590519107));
#4718=CARTESIAN_POINT('',(0.0290242395859827,0.00336759604540093,0.00170735590519107));
#4719=CARTESIAN_POINT('',(0.0286650293411399,0.00300838580055816,0.00170735590519107));
#4720=CARTESIAN_POINT('',(0.0286650293411399,0.00300838580055817,0.00079375));
#4721=CARTESIAN_POINT('',(0.0297426600756682,0.0026491755557154,0.00170735590519107));
#4722=CARTESIAN_POINT('',(0.0297426600756682,0.0026491755557154,0.00170735590519107));
#4723=CARTESIAN_POINT('',(0.0294133840178957,0.00297845161348793,0.00150433237070416));
#4724=CARTESIAN_POINT('',(0.0290841079601231,0.00330772767126046,0.00130130883621726));
#4725=CARTESIAN_POINT('',(0.0287248977152804,0.0029485174264177,0.00130130883621726));
#4726=CARTESIAN_POINT('',(0.0293834498308254,0.00228996531087263,0.00170735590519107));
#4727=CARTESIAN_POINT('',(0.0282609178156918,0.00413091781569181,0.00079375));
#4728=CARTESIAN_POINT('',(0.0282609178156918,0.00413091781569181,0.00079375));
#4729=CARTESIAN_POINT('',(0.0294133840178957,0.00297845161348793,8.31676292958349E-5));
#4730=CARTESIAN_POINT('',(0.0290841079601231,0.00330772767126046,0.000286191163782741));
#4731=CARTESIAN_POINT('',(0.0287248977152804,0.0029485174264177,0.000286191163782741));
#4732=CARTESIAN_POINT('',(0.027901707570849,0.00377170757084904,0.00079375));
#4733=CARTESIAN_POINT('',(0.0297426600756682,0.0026491755557154,-0.00011985590519107));
#4734=CARTESIAN_POINT('',(0.0297426600756682,0.0026491755557154,-0.00011985590519107));
#4735=CARTESIAN_POINT('',(0.0293834498308254,0.00300838580055817,-0.00011985590519107));
#4736=CARTESIAN_POINT('',(0.0290242395859827,0.00336759604540092,-0.00011985590519107));
#4737=CARTESIAN_POINT('',(0.0286650293411399,0.00300838580055816,-0.00011985590519107));
#4738=CARTESIAN_POINT('',(0.0293834498308254,0.00228996531087263,-0.00011985590519107));
#4739=CARTESIAN_POINT('',(0.0290242395859827,0.00336759604540093,-0.100068637861126));
#4740=CARTESIAN_POINT('',(0.0290242395859827,0.00336759604540093,-0.00079375));
#4741=CARTESIAN_POINT('',(0.0286650293411399,0.00300838580055817,-0.00079375));
#4742=CARTESIAN_POINT('',(0.0293834498308254,0.00300838580055817,-0.00079375));
#4743=CARTESIAN_POINT('',(0.0286650293411399,0.00300838580055817,0.00079375));
#4744=CARTESIAN_POINT('',(0.0293834498308254,0.00300838580055817,-0.100068637861126));
#4745=CARTESIAN_POINT('',(0.0274975960454009,0.00489423958598268,0.00079375));
#4746=CARTESIAN_POINT('',(0.0274975960454009,0.00489423958598268,-0.00079375));
#4747=CARTESIAN_POINT('',(0.0271383858005582,0.00525344983082545,-0.00079375));
#4748=CARTESIAN_POINT('',(0.0271383858005582,0.00453502934113992,-0.00079375));
#4749=CARTESIAN_POINT('',(0.0271383858005582,0.00525344983082545,-0.00079375));
#4750=CARTESIAN_POINT('',(0.0271383858005582,0.00525344983082545,-0.000119855905191077));
#4751=CARTESIAN_POINT('',(0.0274975960454009,0.00489423958598268,-0.000119855905191077));
#4752=CARTESIAN_POINT('',(0.0271383858005582,0.00453502934113992,-0.000119855905191077));
#4753=CARTESIAN_POINT('',(0.0271383858005582,0.00453502934113992,-0.000119855905191077));
#4754=CARTESIAN_POINT('',(0.0267791755557154,0.00561266007566822,-0.000119855905191078));
#4755=CARTESIAN_POINT('',(0.0267791755557154,0.00561266007566822,-0.000119855905191078));
#4756=CARTESIAN_POINT('',(0.027108451613488,0.00528338401789568,8.31676292958284E-5));
#4757=CARTESIAN_POINT('',(0.0274377276712604,0.00495410796012315,0.000286191163782734));
#4758=CARTESIAN_POINT('',(0.0270785174264177,0.00459489771528038,0.000286191163782734));
#4759=CARTESIAN_POINT('',(0.0264199653108727,0.00525344983082545,-0.000119855905191078));
#4760=CARTESIAN_POINT('',(0.0282609178156918,0.00413091781569181,0.00079375));
#4761=CARTESIAN_POINT('',(0.0282609178156918,0.00413091781569181,0.00079375));
#4762=CARTESIAN_POINT('',(0.027108451613488,0.00528338401789568,0.00150433237070417));
#4763=CARTESIAN_POINT('',(0.0274377276712604,0.00495410796012315,0.00130130883621727));
#4764=CARTESIAN_POINT('',(0.0270785174264177,0.00459489771528038,0.00130130883621727));
#4765=CARTESIAN_POINT('',(0.027901707570849,0.00377170757084904,0.00079375));
#4766=CARTESIAN_POINT('',(0.0267791755557154,0.00561266007566822,0.00170735590519108));
#4767=CARTESIAN_POINT('',(0.0267791755557154,0.00561266007566822,0.00170735590519108));
#4768=CARTESIAN_POINT('',(0.0271383858005582,0.00525344983082545,0.00170735590519109));
#4769=CARTESIAN_POINT('',(0.0274975960454009,0.00489423958598269,0.00170735590519109));
#4770=CARTESIAN_POINT('',(0.0271383858005582,0.00453502934113992,0.00170735590519109));
#4771=CARTESIAN_POINT('',(0.0264199653108727,0.00525344983082545,0.00170735590519108));
#4772=CARTESIAN_POINT('',(0.0274975960454009,0.00489423958598268,0.00079375));
#4773=CARTESIAN_POINT('',(0.0271383858005582,0.00525344983082545,0.00170735590519109));
#4774=CARTESIAN_POINT('',(0.0271383858005582,0.00525344983082545,0.00238125));
#4775=CARTESIAN_POINT('',(0.0274975960454009,0.00489423958598268,0.00238125));
#4776=CARTESIAN_POINT('',(0.0271383858005582,0.00453502934113992,0.00238125));
#4777=CARTESIAN_POINT('',(0.0271383858005582,0.00453502934113992,0.00238125));
#4778=CARTESIAN_POINT('',(0.028934437024772,0.00776792154472482,0.00170735590519108));
#4779=CARTESIAN_POINT('',(0.0280833965846315,0.00619846061489886,0.00170735590519109));
#4780=CARTESIAN_POINT('',(0.0292637130825446,0.00743864548695228,0.00150433237070417));
#4781=CARTESIAN_POINT('',(0.0318979215447248,0.00480443702477199,0.00170735590519107));
#4782=CARTESIAN_POINT('',(0.0315686454869523,0.00513371308254453,0.00150433237070416));
#4783=CARTESIAN_POINT('',(0.0314620998202089,0.00502716741580114,0.00150433237070416));
#4784=CARTESIAN_POINT('',(0.0290242395859827,0.0026491755557154,0.00170735590519107));
#4785=CARTESIAN_POINT('',(0.0314376732321957,0.00506260920192841,0.00170735590519107));
#4786=CARTESIAN_POINT('',(0.0314620998202089,0.00502716741580114,0.00150433237070416));
#4787=CARTESIAN_POINT('',(0.0314459993374872,0.00505064989344802,0.00156853045088268));
#4788=CARTESIAN_POINT('',(0.0314376732321957,0.00506260920192842,0.00163712361811213));
#4789=CARTESIAN_POINT('',(0.0314376732321957,0.00506260920192842,0.00170735590519107));
#4790=CARTESIAN_POINT('',(0.028934437024772,0.00776792154472482,-0.000119855905191078));
#4791=CARTESIAN_POINT('',(0.0292637130825446,0.00743864548695228,8.31676292958284E-5));
#4792=CARTESIAN_POINT('',(0.0280833965846315,0.00619846061489886,-0.000119855905191077));
#4793=CARTESIAN_POINT('',(0.0318979215447248,0.00480443702477199,-0.00011985590519107));
#4794=CARTESIAN_POINT('',(0.0314376732321957,0.00506260920192842,-0.00011985590519107));
#4795=CARTESIAN_POINT('',(0.0314376732321957,0.00506260920192841,-0.000119855905191069));
#4796=CARTESIAN_POINT('',(0.0315686454869523,0.00513371308254453,8.31676292958349E-5));
#4797=CARTESIAN_POINT('',(0.0314620998202089,0.00502716741580114,8.3167629295835E-5));
#4798=CARTESIAN_POINT('',(0.0314376732321957,0.00506260920192841,-0.00011985590519107));
#4799=CARTESIAN_POINT('',(0.0314376732321957,0.00506260920192841,-4.96224778258007E-5));
#4800=CARTESIAN_POINT('',(0.0314459988123059,0.00505065065942256,1.89674550412166E-5));
#4801=CARTESIAN_POINT('',(0.0314620998202089,0.00502716741580113,8.31676292958352E-5));
#4802=CARTESIAN_POINT('',(0.0280833965846315,0.00619846061489886,-0.100068637861126));
#4803=CARTESIAN_POINT('',(0.0230074679848663,0.00112253201513364,-0.00079375));
#4804=CARTESIAN_POINT('',(0.0303284606148988,0.00395339658463157,-0.100068637861126));
#4805=CARTESIAN_POINT('',(0.0252525320151337,-0.00112253201513365,-0.00079375));
#4806=CARTESIAN_POINT('',(0.0314376732321957,0.00506260920192841,-0.00079375));
#4807=CARTESIAN_POINT('',(0.0314376732321957,0.00506260920192841,0.00238125));
#4808=CARTESIAN_POINT('',(0.0280833965846315,0.00619846061489886,-0.100068637861126));
#4809=CARTESIAN_POINT('',(0.0280833965846315,0.00619846061489886,0.00238125));
#4810=CARTESIAN_POINT('',(0.0303284606148988,0.00395339658463157,-0.100068637861126));
#4811=CARTESIAN_POINT('',(0.0303284606148988,0.00395339658463157,0.00238125));
#4812=CARTESIAN_POINT('',(0.0314376732321957,0.00506260920192842,0.00238125));
#4813=CARTESIAN_POINT('',(0.0314376732321957,0.00506260920192841,0.00238125));
#4814=CARTESIAN_POINT('',(0.0304161792847484,0.00628617928474841,0.00079375));
#4815=CARTESIAN_POINT('',(0.0304161792847484,0.00628617928474841,0.00079375));
#4816=CARTESIAN_POINT('',(0.0314620998202089,0.00502716741580115,8.31676292958369E-5));
#4817=CARTESIAN_POINT('',(0.0315747455582304,0.00486287414144168,0.000532324356227531));
#4818=CARTESIAN_POINT('',(0.0315734825878393,0.00486471617776389,0.00106021153467303));
#4819=CARTESIAN_POINT('',(0.0314620998202089,0.00502716741580115,0.00150433237070416));
#4820=CARTESIAN_POINT('',(0.027901707570849,0.00377170757084904,0.00079375));
#4821=CARTESIAN_POINT('',(0.027901707570849,0.00377170757084904,0.00238125));
#4822=CARTESIAN_POINT('',(0.027901707570849,0.00377170757084904,-0.00079375));
#4823=CARTESIAN_POINT('',(0.02413,-1.19036797375581E-18,0.00238125));
#4824=CARTESIAN_POINT('',(0.02413,-1.19036797375581E-18,0.00238125));
#4825=CARTESIAN_POINT('',(0.032877110594362,0.0015875,0.00238125));
#4826=CARTESIAN_POINT('',(0.032877110594362,0.0015875,0.00238125));
#4827=CARTESIAN_POINT('',(0.032877110594362,0.0015875,0.00170735590519108));
#4828=CARTESIAN_POINT('',(0.032877110594362,0.0015875,0.00170735590519108));
#4829=CARTESIAN_POINT('',(0.032877110594362,0.0015875,0.00163712247782581));
#4830=CARTESIAN_POINT('',(0.0328745417020162,0.0016018430406522,0.00156853254495879));
#4831=CARTESIAN_POINT('',(0.0328693216730794,0.00162983333333333,0.00150433237070417));
#4832=CARTESIAN_POINT('',(0.0328693216730794,0.00162983333333333,0.00150433237070417));
#4833=CARTESIAN_POINT('',(0.0328693216730794,0.00162983333333333,0.00150433237070417));
#4834=CARTESIAN_POINT('',(0.0328328013499033,0.00182565878696306,0.00105517564377248));
#4835=CARTESIAN_POINT('',(0.0328332108113499,0.00182346321566043,0.00052728846532696));
#4836=CARTESIAN_POINT('',(0.0328693216730794,0.00162983333333333,8.31676292958307E-5));
#4837=CARTESIAN_POINT('',(0.0328693216730794,0.00162983333333333,8.31676292958283E-5));
#4838=CARTESIAN_POINT('',(0.0328693216730794,0.00162983333333333,8.31676292958286E-5));
#4839=CARTESIAN_POINT('',(0.0328745415317497,0.00160184395363731,1.89695491173088E-5));
#4840=CARTESIAN_POINT('',(0.032877110594362,0.0015875,-4.96236181121415E-5));
#4841=CARTESIAN_POINT('',(0.032877110594362,0.0015875,-0.000119855905191077));
#4842=CARTESIAN_POINT('',(0.032877110594362,0.0015875,-0.000119855905191076));
#4843=CARTESIAN_POINT('',(0.032877110594362,0.0015875,0.00238125));
#4844=CARTESIAN_POINT('',(0.032877110594362,0.0015875,-0.00079375));
#4845=CARTESIAN_POINT('',(0.02413,-1.19036797375581E-18,-0.00079375));
#4846=CARTESIAN_POINT('',(0.029972,-0.0010795,-0.100068637861126));
#4847=CARTESIAN_POINT('',(0.029972,-0.0010795,0.00238125));
#4848=CARTESIAN_POINT('',(0.029972,-0.0015875,0.00238125));
#4849=CARTESIAN_POINT('',(0.029464,-0.0010795,0.00238125));
#4850=CARTESIAN_POINT('',(0.029972,-0.0015875,-0.100068637861126));
#4851=CARTESIAN_POINT('',(0.029972,-0.0015875,0.00170735590519107));
#4852=CARTESIAN_POINT('',(0.029972,-0.0010795,0.00170735590519107));
#4853=CARTESIAN_POINT('',(0.029464,-0.0010795,0.00170735590519107));
#4854=CARTESIAN_POINT('',(0.029464,-0.0010795,0.00079375));
#4855=CARTESIAN_POINT('',(0.029972,-0.0020955,0.00170735590519107));
#4856=CARTESIAN_POINT('',(0.029972,-0.0020955,0.00170735590519107));
#4857=CARTESIAN_POINT('',(0.029972,-0.00162983333333333,0.00150433237070416));
#4858=CARTESIAN_POINT('',(0.029972,-0.00116416666666667,0.00130130883621726));
#4859=CARTESIAN_POINT('',(0.029464,-0.00116416666666667,0.00130130883621726));
#4860=CARTESIAN_POINT('',(0.029464,-0.0020955,0.00170735590519107));
#4861=CARTESIAN_POINT('',(0.029972,0.,0.00079375));
#4862=CARTESIAN_POINT('',(0.029972,0.,0.00079375));
#4863=CARTESIAN_POINT('',(0.029972,-0.00162983333333333,8.31676292958349E-5));
#4864=CARTESIAN_POINT('',(0.029972,-0.00116416666666667,0.000286191163782741));
#4865=CARTESIAN_POINT('',(0.029464,-0.00116416666666667,0.000286191163782741));
#4866=CARTESIAN_POINT('',(0.029464,0.,0.00079375));
#4867=CARTESIAN_POINT('',(0.029972,-0.0020955,-0.00011985590519107));
#4868=CARTESIAN_POINT('',(0.029972,-0.0020955,-0.00011985590519107));
#4869=CARTESIAN_POINT('',(0.029972,-0.0015875,-0.00011985590519107));
#4870=CARTESIAN_POINT('',(0.029972,-0.0010795,-0.00011985590519107));
#4871=CARTESIAN_POINT('',(0.029464,-0.0010795,-0.00011985590519107));
#4872=CARTESIAN_POINT('',(0.029464,-0.0020955,-0.00011985590519107));
#4873=CARTESIAN_POINT('',(0.029972,-0.0010795,-0.100068637861126));
#4874=CARTESIAN_POINT('',(0.029972,-0.0010795,-0.00079375));
#4875=CARTESIAN_POINT('',(0.029464,-0.0010795,-0.00079375));
#4876=CARTESIAN_POINT('',(0.029972,-0.0015875,-0.00079375));
#4877=CARTESIAN_POINT('',(0.029464,-0.0010795,0.00079375));
#4878=CARTESIAN_POINT('',(0.029972,-0.0015875,-0.100068637861126));
#4879=CARTESIAN_POINT('',(0.029972,0.0010795,0.00079375));
#4880=CARTESIAN_POINT('',(0.029972,0.0010795,-0.00079375));
#4881=CARTESIAN_POINT('',(0.029972,0.0015875,-0.00079375));
#4882=CARTESIAN_POINT('',(0.029464,0.0010795,-0.00079375));
#4883=CARTESIAN_POINT('',(0.029972,0.0015875,-0.00079375));
#4884=CARTESIAN_POINT('',(0.029972,0.0015875,-0.000119855905191077));
#4885=CARTESIAN_POINT('',(0.029972,0.0010795,-0.000119855905191077));
#4886=CARTESIAN_POINT('',(0.029464,0.0010795,-0.000119855905191077));
#4887=CARTESIAN_POINT('',(0.029464,0.0010795,-0.000119855905191077));
#4888=CARTESIAN_POINT('',(0.029972,0.0020955,-0.000119855905191078));
#4889=CARTESIAN_POINT('',(0.029972,0.0020955,-0.000119855905191078));
#4890=CARTESIAN_POINT('',(0.029972,0.00162983333333333,8.31676292958284E-5));
#4891=CARTESIAN_POINT('',(0.029972,0.00116416666666667,0.000286191163782734));
#4892=CARTESIAN_POINT('',(0.029464,0.00116416666666667,0.000286191163782734));
#4893=CARTESIAN_POINT('',(0.029464,0.0020955,-0.000119855905191078));
#4894=CARTESIAN_POINT('',(0.029972,0.,0.00079375));
#4895=CARTESIAN_POINT('',(0.029972,0.,0.00079375));
#4896=CARTESIAN_POINT('',(0.029972,0.00162983333333333,0.00150433237070417));
#4897=CARTESIAN_POINT('',(0.029972,0.00116416666666667,0.00130130883621727));
#4898=CARTESIAN_POINT('',(0.029464,0.00116416666666667,0.00130130883621727));
#4899=CARTESIAN_POINT('',(0.029464,0.,0.00079375));
#4900=CARTESIAN_POINT('',(0.029972,0.0020955,0.00170735590519108));
#4901=CARTESIAN_POINT('',(0.029972,0.0020955,0.00170735590519108));
#4902=CARTESIAN_POINT('',(0.029972,0.0015875,0.00170735590519109));
#4903=CARTESIAN_POINT('',(0.029972,0.0010795,0.00170735590519109));
#4904=CARTESIAN_POINT('',(0.029464,0.0010795,0.00170735590519109));
#4905=CARTESIAN_POINT('',(0.029464,0.0020955,0.00170735590519108));
#4906=CARTESIAN_POINT('',(0.029972,0.0010795,0.00079375));
#4907=CARTESIAN_POINT('',(0.029972,0.0015875,0.00170735590519109));
#4908=CARTESIAN_POINT('',(0.029972,0.0015875,0.00238125));
#4909=CARTESIAN_POINT('',(0.029972,0.0010795,0.00238125));
#4910=CARTESIAN_POINT('',(0.029464,0.0010795,0.00238125));
#4911=CARTESIAN_POINT('',(0.029464,0.0010795,0.00238125));
#4912=CARTESIAN_POINT('',(0.03302,0.0020955,0.00170735590519108));
#4913=CARTESIAN_POINT('',(0.0313084470674255,0.0015875,0.00170735590519109));
#4914=CARTESIAN_POINT('',(0.03302,0.00162983333333333,0.00150433237070417));
#4915=CARTESIAN_POINT('',(0.03302,-0.0020955,0.00170735590519107));
#4916=CARTESIAN_POINT('',(0.03302,-0.00162983333333333,0.00150433237070416));
#4917=CARTESIAN_POINT('',(0.0328693216730794,-0.00162983333333333,0.00150433237070416));
#4918=CARTESIAN_POINT('',(0.029464,-0.0015875,0.00170735590519107));
#4919=CARTESIAN_POINT('',(0.032877110594362,-0.0015875,0.00170735590519107));
#4920=CARTESIAN_POINT('',(0.0328693216730794,-0.00162983333333333,0.00150433237070416));
#4921=CARTESIAN_POINT('',(0.0328745415317497,-0.00160184395363731,0.00156853045088268));
#4922=CARTESIAN_POINT('',(0.032877110594362,-0.0015875,0.00163712361811213));
#4923=CARTESIAN_POINT('',(0.032877110594362,-0.0015875,0.00170735590519107));
#4924=CARTESIAN_POINT('',(0.03302,0.0020955,-0.000119855905191078));
#4925=CARTESIAN_POINT('',(0.03302,0.00162983333333333,8.31676292958284E-5));
#4926=CARTESIAN_POINT('',(0.0313084470674255,0.0015875,-0.000119855905191077));
#4927=CARTESIAN_POINT('',(0.03302,-0.0020955,-0.00011985590519107));
#4928=CARTESIAN_POINT('',(0.032877110594362,-0.0015875,-0.00011985590519107));
#4929=CARTESIAN_POINT('',(0.032877110594362,-0.0015875,-0.000119855905191069));
#4930=CARTESIAN_POINT('',(0.03302,-0.00162983333333333,8.31676292958349E-5));
#4931=CARTESIAN_POINT('',(0.0328693216730794,-0.00162983333333333,8.3167629295835E-5));
#4932=CARTESIAN_POINT('',(0.032877110594362,-0.0015875,-0.00011985590519107));
#4933=CARTESIAN_POINT('',(0.032877110594362,-0.0015875,-4.96224778258003E-5));
#4934=CARTESIAN_POINT('',(0.0328745417020162,-0.0016018430406522,1.89674550412155E-5));
#4935=CARTESIAN_POINT('',(0.0328693216730794,-0.00162983333333334,8.31676292958352E-5));
#4936=CARTESIAN_POINT('',(0.0313084470674255,0.0015875,-0.100068637861126));
#4937=CARTESIAN_POINT('',(0.02413,0.0015875,-0.00079375));
#4938=CARTESIAN_POINT('',(0.0313084470674255,-0.0015875,-0.100068637861126));
#4939=CARTESIAN_POINT('',(0.02413,-0.0015875,-0.00079375));
#4940=CARTESIAN_POINT('',(0.032877110594362,-0.0015875,-0.00079375));
#4941=CARTESIAN_POINT('',(0.032877110594362,-0.0015875,0.00238125));
#4942=CARTESIAN_POINT('',(0.0313084470674255,0.0015875,-0.100068637861126));
#4943=CARTESIAN_POINT('',(0.0313084470674255,0.0015875,0.00238125));
#4944=CARTESIAN_POINT('',(0.0313084470674255,-0.0015875,-0.100068637861126));
#4945=CARTESIAN_POINT('',(0.0313084470674255,-0.0015875,0.00238125));
#4946=CARTESIAN_POINT('',(0.032877110594362,-0.0015875,0.00238125));
#4947=CARTESIAN_POINT('',(0.032877110594362,-0.0015875,0.00238125));
#4948=CARTESIAN_POINT('',(0.03302,0.,0.00079375));
#4949=CARTESIAN_POINT('',(0.03302,0.,0.00079375));
#4950=CARTESIAN_POINT('',(0.0328693216730794,-0.00162983333333334,8.31676292958352E-5));
#4951=CARTESIAN_POINT('',(0.0328328013499033,-0.00182565878696306,0.000532324356227527));
#4952=CARTESIAN_POINT('',(0.0328332108113499,-0.00182346321566043,0.00106021153467304));
#4953=CARTESIAN_POINT('',(0.0328693216730794,-0.00162983333333334,0.00150433237070416));
#4954=CARTESIAN_POINT('',(0.029464,0.,0.00079375));
#4955=CARTESIAN_POINT('',(0.029464,0.,0.00238125));
#4956=CARTESIAN_POINT('',(0.029464,0.,-0.00079375));
#4957=CARTESIAN_POINT('',(0.02413,-1.19036797375581E-18,0.00238125));
#4958=CARTESIAN_POINT('',(0.02413,-1.19036797375581E-18,0.00238125));
#4959=CARTESIAN_POINT('',(0.0314376732321957,-0.00506260920192842,0.00238125));
#4960=CARTESIAN_POINT('',(0.0314376732321957,-0.00506260920192842,0.00238125));
#4961=CARTESIAN_POINT('',(0.0314376732321957,-0.00506260920192842,0.00170735590519108));
#4962=CARTESIAN_POINT('',(0.0314376732321957,-0.00506260920192842,0.00170735590519108));
#4963=CARTESIAN_POINT('',(0.0314376732321957,-0.00506260920192842,0.00163712247782581));
#4964=CARTESIAN_POINT('',(0.0314459988123059,-0.00505065065942257,0.00156853254495879));
#4965=CARTESIAN_POINT('',(0.0314620998202089,-0.00502716741580114,0.00150433237070417));
#4966=CARTESIAN_POINT('',(0.0314620998202089,-0.00502716741580114,0.00150433237070417));
#4967=CARTESIAN_POINT('',(0.0314620998202089,-0.00502716741580115,0.00150433237070417));
#4968=CARTESIAN_POINT('',(0.0315747455582304,-0.00486287414144169,0.00105517564377248));
#4969=CARTESIAN_POINT('',(0.0315734825878393,-0.00486471617776389,0.00052728846532696));
#4970=CARTESIAN_POINT('',(0.0314620998202089,-0.00502716741580115,8.31676292958319E-5));
#4971=CARTESIAN_POINT('',(0.0314620998202089,-0.00502716741580114,8.31676292958283E-5));
#4972=CARTESIAN_POINT('',(0.0314620998202089,-0.00502716741580114,8.31676292958286E-5));
#4973=CARTESIAN_POINT('',(0.0314459993374872,-0.00505064989344802,1.89695491173091E-5));
#4974=CARTESIAN_POINT('',(0.0314376732321957,-0.00506260920192843,-4.96236181121398E-5));
#4975=CARTESIAN_POINT('',(0.0314376732321957,-0.00506260920192843,-0.000119855905191077));
#4976=CARTESIAN_POINT('',(0.0314376732321957,-0.00506260920192842,-0.000119855905191076));
#4977=CARTESIAN_POINT('',(0.0314376732321957,-0.00506260920192842,0.00238125));
#4978=CARTESIAN_POINT('',(0.0314376732321957,-0.00506260920192842,-0.00079375));
#4979=CARTESIAN_POINT('',(0.02413,-1.19036797375581E-18,-0.00079375));
#4980=CARTESIAN_POINT('',(0.0274975960454009,-0.00489423958598269,-0.100068637861126));
#4981=CARTESIAN_POINT('',(0.0274975960454009,-0.00489423958598269,0.00238125));
#4982=CARTESIAN_POINT('',(0.0271383858005582,-0.00525344983082545,0.00238125));
#4983=CARTESIAN_POINT('',(0.0271383858005582,-0.00453502934113992,0.00238125));
#4984=CARTESIAN_POINT('',(0.0271383858005582,-0.00525344983082545,-0.100068637861126));
#4985=CARTESIAN_POINT('',(0.0271383858005582,-0.00525344983082545,0.00170735590519107));
#4986=CARTESIAN_POINT('',(0.0274975960454009,-0.00489423958598269,0.00170735590519107));
#4987=CARTESIAN_POINT('',(0.0271383858005582,-0.00453502934113993,0.00170735590519107));
#4988=CARTESIAN_POINT('',(0.0271383858005582,-0.00453502934113992,0.00079375));
#4989=CARTESIAN_POINT('',(0.0267791755557154,-0.00561266007566822,0.00170735590519107));
#4990=CARTESIAN_POINT('',(0.0267791755557154,-0.00561266007566822,0.00170735590519107));
#4991=CARTESIAN_POINT('',(0.027108451613488,-0.00528338401789569,0.00150433237070416));
#4992=CARTESIAN_POINT('',(0.0274377276712604,-0.00495410796012315,0.00130130883621726));
#4993=CARTESIAN_POINT('',(0.0270785174264177,-0.00459489771528038,0.00130130883621726));
#4994=CARTESIAN_POINT('',(0.0264199653108727,-0.00525344983082546,0.00170735590519107));
#4995=CARTESIAN_POINT('',(0.0282609178156918,-0.00413091781569181,0.00079375));
#4996=CARTESIAN_POINT('',(0.0282609178156918,-0.00413091781569181,0.00079375));
#4997=CARTESIAN_POINT('',(0.027108451613488,-0.00528338401789569,8.31676292958349E-5));
#4998=CARTESIAN_POINT('',(0.0274377276712604,-0.00495410796012315,0.000286191163782741));
#4999=CARTESIAN_POINT('',(0.0270785174264177,-0.00459489771528038,0.000286191163782741));
#5000=CARTESIAN_POINT('',(0.027901707570849,-0.00377170757084904,0.00079375));
#5001=CARTESIAN_POINT('',(0.0267791755557154,-0.00561266007566822,-0.00011985590519107));
#5002=CARTESIAN_POINT('',(0.0267791755557154,-0.00561266007566822,-0.00011985590519107));
#5003=CARTESIAN_POINT('',(0.0271383858005582,-0.00525344983082545,-0.00011985590519107));
#5004=CARTESIAN_POINT('',(0.0274975960454009,-0.00489423958598269,-0.00011985590519107));
#5005=CARTESIAN_POINT('',(0.0271383858005582,-0.00453502934113993,-0.00011985590519107));
#5006=CARTESIAN_POINT('',(0.0264199653108727,-0.00525344983082546,-0.00011985590519107));
#5007=CARTESIAN_POINT('',(0.0274975960454009,-0.00489423958598269,-0.100068637861126));
#5008=CARTESIAN_POINT('',(0.0274975960454009,-0.00489423958598269,-0.00079375));
#5009=CARTESIAN_POINT('',(0.0271383858005582,-0.00453502934113992,-0.00079375));
#5010=CARTESIAN_POINT('',(0.0271383858005582,-0.00525344983082545,-0.00079375));
#5011=CARTESIAN_POINT('',(0.0271383858005582,-0.00453502934113992,0.00079375));
#5012=CARTESIAN_POINT('',(0.0271383858005582,-0.00525344983082545,-0.100068637861126));
#5013=CARTESIAN_POINT('',(0.0290242395859827,-0.00336759604540093,0.00079375));
#5014=CARTESIAN_POINT('',(0.0290242395859827,-0.00336759604540093,-0.00079375));
#5015=CARTESIAN_POINT('',(0.0293834498308254,-0.00300838580055817,-0.00079375));
#5016=CARTESIAN_POINT('',(0.0286650293411399,-0.00300838580055817,-0.00079375));
#5017=CARTESIAN_POINT('',(0.0293834498308254,-0.00300838580055817,-0.00079375));
#5018=CARTESIAN_POINT('',(0.0293834498308254,-0.00300838580055817,-0.000119855905191077));
#5019=CARTESIAN_POINT('',(0.0290242395859827,-0.00336759604540093,-0.000119855905191077));
#5020=CARTESIAN_POINT('',(0.0286650293411399,-0.00300838580055817,-0.000119855905191077));
#5021=CARTESIAN_POINT('',(0.0286650293411399,-0.00300838580055817,-0.000119855905191077));
#5022=CARTESIAN_POINT('',(0.0297426600756682,-0.0026491755557154,-0.000119855905191078));
#5023=CARTESIAN_POINT('',(0.0297426600756682,-0.0026491755557154,-0.000119855905191078));
#5024=CARTESIAN_POINT('',(0.0294133840178957,-0.00297845161348794,8.31676292958284E-5));
#5025=CARTESIAN_POINT('',(0.0290841079601231,-0.00330772767126047,0.000286191163782734));
#5026=CARTESIAN_POINT('',(0.0287248977152804,-0.0029485174264177,0.000286191163782734));
#5027=CARTESIAN_POINT('',(0.0293834498308254,-0.00228996531087264,-0.000119855905191078));
#5028=CARTESIAN_POINT('',(0.0282609178156918,-0.00413091781569181,0.00079375));
#5029=CARTESIAN_POINT('',(0.0282609178156918,-0.00413091781569181,0.00079375));
#5030=CARTESIAN_POINT('',(0.0294133840178957,-0.00297845161348794,0.00150433237070417));
#5031=CARTESIAN_POINT('',(0.0290841079601231,-0.00330772767126047,0.00130130883621727));
#5032=CARTESIAN_POINT('',(0.0287248977152804,-0.0029485174264177,0.00130130883621727));
#5033=CARTESIAN_POINT('',(0.027901707570849,-0.00377170757084904,0.00079375));
#5034=CARTESIAN_POINT('',(0.0297426600756682,-0.0026491755557154,0.00170735590519108));
#5035=CARTESIAN_POINT('',(0.0297426600756682,-0.0026491755557154,0.00170735590519108));
#5036=CARTESIAN_POINT('',(0.0293834498308254,-0.00300838580055817,0.00170735590519109));
#5037=CARTESIAN_POINT('',(0.0290242395859827,-0.00336759604540093,0.00170735590519109));
#5038=CARTESIAN_POINT('',(0.0286650293411399,-0.00300838580055817,0.00170735590519109));
#5039=CARTESIAN_POINT('',(0.0293834498308254,-0.00228996531087264,0.00170735590519108));
#5040=CARTESIAN_POINT('',(0.0290242395859827,-0.00336759604540093,0.00079375));
#5041=CARTESIAN_POINT('',(0.0293834498308254,-0.00300838580055817,0.00170735590519109));
#5042=CARTESIAN_POINT('',(0.0293834498308254,-0.00300838580055817,0.00238125));
#5043=CARTESIAN_POINT('',(0.0290242395859827,-0.00336759604540093,0.00238125));
#5044=CARTESIAN_POINT('',(0.0286650293411399,-0.00300838580055817,0.00238125));
#5045=CARTESIAN_POINT('',(0.0286650293411399,-0.00300838580055817,0.00238125));
#5046=CARTESIAN_POINT('',(0.0318979215447248,-0.004804437024772,0.00170735590519108));
#5047=CARTESIAN_POINT('',(0.0303284606148988,-0.00395339658463157,0.00170735590519109));
#5048=CARTESIAN_POINT('',(0.0315686454869523,-0.00513371308254453,0.00150433237070417));
#5049=CARTESIAN_POINT('',(0.028934437024772,-0.00776792154472482,0.00170735590519107));
#5050=CARTESIAN_POINT('',(0.0292637130825446,-0.00743864548695229,0.00150433237070416));
#5051=CARTESIAN_POINT('',(0.0291571674158011,-0.0073320998202089,0.00150433237070416));
#5052=CARTESIAN_POINT('',(0.0267791755557154,-0.00489423958598269,0.00170735590519107));
#5053=CARTESIAN_POINT('',(0.0291926092019284,-0.00730767323219571,0.00170735590519107));
#5054=CARTESIAN_POINT('',(0.0291571674158011,-0.0073320998202089,0.00150433237070416));
#5055=CARTESIAN_POINT('',(0.029180649893448,-0.00731599933748725,0.00156853045088268));
#5056=CARTESIAN_POINT('',(0.0291926092019284,-0.00730767323219571,0.00163712361811214));
#5057=CARTESIAN_POINT('',(0.0291926092019284,-0.00730767323219571,0.00170735590519107));
#5058=CARTESIAN_POINT('',(0.0318979215447248,-0.004804437024772,-0.000119855905191078));
#5059=CARTESIAN_POINT('',(0.0315686454869523,-0.00513371308254453,8.31676292958284E-5));
#5060=CARTESIAN_POINT('',(0.0303284606148988,-0.00395339658463157,-0.000119855905191077));
#5061=CARTESIAN_POINT('',(0.028934437024772,-0.00776792154472482,-0.00011985590519107));
#5062=CARTESIAN_POINT('',(0.0291926092019284,-0.00730767323219571,-0.00011985590519107));
#5063=CARTESIAN_POINT('',(0.0291926092019284,-0.00730767323219571,-0.000119855905191069));
#5064=CARTESIAN_POINT('',(0.0292637130825446,-0.00743864548695229,8.31676292958349E-5));
#5065=CARTESIAN_POINT('',(0.0291571674158011,-0.0073320998202089,8.3167629295835E-5));
#5066=CARTESIAN_POINT('',(0.0291926092019284,-0.00730767323219571,-0.00011985590519107));
#5067=CARTESIAN_POINT('',(0.0291926092019284,-0.00730767323219571,-4.96224778258033E-5));
#5068=CARTESIAN_POINT('',(0.0291806506594226,-0.00731599881230588,1.89674550412155E-5));
#5069=CARTESIAN_POINT('',(0.0291571674158012,-0.0073320998202089,8.31676292958352E-5));
#5070=CARTESIAN_POINT('',(0.0303284606148988,-0.00395339658463157,-0.100068637861126));
#5071=CARTESIAN_POINT('',(0.0252525320151337,0.00112253201513365,-0.00079375));
#5072=CARTESIAN_POINT('',(0.0280833965846315,-0.00619846061489886,-0.100068637861126));
#5073=CARTESIAN_POINT('',(0.0230074679848663,-0.00112253201513364,-0.00079375));
#5074=CARTESIAN_POINT('',(0.0291926092019284,-0.00730767323219571,-0.00079375));
#5075=CARTESIAN_POINT('',(0.0291926092019284,-0.00730767323219571,0.00238125));
#5076=CARTESIAN_POINT('',(0.0303284606148988,-0.00395339658463157,-0.100068637861126));
#5077=CARTESIAN_POINT('',(0.0303284606148988,-0.00395339658463157,0.00238125));
#5078=CARTESIAN_POINT('',(0.0280833965846315,-0.00619846061489886,-0.100068637861126));
#5079=CARTESIAN_POINT('',(0.0280833965846315,-0.00619846061489886,0.00238125));
#5080=CARTESIAN_POINT('',(0.0291926092019284,-0.00730767323219571,0.00238125));
#5081=CARTESIAN_POINT('',(0.0291926092019284,-0.00730767323219571,0.00238125));
#5082=CARTESIAN_POINT('',(0.0304161792847484,-0.00628617928474841,0.00079375));
#5083=CARTESIAN_POINT('',(0.0304161792847484,-0.00628617928474841,0.00079375));
#5084=CARTESIAN_POINT('',(0.0291571674158011,-0.0073320998202089,8.31676292958325E-5));
#5085=CARTESIAN_POINT('',(0.0289928741414417,-0.00744474555823045,0.000532324356227522));
#5086=CARTESIAN_POINT('',(0.0289947161777639,-0.00744348258783933,0.00106021153467304));
#5087=CARTESIAN_POINT('',(0.0291571674158011,-0.0073320998202089,0.00150433237070417));
#5088=CARTESIAN_POINT('',(0.027901707570849,-0.00377170757084904,0.00079375));
#5089=CARTESIAN_POINT('',(0.027901707570849,-0.00377170757084904,0.00238125));
#5090=CARTESIAN_POINT('',(0.027901707570849,-0.00377170757084904,-0.00079375));
#5091=CARTESIAN_POINT('',(0.02413,-1.19036797375581E-18,0.00238125));
#5092=CARTESIAN_POINT('',(0.02413,-1.19036797375581E-18,0.00238125));
#5093=CARTESIAN_POINT('',(0.0257175,-0.008747110594362,0.00238125));
#5094=CARTESIAN_POINT('',(0.0257175,-0.008747110594362,0.00238125));
#5095=CARTESIAN_POINT('',(0.0257175,-0.008747110594362,0.00170735590519108));
#5096=CARTESIAN_POINT('',(0.0257175,-0.008747110594362,0.00170735590519108));
#5097=CARTESIAN_POINT('',(0.0257175,-0.008747110594362,0.00163712247782581));
#5098=CARTESIAN_POINT('',(0.0257318430406522,-0.00874454170201621,0.00156853254495879));
#5099=CARTESIAN_POINT('',(0.0257598333333333,-0.00873932167307941,0.00150433237070417));
#5100=CARTESIAN_POINT('',(0.0257598333333333,-0.00873932167307941,0.00150433237070417));
#5101=CARTESIAN_POINT('',(0.0257598333333333,-0.00873932167307942,0.00150433237070417));
#5102=CARTESIAN_POINT('',(0.0259556587869631,-0.00870280134990331,0.00105517564377247));
#5103=CARTESIAN_POINT('',(0.0259534632156604,-0.00870321081134992,0.000527288465326963));
#5104=CARTESIAN_POINT('',(0.0257598333333333,-0.00873932167307942,8.31676292958349E-5));
#5105=CARTESIAN_POINT('',(0.0257598333333333,-0.00873932167307941,8.31676292958283E-5));
#5106=CARTESIAN_POINT('',(0.0257598333333333,-0.00873932167307941,8.31676292958286E-5));
#5107=CARTESIAN_POINT('',(0.0257318439536373,-0.00874454153174973,1.89695491173091E-5));
#5108=CARTESIAN_POINT('',(0.0257175,-0.00874711059436201,-4.96236181121396E-5));
#5109=CARTESIAN_POINT('',(0.0257175,-0.00874711059436201,-0.000119855905191077));
#5110=CARTESIAN_POINT('',(0.0257175,-0.008747110594362,-0.000119855905191076));
#5111=CARTESIAN_POINT('',(0.0257175,-0.008747110594362,0.00238125));
#5112=CARTESIAN_POINT('',(0.0257175,-0.008747110594362,-0.00079375));
#5113=CARTESIAN_POINT('',(0.02413,-1.19036797375581E-18,-0.00079375));
#5114=CARTESIAN_POINT('',(0.0230505,-0.005842,-0.100068637861126));
#5115=CARTESIAN_POINT('',(0.0230505,-0.005842,0.00238125));
#5116=CARTESIAN_POINT('',(0.0225425,-0.005842,0.00238125));
#5117=CARTESIAN_POINT('',(0.0230505,-0.005334,0.00238125));
#5118=CARTESIAN_POINT('',(0.0225425,-0.005842,-0.100068637861126));
#5119=CARTESIAN_POINT('',(0.0225425,-0.005842,0.00170735590519107));
#5120=CARTESIAN_POINT('',(0.0230505,-0.005842,0.00170735590519107));
#5121=CARTESIAN_POINT('',(0.0230505,-0.005334,0.00170735590519107));
#5122=CARTESIAN_POINT('',(0.0230505,-0.005334,0.00079375));
#5123=CARTESIAN_POINT('',(0.0220345,-0.005842,0.00170735590519107));
#5124=CARTESIAN_POINT('',(0.0220345,-0.005842,0.00170735590519107));
#5125=CARTESIAN_POINT('',(0.0225001666666667,-0.005842,0.00150433237070416));
#5126=CARTESIAN_POINT('',(0.0229658333333333,-0.005842,0.00130130883621726));
#5127=CARTESIAN_POINT('',(0.0229658333333333,-0.005334,0.00130130883621726));
#5128=CARTESIAN_POINT('',(0.0220345,-0.005334,0.00170735590519107));
#5129=CARTESIAN_POINT('',(0.02413,-0.005842,0.00079375));
#5130=CARTESIAN_POINT('',(0.02413,-0.005842,0.00079375));
#5131=CARTESIAN_POINT('',(0.0225001666666667,-0.005842,8.31676292958349E-5));
#5132=CARTESIAN_POINT('',(0.0229658333333333,-0.005842,0.000286191163782741));
#5133=CARTESIAN_POINT('',(0.0229658333333333,-0.005334,0.000286191163782741));
#5134=CARTESIAN_POINT('',(0.02413,-0.005334,0.00079375));
#5135=CARTESIAN_POINT('',(0.0220345,-0.005842,-0.00011985590519107));
#5136=CARTESIAN_POINT('',(0.0220345,-0.005842,-0.00011985590519107));
#5137=CARTESIAN_POINT('',(0.0225425,-0.005842,-0.00011985590519107));
#5138=CARTESIAN_POINT('',(0.0230505,-0.005842,-0.00011985590519107));
#5139=CARTESIAN_POINT('',(0.0230505,-0.005334,-0.00011985590519107));
#5140=CARTESIAN_POINT('',(0.0220345,-0.005334,-0.00011985590519107));
#5141=CARTESIAN_POINT('',(0.0230505,-0.005842,-0.100068637861126));
#5142=CARTESIAN_POINT('',(0.0230505,-0.005842,-0.00079375));
#5143=CARTESIAN_POINT('',(0.0230505,-0.005334,-0.00079375));
#5144=CARTESIAN_POINT('',(0.0225425,-0.005842,-0.00079375));
#5145=CARTESIAN_POINT('',(0.0230505,-0.005334,0.00079375));
#5146=CARTESIAN_POINT('',(0.0225425,-0.005842,-0.100068637861126));
#5147=CARTESIAN_POINT('',(0.0252095,-0.005842,0.00079375));
#5148=CARTESIAN_POINT('',(0.0252095,-0.005842,-0.00079375));
#5149=CARTESIAN_POINT('',(0.0257175,-0.005842,-0.00079375));
#5150=CARTESIAN_POINT('',(0.0252095,-0.005334,-0.00079375));
#5151=CARTESIAN_POINT('',(0.0257175,-0.005842,-0.00079375));
#5152=CARTESIAN_POINT('',(0.0257175,-0.005842,-0.000119855905191077));
#5153=CARTESIAN_POINT('',(0.0252095,-0.005842,-0.000119855905191077));
#5154=CARTESIAN_POINT('',(0.0252095,-0.005334,-0.000119855905191077));
#5155=CARTESIAN_POINT('',(0.0252095,-0.005334,-0.000119855905191077));
#5156=CARTESIAN_POINT('',(0.0262255,-0.005842,-0.000119855905191078));
#5157=CARTESIAN_POINT('',(0.0262255,-0.005842,-0.000119855905191078));
#5158=CARTESIAN_POINT('',(0.0257598333333333,-0.005842,8.31676292958284E-5));
#5159=CARTESIAN_POINT('',(0.0252941666666667,-0.005842,0.000286191163782734));
#5160=CARTESIAN_POINT('',(0.0252941666666667,-0.005334,0.000286191163782734));
#5161=CARTESIAN_POINT('',(0.0262255,-0.005334,-0.000119855905191078));
#5162=CARTESIAN_POINT('',(0.02413,-0.005842,0.00079375));
#5163=CARTESIAN_POINT('',(0.02413,-0.005842,0.00079375));
#5164=CARTESIAN_POINT('',(0.0257598333333333,-0.005842,0.00150433237070417));
#5165=CARTESIAN_POINT('',(0.0252941666666667,-0.005842,0.00130130883621727));
#5166=CARTESIAN_POINT('',(0.0252941666666667,-0.005334,0.00130130883621727));
#5167=CARTESIAN_POINT('',(0.02413,-0.005334,0.00079375));
#5168=CARTESIAN_POINT('',(0.0262255,-0.005842,0.00170735590519108));
#5169=CARTESIAN_POINT('',(0.0262255,-0.005842,0.00170735590519108));
#5170=CARTESIAN_POINT('',(0.0257175,-0.005842,0.00170735590519109));
#5171=CARTESIAN_POINT('',(0.0252095,-0.005842,0.00170735590519109));
#5172=CARTESIAN_POINT('',(0.0252095,-0.005334,0.00170735590519109));
#5173=CARTESIAN_POINT('',(0.0262255,-0.005334,0.00170735590519108));
#5174=CARTESIAN_POINT('',(0.0252095,-0.005842,0.00079375));
#5175=CARTESIAN_POINT('',(0.0257175,-0.005842,0.00170735590519109));
#5176=CARTESIAN_POINT('',(0.0257175,-0.005842,0.00238125));
#5177=CARTESIAN_POINT('',(0.0252095,-0.005842,0.00238125));
#5178=CARTESIAN_POINT('',(0.0252095,-0.005334,0.00238125));
#5179=CARTESIAN_POINT('',(0.0252095,-0.005334,0.00238125));
#5180=CARTESIAN_POINT('',(0.0262255,-0.00889,0.00170735590519108));
#5181=CARTESIAN_POINT('',(0.0257175,-0.00717844706742544,0.00170735590519109));
#5182=CARTESIAN_POINT('',(0.0257598333333333,-0.00889,0.00150433237070417));
#5183=CARTESIAN_POINT('',(0.0220345,-0.00889,0.00170735590519107));
#5184=CARTESIAN_POINT('',(0.0225001666666667,-0.00889,0.00150433237070416));
#5185=CARTESIAN_POINT('',(0.0225001666666667,-0.00873932167307941,0.00150433237070416));
#5186=CARTESIAN_POINT('',(0.0225425,-0.005334,0.00170735590519107));
#5187=CARTESIAN_POINT('',(0.0225425,-0.008747110594362,0.00170735590519107));
#5188=CARTESIAN_POINT('',(0.0225001666666667,-0.00873932167307941,0.00150433237070416));
#5189=CARTESIAN_POINT('',(0.0225281560463627,-0.00874454153174973,0.00156853045088268));
#5190=CARTESIAN_POINT('',(0.0225425,-0.008747110594362,0.00163712361811213));
#5191=CARTESIAN_POINT('',(0.0225425,-0.008747110594362,0.00170735590519107));
#5192=CARTESIAN_POINT('',(0.0262255,-0.00889,-0.000119855905191078));
#5193=CARTESIAN_POINT('',(0.0257598333333333,-0.00889,8.31676292958284E-5));
#5194=CARTESIAN_POINT('',(0.0257175,-0.00717844706742544,-0.000119855905191077));
#5195=CARTESIAN_POINT('',(0.0220345,-0.00889,-0.00011985590519107));
#5196=CARTESIAN_POINT('',(0.0225425,-0.008747110594362,-0.00011985590519107));
#5197=CARTESIAN_POINT('',(0.0225425,-0.008747110594362,-0.000119855905191069));
#5198=CARTESIAN_POINT('',(0.0225001666666667,-0.00889,8.31676292958349E-5));
#5199=CARTESIAN_POINT('',(0.0225001666666667,-0.00873932167307941,8.3167629295835E-5));
#5200=CARTESIAN_POINT('',(0.0225425,-0.008747110594362,-0.00011985590519107));
#5201=CARTESIAN_POINT('',(0.0225425,-0.008747110594362,-4.96224778257986E-5));
#5202=CARTESIAN_POINT('',(0.0225281569593478,-0.00874454170201621,1.89674550412156E-5));
#5203=CARTESIAN_POINT('',(0.0225001666666667,-0.00873932167307941,8.31676292958352E-5));
#5204=CARTESIAN_POINT('',(0.0257175,-0.00717844706742544,-0.100068637861126));
#5205=CARTESIAN_POINT('',(0.0257175,3.27503427258897E-18,-0.00079375));
#5206=CARTESIAN_POINT('',(0.0225425,-0.00717844706742544,-0.100068637861126));
#5207=CARTESIAN_POINT('',(0.0225425,3.66385963131826E-18,-0.00079375));
#5208=CARTESIAN_POINT('',(0.0225425,-0.008747110594362,-0.00079375));
#5209=CARTESIAN_POINT('',(0.0225425,-0.008747110594362,0.00238125));
#5210=CARTESIAN_POINT('',(0.0257175,-0.00717844706742544,-0.100068637861126));
#5211=CARTESIAN_POINT('',(0.0257175,-0.00717844706742544,0.00238125));
#5212=CARTESIAN_POINT('',(0.0225425,-0.00717844706742544,-0.100068637861126));
#5213=CARTESIAN_POINT('',(0.0225425,-0.00717844706742544,0.00238125));
#5214=CARTESIAN_POINT('',(0.0225425,-0.008747110594362,0.00238125));
#5215=CARTESIAN_POINT('',(0.0225425,-0.008747110594362,0.00238125));
#5216=CARTESIAN_POINT('',(0.02413,-0.00889,0.00079375));
#5217=CARTESIAN_POINT('',(0.02413,-0.00889,0.00079375));
#5218=CARTESIAN_POINT('',(0.0225001666666667,-0.00873932167307941,8.31676292958371E-5));
#5219=CARTESIAN_POINT('',(0.0223043412130369,-0.0087028013499033,0.000532324356227526));
#5220=CARTESIAN_POINT('',(0.0223065367843396,-0.00870321081134992,0.00106021153467303));
#5221=CARTESIAN_POINT('',(0.0225001666666667,-0.00873932167307941,0.00150433237070416));
#5222=CARTESIAN_POINT('',(0.02413,-0.005334,0.00079375));
#5223=CARTESIAN_POINT('',(0.02413,-0.005334,0.00238125));
#5224=CARTESIAN_POINT('',(0.02413,-0.005334,-0.00079375));
#5225=CARTESIAN_POINT('',(0.02413,-1.19036797375581E-18,0.00238125));
#5226=CARTESIAN_POINT('',(0.02413,-1.19036797375581E-18,0.00238125));
#5227=CARTESIAN_POINT('',(0.0190673907980716,-0.00730767323219571,0.00238125));
#5228=CARTESIAN_POINT('',(0.0190673907980716,-0.00730767323219571,0.00238125));
#5229=CARTESIAN_POINT('',(0.0190673907980716,-0.00730767323219571,0.00170735590519108));
#5230=CARTESIAN_POINT('',(0.0190673907980716,-0.00730767323219571,0.00170735590519108));
#5231=CARTESIAN_POINT('',(0.0190673907980716,-0.00730767323219571,0.00163712247782581));
#5232=CARTESIAN_POINT('',(0.0190793493405774,-0.00731599881230586,0.00156853254495879));
#5233=CARTESIAN_POINT('',(0.0191028325841988,-0.00733209982020889,0.00150433237070417));
#5234=CARTESIAN_POINT('',(0.0191028325841988,-0.00733209982020889,0.00150433237070417));
#5235=CARTESIAN_POINT('',(0.0191028325841989,-0.0073320998202089,0.00150433237070417));
#5236=CARTESIAN_POINT('',(0.0192671258585583,-0.00744474555823046,0.00105517564377248));
#5237=CARTESIAN_POINT('',(0.0192652838222361,-0.00744348258783933,0.000527288465326955));
#5238=CARTESIAN_POINT('',(0.0191028325841989,-0.0073320998202089,8.31676292958237E-5));
#5239=CARTESIAN_POINT('',(0.0191028325841988,-0.00733209982020889,8.31676292958283E-5));
#5240=CARTESIAN_POINT('',(0.0191028325841988,-0.00733209982020889,8.31676292958286E-5));
#5241=CARTESIAN_POINT('',(0.019079350106552,-0.00731599933748724,1.89695491173087E-5));
#5242=CARTESIAN_POINT('',(0.0190673907980716,-0.00730767323219571,-4.96236181121453E-5));
#5243=CARTESIAN_POINT('',(0.0190673907980716,-0.00730767323219571,-0.000119855905191077));
#5244=CARTESIAN_POINT('',(0.0190673907980716,-0.00730767323219571,-0.000119855905191076));
#5245=CARTESIAN_POINT('',(0.0190673907980716,-0.00730767323219571,0.00238125));
#5246=CARTESIAN_POINT('',(0.0190673907980716,-0.00730767323219571,-0.00079375));
#5247=CARTESIAN_POINT('',(0.02413,-1.19036797375581E-18,-0.00079375));
#5248=CARTESIAN_POINT('',(0.0192357604140173,-0.00336759604540093,-0.100068637861126));
#5249=CARTESIAN_POINT('',(0.0192357604140173,-0.00336759604540093,0.00238125));
#5250=CARTESIAN_POINT('',(0.0188765501691746,-0.00300838580055817,0.00238125));
#5251=CARTESIAN_POINT('',(0.0195949706588601,-0.00300838580055817,0.00238125));
#5252=CARTESIAN_POINT('',(0.0188765501691746,-0.00300838580055817,-0.100068637861126));
#5253=CARTESIAN_POINT('',(0.0188765501691746,-0.00300838580055817,0.00170735590519107));
#5254=CARTESIAN_POINT('',(0.0192357604140173,-0.00336759604540093,0.00170735590519107));
#5255=CARTESIAN_POINT('',(0.0195949706588601,-0.00300838580055817,0.00170735590519107));
#5256=CARTESIAN_POINT('',(0.0195949706588601,-0.00300838580055817,0.00079375));
#5257=CARTESIAN_POINT('',(0.0185173399243318,-0.0026491755557154,0.00170735590519107));
#5258=CARTESIAN_POINT('',(0.0185173399243318,-0.0026491755557154,0.00170735590519107));
#5259=CARTESIAN_POINT('',(0.0188466159821043,-0.00297845161348794,0.00150433237070416));
#5260=CARTESIAN_POINT('',(0.0191758920398768,-0.00330772767126047,0.00130130883621726));
#5261=CARTESIAN_POINT('',(0.0195351022847196,-0.0029485174264177,0.00130130883621726));
#5262=CARTESIAN_POINT('',(0.0188765501691746,-0.00228996531087263,0.00170735590519107));
#5263=CARTESIAN_POINT('',(0.0199990821843082,-0.00413091781569181,0.00079375));
#5264=CARTESIAN_POINT('',(0.0199990821843082,-0.00413091781569181,0.00079375));
#5265=CARTESIAN_POINT('',(0.0188466159821043,-0.00297845161348794,8.31676292958349E-5));
#5266=CARTESIAN_POINT('',(0.0191758920398768,-0.00330772767126047,0.000286191163782741));
#5267=CARTESIAN_POINT('',(0.0195351022847196,-0.0029485174264177,0.000286191163782741));
#5268=CARTESIAN_POINT('',(0.020358292429151,-0.00377170757084904,0.00079375));
#5269=CARTESIAN_POINT('',(0.0185173399243318,-0.0026491755557154,-0.00011985590519107));
#5270=CARTESIAN_POINT('',(0.0185173399243318,-0.0026491755557154,-0.00011985590519107));
#5271=CARTESIAN_POINT('',(0.0188765501691746,-0.00300838580055817,-0.00011985590519107));
#5272=CARTESIAN_POINT('',(0.0192357604140173,-0.00336759604540093,-0.00011985590519107));
#5273=CARTESIAN_POINT('',(0.0195949706588601,-0.00300838580055817,-0.00011985590519107));
#5274=CARTESIAN_POINT('',(0.0188765501691746,-0.00228996531087263,-0.00011985590519107));
#5275=CARTESIAN_POINT('',(0.0192357604140173,-0.00336759604540093,-0.100068637861126));
#5276=CARTESIAN_POINT('',(0.0192357604140173,-0.00336759604540093,-0.00079375));
#5277=CARTESIAN_POINT('',(0.0195949706588601,-0.00300838580055817,-0.00079375));
#5278=CARTESIAN_POINT('',(0.0188765501691746,-0.00300838580055817,-0.00079375));
#5279=CARTESIAN_POINT('',(0.0195949706588601,-0.00300838580055817,0.00079375));
#5280=CARTESIAN_POINT('',(0.0188765501691746,-0.00300838580055817,-0.100068637861126));
#5281=CARTESIAN_POINT('',(0.0207624039545991,-0.00489423958598269,0.00079375));
#5282=CARTESIAN_POINT('',(0.0207624039545991,-0.00489423958598269,-0.00079375));
#5283=CARTESIAN_POINT('',(0.0211216141994418,-0.00525344983082545,-0.00079375));
#5284=CARTESIAN_POINT('',(0.0211216141994418,-0.00453502934113992,-0.00079375));
#5285=CARTESIAN_POINT('',(0.0211216141994418,-0.00525344983082545,-0.00079375));
#5286=CARTESIAN_POINT('',(0.0211216141994418,-0.00525344983082545,-0.000119855905191077));
#5287=CARTESIAN_POINT('',(0.0207624039545991,-0.00489423958598269,-0.000119855905191077));
#5288=CARTESIAN_POINT('',(0.0211216141994418,-0.00453502934113993,-0.000119855905191077));
#5289=CARTESIAN_POINT('',(0.0211216141994418,-0.00453502934113992,-0.000119855905191077));
#5290=CARTESIAN_POINT('',(0.0214808244442846,-0.00561266007566822,-0.000119855905191078));
#5291=CARTESIAN_POINT('',(0.0214808244442846,-0.00561266007566822,-0.000119855905191078));
#5292=CARTESIAN_POINT('',(0.0211515483865121,-0.00528338401789569,8.31676292958284E-5));
#5293=CARTESIAN_POINT('',(0.0208222723287396,-0.00495410796012315,0.000286191163782734));
#5294=CARTESIAN_POINT('',(0.0211814825735823,-0.00459489771528038,0.000286191163782734));
#5295=CARTESIAN_POINT('',(0.0218400346891274,-0.00525344983082546,-0.000119855905191078));
#5296=CARTESIAN_POINT('',(0.0199990821843082,-0.00413091781569181,0.00079375));
#5297=CARTESIAN_POINT('',(0.0199990821843082,-0.00413091781569181,0.00079375));
#5298=CARTESIAN_POINT('',(0.0211515483865121,-0.00528338401789569,0.00150433237070417));
#5299=CARTESIAN_POINT('',(0.0208222723287396,-0.00495410796012315,0.00130130883621727));
#5300=CARTESIAN_POINT('',(0.0211814825735823,-0.00459489771528038,0.00130130883621727));
#5301=CARTESIAN_POINT('',(0.020358292429151,-0.00377170757084904,0.00079375));
#5302=CARTESIAN_POINT('',(0.0214808244442846,-0.00561266007566822,0.00170735590519108));
#5303=CARTESIAN_POINT('',(0.0214808244442846,-0.00561266007566822,0.00170735590519108));
#5304=CARTESIAN_POINT('',(0.0211216141994418,-0.00525344983082545,0.00170735590519109));
#5305=CARTESIAN_POINT('',(0.0207624039545991,-0.00489423958598269,0.00170735590519109));
#5306=CARTESIAN_POINT('',(0.0211216141994418,-0.00453502934113993,0.00170735590519109));
#5307=CARTESIAN_POINT('',(0.0218400346891274,-0.00525344983082546,0.00170735590519108));
#5308=CARTESIAN_POINT('',(0.0207624039545991,-0.00489423958598269,0.00079375));
#5309=CARTESIAN_POINT('',(0.0211216141994418,-0.00525344983082545,0.00170735590519109));
#5310=CARTESIAN_POINT('',(0.0211216141994418,-0.00525344983082545,0.00238125));
#5311=CARTESIAN_POINT('',(0.0207624039545991,-0.00489423958598269,0.00238125));
#5312=CARTESIAN_POINT('',(0.0211216141994418,-0.00453502934113992,0.00238125));
#5313=CARTESIAN_POINT('',(0.0211216141994418,-0.00453502934113992,0.00238125));
#5314=CARTESIAN_POINT('',(0.019325562975228,-0.00776792154472482,0.00170735590519108));
#5315=CARTESIAN_POINT('',(0.0201766034153684,-0.00619846061489886,0.00170735590519109));
#5316=CARTESIAN_POINT('',(0.0189962869174554,-0.00743864548695229,0.00150433237070417));
#5317=CARTESIAN_POINT('',(0.0163620784552752,-0.004804437024772,0.00170735590519107));
#5318=CARTESIAN_POINT('',(0.0166913545130477,-0.00513371308254453,0.00150433237070416));
#5319=CARTESIAN_POINT('',(0.0167979001797911,-0.00502716741580114,0.00150433237070416));
#5320=CARTESIAN_POINT('',(0.0192357604140173,-0.0026491755557154,0.00170735590519107));
#5321=CARTESIAN_POINT('',(0.0168223267678043,-0.00506260920192842,0.00170735590519107));
#5322=CARTESIAN_POINT('',(0.0167979001797911,-0.00502716741580114,0.00150433237070417));
#5323=CARTESIAN_POINT('',(0.0168140006625128,-0.00505064989344802,0.00156853045088268));
#5324=CARTESIAN_POINT('',(0.0168223267678043,-0.00506260920192842,0.00163712361811213));
#5325=CARTESIAN_POINT('',(0.0168223267678043,-0.00506260920192842,0.00170735590519107));
#5326=CARTESIAN_POINT('',(0.019325562975228,-0.00776792154472482,-0.000119855905191078));
#5327=CARTESIAN_POINT('',(0.0189962869174554,-0.00743864548695229,8.31676292958284E-5));
#5328=CARTESIAN_POINT('',(0.0201766034153684,-0.00619846061489886,-0.000119855905191077));
#5329=CARTESIAN_POINT('',(0.0163620784552752,-0.004804437024772,-0.00011985590519107));
#5330=CARTESIAN_POINT('',(0.0168223267678043,-0.00506260920192842,-0.00011985590519107));
#5331=CARTESIAN_POINT('',(0.0168223267678043,-0.00506260920192842,-0.000119855905191069));
#5332=CARTESIAN_POINT('',(0.0166913545130477,-0.00513371308254453,8.31676292958349E-5));
#5333=CARTESIAN_POINT('',(0.0167979001797911,-0.00502716741580114,8.3167629295835E-5));
#5334=CARTESIAN_POINT('',(0.0168223267678043,-0.00506260920192842,-0.00011985590519107));
#5335=CARTESIAN_POINT('',(0.0168223267678043,-0.00506260920192842,-4.96224778257994E-5));
#5336=CARTESIAN_POINT('',(0.0168140011876941,-0.00505065065942257,1.89674550412158E-5));
#5337=CARTESIAN_POINT('',(0.0167979001797911,-0.00502716741580114,8.31676292958352E-5));
#5338=CARTESIAN_POINT('',(0.0201766034153684,-0.00619846061489886,-0.100068637861126));
#5339=CARTESIAN_POINT('',(0.0252525320151337,-0.00112253201513364,-0.00079375));
#5340=CARTESIAN_POINT('',(0.0179315393851011,-0.00395339658463157,-0.100068637861126));
#5341=CARTESIAN_POINT('',(0.0230074679848663,0.00112253201513365,-0.00079375));
#5342=CARTESIAN_POINT('',(0.0168223267678043,-0.00506260920192842,-0.00079375));
#5343=CARTESIAN_POINT('',(0.0168223267678043,-0.00506260920192842,0.00238125));
#5344=CARTESIAN_POINT('',(0.0201766034153684,-0.00619846061489886,-0.100068637861126));
#5345=CARTESIAN_POINT('',(0.0201766034153684,-0.00619846061489886,0.00238125));
#5346=CARTESIAN_POINT('',(0.0179315393851011,-0.00395339658463157,-0.100068637861126));
#5347=CARTESIAN_POINT('',(0.0179315393851011,-0.00395339658463157,0.00238125));
#5348=CARTESIAN_POINT('',(0.0168223267678043,-0.00506260920192842,0.00238125));
#5349=CARTESIAN_POINT('',(0.0168223267678043,-0.00506260920192842,0.00238125));
#5350=CARTESIAN_POINT('',(0.0178438207152516,-0.00628617928474841,0.00079375));
#5351=CARTESIAN_POINT('',(0.0178438207152516,-0.00628617928474841,0.00079375));
#5352=CARTESIAN_POINT('',(0.0167979001797911,-0.00502716741580115,8.31676292958384E-5));
#5353=CARTESIAN_POINT('',(0.0166852544417696,-0.00486287414144169,0.000532324356227532));
#5354=CARTESIAN_POINT('',(0.0166865174121607,-0.00486471617776389,0.00106021153467303));
#5355=CARTESIAN_POINT('',(0.0167979001797911,-0.00502716741580115,0.00150433237070416));
#5356=CARTESIAN_POINT('',(0.020358292429151,-0.00377170757084904,0.00079375));
#5357=CARTESIAN_POINT('',(0.020358292429151,-0.00377170757084904,0.00238125));
#5358=CARTESIAN_POINT('',(0.020358292429151,-0.00377170757084904,-0.00079375));
#5359=CARTESIAN_POINT('',(0.02413,-1.19036797375581E-18,0.00238125));
#5360=CARTESIAN_POINT('',(0.02413,-1.19036797375581E-18,0.00238125));
#5361=CARTESIAN_POINT('',(0.015382889405638,-0.0015875,0.00238125));
#5362=CARTESIAN_POINT('',(0.015382889405638,-0.0015875,0.00238125));
#5363=CARTESIAN_POINT('',(0.015382889405638,-0.0015875,0.00170735590519108));
#5364=CARTESIAN_POINT('',(0.015382889405638,-0.0015875,0.00170735590519108));
#5365=CARTESIAN_POINT('',(0.015382889405638,-0.0015875,0.00163712247782581));
#5366=CARTESIAN_POINT('',(0.0153854582979838,-0.0016018430406522,0.00156853254495879));
#5367=CARTESIAN_POINT('',(0.0153906783269206,-0.00162983333333333,0.00150433237070417));
#5368=CARTESIAN_POINT('',(0.0153906783269206,-0.00162983333333333,0.00150433237070417));
#5369=CARTESIAN_POINT('',(0.0153906783269206,-0.00162983333333333,0.00150433237070417));
#5370=CARTESIAN_POINT('',(0.0154271986500967,-0.00182565878696306,0.00105517564377247));
#5371=CARTESIAN_POINT('',(0.0154267891886501,-0.00182346321566043,0.000527288465326961));
#5372=CARTESIAN_POINT('',(0.0153906783269206,-0.00162983333333333,8.31676292958307E-5));
#5373=CARTESIAN_POINT('',(0.0153906783269206,-0.00162983333333333,8.31676292958283E-5));
#5374=CARTESIAN_POINT('',(0.0153906783269206,-0.00162983333333333,8.31676292958286E-5));
#5375=CARTESIAN_POINT('',(0.0153854584682503,-0.00160184395363731,1.89695491173088E-5));
#5376=CARTESIAN_POINT('',(0.015382889405638,-0.0015875,-4.96236181121415E-5));
#5377=CARTESIAN_POINT('',(0.015382889405638,-0.0015875,-0.000119855905191077));
#5378=CARTESIAN_POINT('',(0.015382889405638,-0.0015875,-0.000119855905191076));
#5379=CARTESIAN_POINT('',(0.015382889405638,-0.0015875,0.00238125));
#5380=CARTESIAN_POINT('',(0.015382889405638,-0.0015875,-0.00079375));
#5381=CARTESIAN_POINT('',(0.02413,-1.19036797375581E-18,-0.00079375));
#5382=CARTESIAN_POINT('',(0.018288,0.0010795,-0.100068637861126));
#5383=CARTESIAN_POINT('',(0.018288,0.0010795,0.00238125));
#5384=CARTESIAN_POINT('',(0.018288,0.0015875,0.00238125));
#5385=CARTESIAN_POINT('',(0.018796,0.0010795,0.00238125));
#5386=CARTESIAN_POINT('',(0.018288,0.0015875,-0.100068637861126));
#5387=CARTESIAN_POINT('',(0.018288,0.0015875,0.00170735590519107));
#5388=CARTESIAN_POINT('',(0.018288,0.0010795,0.00170735590519107));
#5389=CARTESIAN_POINT('',(0.018796,0.0010795,0.00170735590519107));
#5390=CARTESIAN_POINT('',(0.018796,0.0010795,0.00079375));
#5391=CARTESIAN_POINT('',(0.018288,0.0020955,0.00170735590519107));
#5392=CARTESIAN_POINT('',(0.018288,0.0020955,0.00170735590519107));
#5393=CARTESIAN_POINT('',(0.018288,0.00162983333333333,0.00150433237070416));
#5394=CARTESIAN_POINT('',(0.018288,0.00116416666666667,0.00130130883621726));
#5395=CARTESIAN_POINT('',(0.018796,0.00116416666666667,0.00130130883621726));
#5396=CARTESIAN_POINT('',(0.018796,0.0020955,0.00170735590519107));
#5397=CARTESIAN_POINT('',(0.018288,0.,0.00079375));
#5398=CARTESIAN_POINT('',(0.018288,0.,0.00079375));
#5399=CARTESIAN_POINT('',(0.018288,0.00162983333333333,8.31676292958349E-5));
#5400=CARTESIAN_POINT('',(0.018288,0.00116416666666667,0.000286191163782741));
#5401=CARTESIAN_POINT('',(0.018796,0.00116416666666667,0.000286191163782741));
#5402=CARTESIAN_POINT('',(0.018796,0.,0.00079375));
#5403=CARTESIAN_POINT('',(0.018288,0.0020955,-0.00011985590519107));
#5404=CARTESIAN_POINT('',(0.018288,0.0020955,-0.00011985590519107));
#5405=CARTESIAN_POINT('',(0.018288,0.0015875,-0.00011985590519107));
#5406=CARTESIAN_POINT('',(0.018288,0.0010795,-0.00011985590519107));
#5407=CARTESIAN_POINT('',(0.018796,0.0010795,-0.00011985590519107));
#5408=CARTESIAN_POINT('',(0.018796,0.0020955,-0.00011985590519107));
#5409=CARTESIAN_POINT('',(0.018288,0.0010795,-0.100068637861126));
#5410=CARTESIAN_POINT('',(0.018288,0.0010795,-0.00079375));
#5411=CARTESIAN_POINT('',(0.018796,0.0010795,-0.00079375));
#5412=CARTESIAN_POINT('',(0.018288,0.0015875,-0.00079375));
#5413=CARTESIAN_POINT('',(0.018796,0.0010795,0.00079375));
#5414=CARTESIAN_POINT('',(0.018288,0.0015875,-0.100068637861126));
#5415=CARTESIAN_POINT('',(0.018288,-0.0010795,0.00079375));
#5416=CARTESIAN_POINT('',(0.018288,-0.0010795,-0.00079375));
#5417=CARTESIAN_POINT('',(0.018288,-0.0015875,-0.00079375));
#5418=CARTESIAN_POINT('',(0.018796,-0.0010795,-0.00079375));
#5419=CARTESIAN_POINT('',(0.018288,-0.0015875,-0.00079375));
#5420=CARTESIAN_POINT('',(0.018288,-0.0015875,-0.000119855905191077));
#5421=CARTESIAN_POINT('',(0.018288,-0.0010795,-0.000119855905191077));
#5422=CARTESIAN_POINT('',(0.018796,-0.0010795,-0.000119855905191077));
#5423=CARTESIAN_POINT('',(0.018796,-0.0010795,-0.000119855905191077));
#5424=CARTESIAN_POINT('',(0.018288,-0.0020955,-0.000119855905191078));
#5425=CARTESIAN_POINT('',(0.018288,-0.0020955,-0.000119855905191078));
#5426=CARTESIAN_POINT('',(0.018288,-0.00162983333333333,8.31676292958284E-5));
#5427=CARTESIAN_POINT('',(0.018288,-0.00116416666666667,0.000286191163782734));
#5428=CARTESIAN_POINT('',(0.018796,-0.00116416666666667,0.000286191163782734));
#5429=CARTESIAN_POINT('',(0.018796,-0.0020955,-0.000119855905191078));
#5430=CARTESIAN_POINT('',(0.018288,0.,0.00079375));
#5431=CARTESIAN_POINT('',(0.018288,0.,0.00079375));
#5432=CARTESIAN_POINT('',(0.018288,-0.00162983333333333,0.00150433237070417));
#5433=CARTESIAN_POINT('',(0.018288,-0.00116416666666667,0.00130130883621727));
#5434=CARTESIAN_POINT('',(0.018796,-0.00116416666666667,0.00130130883621727));
#5435=CARTESIAN_POINT('',(0.018796,0.,0.00079375));
#5436=CARTESIAN_POINT('',(0.018288,-0.0020955,0.00170735590519108));
#5437=CARTESIAN_POINT('',(0.018288,-0.0020955,0.00170735590519108));
#5438=CARTESIAN_POINT('',(0.018288,-0.0015875,0.00170735590519109));
#5439=CARTESIAN_POINT('',(0.018288,-0.0010795,0.00170735590519109));
#5440=CARTESIAN_POINT('',(0.018796,-0.0010795,0.00170735590519109));
#5441=CARTESIAN_POINT('',(0.018796,-0.0020955,0.00170735590519108));
#5442=CARTESIAN_POINT('',(0.018288,-0.0010795,0.00079375));
#5443=CARTESIAN_POINT('',(0.018288,-0.0015875,0.00170735590519109));
#5444=CARTESIAN_POINT('',(0.018288,-0.0015875,0.00238125));
#5445=CARTESIAN_POINT('',(0.018288,-0.0010795,0.00238125));
#5446=CARTESIAN_POINT('',(0.018796,-0.0010795,0.00238125));
#5447=CARTESIAN_POINT('',(0.018796,-0.0010795,0.00238125));
#5448=CARTESIAN_POINT('',(0.01524,-0.0020955,0.00170735590519108));
#5449=CARTESIAN_POINT('',(0.0169515529325746,-0.0015875,0.00170735590519109));
#5450=CARTESIAN_POINT('',(0.01524,-0.00162983333333333,0.00150433237070417));
#5451=CARTESIAN_POINT('',(0.01524,0.0020955,0.00170735590519107));
#5452=CARTESIAN_POINT('',(0.01524,0.00162983333333333,0.00150433237070416));
#5453=CARTESIAN_POINT('',(0.0153906783269206,0.00162983333333333,0.00150433237070416));
#5454=CARTESIAN_POINT('',(0.018796,0.0015875,0.00170735590519107));
#5455=CARTESIAN_POINT('',(0.015382889405638,0.0015875,0.00170735590519107));
#5456=CARTESIAN_POINT('',(0.0153906783269206,0.00162983333333333,0.00150433237070416));
#5457=CARTESIAN_POINT('',(0.0153854584682503,0.00160184395363731,0.00156853045088268));
#5458=CARTESIAN_POINT('',(0.015382889405638,0.0015875,0.00163712361811213));
#5459=CARTESIAN_POINT('',(0.015382889405638,0.0015875,0.00170735590519107));
#5460=CARTESIAN_POINT('',(0.01524,-0.0020955,-0.000119855905191078));
#5461=CARTESIAN_POINT('',(0.01524,-0.00162983333333333,8.31676292958284E-5));
#5462=CARTESIAN_POINT('',(0.0169515529325746,-0.0015875,-0.000119855905191077));
#5463=CARTESIAN_POINT('',(0.01524,0.0020955,-0.00011985590519107));
#5464=CARTESIAN_POINT('',(0.015382889405638,0.0015875,-0.00011985590519107));
#5465=CARTESIAN_POINT('',(0.015382889405638,0.0015875,-0.000119855905191069));
#5466=CARTESIAN_POINT('',(0.01524,0.00162983333333333,8.31676292958349E-5));
#5467=CARTESIAN_POINT('',(0.0153906783269206,0.00162983333333333,8.3167629295835E-5));
#5468=CARTESIAN_POINT('',(0.015382889405638,0.0015875,-0.00011985590519107));
#5469=CARTESIAN_POINT('',(0.015382889405638,0.0015875,-4.96224778258004E-5));
#5470=CARTESIAN_POINT('',(0.0153854582979838,0.0016018430406522,1.89674550412155E-5));
#5471=CARTESIAN_POINT('',(0.0153906783269206,0.00162983333333333,8.31676292958352E-5));
#5472=CARTESIAN_POINT('',(0.0169515529325746,-0.0015875,-0.100068637861126));
#5473=CARTESIAN_POINT('',(0.02413,-0.0015875,-0.00079375));
#5474=CARTESIAN_POINT('',(0.0169515529325746,0.0015875,-0.100068637861126));
#5475=CARTESIAN_POINT('',(0.02413,0.0015875,-0.00079375));
#5476=CARTESIAN_POINT('',(0.015382889405638,0.0015875,-0.00079375));
#5477=CARTESIAN_POINT('',(0.015382889405638,0.0015875,0.00238125));
#5478=CARTESIAN_POINT('',(0.0169515529325746,-0.0015875,-0.100068637861126));
#5479=CARTESIAN_POINT('',(0.0169515529325746,-0.0015875,0.00238125));
#5480=CARTESIAN_POINT('',(0.0169515529325746,0.0015875,-0.100068637861126));
#5481=CARTESIAN_POINT('',(0.0169515529325746,0.0015875,0.00238125));
#5482=CARTESIAN_POINT('',(0.015382889405638,0.0015875,0.00238125));
#5483=CARTESIAN_POINT('',(0.015382889405638,0.0015875,0.00238125));
#5484=CARTESIAN_POINT('',(0.01524,0.,0.00079375));
#5485=CARTESIAN_POINT('',(0.01524,0.,0.00079375));
#5486=CARTESIAN_POINT('',(0.0153906783269206,0.00162983333333334,8.31676292958352E-5));
#5487=CARTESIAN_POINT('',(0.0154271986500967,0.00182565878696306,0.000532324356227527));
#5488=CARTESIAN_POINT('',(0.0154267891886501,0.00182346321566043,0.00106021153467304));
#5489=CARTESIAN_POINT('',(0.0153906783269206,0.00162983333333333,0.00150433237070416));
#5490=CARTESIAN_POINT('',(0.018796,0.,0.00079375));
#5491=CARTESIAN_POINT('',(0.018796,0.,0.00238125));
#5492=CARTESIAN_POINT('',(0.018796,0.,-0.00079375));
#5493=CARTESIAN_POINT('',(0.02413,-1.19036797375581E-18,0.00238125));
#5494=CARTESIAN_POINT('',(0.02413,-1.19036797375581E-18,0.00238125));
#5495=CARTESIAN_POINT('',(0.0168223267678043,0.00506260920192842,0.00238125));
#5496=CARTESIAN_POINT('',(0.0168223267678043,0.00506260920192842,0.00238125));
#5497=CARTESIAN_POINT('',(0.0168223267678043,0.00506260920192842,0.00170735590519108));
#5498=CARTESIAN_POINT('',(0.0168223267678043,0.00506260920192842,0.00170735590519108));
#5499=CARTESIAN_POINT('',(0.0168223267678043,0.00506260920192842,0.00163712247782581));
#5500=CARTESIAN_POINT('',(0.0168140011876941,0.00505065065942257,0.00156853254495879));
#5501=CARTESIAN_POINT('',(0.0167979001797911,0.00502716741580114,0.00150433237070417));
#5502=CARTESIAN_POINT('',(0.0167979001797911,0.00502716741580114,0.00150433237070417));
#5503=CARTESIAN_POINT('',(0.0167979001797911,0.00502716741580115,0.00150433237070417));
#5504=CARTESIAN_POINT('',(0.0166852544417696,0.00486287414144169,0.00105517564377248));
#5505=CARTESIAN_POINT('',(0.0166865174121607,0.00486471617776389,0.000527288465326964));
#5506=CARTESIAN_POINT('',(0.0167979001797911,0.00502716741580115,8.31676292958335E-5));
#5507=CARTESIAN_POINT('',(0.0167979001797911,0.00502716741580114,8.31676292958283E-5));
#5508=CARTESIAN_POINT('',(0.0167979001797911,0.00502716741580114,8.31676292958286E-5));
#5509=CARTESIAN_POINT('',(0.0168140006625127,0.00505064989344802,1.89695491173091E-5));
#5510=CARTESIAN_POINT('',(0.0168223267678043,0.00506260920192842,-4.96236181121405E-5));
#5511=CARTESIAN_POINT('',(0.0168223267678043,0.00506260920192842,-0.000119855905191077));
#5512=CARTESIAN_POINT('',(0.0168223267678043,0.00506260920192842,-0.000119855905191076));
#5513=CARTESIAN_POINT('',(0.0168223267678043,0.00506260920192842,0.00238125));
#5514=CARTESIAN_POINT('',(0.0168223267678043,0.00506260920192842,-0.00079375));
#5515=CARTESIAN_POINT('',(0.02413,-1.19036797375581E-18,-0.00079375));
#5516=CARTESIAN_POINT('',(0.0207624039545991,0.00489423958598269,-0.100068637861126));
#5517=CARTESIAN_POINT('',(0.0207624039545991,0.00489423958598269,0.00238125));
#5518=CARTESIAN_POINT('',(0.0211216141994418,0.00525344983082545,0.00238125));
#5519=CARTESIAN_POINT('',(0.0211216141994418,0.00453502934113992,0.00238125));
#5520=CARTESIAN_POINT('',(0.0211216141994418,0.00525344983082545,-0.100068637861126));
#5521=CARTESIAN_POINT('',(0.0211216141994418,0.00525344983082545,0.00170735590519107));
#5522=CARTESIAN_POINT('',(0.0207624039545991,0.00489423958598269,0.00170735590519107));
#5523=CARTESIAN_POINT('',(0.0211216141994418,0.00453502934113993,0.00170735590519107));
#5524=CARTESIAN_POINT('',(0.0211216141994418,0.00453502934113992,0.00079375));
#5525=CARTESIAN_POINT('',(0.0214808244442846,0.00561266007566822,0.00170735590519107));
#5526=CARTESIAN_POINT('',(0.0214808244442846,0.00561266007566822,0.00170735590519107));
#5527=CARTESIAN_POINT('',(0.0211515483865121,0.00528338401789569,0.00150433237070416));
#5528=CARTESIAN_POINT('',(0.0208222723287396,0.00495410796012315,0.00130130883621726));
#5529=CARTESIAN_POINT('',(0.0211814825735823,0.00459489771528038,0.00130130883621726));
#5530=CARTESIAN_POINT('',(0.0218400346891274,0.00525344983082546,0.00170735590519107));
#5531=CARTESIAN_POINT('',(0.0199990821843082,0.00413091781569181,0.00079375));
#5532=CARTESIAN_POINT('',(0.0199990821843082,0.00413091781569181,0.00079375));
#5533=CARTESIAN_POINT('',(0.0211515483865121,0.00528338401789569,8.31676292958349E-5));
#5534=CARTESIAN_POINT('',(0.0208222723287396,0.00495410796012315,0.000286191163782741));
#5535=CARTESIAN_POINT('',(0.0211814825735823,0.00459489771528038,0.000286191163782741));
#5536=CARTESIAN_POINT('',(0.020358292429151,0.00377170757084904,0.00079375));
#5537=CARTESIAN_POINT('',(0.0214808244442846,0.00561266007566822,-0.00011985590519107));
#5538=CARTESIAN_POINT('',(0.0214808244442846,0.00561266007566822,-0.00011985590519107));
#5539=CARTESIAN_POINT('',(0.0211216141994418,0.00525344983082545,-0.00011985590519107));
#5540=CARTESIAN_POINT('',(0.0207624039545991,0.00489423958598269,-0.00011985590519107));
#5541=CARTESIAN_POINT('',(0.0211216141994418,0.00453502934113993,-0.00011985590519107));
#5542=CARTESIAN_POINT('',(0.0218400346891274,0.00525344983082546,-0.00011985590519107));
#5543=CARTESIAN_POINT('',(0.0207624039545991,0.00489423958598269,-0.100068637861126));
#5544=CARTESIAN_POINT('',(0.0207624039545991,0.00489423958598269,-0.00079375));
#5545=CARTESIAN_POINT('',(0.0211216141994418,0.00453502934113992,-0.00079375));
#5546=CARTESIAN_POINT('',(0.0211216141994418,0.00525344983082545,-0.00079375));
#5547=CARTESIAN_POINT('',(0.0211216141994418,0.00453502934113992,0.00079375));
#5548=CARTESIAN_POINT('',(0.0211216141994418,0.00525344983082545,-0.100068637861126));
#5549=CARTESIAN_POINT('',(0.0192357604140173,0.00336759604540093,0.00079375));
#5550=CARTESIAN_POINT('',(0.0192357604140173,0.00336759604540093,-0.00079375));
#5551=CARTESIAN_POINT('',(0.0188765501691746,0.00300838580055817,-0.00079375));
#5552=CARTESIAN_POINT('',(0.0195949706588601,0.00300838580055817,-0.00079375));
#5553=CARTESIAN_POINT('',(0.0188765501691746,0.00300838580055817,-0.00079375));
#5554=CARTESIAN_POINT('',(0.0188765501691746,0.00300838580055817,-0.000119855905191077));
#5555=CARTESIAN_POINT('',(0.0192357604140173,0.00336759604540093,-0.000119855905191077));
#5556=CARTESIAN_POINT('',(0.0195949706588601,0.00300838580055817,-0.000119855905191077));
#5557=CARTESIAN_POINT('',(0.0195949706588601,0.00300838580055817,-0.000119855905191077));
#5558=CARTESIAN_POINT('',(0.0185173399243318,0.0026491755557154,-0.000119855905191078));
#5559=CARTESIAN_POINT('',(0.0185173399243318,0.0026491755557154,-0.000119855905191078));
#5560=CARTESIAN_POINT('',(0.0188466159821043,0.00297845161348794,8.31676292958284E-5));
#5561=CARTESIAN_POINT('',(0.0191758920398768,0.00330772767126047,0.000286191163782734));
#5562=CARTESIAN_POINT('',(0.0195351022847196,0.0029485174264177,0.000286191163782734));
#5563=CARTESIAN_POINT('',(0.0188765501691746,0.00228996531087264,-0.000119855905191078));
#5564=CARTESIAN_POINT('',(0.0199990821843082,0.00413091781569181,0.00079375));
#5565=CARTESIAN_POINT('',(0.0199990821843082,0.00413091781569181,0.00079375));
#5566=CARTESIAN_POINT('',(0.0188466159821043,0.00297845161348794,0.00150433237070417));
#5567=CARTESIAN_POINT('',(0.0191758920398768,0.00330772767126047,0.00130130883621727));
#5568=CARTESIAN_POINT('',(0.0195351022847196,0.0029485174264177,0.00130130883621727));
#5569=CARTESIAN_POINT('',(0.020358292429151,0.00377170757084904,0.00079375));
#5570=CARTESIAN_POINT('',(0.0185173399243318,0.0026491755557154,0.00170735590519108));
#5571=CARTESIAN_POINT('',(0.0185173399243318,0.0026491755557154,0.00170735590519108));
#5572=CARTESIAN_POINT('',(0.0188765501691746,0.00300838580055817,0.00170735590519109));
#5573=CARTESIAN_POINT('',(0.0192357604140173,0.00336759604540093,0.00170735590519109));
#5574=CARTESIAN_POINT('',(0.0195949706588601,0.00300838580055817,0.00170735590519109));
#5575=CARTESIAN_POINT('',(0.0188765501691746,0.00228996531087264,0.00170735590519108));
#5576=CARTESIAN_POINT('',(0.0192357604140173,0.00336759604540093,0.00079375));
#5577=CARTESIAN_POINT('',(0.0188765501691746,0.00300838580055817,0.00170735590519109));
#5578=CARTESIAN_POINT('',(0.0188765501691746,0.00300838580055817,0.00238125));
#5579=CARTESIAN_POINT('',(0.0192357604140173,0.00336759604540093,0.00238125));
#5580=CARTESIAN_POINT('',(0.0195949706588601,0.00300838580055817,0.00238125));
#5581=CARTESIAN_POINT('',(0.0195949706588601,0.00300838580055817,0.00238125));
#5582=CARTESIAN_POINT('',(0.0163620784552752,0.004804437024772,0.00170735590519108));
#5583=CARTESIAN_POINT('',(0.0179315393851011,0.00395339658463157,0.00170735590519109));
#5584=CARTESIAN_POINT('',(0.0166913545130477,0.00513371308254453,0.00150433237070417));
#5585=CARTESIAN_POINT('',(0.019325562975228,0.00776792154472482,0.00170735590519107));
#5586=CARTESIAN_POINT('',(0.0189962869174554,0.00743864548695229,0.00150433237070416));
#5587=CARTESIAN_POINT('',(0.0191028325841988,0.0073320998202089,0.00150433237070416));
#5588=CARTESIAN_POINT('',(0.0214808244442846,0.00489423958598269,0.00170735590519107));
#5589=CARTESIAN_POINT('',(0.0190673907980716,0.00730767323219571,0.00170735590519107));
#5590=CARTESIAN_POINT('',(0.0191028325841988,0.0073320998202089,0.00150433237070416));
#5591=CARTESIAN_POINT('',(0.019079350106552,0.00731599933748725,0.00156853045088268));
#5592=CARTESIAN_POINT('',(0.0190673907980716,0.00730767323219571,0.00163712361811214));
#5593=CARTESIAN_POINT('',(0.0190673907980716,0.00730767323219571,0.00170735590519107));
#5594=CARTESIAN_POINT('',(0.0163620784552752,0.004804437024772,-0.000119855905191078));
#5595=CARTESIAN_POINT('',(0.0166913545130477,0.00513371308254453,8.31676292958284E-5));
#5596=CARTESIAN_POINT('',(0.0179315393851011,0.00395339658463157,-0.000119855905191077));
#5597=CARTESIAN_POINT('',(0.019325562975228,0.00776792154472482,-0.00011985590519107));
#5598=CARTESIAN_POINT('',(0.0190673907980716,0.00730767323219571,-0.00011985590519107));
#5599=CARTESIAN_POINT('',(0.0190673907980716,0.00730767323219571,-0.000119855905191069));
#5600=CARTESIAN_POINT('',(0.0189962869174554,0.00743864548695229,8.31676292958349E-5));
#5601=CARTESIAN_POINT('',(0.0191028325841988,0.0073320998202089,8.3167629295835E-5));
#5602=CARTESIAN_POINT('',(0.0190673907980716,0.00730767323219571,-0.00011985590519107));
#5603=CARTESIAN_POINT('',(0.0190673907980716,0.00730767323219571,-4.96224778258035E-5));
#5604=CARTESIAN_POINT('',(0.0190793493405774,0.00731599881230587,1.89674550412148E-5));
#5605=CARTESIAN_POINT('',(0.0191028325841988,0.00733209982020889,8.31676292958352E-5));
#5606=CARTESIAN_POINT('',(0.0179315393851011,0.00395339658463157,-0.100068637861126));
#5607=CARTESIAN_POINT('',(0.0230074679848663,-0.00112253201513365,-0.00079375));
#5608=CARTESIAN_POINT('',(0.0201766034153684,0.00619846061489886,-0.100068637861126));
#5609=CARTESIAN_POINT('',(0.0252525320151337,0.00112253201513364,-0.00079375));
#5610=CARTESIAN_POINT('',(0.0190673907980716,0.00730767323219571,-0.00079375));
#5611=CARTESIAN_POINT('',(0.0190673907980716,0.00730767323219571,0.00238125));
#5612=CARTESIAN_POINT('',(0.0179315393851011,0.00395339658463157,-0.100068637861126));
#5613=CARTESIAN_POINT('',(0.0179315393851011,0.00395339658463157,0.00238125));
#5614=CARTESIAN_POINT('',(0.0201766034153684,0.00619846061489886,-0.100068637861126));
#5615=CARTESIAN_POINT('',(0.0201766034153684,0.00619846061489886,0.00238125));
#5616=CARTESIAN_POINT('',(0.0190673907980716,0.00730767323219571,0.00238125));
#5617=CARTESIAN_POINT('',(0.0190673907980716,0.00730767323219571,0.00238125));
#5618=CARTESIAN_POINT('',(0.0178438207152516,0.00628617928474841,0.00079375));
#5619=CARTESIAN_POINT('',(0.0178438207152516,0.00628617928474841,0.00079375));
#5620=CARTESIAN_POINT('',(0.0191028325841989,0.0073320998202089,8.31676292958312E-5));
#5621=CARTESIAN_POINT('',(0.0192671258585583,0.00744474555823046,0.000532324356227521));
#5622=CARTESIAN_POINT('',(0.0192652838222361,0.00744348258783933,0.00106021153467304));
#5623=CARTESIAN_POINT('',(0.0191028325841989,0.0073320998202089,0.00150433237070417));
#5624=CARTESIAN_POINT('',(0.020358292429151,0.00377170757084904,0.00079375));
#5625=CARTESIAN_POINT('',(0.020358292429151,0.00377170757084904,0.00238125));
#5626=CARTESIAN_POINT('',(0.020358292429151,0.00377170757084904,-0.00079375));
#5627=CARTESIAN_POINT('',(0.02413,-1.19036797375581E-18,0.00238125));
#5628=CARTESIAN_POINT('',(0.02413,-1.19036797375581E-18,0.00238125));
#5629=CARTESIAN_POINT('',(0.0225425,0.008747110594362,0.00238125));
#5630=CARTESIAN_POINT('',(0.0225425,0.008747110594362,0.00238125));
#5631=CARTESIAN_POINT('',(0.0225425,0.008747110594362,0.00170735590519108));
#5632=CARTESIAN_POINT('',(0.0225425,0.008747110594362,0.00170735590519108));
#5633=CARTESIAN_POINT('',(0.0225425,0.008747110594362,0.00163712247782581));
#5634=CARTESIAN_POINT('',(0.0225281569593478,0.00874454170201621,0.00156853254495879));
#5635=CARTESIAN_POINT('',(0.0225001666666667,0.00873932167307941,0.00150433237070417));
#5636=CARTESIAN_POINT('',(0.0225001666666667,0.00873932167307941,0.00150433237070417));
#5637=CARTESIAN_POINT('',(0.0225001666666667,0.00873932167307941,0.00150433237070417));
#5638=CARTESIAN_POINT('',(0.0223043412130369,0.0087028013499033,0.00105517564377247));
#5639=CARTESIAN_POINT('',(0.0223065367843396,0.00870321081134992,0.000527288465326963));
#5640=CARTESIAN_POINT('',(0.0225001666666667,0.00873932167307941,8.31676292958344E-5));
#5641=CARTESIAN_POINT('',(0.0225001666666667,0.00873932167307941,8.31676292958283E-5));
#5642=CARTESIAN_POINT('',(0.0225001666666667,0.00873932167307941,8.31676292958286E-5));
#5643=CARTESIAN_POINT('',(0.0225281560463627,0.00874454153174973,1.8969549117309E-5));
#5644=CARTESIAN_POINT('',(0.0225425,0.00874711059436201,-4.96236181121396E-5));
#5645=CARTESIAN_POINT('',(0.0225425,0.00874711059436201,-0.000119855905191077));
#5646=CARTESIAN_POINT('',(0.0225425,0.008747110594362,-0.000119855905191076));
#5647=CARTESIAN_POINT('',(0.0225425,0.008747110594362,0.00238125));
#5648=CARTESIAN_POINT('',(0.0225425,0.008747110594362,-0.00079375));
#5649=CARTESIAN_POINT('',(0.02413,-1.19036797375581E-18,-0.00079375));
#5650=CARTESIAN_POINT('',(0.02413,0.00889,0.00079375));
#5651=CARTESIAN_POINT('',(0.0257598333333333,0.00889,8.31676292958349E-5));
#5652=CARTESIAN_POINT('',(0.0257598333333333,0.005842,8.31676292958349E-5));
#5653=CARTESIAN_POINT('',(0.02413,0.005842,0.00079375));
#5654=CARTESIAN_POINT('',(0.0257598333333333,0.005842,0.00150433237070416));
#5655=CARTESIAN_POINT('',(0.0257598333333333,0.00889,0.00150433237070416));
#5656=CARTESIAN_POINT('',(0.02413,-3.46944695195361E-18,0.00238125));
#5657=CARTESIAN_POINT('',(0.02413,0.,0.00238125));
#5658=CARTESIAN_POINT('',(0.02618,0.,0.00238125));
#5659=CARTESIAN_POINT('',(0.0257175,0.00717844706742544,0.00238125));
#5660=CARTESIAN_POINT('',(0.0257175,0.005842,0.00238125));
#5661=CARTESIAN_POINT('',(0.0252095,0.005842,0.00238125));
#5662=CARTESIAN_POINT('',(0.0252095,0.005334,0.00238125));
#5663=CARTESIAN_POINT('',(0.02413,0.005334,0.00238125));
#5664=CARTESIAN_POINT('',(0.0230505,0.005334,0.00238125));
#5665=CARTESIAN_POINT('',(0.0230505,0.005842,0.00238125));
#5666=CARTESIAN_POINT('',(0.0225425,0.005842,0.00238125));
#5667=CARTESIAN_POINT('',(0.0225425,0.00717844706742544,0.00238125));
#5668=CARTESIAN_POINT('',(0.02413,-3.46944695195361E-18,-0.00079375));
#5669=CARTESIAN_POINT('',(0.02413,-0.003429,-0.00079375));
#5670=CARTESIAN_POINT('',(0.02338,-0.003429,-0.00079375));
#5671=CARTESIAN_POINT('',(0.02413,0.,-0.00079375));
#5672=CARTESIAN_POINT('',(0.02618,0.,-0.00079375));
#5673=CARTESIAN_POINT('',(0.0225425,-3.46944695195361E-18,-0.00079375));
#5674=CARTESIAN_POINT('',(0.0225425,0.005842,-0.00079375));
#5675=CARTESIAN_POINT('',(0.0230505,0.005842,-0.00079375));
#5676=CARTESIAN_POINT('',(0.0230505,0.005334,-0.00079375));
#5677=CARTESIAN_POINT('',(0.02413,0.005334,-0.00079375));
#5678=CARTESIAN_POINT('',(0.0252095,0.005334,-0.00079375));
#5679=CARTESIAN_POINT('',(0.0252095,0.005842,-0.00079375));
#5680=CARTESIAN_POINT('',(0.0257175,0.005842,-0.00079375));
#5681=CARTESIAN_POINT('',(0.0257175,-3.46944695195361E-18,-0.00079375));
#5682=CARTESIAN_POINT('',(0.02413,0.00889,0.00079375));
#5683=CARTESIAN_POINT('',(0.0225001666666667,0.00889,0.00150433237070417));
#5684=CARTESIAN_POINT('',(0.0225001666666667,0.005842,0.00150433237070417));
#5685=CARTESIAN_POINT('',(0.02413,0.005842,0.00079375));
#5686=CARTESIAN_POINT('',(0.0225001666666667,0.005842,8.31676292958284E-5));
#5687=CARTESIAN_POINT('',(0.0225001666666667,0.00889,8.31676292958284E-5));
#5688=CARTESIAN_POINT('',(0.02413,0.005334,0.00079375));
#5689=CARTESIAN_POINT('',(0.0220345,0.005334,0.00170735590519108));
#5690=CARTESIAN_POINT('',(0.0229658333333333,0.005334,0.00130130883621727));
#5691=CARTESIAN_POINT('',(0.0230505,0.005334,0.00170735590519109));
#5692=CARTESIAN_POINT('',(0.0230505,0.005334,0.00238125));
#5693=CARTESIAN_POINT('',(0.0252095,0.005334,0.00079375));
#5694=CARTESIAN_POINT('',(0.0252095,0.005334,0.00170735590519107));
#5695=CARTESIAN_POINT('',(0.0262255,0.005334,0.00170735590519107));
#5696=CARTESIAN_POINT('',(0.0252941666666667,0.005334,0.00130130883621726));
#5697=CARTESIAN_POINT('',(0.02413,0.005334,0.00079375));
#5698=CARTESIAN_POINT('',(0.0252941666666667,0.005334,0.000286191163782741));
#5699=CARTESIAN_POINT('',(0.0262255,0.005334,-0.00011985590519107));
#5700=CARTESIAN_POINT('',(0.0252095,0.005334,-0.00011985590519107));
#5701=CARTESIAN_POINT('',(0.0252095,0.005334,0.00079375));
#5702=CARTESIAN_POINT('',(0.0230505,0.005334,-0.000119855905191077));
#5703=CARTESIAN_POINT('',(0.0230505,0.005334,-0.000119855905191077));
#5704=CARTESIAN_POINT('',(0.0220345,0.005334,-0.000119855905191078));
#5705=CARTESIAN_POINT('',(0.0229658333333333,0.005334,0.000286191163782734));
#5706=CARTESIAN_POINT('',(0.02413,0.005334,0.00079375));
#5707=CARTESIAN_POINT('',(0.0257175,0.00717844706742544,-0.100068637861126));
#5708=CARTESIAN_POINT('',(0.0257175,0.005334,0.00170735590519107));
#5709=CARTESIAN_POINT('',(0.0257175,0.005842,0.00170735590519107));
#5710=CARTESIAN_POINT('',(0.0257175,0.005842,-0.100068637861126));
#5711=CARTESIAN_POINT('',(0.0257175,0.00717844706742544,-0.100068637861126));
#5712=CARTESIAN_POINT('',(0.0257175,0.005842,-0.100068637861126));
#5713=CARTESIAN_POINT('',(0.0257175,0.005842,-0.00011985590519107));
#5714=CARTESIAN_POINT('',(0.0257175,0.008747110594362,-0.00011985590519107));
#5715=CARTESIAN_POINT('',(0.0225425,0.00717844706742544,-0.100068637861126));
#5716=CARTESIAN_POINT('',(0.0225425,0.005842,0.00170735590519109));
#5717=CARTESIAN_POINT('',(0.0225425,0.005842,0.00170735590519109));
#5718=CARTESIAN_POINT('',(0.0225425,0.00717844706742544,0.00170735590519109));
#5719=CARTESIAN_POINT('',(0.0225425,0.00717844706742544,-0.100068637861126));
#5720=CARTESIAN_POINT('',(0.0225425,0.00717844706742544,-0.000119855905191077));
#5721=CARTESIAN_POINT('',(0.0225425,0.005842,-0.000119855905191077));
#5722=CARTESIAN_POINT('',(0.0225425,0.005842,-0.00079375));
#5723=CARTESIAN_POINT('',(0.0262255,0.00889,-0.00011985590519107));
#5724=CARTESIAN_POINT('',(0.0262255,0.005842,-0.00011985590519107));
#5725=CARTESIAN_POINT('',(0.0220345,0.00889,-0.000119855905191078));
#5726=CARTESIAN_POINT('',(0.0220345,0.005842,-0.000119855905191078));
#5727=CARTESIAN_POINT('',(0.0262255,0.00889,0.00170735590519107));
#5728=CARTESIAN_POINT('',(0.0262255,0.005842,0.00170735590519107));
#5729=CARTESIAN_POINT('',(0.0220345,0.00889,0.00170735590519108));
#5730=CARTESIAN_POINT('',(0.0220345,0.005842,0.00170735590519108));
#5731=CARTESIAN_POINT('',(0.0230505,0.005842,0.00079375));
#5732=CARTESIAN_POINT('',(0.0230505,0.005842,-0.000119855905191077));
#5733=CARTESIAN_POINT('',(0.0220345,0.005842,-0.000119855905191078));
#5734=CARTESIAN_POINT('',(0.0229658333333333,0.005842,0.000286191163782734));
#5735=CARTESIAN_POINT('',(0.02413,0.005842,0.00079375));
#5736=CARTESIAN_POINT('',(0.0229658333333333,0.005842,0.00130130883621727));
#5737=CARTESIAN_POINT('',(0.0220345,0.005842,0.00170735590519108));
#5738=CARTESIAN_POINT('',(0.0230505,0.005842,0.00170735590519109));
#5739=CARTESIAN_POINT('',(0.0230505,0.005842,0.00079375));
#5740=CARTESIAN_POINT('',(0.0252095,0.005842,-0.100068637861126));
#5741=CARTESIAN_POINT('',(0.0252095,0.005842,0.00170735590519107));
#5742=CARTESIAN_POINT('',(0.0262255,0.005842,0.00170735590519107));
#5743=CARTESIAN_POINT('',(0.0252941666666667,0.005842,0.00130130883621726));
#5744=CARTESIAN_POINT('',(0.02413,0.005842,0.00079375));
#5745=CARTESIAN_POINT('',(0.0252941666666667,0.005842,0.000286191163782741));
#5746=CARTESIAN_POINT('',(0.0262255,0.005842,-0.00011985590519107));
#5747=CARTESIAN_POINT('',(0.0252095,0.005842,-0.00011985590519107));
#5748=CARTESIAN_POINT('',(0.0252095,0.005842,-0.100068637861126));
#5749=CARTESIAN_POINT('',(0.02413,0.,0.0127));
#5750=CARTESIAN_POINT('',(0.02413,0.,0.00108125));
#5751=CARTESIAN_POINT('',(0.02618,0.,0.00108125));
#5752=CARTESIAN_POINT('',(0.022355,0.,0.00108125));
#5753=CARTESIAN_POINT('',(0.02413,0.,0.00108125));
#5754=CARTESIAN_POINT('',(0.02563,0.,0.00108125));
#5755=CARTESIAN_POINT('',(0.02413,0.,0.0127));
#5756=CARTESIAN_POINT('',(0.02413,0.,0.00050625));
#5757=CARTESIAN_POINT('',(0.02563,0.,0.00050625));
#5758=CARTESIAN_POINT('',(0.022355,0.,0.00050625));
#5759=CARTESIAN_POINT('',(0.02413,0.,0.00050625));
#5760=CARTESIAN_POINT('',(0.02618,0.,0.00050625));
#5761=CARTESIAN_POINT('',(0.02413,0.,0.0127));
#5762=CARTESIAN_POINT('',(0.02413,-0.003429,0.00020625));
#5763=CARTESIAN_POINT('',(0.02413,-0.003429,0.00020625));
#5764=CARTESIAN_POINT('',(0.02338,-0.003429,0.00020625));
#5765=CARTESIAN_POINT('',(0.02413,0.,0.00020625));
#5766=MECHANICAL_DESIGN_GEOMETRIC_PRESENTATION_REPRESENTATION('',(#3207),
#5767);
#5767=(
GEOMETRIC_REPRESENTATION_CONTEXT(3)
GLOBAL_UNCERTAINTY_ASSIGNED_CONTEXT((#5768))
GLOBAL_UNIT_ASSIGNED_CONTEXT((#5771,#5770,#5769))
REPRESENTATION_CONTEXT('Rotor 8P','TOP_LEVEL_ASSEMBLY_PART')
);
#5768=UNCERTAINTY_MEASURE_WITH_UNIT(LENGTH_MEASURE(2.E-5),#5771,
'DISTANCE_ACCURACY_VALUE','Maximum Tolerance applied to model');
#5769=(
NAMED_UNIT(*)
SI_UNIT($,.STERADIAN.)
SOLID_ANGLE_UNIT()
);
#5770=(
NAMED_UNIT(*)
PLANE_ANGLE_UNIT()
SI_UNIT($,.RADIAN.)
);
#5771=(
LENGTH_UNIT()
NAMED_UNIT(*)
SI_UNIT($,.METRE.)
);
#5772=PRODUCT_DEFINITION_SHAPE('','',#5773);
#5773=PRODUCT_DEFINITION('','',#5775,#5774);
#5774=PRODUCT_DEFINITION_CONTEXT('',#5781,'design');
#5775=PRODUCT_DEFINITION_FORMATION_WITH_SPECIFIED_SOURCE('','',#5777,
 .NOT_KNOWN.);
#5776=PRODUCT_RELATED_PRODUCT_CATEGORY('','',(#5777));
#5777=PRODUCT('Rotor 8P','Rotor 8P','Rotor 8P',(#5779));
#5778=PRODUCT_CATEGORY('','');
#5779=PRODUCT_CONTEXT('',#5781,'mechanical');
#5780=APPLICATION_PROTOCOL_DEFINITION('international standard',
'ap242_managed_model_based_3d_engineering',2011,#5781);
#5781=APPLICATION_CONTEXT('managed model based 3d engineering');
ENDSEC;
END-ISO-10303-21;
