ISO-10303-21;
HEADER;
/* Generated by software containing ST-Developer
 * from STEP Tools, Inc. (www.steptools.com) 
 */
/* OPTION: using custom renumber hook */

FILE_DESCRIPTION(
/* description */ ('STEP AP242',
'CAx-IF Rec.Pracs.---Representation and Presentation of Product Manufa
cturing Information (PMI)---4.0---2014-10-13',
'CAx-IF Rec.Pracs.---3D Tessellated Geometry---0.4---2014-09-14','2;1'),

/* implementation_level */ '2;1');

FILE_NAME(
/* name */ '68dd1e4ae47e39909400975f',
/* time_stamp */ '2025-10-01T12:27:55Z',
/* author */ (''),
/* organization */ (''),
/* preprocessor_version */ 'ST-DEVELOPER v20',
/* originating_system */ 'ONSHAPE BY PTC INC, 1.204',
/* authorisation */ '  ');

FILE_SCHEMA (('AP242_MANAGED_MODEL_BASED_3D_ENGINEERING_MIM_LF { 1 0 10303 442 1 1 4 }'));
ENDSEC;

DATA;
#10=SHAPE_REPRESENTATION_RELATIONSHIP('','',#1561,#11);
#11=ADVANCED_BREP_SHAPE_REPRESENTATION('',(#1559),#2809);
#12=TOROIDAL_SURFACE('',#1641,0.00227,0.001);
#13=TOROIDAL_SURFACE('',#1645,0.009033,0.001);
#14=TOROIDAL_SURFACE('',#1652,0.00408,0.001);
#15=TOROIDAL_SURFACE('',#1656,0.006207,0.001);
#16=TOROIDAL_SURFACE('',#1663,0.00227,0.001);
#17=TOROIDAL_SURFACE('',#1667,0.009033,0.001);
#18=TOROIDAL_SURFACE('',#1674,0.00408,0.001);
#19=TOROIDAL_SURFACE('',#1678,0.006207,0.001);
#20=TOROIDAL_SURFACE('',#1685,0.002405,0.0005);
#21=TOROIDAL_SURFACE('',#1689,0.007755,0.0005);
#22=TOROIDAL_SURFACE('',#1696,0.002675,0.0005);
#23=TOROIDAL_SURFACE('',#1700,0.007485,0.0005);
#24=TOROIDAL_SURFACE('',#1707,0.002675,0.0005);
#25=TOROIDAL_SURFACE('',#1711,0.007485,0.0005);
#26=TOROIDAL_SURFACE('',#1718,0.002405,0.0005);
#27=TOROIDAL_SURFACE('',#1722,0.007755,0.0005);
#28=TOROIDAL_SURFACE('',#1726,0.0006,0.0004);
#29=TOROIDAL_SURFACE('',#1733,0.0006,0.0004);
#30=TOROIDAL_SURFACE('',#1735,0.0006,0.0004);
#31=TOROIDAL_SURFACE('',#1741,0.0006,0.0004);
#32=TOROIDAL_SURFACE('',#1745,0.0009,0.0004);
#33=TOROIDAL_SURFACE('',#1747,0.0009,0.0004);
#34=TOROIDAL_SURFACE('',#1753,0.0009,0.0004);
#35=TOROIDAL_SURFACE('',#1755,0.0009,0.0004);
#36=TOROIDAL_SURFACE('',#1758,0.0005,0.0005);
#37=TOROIDAL_SURFACE('',#1765,0.0005,0.0005);
#38=TOROIDAL_SURFACE('',#1767,0.0005,0.0005);
#39=TOROIDAL_SURFACE('',#1773,0.0005,0.0005);
#40=TOROIDAL_SURFACE('',#1777,0.001,0.0005);
#41=TOROIDAL_SURFACE('',#1779,0.001,0.0005);
#42=TOROIDAL_SURFACE('',#1785,0.001,0.0005);
#43=TOROIDAL_SURFACE('',#1787,0.001,0.0005);
#44=CYLINDRICAL_SURFACE('',#1573,0.010033);
#45=CYLINDRICAL_SURFACE('',#1577,0.00127);
#46=CYLINDRICAL_SURFACE('',#1591,0.00508);
#47=CYLINDRICAL_SURFACE('',#1595,0.005207);
#48=CYLINDRICAL_SURFACE('',#1612,0.003175);
#49=CYLINDRICAL_SURFACE('',#1616,0.006985);
#50=CYLINDRICAL_SURFACE('',#1621,0.008255);
#51=CYLINDRICAL_SURFACE('',#1625,0.001905);
#52=CYLINDRICAL_SURFACE('',#1638,0.001);
#53=CYLINDRICAL_SURFACE('',#1643,0.001);
#54=CYLINDRICAL_SURFACE('',#1647,0.001);
#55=CYLINDRICAL_SURFACE('',#1649,0.001);
#56=CYLINDRICAL_SURFACE('',#1654,0.001);
#57=CYLINDRICAL_SURFACE('',#1658,0.001);
#58=CYLINDRICAL_SURFACE('',#1660,0.001);
#59=CYLINDRICAL_SURFACE('',#1665,0.001);
#60=CYLINDRICAL_SURFACE('',#1669,0.001);
#61=CYLINDRICAL_SURFACE('',#1671,0.001);
#62=CYLINDRICAL_SURFACE('',#1676,0.001);
#63=CYLINDRICAL_SURFACE('',#1680,0.001);
#64=CYLINDRICAL_SURFACE('',#1682,0.0005);
#65=CYLINDRICAL_SURFACE('',#1687,0.0005);
#66=CYLINDRICAL_SURFACE('',#1691,0.0005);
#67=CYLINDRICAL_SURFACE('',#1693,0.0005);
#68=CYLINDRICAL_SURFACE('',#1698,0.0005);
#69=CYLINDRICAL_SURFACE('',#1702,0.0005);
#70=CYLINDRICAL_SURFACE('',#1704,0.0005);
#71=CYLINDRICAL_SURFACE('',#1709,0.0005);
#72=CYLINDRICAL_SURFACE('',#1713,0.0005);
#73=CYLINDRICAL_SURFACE('',#1715,0.0005);
#74=CYLINDRICAL_SURFACE('',#1720,0.0005);
#75=CYLINDRICAL_SURFACE('',#1724,0.0005);
#76=CYLINDRICAL_SURFACE('',#1729,0.0004);
#77=CYLINDRICAL_SURFACE('',#1731,0.0004);
#78=CYLINDRICAL_SURFACE('',#1737,0.0004);
#79=CYLINDRICAL_SURFACE('',#1739,0.0004);
#80=CYLINDRICAL_SURFACE('',#1742,0.0004);
#81=CYLINDRICAL_SURFACE('',#1749,0.0004);
#82=CYLINDRICAL_SURFACE('',#1751,0.0004);
#83=CYLINDRICAL_SURFACE('',#1757,0.0004);
#84=CYLINDRICAL_SURFACE('',#1761,0.0005);
#85=CYLINDRICAL_SURFACE('',#1763,0.0005);
#86=CYLINDRICAL_SURFACE('',#1769,0.0005);
#87=CYLINDRICAL_SURFACE('',#1771,0.0005);
#88=CYLINDRICAL_SURFACE('',#1774,0.0005);
#89=CYLINDRICAL_SURFACE('',#1781,0.0005);
#90=CYLINDRICAL_SURFACE('',#1783,0.0005);
#91=CYLINDRICAL_SURFACE('',#1789,0.0005);
#92=CYLINDRICAL_SURFACE('',#1790,0.00075);
#93=CIRCLE('',#1564,0.0005);
#94=CIRCLE('',#1565,0.0005);
#95=CIRCLE('',#1566,0.0005);
#96=CIRCLE('',#1567,0.0005);
#97=CIRCLE('',#1568,0.001);
#98=CIRCLE('',#1569,0.001);
#99=CIRCLE('',#1570,0.001);
#100=CIRCLE('',#1571,0.001);
#101=CIRCLE('',#1574,0.010033);
#102=CIRCLE('',#1575,0.010033);
#103=CIRCLE('',#1578,0.00127);
#104=CIRCLE('',#1579,0.00127);
#105=CIRCLE('',#1582,0.0006);
#106=CIRCLE('',#1583,0.0006);
#107=CIRCLE('',#1584,0.0006);
#108=CIRCLE('',#1585,0.0006);
#109=CIRCLE('',#1586,0.0009);
#110=CIRCLE('',#1587,0.0009);
#111=CIRCLE('',#1588,0.0009);
#112=CIRCLE('',#1589,0.0009);
#113=CIRCLE('',#1592,0.00508);
#114=CIRCLE('',#1593,0.00508);
#115=CIRCLE('',#1596,0.005207);
#116=CIRCLE('',#1597,0.005207);
#117=CIRCLE('',#1600,0.00075);
#118=CIRCLE('',#1601,0.009033);
#119=CIRCLE('',#1602,0.00227);
#120=CIRCLE('',#1603,0.00408);
#121=CIRCLE('',#1604,0.006207);
#122=CIRCLE('',#1606,0.006207);
#123=CIRCLE('',#1607,0.00408);
#124=CIRCLE('',#1608,0.00227);
#125=CIRCLE('',#1609,0.009033);
#126=CIRCLE('',#1613,0.003175);
#127=CIRCLE('',#1614,0.003175);
#128=CIRCLE('',#1617,0.006985);
#129=CIRCLE('',#1618,0.006985);
#130=CIRCLE('',#1622,0.008255);
#131=CIRCLE('',#1623,0.008255);
#132=CIRCLE('',#1626,0.001905);
#133=CIRCLE('',#1627,0.001905);
#134=CIRCLE('',#1629,0.007485);
#135=CIRCLE('',#1630,0.002675);
#136=CIRCLE('',#1631,0.002405);
#137=CIRCLE('',#1632,0.007755);
#138=CIRCLE('',#1634,0.007755);
#139=CIRCLE('',#1635,0.002405);
#140=CIRCLE('',#1636,0.002675);
#141=CIRCLE('',#1637,0.007485);
#142=CIRCLE('',#1639,0.001);
#143=CIRCLE('',#1640,0.001);
#144=CIRCLE('',#1642,0.001);
#145=CIRCLE('',#1644,0.001);
#146=CIRCLE('',#1646,0.001);
#147=CIRCLE('',#1648,0.001);
#148=CIRCLE('',#1650,0.001);
#149=CIRCLE('',#1651,0.001);
#150=CIRCLE('',#1653,0.001);
#151=CIRCLE('',#1655,0.001);
#152=CIRCLE('',#1657,0.001);
#153=CIRCLE('',#1659,0.001);
#154=CIRCLE('',#1661,0.001);
#155=CIRCLE('',#1662,0.001);
#156=CIRCLE('',#1664,0.001);
#157=CIRCLE('',#1666,0.001);
#158=CIRCLE('',#1668,0.001);
#159=CIRCLE('',#1670,0.001);
#160=CIRCLE('',#1672,0.001);
#161=CIRCLE('',#1673,0.001);
#162=CIRCLE('',#1675,0.001);
#163=CIRCLE('',#1677,0.001);
#164=CIRCLE('',#1679,0.001);
#165=CIRCLE('',#1681,0.001);
#166=CIRCLE('',#1683,0.0005);
#167=CIRCLE('',#1684,0.0005);
#168=CIRCLE('',#1686,0.0005);
#169=CIRCLE('',#1688,0.0005);
#170=CIRCLE('',#1690,0.0005);
#171=CIRCLE('',#1692,0.0005);
#172=CIRCLE('',#1694,0.0005);
#173=CIRCLE('',#1695,0.0005);
#174=CIRCLE('',#1697,0.0005);
#175=CIRCLE('',#1699,0.0005);
#176=CIRCLE('',#1701,0.0005);
#177=CIRCLE('',#1703,0.0005);
#178=CIRCLE('',#1705,0.0005);
#179=CIRCLE('',#1706,0.0005);
#180=CIRCLE('',#1708,0.0005);
#181=CIRCLE('',#1710,0.0005);
#182=CIRCLE('',#1712,0.0005);
#183=CIRCLE('',#1714,0.0005);
#184=CIRCLE('',#1716,0.0005);
#185=CIRCLE('',#1717,0.0005);
#186=CIRCLE('',#1719,0.0005);
#187=CIRCLE('',#1721,0.0005);
#188=CIRCLE('',#1723,0.0005);
#189=CIRCLE('',#1725,0.0005);
#190=CIRCLE('',#1727,0.0004);
#191=CIRCLE('',#1728,0.0004);
#192=CIRCLE('',#1730,0.0004);
#193=CIRCLE('',#1732,0.0004);
#194=CIRCLE('',#1734,0.0004);
#195=CIRCLE('',#1736,0.0004);
#196=CIRCLE('',#1738,0.0004);
#197=CIRCLE('',#1740,0.0004);
#198=CIRCLE('',#1743,0.0004);
#199=CIRCLE('',#1744,0.0004);
#200=CIRCLE('',#1746,0.0004);
#201=CIRCLE('',#1748,0.0004);
#202=CIRCLE('',#1750,0.0004);
#203=CIRCLE('',#1752,0.0004);
#204=CIRCLE('',#1754,0.0004);
#205=CIRCLE('',#1756,0.0004);
#206=CIRCLE('',#1759,0.0005);
#207=CIRCLE('',#1760,0.0005);
#208=CIRCLE('',#1762,0.0005);
#209=CIRCLE('',#1764,0.0005);
#210=CIRCLE('',#1766,0.0005);
#211=CIRCLE('',#1768,0.0005);
#212=CIRCLE('',#1770,0.0005);
#213=CIRCLE('',#1772,0.0005);
#214=CIRCLE('',#1775,0.0005);
#215=CIRCLE('',#1776,0.0005);
#216=CIRCLE('',#1778,0.0005);
#217=CIRCLE('',#1780,0.0005);
#218=CIRCLE('',#1782,0.0005);
#219=CIRCLE('',#1784,0.0005);
#220=CIRCLE('',#1786,0.0005);
#221=CIRCLE('',#1788,0.0005);
#222=CIRCLE('',#1791,0.00075);
#223=ORIENTED_EDGE('',*,*,#675,.T.);
#224=ORIENTED_EDGE('',*,*,#676,.T.);
#225=ORIENTED_EDGE('',*,*,#677,.T.);
#226=ORIENTED_EDGE('',*,*,#678,.T.);
#227=ORIENTED_EDGE('',*,*,#679,.T.);
#228=ORIENTED_EDGE('',*,*,#680,.T.);
#229=ORIENTED_EDGE('',*,*,#681,.T.);
#230=ORIENTED_EDGE('',*,*,#682,.T.);
#231=ORIENTED_EDGE('',*,*,#683,.T.);
#232=ORIENTED_EDGE('',*,*,#684,.T.);
#233=ORIENTED_EDGE('',*,*,#685,.T.);
#234=ORIENTED_EDGE('',*,*,#686,.T.);
#235=ORIENTED_EDGE('',*,*,#687,.T.);
#236=ORIENTED_EDGE('',*,*,#688,.T.);
#237=ORIENTED_EDGE('',*,*,#689,.T.);
#238=ORIENTED_EDGE('',*,*,#690,.T.);
#239=ORIENTED_EDGE('',*,*,#691,.T.);
#240=ORIENTED_EDGE('',*,*,#692,.T.);
#241=ORIENTED_EDGE('',*,*,#693,.T.);
#242=ORIENTED_EDGE('',*,*,#694,.F.);
#243=ORIENTED_EDGE('',*,*,#694,.T.);
#244=ORIENTED_EDGE('',*,*,#695,.T.);
#245=ORIENTED_EDGE('',*,*,#696,.F.);
#246=ORIENTED_EDGE('',*,*,#697,.T.);
#247=ORIENTED_EDGE('',*,*,#696,.T.);
#248=ORIENTED_EDGE('',*,*,#698,.T.);
#249=ORIENTED_EDGE('',*,*,#699,.F.);
#250=ORIENTED_EDGE('',*,*,#700,.T.);
#251=ORIENTED_EDGE('',*,*,#699,.T.);
#252=ORIENTED_EDGE('',*,*,#701,.T.);
#253=ORIENTED_EDGE('',*,*,#702,.F.);
#254=ORIENTED_EDGE('',*,*,#703,.T.);
#255=ORIENTED_EDGE('',*,*,#704,.T.);
#256=ORIENTED_EDGE('',*,*,#705,.T.);
#257=ORIENTED_EDGE('',*,*,#706,.T.);
#258=ORIENTED_EDGE('',*,*,#702,.T.);
#259=ORIENTED_EDGE('',*,*,#707,.T.);
#260=ORIENTED_EDGE('',*,*,#708,.T.);
#261=ORIENTED_EDGE('',*,*,#709,.T.);
#262=ORIENTED_EDGE('',*,*,#710,.T.);
#263=ORIENTED_EDGE('',*,*,#711,.T.);
#264=ORIENTED_EDGE('',*,*,#712,.T.);
#265=ORIENTED_EDGE('',*,*,#713,.T.);
#266=ORIENTED_EDGE('',*,*,#714,.T.);
#267=ORIENTED_EDGE('',*,*,#715,.T.);
#268=ORIENTED_EDGE('',*,*,#716,.T.);
#269=ORIENTED_EDGE('',*,*,#717,.T.);
#270=ORIENTED_EDGE('',*,*,#718,.T.);
#271=ORIENTED_EDGE('',*,*,#719,.T.);
#272=ORIENTED_EDGE('',*,*,#720,.T.);
#273=ORIENTED_EDGE('',*,*,#721,.T.);
#274=ORIENTED_EDGE('',*,*,#722,.T.);
#275=ORIENTED_EDGE('',*,*,#723,.T.);
#276=ORIENTED_EDGE('',*,*,#724,.T.);
#277=ORIENTED_EDGE('',*,*,#725,.T.);
#278=ORIENTED_EDGE('',*,*,#726,.F.);
#279=ORIENTED_EDGE('',*,*,#726,.T.);
#280=ORIENTED_EDGE('',*,*,#727,.T.);
#281=ORIENTED_EDGE('',*,*,#728,.F.);
#282=ORIENTED_EDGE('',*,*,#729,.T.);
#283=ORIENTED_EDGE('',*,*,#728,.T.);
#284=ORIENTED_EDGE('',*,*,#730,.T.);
#285=ORIENTED_EDGE('',*,*,#731,.F.);
#286=ORIENTED_EDGE('',*,*,#732,.T.);
#287=ORIENTED_EDGE('',*,*,#731,.T.);
#288=ORIENTED_EDGE('',*,*,#733,.T.);
#289=ORIENTED_EDGE('',*,*,#734,.F.);
#290=ORIENTED_EDGE('',*,*,#735,.T.);
#291=ORIENTED_EDGE('',*,*,#736,.T.);
#292=ORIENTED_EDGE('',*,*,#737,.T.);
#293=ORIENTED_EDGE('',*,*,#738,.T.);
#294=ORIENTED_EDGE('',*,*,#734,.T.);
#295=ORIENTED_EDGE('',*,*,#739,.F.);
#296=ORIENTED_EDGE('',*,*,#740,.T.);
#297=ORIENTED_EDGE('',*,*,#741,.T.);
#298=ORIENTED_EDGE('',*,*,#742,.T.);
#299=ORIENTED_EDGE('',*,*,#743,.T.);
#300=ORIENTED_EDGE('',*,*,#744,.T.);
#301=ORIENTED_EDGE('',*,*,#745,.T.);
#302=ORIENTED_EDGE('',*,*,#746,.T.);
#303=ORIENTED_EDGE('',*,*,#747,.T.);
#304=ORIENTED_EDGE('',*,*,#748,.T.);
#305=ORIENTED_EDGE('',*,*,#749,.T.);
#306=ORIENTED_EDGE('',*,*,#750,.T.);
#307=ORIENTED_EDGE('',*,*,#751,.T.);
#308=ORIENTED_EDGE('',*,*,#752,.T.);
#309=ORIENTED_EDGE('',*,*,#753,.T.);
#310=ORIENTED_EDGE('',*,*,#754,.T.);
#311=ORIENTED_EDGE('',*,*,#755,.T.);
#312=ORIENTED_EDGE('',*,*,#756,.T.);
#313=ORIENTED_EDGE('',*,*,#757,.T.);
#314=ORIENTED_EDGE('',*,*,#758,.T.);
#315=ORIENTED_EDGE('',*,*,#759,.T.);
#316=ORIENTED_EDGE('',*,*,#760,.T.);
#317=ORIENTED_EDGE('',*,*,#761,.T.);
#318=ORIENTED_EDGE('',*,*,#762,.T.);
#319=ORIENTED_EDGE('',*,*,#763,.T.);
#320=ORIENTED_EDGE('',*,*,#764,.T.);
#321=ORIENTED_EDGE('',*,*,#765,.T.);
#322=ORIENTED_EDGE('',*,*,#766,.T.);
#323=ORIENTED_EDGE('',*,*,#767,.F.);
#324=ORIENTED_EDGE('',*,*,#768,.T.);
#325=ORIENTED_EDGE('',*,*,#769,.T.);
#326=ORIENTED_EDGE('',*,*,#770,.T.);
#327=ORIENTED_EDGE('',*,*,#771,.T.);
#328=ORIENTED_EDGE('',*,*,#771,.F.);
#329=ORIENTED_EDGE('',*,*,#772,.T.);
#330=ORIENTED_EDGE('',*,*,#773,.T.);
#331=ORIENTED_EDGE('',*,*,#774,.T.);
#332=ORIENTED_EDGE('',*,*,#773,.F.);
#333=ORIENTED_EDGE('',*,*,#775,.T.);
#334=ORIENTED_EDGE('',*,*,#776,.T.);
#335=ORIENTED_EDGE('',*,*,#777,.T.);
#336=ORIENTED_EDGE('',*,*,#776,.F.);
#337=ORIENTED_EDGE('',*,*,#778,.T.);
#338=ORIENTED_EDGE('',*,*,#779,.T.);
#339=ORIENTED_EDGE('',*,*,#780,.T.);
#340=ORIENTED_EDGE('',*,*,#781,.T.);
#341=ORIENTED_EDGE('',*,*,#782,.T.);
#342=ORIENTED_EDGE('',*,*,#783,.T.);
#343=ORIENTED_EDGE('',*,*,#779,.F.);
#344=ORIENTED_EDGE('',*,*,#784,.T.);
#345=ORIENTED_EDGE('',*,*,#785,.T.);
#346=ORIENTED_EDGE('',*,*,#786,.T.);
#347=ORIENTED_EDGE('',*,*,#787,.T.);
#348=ORIENTED_EDGE('',*,*,#787,.F.);
#349=ORIENTED_EDGE('',*,*,#788,.T.);
#350=ORIENTED_EDGE('',*,*,#789,.T.);
#351=ORIENTED_EDGE('',*,*,#790,.T.);
#352=ORIENTED_EDGE('',*,*,#789,.F.);
#353=ORIENTED_EDGE('',*,*,#791,.T.);
#354=ORIENTED_EDGE('',*,*,#792,.T.);
#355=ORIENTED_EDGE('',*,*,#793,.T.);
#356=ORIENTED_EDGE('',*,*,#792,.F.);
#357=ORIENTED_EDGE('',*,*,#794,.T.);
#358=ORIENTED_EDGE('',*,*,#767,.T.);
#359=ORIENTED_EDGE('',*,*,#795,.T.);
#360=ORIENTED_EDGE('',*,*,#796,.T.);
#361=ORIENTED_EDGE('',*,*,#797,.T.);
#362=ORIENTED_EDGE('',*,*,#798,.T.);
#363=ORIENTED_EDGE('',*,*,#799,.T.);
#364=ORIENTED_EDGE('',*,*,#800,.T.);
#365=ORIENTED_EDGE('',*,*,#801,.T.);
#366=ORIENTED_EDGE('',*,*,#802,.T.);
#367=ORIENTED_EDGE('',*,*,#803,.T.);
#368=ORIENTED_EDGE('',*,*,#804,.T.);
#369=ORIENTED_EDGE('',*,*,#805,.T.);
#370=ORIENTED_EDGE('',*,*,#806,.T.);
#371=ORIENTED_EDGE('',*,*,#807,.T.);
#372=ORIENTED_EDGE('',*,*,#808,.T.);
#373=ORIENTED_EDGE('',*,*,#809,.T.);
#374=ORIENTED_EDGE('',*,*,#810,.T.);
#375=ORIENTED_EDGE('',*,*,#811,.T.);
#376=ORIENTED_EDGE('',*,*,#812,.T.);
#377=ORIENTED_EDGE('',*,*,#813,.T.);
#378=ORIENTED_EDGE('',*,*,#814,.T.);
#379=ORIENTED_EDGE('',*,*,#815,.T.);
#380=ORIENTED_EDGE('',*,*,#816,.T.);
#381=ORIENTED_EDGE('',*,*,#817,.T.);
#382=ORIENTED_EDGE('',*,*,#818,.T.);
#383=ORIENTED_EDGE('',*,*,#819,.T.);
#384=ORIENTED_EDGE('',*,*,#760,.F.);
#385=ORIENTED_EDGE('',*,*,#820,.T.);
#386=ORIENTED_EDGE('',*,*,#704,.F.);
#387=ORIENTED_EDGE('',*,*,#821,.F.);
#388=ORIENTED_EDGE('',*,*,#821,.T.);
#389=ORIENTED_EDGE('',*,*,#701,.F.);
#390=ORIENTED_EDGE('',*,*,#822,.F.);
#391=ORIENTED_EDGE('',*,*,#761,.F.);
#392=ORIENTED_EDGE('',*,*,#822,.T.);
#393=ORIENTED_EDGE('',*,*,#698,.F.);
#394=ORIENTED_EDGE('',*,*,#823,.F.);
#395=ORIENTED_EDGE('',*,*,#762,.F.);
#396=ORIENTED_EDGE('',*,*,#823,.T.);
#397=ORIENTED_EDGE('',*,*,#695,.F.);
#398=ORIENTED_EDGE('',*,*,#824,.F.);
#399=ORIENTED_EDGE('',*,*,#763,.F.);
#400=ORIENTED_EDGE('',*,*,#693,.F.);
#401=ORIENTED_EDGE('',*,*,#825,.T.);
#402=ORIENTED_EDGE('',*,*,#752,.F.);
#403=ORIENTED_EDGE('',*,*,#824,.T.);
#404=ORIENTED_EDGE('',*,*,#725,.F.);
#405=ORIENTED_EDGE('',*,*,#826,.T.);
#406=ORIENTED_EDGE('',*,*,#758,.F.);
#407=ORIENTED_EDGE('',*,*,#827,.F.);
#408=ORIENTED_EDGE('',*,*,#827,.T.);
#409=ORIENTED_EDGE('',*,*,#757,.F.);
#410=ORIENTED_EDGE('',*,*,#828,.F.);
#411=ORIENTED_EDGE('',*,*,#727,.F.);
#412=ORIENTED_EDGE('',*,*,#828,.T.);
#413=ORIENTED_EDGE('',*,*,#756,.F.);
#414=ORIENTED_EDGE('',*,*,#829,.F.);
#415=ORIENTED_EDGE('',*,*,#730,.F.);
#416=ORIENTED_EDGE('',*,*,#829,.T.);
#417=ORIENTED_EDGE('',*,*,#755,.F.);
#418=ORIENTED_EDGE('',*,*,#830,.F.);
#419=ORIENTED_EDGE('',*,*,#733,.F.);
#420=ORIENTED_EDGE('',*,*,#754,.F.);
#421=ORIENTED_EDGE('',*,*,#831,.T.);
#422=ORIENTED_EDGE('',*,*,#736,.F.);
#423=ORIENTED_EDGE('',*,*,#830,.T.);
#424=ORIENTED_EDGE('',*,*,#706,.F.);
#425=ORIENTED_EDGE('',*,*,#832,.T.);
#426=ORIENTED_EDGE('',*,*,#746,.F.);
#427=ORIENTED_EDGE('',*,*,#833,.F.);
#428=ORIENTED_EDGE('',*,*,#833,.T.);
#429=ORIENTED_EDGE('',*,*,#745,.F.);
#430=ORIENTED_EDGE('',*,*,#834,.F.);
#431=ORIENTED_EDGE('',*,*,#703,.F.);
#432=ORIENTED_EDGE('',*,*,#834,.T.);
#433=ORIENTED_EDGE('',*,*,#744,.F.);
#434=ORIENTED_EDGE('',*,*,#835,.F.);
#435=ORIENTED_EDGE('',*,*,#700,.F.);
#436=ORIENTED_EDGE('',*,*,#835,.T.);
#437=ORIENTED_EDGE('',*,*,#743,.F.);
#438=ORIENTED_EDGE('',*,*,#836,.F.);
#439=ORIENTED_EDGE('',*,*,#697,.F.);
#440=ORIENTED_EDGE('',*,*,#742,.F.);
#441=ORIENTED_EDGE('',*,*,#837,.T.);
#442=ORIENTED_EDGE('',*,*,#691,.F.);
#443=ORIENTED_EDGE('',*,*,#836,.T.);
#444=ORIENTED_EDGE('',*,*,#748,.F.);
#445=ORIENTED_EDGE('',*,*,#838,.T.);
#446=ORIENTED_EDGE('',*,*,#723,.F.);
#447=ORIENTED_EDGE('',*,*,#839,.F.);
#448=ORIENTED_EDGE('',*,*,#839,.T.);
#449=ORIENTED_EDGE('',*,*,#729,.F.);
#450=ORIENTED_EDGE('',*,*,#840,.F.);
#451=ORIENTED_EDGE('',*,*,#749,.F.);
#452=ORIENTED_EDGE('',*,*,#840,.T.);
#453=ORIENTED_EDGE('',*,*,#732,.F.);
#454=ORIENTED_EDGE('',*,*,#841,.F.);
#455=ORIENTED_EDGE('',*,*,#750,.F.);
#456=ORIENTED_EDGE('',*,*,#841,.T.);
#457=ORIENTED_EDGE('',*,*,#735,.F.);
#458=ORIENTED_EDGE('',*,*,#842,.F.);
#459=ORIENTED_EDGE('',*,*,#751,.F.);
#460=ORIENTED_EDGE('',*,*,#738,.F.);
#461=ORIENTED_EDGE('',*,*,#843,.T.);
#462=ORIENTED_EDGE('',*,*,#740,.F.);
#463=ORIENTED_EDGE('',*,*,#842,.T.);
#464=ORIENTED_EDGE('',*,*,#804,.F.);
#465=ORIENTED_EDGE('',*,*,#844,.T.);
#466=ORIENTED_EDGE('',*,*,#764,.F.);
#467=ORIENTED_EDGE('',*,*,#845,.F.);
#468=ORIENTED_EDGE('',*,*,#845,.T.);
#469=ORIENTED_EDGE('',*,*,#794,.F.);
#470=ORIENTED_EDGE('',*,*,#846,.F.);
#471=ORIENTED_EDGE('',*,*,#805,.F.);
#472=ORIENTED_EDGE('',*,*,#846,.T.);
#473=ORIENTED_EDGE('',*,*,#791,.F.);
#474=ORIENTED_EDGE('',*,*,#847,.F.);
#475=ORIENTED_EDGE('',*,*,#806,.F.);
#476=ORIENTED_EDGE('',*,*,#847,.T.);
#477=ORIENTED_EDGE('',*,*,#788,.F.);
#478=ORIENTED_EDGE('',*,*,#848,.F.);
#479=ORIENTED_EDGE('',*,*,#807,.F.);
#480=ORIENTED_EDGE('',*,*,#786,.F.);
#481=ORIENTED_EDGE('',*,*,#849,.T.);
#482=ORIENTED_EDGE('',*,*,#796,.F.);
#483=ORIENTED_EDGE('',*,*,#848,.T.);
#484=ORIENTED_EDGE('',*,*,#770,.F.);
#485=ORIENTED_EDGE('',*,*,#850,.T.);
#486=ORIENTED_EDGE('',*,*,#802,.F.);
#487=ORIENTED_EDGE('',*,*,#851,.F.);
#488=ORIENTED_EDGE('',*,*,#851,.T.);
#489=ORIENTED_EDGE('',*,*,#801,.F.);
#490=ORIENTED_EDGE('',*,*,#852,.F.);
#491=ORIENTED_EDGE('',*,*,#772,.F.);
#492=ORIENTED_EDGE('',*,*,#852,.T.);
#493=ORIENTED_EDGE('',*,*,#800,.F.);
#494=ORIENTED_EDGE('',*,*,#853,.F.);
#495=ORIENTED_EDGE('',*,*,#775,.F.);
#496=ORIENTED_EDGE('',*,*,#853,.T.);
#497=ORIENTED_EDGE('',*,*,#799,.F.);
#498=ORIENTED_EDGE('',*,*,#854,.F.);
#499=ORIENTED_EDGE('',*,*,#778,.F.);
#500=ORIENTED_EDGE('',*,*,#798,.F.);
#501=ORIENTED_EDGE('',*,*,#855,.T.);
#502=ORIENTED_EDGE('',*,*,#781,.F.);
#503=ORIENTED_EDGE('',*,*,#854,.T.);
#504=ORIENTED_EDGE('',*,*,#816,.F.);
#505=ORIENTED_EDGE('',*,*,#856,.T.);
#506=ORIENTED_EDGE('',*,*,#768,.F.);
#507=ORIENTED_EDGE('',*,*,#857,.F.);
#508=ORIENTED_EDGE('',*,*,#857,.T.);
#509=ORIENTED_EDGE('',*,*,#774,.F.);
#510=ORIENTED_EDGE('',*,*,#858,.F.);
#511=ORIENTED_EDGE('',*,*,#817,.F.);
#512=ORIENTED_EDGE('',*,*,#858,.T.);
#513=ORIENTED_EDGE('',*,*,#777,.F.);
#514=ORIENTED_EDGE('',*,*,#859,.F.);
#515=ORIENTED_EDGE('',*,*,#818,.F.);
#516=ORIENTED_EDGE('',*,*,#859,.T.);
#517=ORIENTED_EDGE('',*,*,#780,.F.);
#518=ORIENTED_EDGE('',*,*,#860,.F.);
#519=ORIENTED_EDGE('',*,*,#819,.F.);
#520=ORIENTED_EDGE('',*,*,#783,.F.);
#521=ORIENTED_EDGE('',*,*,#861,.T.);
#522=ORIENTED_EDGE('',*,*,#808,.F.);
#523=ORIENTED_EDGE('',*,*,#860,.T.);
#524=ORIENTED_EDGE('',*,*,#766,.F.);
#525=ORIENTED_EDGE('',*,*,#862,.T.);
#526=ORIENTED_EDGE('',*,*,#814,.F.);
#527=ORIENTED_EDGE('',*,*,#863,.F.);
#528=ORIENTED_EDGE('',*,*,#863,.T.);
#529=ORIENTED_EDGE('',*,*,#813,.F.);
#530=ORIENTED_EDGE('',*,*,#864,.F.);
#531=ORIENTED_EDGE('',*,*,#795,.F.);
#532=ORIENTED_EDGE('',*,*,#864,.T.);
#533=ORIENTED_EDGE('',*,*,#812,.F.);
#534=ORIENTED_EDGE('',*,*,#865,.F.);
#535=ORIENTED_EDGE('',*,*,#793,.F.);
#536=ORIENTED_EDGE('',*,*,#865,.T.);
#537=ORIENTED_EDGE('',*,*,#811,.F.);
#538=ORIENTED_EDGE('',*,*,#866,.F.);
#539=ORIENTED_EDGE('',*,*,#790,.F.);
#540=ORIENTED_EDGE('',*,*,#810,.F.);
#541=ORIENTED_EDGE('',*,*,#867,.T.);
#542=ORIENTED_EDGE('',*,*,#784,.F.);
#543=ORIENTED_EDGE('',*,*,#866,.T.);
#544=ORIENTED_EDGE('',*,*,#868,.F.);
#545=ORIENTED_EDGE('',*,*,#826,.F.);
#546=ORIENTED_EDGE('',*,*,#869,.F.);
#547=ORIENTED_EDGE('',*,*,#712,.F.);
#548=ORIENTED_EDGE('',*,*,#869,.T.);
#549=ORIENTED_EDGE('',*,*,#724,.F.);
#550=ORIENTED_EDGE('',*,*,#870,.F.);
#551=ORIENTED_EDGE('',*,*,#713,.F.);
#552=ORIENTED_EDGE('',*,*,#868,.T.);
#553=ORIENTED_EDGE('',*,*,#711,.F.);
#554=ORIENTED_EDGE('',*,*,#871,.F.);
#555=ORIENTED_EDGE('',*,*,#759,.F.);
#556=ORIENTED_EDGE('',*,*,#870,.T.);
#557=ORIENTED_EDGE('',*,*,#838,.F.);
#558=ORIENTED_EDGE('',*,*,#872,.F.);
#559=ORIENTED_EDGE('',*,*,#714,.F.);
#560=ORIENTED_EDGE('',*,*,#871,.T.);
#561=ORIENTED_EDGE('',*,*,#710,.F.);
#562=ORIENTED_EDGE('',*,*,#873,.F.);
#563=ORIENTED_EDGE('',*,*,#820,.F.);
#564=ORIENTED_EDGE('',*,*,#872,.T.);
#565=ORIENTED_EDGE('',*,*,#747,.F.);
#566=ORIENTED_EDGE('',*,*,#874,.F.);
#567=ORIENTED_EDGE('',*,*,#707,.F.);
#568=ORIENTED_EDGE('',*,*,#873,.T.);
#569=ORIENTED_EDGE('',*,*,#709,.F.);
#570=ORIENTED_EDGE('',*,*,#875,.F.);
#571=ORIENTED_EDGE('',*,*,#705,.F.);
#572=ORIENTED_EDGE('',*,*,#874,.T.);
#573=ORIENTED_EDGE('',*,*,#832,.F.);
#574=ORIENTED_EDGE('',*,*,#875,.T.);
#575=ORIENTED_EDGE('',*,*,#708,.F.);
#576=ORIENTED_EDGE('',*,*,#876,.F.);
#577=ORIENTED_EDGE('',*,*,#803,.F.);
#578=ORIENTED_EDGE('',*,*,#877,.F.);
#579=ORIENTED_EDGE('',*,*,#720,.F.);
#580=ORIENTED_EDGE('',*,*,#877,.T.);
#581=ORIENTED_EDGE('',*,*,#850,.F.);
#582=ORIENTED_EDGE('',*,*,#878,.F.);
#583=ORIENTED_EDGE('',*,*,#721,.F.);
#584=ORIENTED_EDGE('',*,*,#876,.T.);
#585=ORIENTED_EDGE('',*,*,#719,.F.);
#586=ORIENTED_EDGE('',*,*,#879,.F.);
#587=ORIENTED_EDGE('',*,*,#844,.F.);
#588=ORIENTED_EDGE('',*,*,#878,.T.);
#589=ORIENTED_EDGE('',*,*,#769,.F.);
#590=ORIENTED_EDGE('',*,*,#880,.F.);
#591=ORIENTED_EDGE('',*,*,#722,.F.);
#592=ORIENTED_EDGE('',*,*,#879,.T.);
#593=ORIENTED_EDGE('',*,*,#718,.F.);
#594=ORIENTED_EDGE('',*,*,#881,.F.);
#595=ORIENTED_EDGE('',*,*,#765,.F.);
#596=ORIENTED_EDGE('',*,*,#880,.T.);
#597=ORIENTED_EDGE('',*,*,#856,.F.);
#598=ORIENTED_EDGE('',*,*,#882,.F.);
#599=ORIENTED_EDGE('',*,*,#715,.F.);
#600=ORIENTED_EDGE('',*,*,#881,.T.);
#601=ORIENTED_EDGE('',*,*,#717,.F.);
#602=ORIENTED_EDGE('',*,*,#883,.F.);
#603=ORIENTED_EDGE('',*,*,#862,.F.);
#604=ORIENTED_EDGE('',*,*,#882,.T.);
#605=ORIENTED_EDGE('',*,*,#815,.F.);
#606=ORIENTED_EDGE('',*,*,#883,.T.);
#607=ORIENTED_EDGE('',*,*,#716,.F.);
#608=ORIENTED_EDGE('',*,*,#884,.F.);
#609=ORIENTED_EDGE('',*,*,#843,.F.);
#610=ORIENTED_EDGE('',*,*,#885,.F.);
#611=ORIENTED_EDGE('',*,*,#680,.F.);
#612=ORIENTED_EDGE('',*,*,#885,.T.);
#613=ORIENTED_EDGE('',*,*,#737,.F.);
#614=ORIENTED_EDGE('',*,*,#886,.F.);
#615=ORIENTED_EDGE('',*,*,#681,.F.);
#616=ORIENTED_EDGE('',*,*,#884,.T.);
#617=ORIENTED_EDGE('',*,*,#679,.F.);
#618=ORIENTED_EDGE('',*,*,#887,.F.);
#619=ORIENTED_EDGE('',*,*,#741,.F.);
#620=ORIENTED_EDGE('',*,*,#886,.T.);
#621=ORIENTED_EDGE('',*,*,#831,.F.);
#622=ORIENTED_EDGE('',*,*,#888,.F.);
#623=ORIENTED_EDGE('',*,*,#682,.F.);
#624=ORIENTED_EDGE('',*,*,#887,.T.);
#625=ORIENTED_EDGE('',*,*,#678,.F.);
#626=ORIENTED_EDGE('',*,*,#889,.F.);
#627=ORIENTED_EDGE('',*,*,#837,.F.);
#628=ORIENTED_EDGE('',*,*,#888,.T.);
#629=ORIENTED_EDGE('',*,*,#753,.F.);
#630=ORIENTED_EDGE('',*,*,#890,.F.);
#631=ORIENTED_EDGE('',*,*,#675,.F.);
#632=ORIENTED_EDGE('',*,*,#889,.T.);
#633=ORIENTED_EDGE('',*,*,#677,.F.);
#634=ORIENTED_EDGE('',*,*,#891,.F.);
#635=ORIENTED_EDGE('',*,*,#692,.F.);
#636=ORIENTED_EDGE('',*,*,#890,.T.);
#637=ORIENTED_EDGE('',*,*,#825,.F.);
#638=ORIENTED_EDGE('',*,*,#891,.T.);
#639=ORIENTED_EDGE('',*,*,#676,.F.);
#640=ORIENTED_EDGE('',*,*,#892,.F.);
#641=ORIENTED_EDGE('',*,*,#782,.F.);
#642=ORIENTED_EDGE('',*,*,#893,.F.);
#643=ORIENTED_EDGE('',*,*,#688,.F.);
#644=ORIENTED_EDGE('',*,*,#893,.T.);
#645=ORIENTED_EDGE('',*,*,#855,.F.);
#646=ORIENTED_EDGE('',*,*,#894,.F.);
#647=ORIENTED_EDGE('',*,*,#689,.F.);
#648=ORIENTED_EDGE('',*,*,#892,.T.);
#649=ORIENTED_EDGE('',*,*,#687,.F.);
#650=ORIENTED_EDGE('',*,*,#895,.F.);
#651=ORIENTED_EDGE('',*,*,#861,.F.);
#652=ORIENTED_EDGE('',*,*,#894,.T.);
#653=ORIENTED_EDGE('',*,*,#797,.F.);
#654=ORIENTED_EDGE('',*,*,#896,.F.);
#655=ORIENTED_EDGE('',*,*,#690,.F.);
#656=ORIENTED_EDGE('',*,*,#895,.T.);
#657=ORIENTED_EDGE('',*,*,#686,.F.);
#658=ORIENTED_EDGE('',*,*,#897,.F.);
#659=ORIENTED_EDGE('',*,*,#809,.F.);
#660=ORIENTED_EDGE('',*,*,#896,.T.);
#661=ORIENTED_EDGE('',*,*,#849,.F.);
#662=ORIENTED_EDGE('',*,*,#898,.F.);
#663=ORIENTED_EDGE('',*,*,#683,.F.);
#664=ORIENTED_EDGE('',*,*,#897,.T.);
#665=ORIENTED_EDGE('',*,*,#685,.F.);
#666=ORIENTED_EDGE('',*,*,#899,.F.);
#667=ORIENTED_EDGE('',*,*,#867,.F.);
#668=ORIENTED_EDGE('',*,*,#898,.T.);
#669=ORIENTED_EDGE('',*,*,#785,.F.);
#670=ORIENTED_EDGE('',*,*,#899,.T.);
#671=ORIENTED_EDGE('',*,*,#684,.F.);
#672=ORIENTED_EDGE('',*,*,#900,.F.);
#673=ORIENTED_EDGE('',*,*,#739,.T.);
#674=ORIENTED_EDGE('',*,*,#900,.T.);
#675=EDGE_CURVE('',#901,#902,#1031,.F.);
#676=EDGE_CURVE('',#902,#903,#93,.T.);
#677=EDGE_CURVE('',#903,#904,#1032,.F.);
#678=EDGE_CURVE('',#904,#905,#94,.T.);
#679=EDGE_CURVE('',#905,#906,#1033,.T.);
#680=EDGE_CURVE('',#906,#907,#95,.T.);
#681=EDGE_CURVE('',#907,#908,#1034,.T.);
#682=EDGE_CURVE('',#908,#901,#96,.T.);
#683=EDGE_CURVE('',#909,#910,#97,.F.);
#684=EDGE_CURVE('',#910,#911,#1035,.T.);
#685=EDGE_CURVE('',#911,#912,#98,.F.);
#686=EDGE_CURVE('',#912,#913,#1036,.T.);
#687=EDGE_CURVE('',#913,#914,#99,.F.);
#688=EDGE_CURVE('',#914,#915,#1037,.F.);
#689=EDGE_CURVE('',#915,#916,#100,.F.);
#690=EDGE_CURVE('',#916,#909,#1038,.F.);
#691=EDGE_CURVE('',#917,#918,#1039,.T.);
#692=EDGE_CURVE('',#918,#919,#1040,.T.);
#693=EDGE_CURVE('',#919,#920,#1041,.F.);
#694=EDGE_CURVE('',#917,#920,#1042,.T.);
#695=EDGE_CURVE('',#920,#921,#101,.T.);
#696=EDGE_CURVE('',#922,#921,#1043,.T.);
#697=EDGE_CURVE('',#922,#917,#102,.F.);
#698=EDGE_CURVE('',#921,#923,#1044,.F.);
#699=EDGE_CURVE('',#924,#923,#1045,.T.);
#700=EDGE_CURVE('',#924,#922,#1046,.T.);
#701=EDGE_CURVE('',#923,#925,#103,.F.);
#702=EDGE_CURVE('',#926,#925,#1047,.T.);
#703=EDGE_CURVE('',#926,#924,#104,.T.);
#704=EDGE_CURVE('',#925,#927,#1048,.F.);
#705=EDGE_CURVE('',#927,#928,#1049,.F.);
#706=EDGE_CURVE('',#928,#926,#1050,.T.);
#707=EDGE_CURVE('',#929,#930,#1051,.T.);
#708=EDGE_CURVE('',#930,#931,#105,.T.);
#709=EDGE_CURVE('',#931,#932,#1052,.T.);
#710=EDGE_CURVE('',#932,#933,#106,.T.);
#711=EDGE_CURVE('',#933,#934,#1053,.F.);
#712=EDGE_CURVE('',#934,#935,#107,.T.);
#713=EDGE_CURVE('',#935,#936,#1054,.F.);
#714=EDGE_CURVE('',#936,#929,#108,.T.);
#715=EDGE_CURVE('',#937,#938,#109,.F.);
#716=EDGE_CURVE('',#938,#939,#1055,.T.);
#717=EDGE_CURVE('',#939,#940,#110,.F.);
#718=EDGE_CURVE('',#940,#941,#1056,.F.);
#719=EDGE_CURVE('',#941,#942,#111,.F.);
#720=EDGE_CURVE('',#942,#943,#1057,.F.);
#721=EDGE_CURVE('',#943,#944,#112,.F.);
#722=EDGE_CURVE('',#944,#937,#1058,.T.);
#723=EDGE_CURVE('',#945,#946,#1059,.F.);
#724=EDGE_CURVE('',#946,#947,#1060,.T.);
#725=EDGE_CURVE('',#947,#948,#1061,.T.);
#726=EDGE_CURVE('',#945,#948,#1062,.T.);
#727=EDGE_CURVE('',#948,#949,#113,.T.);
#728=EDGE_CURVE('',#950,#949,#1063,.T.);
#729=EDGE_CURVE('',#950,#945,#114,.F.);
#730=EDGE_CURVE('',#949,#951,#1064,.T.);
#731=EDGE_CURVE('',#952,#951,#1065,.T.);
#732=EDGE_CURVE('',#952,#950,#1066,.F.);
#733=EDGE_CURVE('',#951,#953,#115,.F.);
#734=EDGE_CURVE('',#954,#953,#1067,.T.);
#735=EDGE_CURVE('',#954,#952,#116,.T.);
#736=EDGE_CURVE('',#953,#955,#1068,.T.);
#737=EDGE_CURVE('',#955,#956,#1069,.F.);
#738=EDGE_CURVE('',#956,#954,#1070,.F.);
#739=EDGE_CURVE('',#957,#957,#117,.T.);
#740=EDGE_CURVE('',#958,#959,#1071,.T.);
#741=EDGE_CURVE('',#959,#960,#1072,.F.);
#742=EDGE_CURVE('',#960,#961,#1073,.F.);
#743=EDGE_CURVE('',#961,#962,#118,.T.);
#744=EDGE_CURVE('',#962,#963,#1074,.F.);
#745=EDGE_CURVE('',#963,#964,#119,.F.);
#746=EDGE_CURVE('',#964,#965,#1075,.F.);
#747=EDGE_CURVE('',#965,#966,#1076,.F.);
#748=EDGE_CURVE('',#966,#967,#1077,.T.);
#749=EDGE_CURVE('',#967,#968,#120,.T.);
#750=EDGE_CURVE('',#968,#969,#1078,.T.);
#751=EDGE_CURVE('',#969,#958,#121,.F.);
#752=EDGE_CURVE('',#970,#971,#1079,.T.);
#753=EDGE_CURVE('',#971,#972,#1080,.T.);
#754=EDGE_CURVE('',#972,#973,#1081,.F.);
#755=EDGE_CURVE('',#973,#974,#122,.T.);
#756=EDGE_CURVE('',#974,#975,#1082,.F.);
#757=EDGE_CURVE('',#975,#976,#123,.F.);
#758=EDGE_CURVE('',#976,#977,#1083,.F.);
#759=EDGE_CURVE('',#977,#978,#1084,.T.);
#760=EDGE_CURVE('',#978,#979,#1085,.T.);
#761=EDGE_CURVE('',#979,#980,#124,.T.);
#762=EDGE_CURVE('',#980,#981,#1086,.T.);
#763=EDGE_CURVE('',#981,#970,#125,.F.);
#764=EDGE_CURVE('',#982,#983,#1087,.F.);
#765=EDGE_CURVE('',#983,#984,#1088,.T.);
#766=EDGE_CURVE('',#984,#985,#1089,.T.);
#767=EDGE_CURVE('',#982,#985,#1090,.T.);
#768=EDGE_CURVE('',#986,#987,#1091,.F.);
#769=EDGE_CURVE('',#987,#988,#1092,.F.);
#770=EDGE_CURVE('',#988,#989,#1093,.T.);
#771=EDGE_CURVE('',#989,#986,#1094,.T.);
#772=EDGE_CURVE('',#989,#990,#126,.T.);
#773=EDGE_CURVE('',#990,#991,#1095,.T.);
#774=EDGE_CURVE('',#991,#986,#127,.F.);
#775=EDGE_CURVE('',#990,#992,#1096,.T.);
#776=EDGE_CURVE('',#992,#993,#1097,.T.);
#777=EDGE_CURVE('',#993,#991,#1098,.F.);
#778=EDGE_CURVE('',#992,#994,#128,.F.);
#779=EDGE_CURVE('',#994,#995,#1099,.T.);
#780=EDGE_CURVE('',#995,#993,#129,.T.);
#781=EDGE_CURVE('',#994,#996,#1100,.T.);
#782=EDGE_CURVE('',#996,#997,#1101,.T.);
#783=EDGE_CURVE('',#997,#995,#1102,.F.);
#784=EDGE_CURVE('',#998,#999,#1103,.T.);
#785=EDGE_CURVE('',#999,#1000,#1104,.F.);
#786=EDGE_CURVE('',#1000,#1001,#1105,.F.);
#787=EDGE_CURVE('',#1001,#998,#1106,.T.);
#788=EDGE_CURVE('',#1001,#1002,#130,.T.);
#789=EDGE_CURVE('',#1002,#1003,#1107,.T.);
#790=EDGE_CURVE('',#1003,#998,#131,.F.);
#791=EDGE_CURVE('',#1002,#1004,#1108,.F.);
#792=EDGE_CURVE('',#1004,#1005,#1109,.T.);
#793=EDGE_CURVE('',#1005,#1003,#1110,.T.);
#794=EDGE_CURVE('',#1004,#982,#132,.F.);
#795=EDGE_CURVE('',#985,#1005,#133,.T.);
#796=EDGE_CURVE('',#1006,#1007,#1111,.T.);
#797=EDGE_CURVE('',#1007,#1008,#1112,.T.);
#798=EDGE_CURVE('',#1008,#1009,#1113,.F.);
#799=EDGE_CURVE('',#1009,#1010,#134,.T.);
#800=EDGE_CURVE('',#1010,#1011,#1114,.F.);
#801=EDGE_CURVE('',#1011,#1012,#135,.F.);
#802=EDGE_CURVE('',#1012,#1013,#1115,.F.);
#803=EDGE_CURVE('',#1013,#1014,#1116,.T.);
#804=EDGE_CURVE('',#1014,#1015,#1117,.T.);
#805=EDGE_CURVE('',#1015,#1016,#136,.T.);
#806=EDGE_CURVE('',#1016,#1017,#1118,.T.);
#807=EDGE_CURVE('',#1017,#1006,#137,.F.);
#808=EDGE_CURVE('',#1018,#1019,#1119,.T.);
#809=EDGE_CURVE('',#1019,#1020,#1120,.F.);
#810=EDGE_CURVE('',#1020,#1021,#1121,.F.);
#811=EDGE_CURVE('',#1021,#1022,#138,.T.);
#812=EDGE_CURVE('',#1022,#1023,#1122,.F.);
#813=EDGE_CURVE('',#1023,#1024,#139,.F.);
#814=EDGE_CURVE('',#1024,#1025,#1123,.F.);
#815=EDGE_CURVE('',#1025,#1026,#1124,.F.);
#816=EDGE_CURVE('',#1026,#1027,#1125,.T.);
#817=EDGE_CURVE('',#1027,#1028,#140,.T.);
#818=EDGE_CURVE('',#1028,#1029,#1126,.T.);
#819=EDGE_CURVE('',#1029,#1018,#141,.F.);
#820=EDGE_CURVE('',#978,#927,#142,.F.);
#821=EDGE_CURVE('',#979,#925,#143,.T.);
#822=EDGE_CURVE('',#980,#923,#144,.T.);
#823=EDGE_CURVE('',#981,#921,#145,.T.);
#824=EDGE_CURVE('',#970,#920,#146,.T.);
#825=EDGE_CURVE('',#919,#971,#147,.F.);
#826=EDGE_CURVE('',#947,#977,#148,.F.);
#827=EDGE_CURVE('',#948,#976,#149,.T.);
#828=EDGE_CURVE('',#949,#975,#150,.T.);
#829=EDGE_CURVE('',#951,#974,#151,.T.);
#830=EDGE_CURVE('',#953,#973,#152,.T.);
#831=EDGE_CURVE('',#972,#955,#153,.F.);
#832=EDGE_CURVE('',#928,#965,#154,.F.);
#833=EDGE_CURVE('',#926,#964,#155,.T.);
#834=EDGE_CURVE('',#924,#963,#156,.T.);
#835=EDGE_CURVE('',#922,#962,#157,.T.);
#836=EDGE_CURVE('',#917,#961,#158,.T.);
#837=EDGE_CURVE('',#960,#918,#159,.F.);
#838=EDGE_CURVE('',#966,#946,#160,.F.);
#839=EDGE_CURVE('',#967,#945,#161,.T.);
#840=EDGE_CURVE('',#968,#950,#162,.T.);
#841=EDGE_CURVE('',#969,#952,#163,.T.);
#842=EDGE_CURVE('',#958,#954,#164,.T.);
#843=EDGE_CURVE('',#956,#959,#165,.F.);
#844=EDGE_CURVE('',#1014,#983,#166,.T.);
#845=EDGE_CURVE('',#1015,#982,#167,.T.);
#846=EDGE_CURVE('',#1016,#1004,#168,.T.);
#847=EDGE_CURVE('',#1017,#1002,#169,.T.);
#848=EDGE_CURVE('',#1006,#1001,#170,.T.);
#849=EDGE_CURVE('',#1000,#1007,#171,.T.);
#850=EDGE_CURVE('',#988,#1013,#172,.T.);
#851=EDGE_CURVE('',#989,#1012,#173,.T.);
#852=EDGE_CURVE('',#990,#1011,#174,.T.);
#853=EDGE_CURVE('',#992,#1010,#175,.T.);
#854=EDGE_CURVE('',#994,#1009,#176,.T.);
#855=EDGE_CURVE('',#1008,#996,#177,.T.);
#856=EDGE_CURVE('',#1026,#987,#178,.T.);
#857=EDGE_CURVE('',#1027,#986,#179,.T.);
#858=EDGE_CURVE('',#1028,#991,#180,.T.);
#859=EDGE_CURVE('',#1029,#993,#181,.T.);
#860=EDGE_CURVE('',#1018,#995,#182,.T.);
#861=EDGE_CURVE('',#997,#1019,#183,.T.);
#862=EDGE_CURVE('',#984,#1025,#184,.T.);
#863=EDGE_CURVE('',#985,#1024,#185,.T.);
#864=EDGE_CURVE('',#1005,#1023,#186,.T.);
#865=EDGE_CURVE('',#1003,#1022,#187,.T.);
#866=EDGE_CURVE('',#998,#1021,#188,.T.);
#867=EDGE_CURVE('',#1020,#999,#189,.T.);
#868=EDGE_CURVE('',#977,#934,#190,.T.);
#869=EDGE_CURVE('',#935,#947,#191,.T.);
#870=EDGE_CURVE('',#936,#946,#192,.T.);
#871=EDGE_CURVE('',#978,#933,#193,.T.);
#872=EDGE_CURVE('',#929,#966,#194,.T.);
#873=EDGE_CURVE('',#927,#932,#195,.T.);
#874=EDGE_CURVE('',#930,#965,#196,.T.);
#875=EDGE_CURVE('',#928,#931,#197,.T.);
#876=EDGE_CURVE('',#1014,#942,#198,.T.);
#877=EDGE_CURVE('',#943,#1013,#199,.T.);
#878=EDGE_CURVE('',#944,#988,#200,.T.);
#879=EDGE_CURVE('',#983,#941,#201,.T.);
#880=EDGE_CURVE('',#937,#987,#202,.T.);
#881=EDGE_CURVE('',#984,#940,#203,.T.);
#882=EDGE_CURVE('',#938,#1026,#204,.T.);
#883=EDGE_CURVE('',#1025,#939,#205,.T.);
#884=EDGE_CURVE('',#959,#906,#206,.T.);
#885=EDGE_CURVE('',#907,#956,#207,.T.);
#886=EDGE_CURVE('',#908,#955,#208,.T.);
#887=EDGE_CURVE('',#960,#905,#209,.T.);
#888=EDGE_CURVE('',#901,#972,#210,.T.);
#889=EDGE_CURVE('',#918,#904,#211,.T.);
#890=EDGE_CURVE('',#902,#971,#212,.T.);
#891=EDGE_CURVE('',#919,#903,#213,.T.);
#892=EDGE_CURVE('',#997,#914,#214,.T.);
#893=EDGE_CURVE('',#915,#996,#215,.T.);
#894=EDGE_CURVE('',#916,#1008,#216,.T.);
#895=EDGE_CURVE('',#1019,#913,#217,.T.);
#896=EDGE_CURVE('',#909,#1007,#218,.T.);
#897=EDGE_CURVE('',#1020,#912,#219,.T.);
#898=EDGE_CURVE('',#910,#1000,#220,.T.);
#899=EDGE_CURVE('',#999,#911,#221,.T.);
#900=EDGE_CURVE('',#1030,#1030,#222,.T.);
#901=VERTEX_POINT('',#2354);
#902=VERTEX_POINT('',#2355);
#903=VERTEX_POINT('',#2357);
#904=VERTEX_POINT('',#2359);
#905=VERTEX_POINT('',#2361);
#906=VERTEX_POINT('',#2363);
#907=VERTEX_POINT('',#2365);
#908=VERTEX_POINT('',#2367);
#909=VERTEX_POINT('',#2370);
#910=VERTEX_POINT('',#2371);
#911=VERTEX_POINT('',#2373);
#912=VERTEX_POINT('',#2375);
#913=VERTEX_POINT('',#2377);
#914=VERTEX_POINT('',#2379);
#915=VERTEX_POINT('',#2381);
#916=VERTEX_POINT('',#2383);
#917=VERTEX_POINT('',#2387);
#918=VERTEX_POINT('',#2388);
#919=VERTEX_POINT('',#2390);
#920=VERTEX_POINT('',#2392);
#921=VERTEX_POINT('',#2396);
#922=VERTEX_POINT('',#2398);
#923=VERTEX_POINT('',#2402);
#924=VERTEX_POINT('',#2404);
#925=VERTEX_POINT('',#2408);
#926=VERTEX_POINT('',#2410);
#927=VERTEX_POINT('',#2414);
#928=VERTEX_POINT('',#2416);
#929=VERTEX_POINT('',#2420);
#930=VERTEX_POINT('',#2421);
#931=VERTEX_POINT('',#2423);
#932=VERTEX_POINT('',#2425);
#933=VERTEX_POINT('',#2427);
#934=VERTEX_POINT('',#2429);
#935=VERTEX_POINT('',#2431);
#936=VERTEX_POINT('',#2433);
#937=VERTEX_POINT('',#2436);
#938=VERTEX_POINT('',#2437);
#939=VERTEX_POINT('',#2439);
#940=VERTEX_POINT('',#2441);
#941=VERTEX_POINT('',#2443);
#942=VERTEX_POINT('',#2445);
#943=VERTEX_POINT('',#2447);
#944=VERTEX_POINT('',#2449);
#945=VERTEX_POINT('',#2453);
#946=VERTEX_POINT('',#2454);
#947=VERTEX_POINT('',#2456);
#948=VERTEX_POINT('',#2458);
#949=VERTEX_POINT('',#2462);
#950=VERTEX_POINT('',#2464);
#951=VERTEX_POINT('',#2468);
#952=VERTEX_POINT('',#2470);
#953=VERTEX_POINT('',#2474);
#954=VERTEX_POINT('',#2476);
#955=VERTEX_POINT('',#2480);
#956=VERTEX_POINT('',#2482);
#957=VERTEX_POINT('',#2486);
#958=VERTEX_POINT('',#2488);
#959=VERTEX_POINT('',#2489);
#960=VERTEX_POINT('',#2491);
#961=VERTEX_POINT('',#2493);
#962=VERTEX_POINT('',#2495);
#963=VERTEX_POINT('',#2497);
#964=VERTEX_POINT('',#2499);
#965=VERTEX_POINT('',#2501);
#966=VERTEX_POINT('',#2503);
#967=VERTEX_POINT('',#2505);
#968=VERTEX_POINT('',#2507);
#969=VERTEX_POINT('',#2509);
#970=VERTEX_POINT('',#2513);
#971=VERTEX_POINT('',#2514);
#972=VERTEX_POINT('',#2516);
#973=VERTEX_POINT('',#2518);
#974=VERTEX_POINT('',#2520);
#975=VERTEX_POINT('',#2522);
#976=VERTEX_POINT('',#2524);
#977=VERTEX_POINT('',#2526);
#978=VERTEX_POINT('',#2528);
#979=VERTEX_POINT('',#2530);
#980=VERTEX_POINT('',#2532);
#981=VERTEX_POINT('',#2534);
#982=VERTEX_POINT('',#2538);
#983=VERTEX_POINT('',#2539);
#984=VERTEX_POINT('',#2541);
#985=VERTEX_POINT('',#2543);
#986=VERTEX_POINT('',#2547);
#987=VERTEX_POINT('',#2548);
#988=VERTEX_POINT('',#2550);
#989=VERTEX_POINT('',#2552);
#990=VERTEX_POINT('',#2556);
#991=VERTEX_POINT('',#2558);
#992=VERTEX_POINT('',#2562);
#993=VERTEX_POINT('',#2564);
#994=VERTEX_POINT('',#2568);
#995=VERTEX_POINT('',#2570);
#996=VERTEX_POINT('',#2574);
#997=VERTEX_POINT('',#2576);
#998=VERTEX_POINT('',#2580);
#999=VERTEX_POINT('',#2581);
#1000=VERTEX_POINT('',#2583);
#1001=VERTEX_POINT('',#2585);
#1002=VERTEX_POINT('',#2589);
#1003=VERTEX_POINT('',#2591);
#1004=VERTEX_POINT('',#2595);
#1005=VERTEX_POINT('',#2597);
#1006=VERTEX_POINT('',#2604);
#1007=VERTEX_POINT('',#2605);
#1008=VERTEX_POINT('',#2607);
#1009=VERTEX_POINT('',#2609);
#1010=VERTEX_POINT('',#2611);
#1011=VERTEX_POINT('',#2613);
#1012=VERTEX_POINT('',#2615);
#1013=VERTEX_POINT('',#2617);
#1014=VERTEX_POINT('',#2619);
#1015=VERTEX_POINT('',#2621);
#1016=VERTEX_POINT('',#2623);
#1017=VERTEX_POINT('',#2625);
#1018=VERTEX_POINT('',#2629);
#1019=VERTEX_POINT('',#2630);
#1020=VERTEX_POINT('',#2632);
#1021=VERTEX_POINT('',#2634);
#1022=VERTEX_POINT('',#2636);
#1023=VERTEX_POINT('',#2638);
#1024=VERTEX_POINT('',#2640);
#1025=VERTEX_POINT('',#2642);
#1026=VERTEX_POINT('',#2644);
#1027=VERTEX_POINT('',#2646);
#1028=VERTEX_POINT('',#2648);
#1029=VERTEX_POINT('',#2650);
#1030=VERTEX_POINT('',#2806);
#1031=LINE('',#2353,#1127);
#1032=LINE('',#2358,#1128);
#1033=LINE('',#2362,#1129);
#1034=LINE('',#2366,#1130);
#1035=LINE('',#2372,#1131);
#1036=LINE('',#2376,#1132);
#1037=LINE('',#2380,#1133);
#1038=LINE('',#2384,#1134);
#1039=LINE('',#2386,#1135);
#1040=LINE('',#2389,#1136);
#1041=LINE('',#2391,#1137);
#1042=LINE('',#2393,#1138);
#1043=LINE('',#2397,#1139);
#1044=LINE('',#2401,#1140);
#1045=LINE('',#2403,#1141);
#1046=LINE('',#2405,#1142);
#1047=LINE('',#2409,#1143);
#1048=LINE('',#2413,#1144);
#1049=LINE('',#2415,#1145);
#1050=LINE('',#2417,#1146);
#1051=LINE('',#2419,#1147);
#1052=LINE('',#2424,#1148);
#1053=LINE('',#2428,#1149);
#1054=LINE('',#2432,#1150);
#1055=LINE('',#2438,#1151);
#1056=LINE('',#2442,#1152);
#1057=LINE('',#2446,#1153);
#1058=LINE('',#2450,#1154);
#1059=LINE('',#2452,#1155);
#1060=LINE('',#2455,#1156);
#1061=LINE('',#2457,#1157);
#1062=LINE('',#2459,#1158);
#1063=LINE('',#2463,#1159);
#1064=LINE('',#2467,#1160);
#1065=LINE('',#2469,#1161);
#1066=LINE('',#2471,#1162);
#1067=LINE('',#2475,#1163);
#1068=LINE('',#2479,#1164);
#1069=LINE('',#2481,#1165);
#1070=LINE('',#2483,#1166);
#1071=LINE('',#2487,#1167);
#1072=LINE('',#2490,#1168);
#1073=LINE('',#2492,#1169);
#1074=LINE('',#2496,#1170);
#1075=LINE('',#2500,#1171);
#1076=LINE('',#2502,#1172);
#1077=LINE('',#2504,#1173);
#1078=LINE('',#2508,#1174);
#1079=LINE('',#2512,#1175);
#1080=LINE('',#2515,#1176);
#1081=LINE('',#2517,#1177);
#1082=LINE('',#2521,#1178);
#1083=LINE('',#2525,#1179);
#1084=LINE('',#2527,#1180);
#1085=LINE('',#2529,#1181);
#1086=LINE('',#2533,#1182);
#1087=LINE('',#2537,#1183);
#1088=LINE('',#2540,#1184);
#1089=LINE('',#2542,#1185);
#1090=LINE('',#2544,#1186);
#1091=LINE('',#2546,#1187);
#1092=LINE('',#2549,#1188);
#1093=LINE('',#2551,#1189);
#1094=LINE('',#2553,#1190);
#1095=LINE('',#2557,#1191);
#1096=LINE('',#2561,#1192);
#1097=LINE('',#2563,#1193);
#1098=LINE('',#2565,#1194);
#1099=LINE('',#2569,#1195);
#1100=LINE('',#2573,#1196);
#1101=LINE('',#2575,#1197);
#1102=LINE('',#2577,#1198);
#1103=LINE('',#2579,#1199);
#1104=LINE('',#2582,#1200);
#1105=LINE('',#2584,#1201);
#1106=LINE('',#2586,#1202);
#1107=LINE('',#2590,#1203);
#1108=LINE('',#2594,#1204);
#1109=LINE('',#2596,#1205);
#1110=LINE('',#2598,#1206);
#1111=LINE('',#2603,#1207);
#1112=LINE('',#2606,#1208);
#1113=LINE('',#2608,#1209);
#1114=LINE('',#2612,#1210);
#1115=LINE('',#2616,#1211);
#1116=LINE('',#2618,#1212);
#1117=LINE('',#2620,#1213);
#1118=LINE('',#2624,#1214);
#1119=LINE('',#2628,#1215);
#1120=LINE('',#2631,#1216);
#1121=LINE('',#2633,#1217);
#1122=LINE('',#2637,#1218);
#1123=LINE('',#2641,#1219);
#1124=LINE('',#2643,#1220);
#1125=LINE('',#2645,#1221);
#1126=LINE('',#2649,#1222);
#1127=VECTOR('',#1797,1.);
#1128=VECTOR('',#1800,1.);
#1129=VECTOR('',#1803,1.);
#1130=VECTOR('',#1806,1.);
#1131=VECTOR('',#1811,1.);
#1132=VECTOR('',#1814,1.);
#1133=VECTOR('',#1817,1.);
#1134=VECTOR('',#1820,1.);
#1135=VECTOR('',#1823,1.);
#1136=VECTOR('',#1824,1.);
#1137=VECTOR('',#1825,1.);
#1138=VECTOR('',#1826,1.);
#1139=VECTOR('',#1831,1.);
#1140=VECTOR('',#1836,1.);
#1141=VECTOR('',#1837,1.);
#1142=VECTOR('',#1838,1.);
#1143=VECTOR('',#1843,1.);
#1144=VECTOR('',#1848,1.);
#1145=VECTOR('',#1849,1.);
#1146=VECTOR('',#1850,1.);
#1147=VECTOR('',#1853,1.);
#1148=VECTOR('',#1856,1.);
#1149=VECTOR('',#1859,1.);
#1150=VECTOR('',#1862,1.);
#1151=VECTOR('',#1867,1.);
#1152=VECTOR('',#1870,1.);
#1153=VECTOR('',#1873,1.);
#1154=VECTOR('',#1876,1.);
#1155=VECTOR('',#1879,1.);
#1156=VECTOR('',#1880,1.);
#1157=VECTOR('',#1881,1.);
#1158=VECTOR('',#1882,1.);
#1159=VECTOR('',#1887,1.);
#1160=VECTOR('',#1892,1.);
#1161=VECTOR('',#1893,1.);
#1162=VECTOR('',#1894,1.);
#1163=VECTOR('',#1899,1.);
#1164=VECTOR('',#1904,1.);
#1165=VECTOR('',#1905,1.);
#1166=VECTOR('',#1906,1.);
#1167=VECTOR('',#1911,1.);
#1168=VECTOR('',#1912,1.);
#1169=VECTOR('',#1913,1.);
#1170=VECTOR('',#1916,1.);
#1171=VECTOR('',#1919,1.);
#1172=VECTOR('',#1920,1.);
#1173=VECTOR('',#1921,1.);
#1174=VECTOR('',#1924,1.);
#1175=VECTOR('',#1929,1.);
#1176=VECTOR('',#1930,1.);
#1177=VECTOR('',#1931,1.);
#1178=VECTOR('',#1934,1.);
#1179=VECTOR('',#1937,1.);
#1180=VECTOR('',#1938,1.);
#1181=VECTOR('',#1939,1.);
#1182=VECTOR('',#1942,1.);
#1183=VECTOR('',#1947,1.);
#1184=VECTOR('',#1948,1.);
#1185=VECTOR('',#1949,1.);
#1186=VECTOR('',#1950,1.);
#1187=VECTOR('',#1953,1.);
#1188=VECTOR('',#1954,1.);
#1189=VECTOR('',#1955,1.);
#1190=VECTOR('',#1956,1.);
#1191=VECTOR('',#1961,1.);
#1192=VECTOR('',#1966,1.);
#1193=VECTOR('',#1967,1.);
#1194=VECTOR('',#1968,1.);
#1195=VECTOR('',#1973,1.);
#1196=VECTOR('',#1978,1.);
#1197=VECTOR('',#1979,1.);
#1198=VECTOR('',#1980,1.);
#1199=VECTOR('',#1983,1.);
#1200=VECTOR('',#1984,1.);
#1201=VECTOR('',#1985,1.);
#1202=VECTOR('',#1986,1.);
#1203=VECTOR('',#1991,1.);
#1204=VECTOR('',#1996,1.);
#1205=VECTOR('',#1997,1.);
#1206=VECTOR('',#1998,1.);
#1207=VECTOR('',#2007,1.);
#1208=VECTOR('',#2008,1.);
#1209=VECTOR('',#2009,1.);
#1210=VECTOR('',#2012,1.);
#1211=VECTOR('',#2015,1.);
#1212=VECTOR('',#2016,1.);
#1213=VECTOR('',#2017,1.);
#1214=VECTOR('',#2020,1.);
#1215=VECTOR('',#2025,1.);
#1216=VECTOR('',#2026,1.);
#1217=VECTOR('',#2027,1.);
#1218=VECTOR('',#2030,1.);
#1219=VECTOR('',#2033,1.);
#1220=VECTOR('',#2034,1.);
#1221=VECTOR('',#2035,1.);
#1222=VECTOR('',#2038,1.);
#1223=EDGE_LOOP('',(#223,#224,#225,#226,#227,#228,#229,#230));
#1224=EDGE_LOOP('',(#231,#232,#233,#234,#235,#236,#237,#238));
#1225=EDGE_LOOP('',(#239,#240,#241,#242));
#1226=EDGE_LOOP('',(#243,#244,#245,#246));
#1227=EDGE_LOOP('',(#247,#248,#249,#250));
#1228=EDGE_LOOP('',(#251,#252,#253,#254));
#1229=EDGE_LOOP('',(#255,#256,#257,#258));
#1230=EDGE_LOOP('',(#259,#260,#261,#262,#263,#264,#265,#266));
#1231=EDGE_LOOP('',(#267,#268,#269,#270,#271,#272,#273,#274));
#1232=EDGE_LOOP('',(#275,#276,#277,#278));
#1233=EDGE_LOOP('',(#279,#280,#281,#282));
#1234=EDGE_LOOP('',(#283,#284,#285,#286));
#1235=EDGE_LOOP('',(#287,#288,#289,#290));
#1236=EDGE_LOOP('',(#291,#292,#293,#294));
#1237=EDGE_LOOP('',(#295));
#1238=EDGE_LOOP('',(#296,#297,#298,#299,#300,#301,#302,#303,#304,#305,#306,
#307));
#1239=EDGE_LOOP('',(#308,#309,#310,#311,#312,#313,#314,#315,#316,#317,#318,
#319));
#1240=EDGE_LOOP('',(#320,#321,#322,#323));
#1241=EDGE_LOOP('',(#324,#325,#326,#327));
#1242=EDGE_LOOP('',(#328,#329,#330,#331));
#1243=EDGE_LOOP('',(#332,#333,#334,#335));
#1244=EDGE_LOOP('',(#336,#337,#338,#339));
#1245=EDGE_LOOP('',(#340,#341,#342,#343));
#1246=EDGE_LOOP('',(#344,#345,#346,#347));
#1247=EDGE_LOOP('',(#348,#349,#350,#351));
#1248=EDGE_LOOP('',(#352,#353,#354,#355));
#1249=EDGE_LOOP('',(#356,#357,#358,#359));
#1250=EDGE_LOOP('',(#360,#361,#362,#363,#364,#365,#366,#367,#368,#369,#370,
#371));
#1251=EDGE_LOOP('',(#372,#373,#374,#375,#376,#377,#378,#379,#380,#381,#382,
#383));
#1252=EDGE_LOOP('',(#384,#385,#386,#387));
#1253=EDGE_LOOP('',(#388,#389,#390,#391));
#1254=EDGE_LOOP('',(#392,#393,#394,#395));
#1255=EDGE_LOOP('',(#396,#397,#398,#399));
#1256=EDGE_LOOP('',(#400,#401,#402,#403));
#1257=EDGE_LOOP('',(#404,#405,#406,#407));
#1258=EDGE_LOOP('',(#408,#409,#410,#411));
#1259=EDGE_LOOP('',(#412,#413,#414,#415));
#1260=EDGE_LOOP('',(#416,#417,#418,#419));
#1261=EDGE_LOOP('',(#420,#421,#422,#423));
#1262=EDGE_LOOP('',(#424,#425,#426,#427));
#1263=EDGE_LOOP('',(#428,#429,#430,#431));
#1264=EDGE_LOOP('',(#432,#433,#434,#435));
#1265=EDGE_LOOP('',(#436,#437,#438,#439));
#1266=EDGE_LOOP('',(#440,#441,#442,#443));
#1267=EDGE_LOOP('',(#444,#445,#446,#447));
#1268=EDGE_LOOP('',(#448,#449,#450,#451));
#1269=EDGE_LOOP('',(#452,#453,#454,#455));
#1270=EDGE_LOOP('',(#456,#457,#458,#459));
#1271=EDGE_LOOP('',(#460,#461,#462,#463));
#1272=EDGE_LOOP('',(#464,#465,#466,#467));
#1273=EDGE_LOOP('',(#468,#469,#470,#471));
#1274=EDGE_LOOP('',(#472,#473,#474,#475));
#1275=EDGE_LOOP('',(#476,#477,#478,#479));
#1276=EDGE_LOOP('',(#480,#481,#482,#483));
#1277=EDGE_LOOP('',(#484,#485,#486,#487));
#1278=EDGE_LOOP('',(#488,#489,#490,#491));
#1279=EDGE_LOOP('',(#492,#493,#494,#495));
#1280=EDGE_LOOP('',(#496,#497,#498,#499));
#1281=EDGE_LOOP('',(#500,#501,#502,#503));
#1282=EDGE_LOOP('',(#504,#505,#506,#507));
#1283=EDGE_LOOP('',(#508,#509,#510,#511));
#1284=EDGE_LOOP('',(#512,#513,#514,#515));
#1285=EDGE_LOOP('',(#516,#517,#518,#519));
#1286=EDGE_LOOP('',(#520,#521,#522,#523));
#1287=EDGE_LOOP('',(#524,#525,#526,#527));
#1288=EDGE_LOOP('',(#528,#529,#530,#531));
#1289=EDGE_LOOP('',(#532,#533,#534,#535));
#1290=EDGE_LOOP('',(#536,#537,#538,#539));
#1291=EDGE_LOOP('',(#540,#541,#542,#543));
#1292=EDGE_LOOP('',(#544,#545,#546,#547));
#1293=EDGE_LOOP('',(#548,#549,#550,#551));
#1294=EDGE_LOOP('',(#552,#553,#554,#555));
#1295=EDGE_LOOP('',(#556,#557,#558,#559));
#1296=EDGE_LOOP('',(#560,#561,#562,#563));
#1297=EDGE_LOOP('',(#564,#565,#566,#567));
#1298=EDGE_LOOP('',(#568,#569,#570,#571));
#1299=EDGE_LOOP('',(#572,#573,#574,#575));
#1300=EDGE_LOOP('',(#576,#577,#578,#579));
#1301=EDGE_LOOP('',(#580,#581,#582,#583));
#1302=EDGE_LOOP('',(#584,#585,#586,#587));
#1303=EDGE_LOOP('',(#588,#589,#590,#591));
#1304=EDGE_LOOP('',(#592,#593,#594,#595));
#1305=EDGE_LOOP('',(#596,#597,#598,#599));
#1306=EDGE_LOOP('',(#600,#601,#602,#603));
#1307=EDGE_LOOP('',(#604,#605,#606,#607));
#1308=EDGE_LOOP('',(#608,#609,#610,#611));
#1309=EDGE_LOOP('',(#612,#613,#614,#615));
#1310=EDGE_LOOP('',(#616,#617,#618,#619));
#1311=EDGE_LOOP('',(#620,#621,#622,#623));
#1312=EDGE_LOOP('',(#624,#625,#626,#627));
#1313=EDGE_LOOP('',(#628,#629,#630,#631));
#1314=EDGE_LOOP('',(#632,#633,#634,#635));
#1315=EDGE_LOOP('',(#636,#637,#638,#639));
#1316=EDGE_LOOP('',(#640,#641,#642,#643));
#1317=EDGE_LOOP('',(#644,#645,#646,#647));
#1318=EDGE_LOOP('',(#648,#649,#650,#651));
#1319=EDGE_LOOP('',(#652,#653,#654,#655));
#1320=EDGE_LOOP('',(#656,#657,#658,#659));
#1321=EDGE_LOOP('',(#660,#661,#662,#663));
#1322=EDGE_LOOP('',(#664,#665,#666,#667));
#1323=EDGE_LOOP('',(#668,#669,#670,#671));
#1324=EDGE_LOOP('',(#672));
#1325=EDGE_LOOP('',(#673));
#1326=EDGE_LOOP('',(#674));
#1327=FACE_BOUND('',#1223,.T.);
#1328=FACE_BOUND('',#1224,.T.);
#1329=FACE_BOUND('',#1225,.T.);
#1330=FACE_BOUND('',#1226,.T.);
#1331=FACE_BOUND('',#1227,.T.);
#1332=FACE_BOUND('',#1228,.T.);
#1333=FACE_BOUND('',#1229,.T.);
#1334=FACE_BOUND('',#1230,.T.);
#1335=FACE_BOUND('',#1231,.T.);
#1336=FACE_BOUND('',#1232,.T.);
#1337=FACE_BOUND('',#1233,.T.);
#1338=FACE_BOUND('',#1234,.T.);
#1339=FACE_BOUND('',#1235,.T.);
#1340=FACE_BOUND('',#1236,.T.);
#1341=FACE_BOUND('',#1237,.T.);
#1342=FACE_BOUND('',#1238,.T.);
#1343=FACE_BOUND('',#1239,.T.);
#1344=FACE_BOUND('',#1240,.T.);
#1345=FACE_BOUND('',#1241,.T.);
#1346=FACE_BOUND('',#1242,.T.);
#1347=FACE_BOUND('',#1243,.T.);
#1348=FACE_BOUND('',#1244,.T.);
#1349=FACE_BOUND('',#1245,.T.);
#1350=FACE_BOUND('',#1246,.T.);
#1351=FACE_BOUND('',#1247,.T.);
#1352=FACE_BOUND('',#1248,.T.);
#1353=FACE_BOUND('',#1249,.T.);
#1354=FACE_BOUND('',#1250,.T.);
#1355=FACE_BOUND('',#1251,.T.);
#1356=FACE_BOUND('',#1252,.T.);
#1357=FACE_BOUND('',#1253,.T.);
#1358=FACE_BOUND('',#1254,.T.);
#1359=FACE_BOUND('',#1255,.T.);
#1360=FACE_BOUND('',#1256,.T.);
#1361=FACE_BOUND('',#1257,.T.);
#1362=FACE_BOUND('',#1258,.T.);
#1363=FACE_BOUND('',#1259,.T.);
#1364=FACE_BOUND('',#1260,.T.);
#1365=FACE_BOUND('',#1261,.T.);
#1366=FACE_BOUND('',#1262,.T.);
#1367=FACE_BOUND('',#1263,.T.);
#1368=FACE_BOUND('',#1264,.T.);
#1369=FACE_BOUND('',#1265,.T.);
#1370=FACE_BOUND('',#1266,.T.);
#1371=FACE_BOUND('',#1267,.T.);
#1372=FACE_BOUND('',#1268,.T.);
#1373=FACE_BOUND('',#1269,.T.);
#1374=FACE_BOUND('',#1270,.T.);
#1375=FACE_BOUND('',#1271,.T.);
#1376=FACE_BOUND('',#1272,.T.);
#1377=FACE_BOUND('',#1273,.T.);
#1378=FACE_BOUND('',#1274,.T.);
#1379=FACE_BOUND('',#1275,.T.);
#1380=FACE_BOUND('',#1276,.T.);
#1381=FACE_BOUND('',#1277,.T.);
#1382=FACE_BOUND('',#1278,.T.);
#1383=FACE_BOUND('',#1279,.T.);
#1384=FACE_BOUND('',#1280,.T.);
#1385=FACE_BOUND('',#1281,.T.);
#1386=FACE_BOUND('',#1282,.T.);
#1387=FACE_BOUND('',#1283,.T.);
#1388=FACE_BOUND('',#1284,.T.);
#1389=FACE_BOUND('',#1285,.T.);
#1390=FACE_BOUND('',#1286,.T.);
#1391=FACE_BOUND('',#1287,.T.);
#1392=FACE_BOUND('',#1288,.T.);
#1393=FACE_BOUND('',#1289,.T.);
#1394=FACE_BOUND('',#1290,.T.);
#1395=FACE_BOUND('',#1291,.T.);
#1396=FACE_BOUND('',#1292,.T.);
#1397=FACE_BOUND('',#1293,.T.);
#1398=FACE_BOUND('',#1294,.T.);
#1399=FACE_BOUND('',#1295,.T.);
#1400=FACE_BOUND('',#1296,.T.);
#1401=FACE_BOUND('',#1297,.T.);
#1402=FACE_BOUND('',#1298,.T.);
#1403=FACE_BOUND('',#1299,.T.);
#1404=FACE_BOUND('',#1300,.T.);
#1405=FACE_BOUND('',#1301,.T.);
#1406=FACE_BOUND('',#1302,.T.);
#1407=FACE_BOUND('',#1303,.T.);
#1408=FACE_BOUND('',#1304,.T.);
#1409=FACE_BOUND('',#1305,.T.);
#1410=FACE_BOUND('',#1306,.T.);
#1411=FACE_BOUND('',#1307,.T.);
#1412=FACE_BOUND('',#1308,.T.);
#1413=FACE_BOUND('',#1309,.T.);
#1414=FACE_BOUND('',#1310,.T.);
#1415=FACE_BOUND('',#1311,.T.);
#1416=FACE_BOUND('',#1312,.T.);
#1417=FACE_BOUND('',#1313,.T.);
#1418=FACE_BOUND('',#1314,.T.);
#1419=FACE_BOUND('',#1315,.T.);
#1420=FACE_BOUND('',#1316,.T.);
#1421=FACE_BOUND('',#1317,.T.);
#1422=FACE_BOUND('',#1318,.T.);
#1423=FACE_BOUND('',#1319,.T.);
#1424=FACE_BOUND('',#1320,.T.);
#1425=FACE_BOUND('',#1321,.T.);
#1426=FACE_BOUND('',#1322,.T.);
#1427=FACE_BOUND('',#1323,.T.);
#1428=FACE_BOUND('',#1324,.T.);
#1429=FACE_BOUND('',#1325,.T.);
#1430=FACE_BOUND('',#1326,.T.);
#1431=PLANE('',#1563);
#1432=PLANE('',#1572);
#1433=PLANE('',#1576);
#1434=PLANE('',#1580);
#1435=PLANE('',#1581);
#1436=PLANE('',#1590);
#1437=PLANE('',#1594);
#1438=PLANE('',#1598);
#1439=PLANE('',#1599);
#1440=PLANE('',#1605);
#1441=PLANE('',#1610);
#1442=PLANE('',#1611);
#1443=PLANE('',#1615);
#1444=PLANE('',#1619);
#1445=PLANE('',#1620);
#1446=PLANE('',#1624);
#1447=PLANE('',#1628);
#1448=PLANE('',#1633);
#1449=PLANE('',#1792);
#1450=ADVANCED_FACE('',(#1327,#1328),#1431,.T.);
#1451=ADVANCED_FACE('',(#1329),#1432,.T.);
#1452=ADVANCED_FACE('',(#1330),#44,.T.);
#1453=ADVANCED_FACE('',(#1331),#1433,.T.);
#1454=ADVANCED_FACE('',(#1332),#45,.F.);
#1455=ADVANCED_FACE('',(#1333),#1434,.T.);
#1456=ADVANCED_FACE('',(#1334,#1335),#1435,.T.);
#1457=ADVANCED_FACE('',(#1336),#1436,.F.);
#1458=ADVANCED_FACE('',(#1337),#46,.T.);
#1459=ADVANCED_FACE('',(#1338),#1437,.F.);
#1460=ADVANCED_FACE('',(#1339),#47,.F.);
#1461=ADVANCED_FACE('',(#1340),#1438,.F.);
#1462=ADVANCED_FACE('',(#1341,#1342),#1439,.T.);
#1463=ADVANCED_FACE('',(#1343),#1440,.F.);
#1464=ADVANCED_FACE('',(#1344),#1441,.F.);
#1465=ADVANCED_FACE('',(#1345),#1442,.T.);
#1466=ADVANCED_FACE('',(#1346),#48,.F.);
#1467=ADVANCED_FACE('',(#1347),#1443,.T.);
#1468=ADVANCED_FACE('',(#1348),#49,.T.);
#1469=ADVANCED_FACE('',(#1349),#1444,.T.);
#1470=ADVANCED_FACE('',(#1350),#1445,.F.);
#1471=ADVANCED_FACE('',(#1351),#50,.F.);
#1472=ADVANCED_FACE('',(#1352),#1446,.F.);
#1473=ADVANCED_FACE('',(#1353),#51,.T.);
#1474=ADVANCED_FACE('',(#1354),#1447,.F.);
#1475=ADVANCED_FACE('',(#1355),#1448,.T.);
#1476=ADVANCED_FACE('',(#1356),#52,.T.);
#1477=ADVANCED_FACE('',(#1357),#12,.T.);
#1478=ADVANCED_FACE('',(#1358),#53,.T.);
#1479=ADVANCED_FACE('',(#1359),#13,.T.);
#1480=ADVANCED_FACE('',(#1360),#54,.T.);
#1481=ADVANCED_FACE('',(#1361),#55,.T.);
#1482=ADVANCED_FACE('',(#1362),#14,.T.);
#1483=ADVANCED_FACE('',(#1363),#56,.T.);
#1484=ADVANCED_FACE('',(#1364),#15,.T.);
#1485=ADVANCED_FACE('',(#1365),#57,.T.);
#1486=ADVANCED_FACE('',(#1366),#58,.T.);
#1487=ADVANCED_FACE('',(#1367),#16,.T.);
#1488=ADVANCED_FACE('',(#1368),#59,.T.);
#1489=ADVANCED_FACE('',(#1369),#17,.T.);
#1490=ADVANCED_FACE('',(#1370),#60,.T.);
#1491=ADVANCED_FACE('',(#1371),#61,.T.);
#1492=ADVANCED_FACE('',(#1372),#18,.T.);
#1493=ADVANCED_FACE('',(#1373),#62,.T.);
#1494=ADVANCED_FACE('',(#1374),#19,.T.);
#1495=ADVANCED_FACE('',(#1375),#63,.T.);
#1496=ADVANCED_FACE('',(#1376),#64,.F.);
#1497=ADVANCED_FACE('',(#1377),#20,.F.);
#1498=ADVANCED_FACE('',(#1378),#65,.F.);
#1499=ADVANCED_FACE('',(#1379),#21,.F.);
#1500=ADVANCED_FACE('',(#1380),#66,.F.);
#1501=ADVANCED_FACE('',(#1381),#67,.F.);
#1502=ADVANCED_FACE('',(#1382),#22,.F.);
#1503=ADVANCED_FACE('',(#1383),#68,.F.);
#1504=ADVANCED_FACE('',(#1384),#23,.F.);
#1505=ADVANCED_FACE('',(#1385),#69,.F.);
#1506=ADVANCED_FACE('',(#1386),#70,.F.);
#1507=ADVANCED_FACE('',(#1387),#24,.F.);
#1508=ADVANCED_FACE('',(#1388),#71,.F.);
#1509=ADVANCED_FACE('',(#1389),#25,.F.);
#1510=ADVANCED_FACE('',(#1390),#72,.F.);
#1511=ADVANCED_FACE('',(#1391),#73,.F.);
#1512=ADVANCED_FACE('',(#1392),#26,.F.);
#1513=ADVANCED_FACE('',(#1393),#74,.F.);
#1514=ADVANCED_FACE('',(#1394),#27,.F.);
#1515=ADVANCED_FACE('',(#1395),#75,.F.);
#1516=ADVANCED_FACE('',(#1396),#28,.T.);
#1517=ADVANCED_FACE('',(#1397),#76,.T.);
#1518=ADVANCED_FACE('',(#1398),#77,.T.);
#1519=ADVANCED_FACE('',(#1399),#29,.T.);
#1520=ADVANCED_FACE('',(#1400),#30,.T.);
#1521=ADVANCED_FACE('',(#1401),#78,.T.);
#1522=ADVANCED_FACE('',(#1402),#79,.T.);
#1523=ADVANCED_FACE('',(#1403),#31,.T.);
#1524=ADVANCED_FACE('',(#1404),#80,.T.);
#1525=ADVANCED_FACE('',(#1405),#32,.T.);
#1526=ADVANCED_FACE('',(#1406),#33,.T.);
#1527=ADVANCED_FACE('',(#1407),#81,.T.);
#1528=ADVANCED_FACE('',(#1408),#82,.T.);
#1529=ADVANCED_FACE('',(#1409),#34,.T.);
#1530=ADVANCED_FACE('',(#1410),#35,.T.);
#1531=ADVANCED_FACE('',(#1411),#83,.T.);
#1532=ADVANCED_FACE('',(#1412),#36,.T.);
#1533=ADVANCED_FACE('',(#1413),#84,.T.);
#1534=ADVANCED_FACE('',(#1414),#85,.T.);
#1535=ADVANCED_FACE('',(#1415),#37,.T.);
#1536=ADVANCED_FACE('',(#1416),#38,.T.);
#1537=ADVANCED_FACE('',(#1417),#86,.T.);
#1538=ADVANCED_FACE('',(#1418),#87,.T.);
#1539=ADVANCED_FACE('',(#1419),#39,.T.);
#1540=ADVANCED_FACE('',(#1420),#88,.T.);
#1541=ADVANCED_FACE('',(#1421),#40,.T.);
#1542=ADVANCED_FACE('',(#1422),#41,.T.);
#1543=ADVANCED_FACE('',(#1423),#89,.T.);
#1544=ADVANCED_FACE('',(#1424),#90,.T.);
#1545=ADVANCED_FACE('',(#1425),#42,.T.);
#1546=ADVANCED_FACE('',(#1426),#43,.T.);
#1547=ADVANCED_FACE('',(#1427),#91,.T.);
#1548=ADVANCED_FACE('',(#1428,#1429),#92,.F.);
#1549=ADVANCED_FACE('',(#1430),#1449,.T.);
#1550=CLOSED_SHELL('',(#1450,#1451,#1452,#1453,#1454,#1455,#1456,#1457,
#1458,#1459,#1460,#1461,#1462,#1463,#1464,#1465,#1466,#1467,#1468,#1469,
#1470,#1471,#1472,#1473,#1474,#1475,#1476,#1477,#1478,#1479,#1480,#1481,
#1482,#1483,#1484,#1485,#1486,#1487,#1488,#1489,#1490,#1491,#1492,#1493,
#1494,#1495,#1496,#1497,#1498,#1499,#1500,#1501,#1502,#1503,#1504,#1505,
#1506,#1507,#1508,#1509,#1510,#1511,#1512,#1513,#1514,#1515,#1516,#1517,
#1518,#1519,#1520,#1521,#1522,#1523,#1524,#1525,#1526,#1527,#1528,#1529,
#1530,#1531,#1532,#1533,#1534,#1535,#1536,#1537,#1538,#1539,#1540,#1541,
#1542,#1543,#1544,#1545,#1546,#1547,#1548,#1549));
#1551=STYLED_ITEM('',(#1552),#1559);
#1552=PRESENTATION_STYLE_ASSIGNMENT((#1553));
#1553=SURFACE_STYLE_USAGE(.BOTH.,#1554);
#1554=SURFACE_SIDE_STYLE('',(#1555));
#1555=SURFACE_STYLE_FILL_AREA(#1556);
#1556=FILL_AREA_STYLE('',(#1557));
#1557=FILL_AREA_STYLE_COLOUR('',#1558);
#1558=COLOUR_RGB('',0.768627450980392,0.886274509803922,0.952941176470588);
#1559=MANIFOLD_SOLID_BREP('Winder',#1550);
#1560=SHAPE_DEFINITION_REPRESENTATION(#2814,#1561);
#1561=SHAPE_REPRESENTATION('Winder',(#1562),#2809);
#1562=AXIS2_PLACEMENT_3D('',#2351,#1793,#1794);
#1563=AXIS2_PLACEMENT_3D('',#2352,#1795,#1796);
#1564=AXIS2_PLACEMENT_3D('',#2356,#1798,#1799);
#1565=AXIS2_PLACEMENT_3D('',#2360,#1801,#1802);
#1566=AXIS2_PLACEMENT_3D('',#2364,#1804,#1805);
#1567=AXIS2_PLACEMENT_3D('',#2368,#1807,#1808);
#1568=AXIS2_PLACEMENT_3D('',#2369,#1809,#1810);
#1569=AXIS2_PLACEMENT_3D('',#2374,#1812,#1813);
#1570=AXIS2_PLACEMENT_3D('',#2378,#1815,#1816);
#1571=AXIS2_PLACEMENT_3D('',#2382,#1818,#1819);
#1572=AXIS2_PLACEMENT_3D('',#2385,#1821,#1822);
#1573=AXIS2_PLACEMENT_3D('',#2394,#1827,#1828);
#1574=AXIS2_PLACEMENT_3D('',#2395,#1829,#1830);
#1575=AXIS2_PLACEMENT_3D('',#2399,#1832,#1833);
#1576=AXIS2_PLACEMENT_3D('',#2400,#1834,#1835);
#1577=AXIS2_PLACEMENT_3D('',#2406,#1839,#1840);
#1578=AXIS2_PLACEMENT_3D('',#2407,#1841,#1842);
#1579=AXIS2_PLACEMENT_3D('',#2411,#1844,#1845);
#1580=AXIS2_PLACEMENT_3D('',#2412,#1846,#1847);
#1581=AXIS2_PLACEMENT_3D('',#2418,#1851,#1852);
#1582=AXIS2_PLACEMENT_3D('',#2422,#1854,#1855);
#1583=AXIS2_PLACEMENT_3D('',#2426,#1857,#1858);
#1584=AXIS2_PLACEMENT_3D('',#2430,#1860,#1861);
#1585=AXIS2_PLACEMENT_3D('',#2434,#1863,#1864);
#1586=AXIS2_PLACEMENT_3D('',#2435,#1865,#1866);
#1587=AXIS2_PLACEMENT_3D('',#2440,#1868,#1869);
#1588=AXIS2_PLACEMENT_3D('',#2444,#1871,#1872);
#1589=AXIS2_PLACEMENT_3D('',#2448,#1874,#1875);
#1590=AXIS2_PLACEMENT_3D('',#2451,#1877,#1878);
#1591=AXIS2_PLACEMENT_3D('',#2460,#1883,#1884);
#1592=AXIS2_PLACEMENT_3D('',#2461,#1885,#1886);
#1593=AXIS2_PLACEMENT_3D('',#2465,#1888,#1889);
#1594=AXIS2_PLACEMENT_3D('',#2466,#1890,#1891);
#1595=AXIS2_PLACEMENT_3D('',#2472,#1895,#1896);
#1596=AXIS2_PLACEMENT_3D('',#2473,#1897,#1898);
#1597=AXIS2_PLACEMENT_3D('',#2477,#1900,#1901);
#1598=AXIS2_PLACEMENT_3D('',#2478,#1902,#1903);
#1599=AXIS2_PLACEMENT_3D('',#2484,#1907,#1908);
#1600=AXIS2_PLACEMENT_3D('',#2485,#1909,#1910);
#1601=AXIS2_PLACEMENT_3D('',#2494,#1914,#1915);
#1602=AXIS2_PLACEMENT_3D('',#2498,#1917,#1918);
#1603=AXIS2_PLACEMENT_3D('',#2506,#1922,#1923);
#1604=AXIS2_PLACEMENT_3D('',#2510,#1925,#1926);
#1605=AXIS2_PLACEMENT_3D('',#2511,#1927,#1928);
#1606=AXIS2_PLACEMENT_3D('',#2519,#1932,#1933);
#1607=AXIS2_PLACEMENT_3D('',#2523,#1935,#1936);
#1608=AXIS2_PLACEMENT_3D('',#2531,#1940,#1941);
#1609=AXIS2_PLACEMENT_3D('',#2535,#1943,#1944);
#1610=AXIS2_PLACEMENT_3D('',#2536,#1945,#1946);
#1611=AXIS2_PLACEMENT_3D('',#2545,#1951,#1952);
#1612=AXIS2_PLACEMENT_3D('',#2554,#1957,#1958);
#1613=AXIS2_PLACEMENT_3D('',#2555,#1959,#1960);
#1614=AXIS2_PLACEMENT_3D('',#2559,#1962,#1963);
#1615=AXIS2_PLACEMENT_3D('',#2560,#1964,#1965);
#1616=AXIS2_PLACEMENT_3D('',#2566,#1969,#1970);
#1617=AXIS2_PLACEMENT_3D('',#2567,#1971,#1972);
#1618=AXIS2_PLACEMENT_3D('',#2571,#1974,#1975);
#1619=AXIS2_PLACEMENT_3D('',#2572,#1976,#1977);
#1620=AXIS2_PLACEMENT_3D('',#2578,#1981,#1982);
#1621=AXIS2_PLACEMENT_3D('',#2587,#1987,#1988);
#1622=AXIS2_PLACEMENT_3D('',#2588,#1989,#1990);
#1623=AXIS2_PLACEMENT_3D('',#2592,#1992,#1993);
#1624=AXIS2_PLACEMENT_3D('',#2593,#1994,#1995);
#1625=AXIS2_PLACEMENT_3D('',#2599,#1999,#2000);
#1626=AXIS2_PLACEMENT_3D('',#2600,#2001,#2002);
#1627=AXIS2_PLACEMENT_3D('',#2601,#2003,#2004);
#1628=AXIS2_PLACEMENT_3D('',#2602,#2005,#2006);
#1629=AXIS2_PLACEMENT_3D('',#2610,#2010,#2011);
#1630=AXIS2_PLACEMENT_3D('',#2614,#2013,#2014);
#1631=AXIS2_PLACEMENT_3D('',#2622,#2018,#2019);
#1632=AXIS2_PLACEMENT_3D('',#2626,#2021,#2022);
#1633=AXIS2_PLACEMENT_3D('',#2627,#2023,#2024);
#1634=AXIS2_PLACEMENT_3D('',#2635,#2028,#2029);
#1635=AXIS2_PLACEMENT_3D('',#2639,#2031,#2032);
#1636=AXIS2_PLACEMENT_3D('',#2647,#2036,#2037);
#1637=AXIS2_PLACEMENT_3D('',#2651,#2039,#2040);
#1638=AXIS2_PLACEMENT_3D('',#2652,#2041,#2042);
#1639=AXIS2_PLACEMENT_3D('',#2653,#2043,#2044);
#1640=AXIS2_PLACEMENT_3D('',#2654,#2045,#2046);
#1641=AXIS2_PLACEMENT_3D('',#2655,#2047,#2048);
#1642=AXIS2_PLACEMENT_3D('',#2656,#2049,#2050);
#1643=AXIS2_PLACEMENT_3D('',#2657,#2051,#2052);
#1644=AXIS2_PLACEMENT_3D('',#2658,#2053,#2054);
#1645=AXIS2_PLACEMENT_3D('',#2659,#2055,#2056);
#1646=AXIS2_PLACEMENT_3D('',#2660,#2057,#2058);
#1647=AXIS2_PLACEMENT_3D('',#2661,#2059,#2060);
#1648=AXIS2_PLACEMENT_3D('',#2662,#2061,#2062);
#1649=AXIS2_PLACEMENT_3D('',#2663,#2063,#2064);
#1650=AXIS2_PLACEMENT_3D('',#2664,#2065,#2066);
#1651=AXIS2_PLACEMENT_3D('',#2665,#2067,#2068);
#1652=AXIS2_PLACEMENT_3D('',#2666,#2069,#2070);
#1653=AXIS2_PLACEMENT_3D('',#2667,#2071,#2072);
#1654=AXIS2_PLACEMENT_3D('',#2668,#2073,#2074);
#1655=AXIS2_PLACEMENT_3D('',#2669,#2075,#2076);
#1656=AXIS2_PLACEMENT_3D('',#2670,#2077,#2078);
#1657=AXIS2_PLACEMENT_3D('',#2671,#2079,#2080);
#1658=AXIS2_PLACEMENT_3D('',#2672,#2081,#2082);
#1659=AXIS2_PLACEMENT_3D('',#2673,#2083,#2084);
#1660=AXIS2_PLACEMENT_3D('',#2674,#2085,#2086);
#1661=AXIS2_PLACEMENT_3D('',#2675,#2087,#2088);
#1662=AXIS2_PLACEMENT_3D('',#2676,#2089,#2090);
#1663=AXIS2_PLACEMENT_3D('',#2677,#2091,#2092);
#1664=AXIS2_PLACEMENT_3D('',#2678,#2093,#2094);
#1665=AXIS2_PLACEMENT_3D('',#2679,#2095,#2096);
#1666=AXIS2_PLACEMENT_3D('',#2680,#2097,#2098);
#1667=AXIS2_PLACEMENT_3D('',#2681,#2099,#2100);
#1668=AXIS2_PLACEMENT_3D('',#2682,#2101,#2102);
#1669=AXIS2_PLACEMENT_3D('',#2683,#2103,#2104);
#1670=AXIS2_PLACEMENT_3D('',#2684,#2105,#2106);
#1671=AXIS2_PLACEMENT_3D('',#2685,#2107,#2108);
#1672=AXIS2_PLACEMENT_3D('',#2686,#2109,#2110);
#1673=AXIS2_PLACEMENT_3D('',#2687,#2111,#2112);
#1674=AXIS2_PLACEMENT_3D('',#2688,#2113,#2114);
#1675=AXIS2_PLACEMENT_3D('',#2689,#2115,#2116);
#1676=AXIS2_PLACEMENT_3D('',#2690,#2117,#2118);
#1677=AXIS2_PLACEMENT_3D('',#2691,#2119,#2120);
#1678=AXIS2_PLACEMENT_3D('',#2692,#2121,#2122);
#1679=AXIS2_PLACEMENT_3D('',#2693,#2123,#2124);
#1680=AXIS2_PLACEMENT_3D('',#2694,#2125,#2126);
#1681=AXIS2_PLACEMENT_3D('',#2695,#2127,#2128);
#1682=AXIS2_PLACEMENT_3D('',#2696,#2129,#2130);
#1683=AXIS2_PLACEMENT_3D('',#2697,#2131,#2132);
#1684=AXIS2_PLACEMENT_3D('',#2698,#2133,#2134);
#1685=AXIS2_PLACEMENT_3D('',#2699,#2135,#2136);
#1686=AXIS2_PLACEMENT_3D('',#2700,#2137,#2138);
#1687=AXIS2_PLACEMENT_3D('',#2701,#2139,#2140);
#1688=AXIS2_PLACEMENT_3D('',#2702,#2141,#2142);
#1689=AXIS2_PLACEMENT_3D('',#2703,#2143,#2144);
#1690=AXIS2_PLACEMENT_3D('',#2704,#2145,#2146);
#1691=AXIS2_PLACEMENT_3D('',#2705,#2147,#2148);
#1692=AXIS2_PLACEMENT_3D('',#2706,#2149,#2150);
#1693=AXIS2_PLACEMENT_3D('',#2707,#2151,#2152);
#1694=AXIS2_PLACEMENT_3D('',#2708,#2153,#2154);
#1695=AXIS2_PLACEMENT_3D('',#2709,#2155,#2156);
#1696=AXIS2_PLACEMENT_3D('',#2710,#2157,#2158);
#1697=AXIS2_PLACEMENT_3D('',#2711,#2159,#2160);
#1698=AXIS2_PLACEMENT_3D('',#2712,#2161,#2162);
#1699=AXIS2_PLACEMENT_3D('',#2713,#2163,#2164);
#1700=AXIS2_PLACEMENT_3D('',#2714,#2165,#2166);
#1701=AXIS2_PLACEMENT_3D('',#2715,#2167,#2168);
#1702=AXIS2_PLACEMENT_3D('',#2716,#2169,#2170);
#1703=AXIS2_PLACEMENT_3D('',#2717,#2171,#2172);
#1704=AXIS2_PLACEMENT_3D('',#2718,#2173,#2174);
#1705=AXIS2_PLACEMENT_3D('',#2719,#2175,#2176);
#1706=AXIS2_PLACEMENT_3D('',#2720,#2177,#2178);
#1707=AXIS2_PLACEMENT_3D('',#2721,#2179,#2180);
#1708=AXIS2_PLACEMENT_3D('',#2722,#2181,#2182);
#1709=AXIS2_PLACEMENT_3D('',#2723,#2183,#2184);
#1710=AXIS2_PLACEMENT_3D('',#2724,#2185,#2186);
#1711=AXIS2_PLACEMENT_3D('',#2725,#2187,#2188);
#1712=AXIS2_PLACEMENT_3D('',#2726,#2189,#2190);
#1713=AXIS2_PLACEMENT_3D('',#2727,#2191,#2192);
#1714=AXIS2_PLACEMENT_3D('',#2728,#2193,#2194);
#1715=AXIS2_PLACEMENT_3D('',#2729,#2195,#2196);
#1716=AXIS2_PLACEMENT_3D('',#2730,#2197,#2198);
#1717=AXIS2_PLACEMENT_3D('',#2731,#2199,#2200);
#1718=AXIS2_PLACEMENT_3D('',#2732,#2201,#2202);
#1719=AXIS2_PLACEMENT_3D('',#2733,#2203,#2204);
#1720=AXIS2_PLACEMENT_3D('',#2734,#2205,#2206);
#1721=AXIS2_PLACEMENT_3D('',#2735,#2207,#2208);
#1722=AXIS2_PLACEMENT_3D('',#2736,#2209,#2210);
#1723=AXIS2_PLACEMENT_3D('',#2737,#2211,#2212);
#1724=AXIS2_PLACEMENT_3D('',#2738,#2213,#2214);
#1725=AXIS2_PLACEMENT_3D('',#2739,#2215,#2216);
#1726=AXIS2_PLACEMENT_3D('',#2740,#2217,#2218);
#1727=AXIS2_PLACEMENT_3D('',#2741,#2219,#2220);
#1728=AXIS2_PLACEMENT_3D('',#2742,#2221,#2222);
#1729=AXIS2_PLACEMENT_3D('',#2743,#2223,#2224);
#1730=AXIS2_PLACEMENT_3D('',#2744,#2225,#2226);
#1731=AXIS2_PLACEMENT_3D('',#2745,#2227,#2228);
#1732=AXIS2_PLACEMENT_3D('',#2746,#2229,#2230);
#1733=AXIS2_PLACEMENT_3D('',#2747,#2231,#2232);
#1734=AXIS2_PLACEMENT_3D('',#2748,#2233,#2234);
#1735=AXIS2_PLACEMENT_3D('',#2749,#2235,#2236);
#1736=AXIS2_PLACEMENT_3D('',#2750,#2237,#2238);
#1737=AXIS2_PLACEMENT_3D('',#2751,#2239,#2240);
#1738=AXIS2_PLACEMENT_3D('',#2752,#2241,#2242);
#1739=AXIS2_PLACEMENT_3D('',#2753,#2243,#2244);
#1740=AXIS2_PLACEMENT_3D('',#2754,#2245,#2246);
#1741=AXIS2_PLACEMENT_3D('',#2755,#2247,#2248);
#1742=AXIS2_PLACEMENT_3D('',#2756,#2249,#2250);
#1743=AXIS2_PLACEMENT_3D('',#2757,#2251,#2252);
#1744=AXIS2_PLACEMENT_3D('',#2758,#2253,#2254);
#1745=AXIS2_PLACEMENT_3D('',#2759,#2255,#2256);
#1746=AXIS2_PLACEMENT_3D('',#2760,#2257,#2258);
#1747=AXIS2_PLACEMENT_3D('',#2761,#2259,#2260);
#1748=AXIS2_PLACEMENT_3D('',#2762,#2261,#2262);
#1749=AXIS2_PLACEMENT_3D('',#2763,#2263,#2264);
#1750=AXIS2_PLACEMENT_3D('',#2764,#2265,#2266);
#1751=AXIS2_PLACEMENT_3D('',#2765,#2267,#2268);
#1752=AXIS2_PLACEMENT_3D('',#2766,#2269,#2270);
#1753=AXIS2_PLACEMENT_3D('',#2767,#2271,#2272);
#1754=AXIS2_PLACEMENT_3D('',#2768,#2273,#2274);
#1755=AXIS2_PLACEMENT_3D('',#2769,#2275,#2276);
#1756=AXIS2_PLACEMENT_3D('',#2770,#2277,#2278);
#1757=AXIS2_PLACEMENT_3D('',#2771,#2279,#2280);
#1758=AXIS2_PLACEMENT_3D('',#2772,#2281,#2282);
#1759=AXIS2_PLACEMENT_3D('',#2773,#2283,#2284);
#1760=AXIS2_PLACEMENT_3D('',#2774,#2285,#2286);
#1761=AXIS2_PLACEMENT_3D('',#2775,#2287,#2288);
#1762=AXIS2_PLACEMENT_3D('',#2776,#2289,#2290);
#1763=AXIS2_PLACEMENT_3D('',#2777,#2291,#2292);
#1764=AXIS2_PLACEMENT_3D('',#2778,#2293,#2294);
#1765=AXIS2_PLACEMENT_3D('',#2779,#2295,#2296);
#1766=AXIS2_PLACEMENT_3D('',#2780,#2297,#2298);
#1767=AXIS2_PLACEMENT_3D('',#2781,#2299,#2300);
#1768=AXIS2_PLACEMENT_3D('',#2782,#2301,#2302);
#1769=AXIS2_PLACEMENT_3D('',#2783,#2303,#2304);
#1770=AXIS2_PLACEMENT_3D('',#2784,#2305,#2306);
#1771=AXIS2_PLACEMENT_3D('',#2785,#2307,#2308);
#1772=AXIS2_PLACEMENT_3D('',#2786,#2309,#2310);
#1773=AXIS2_PLACEMENT_3D('',#2787,#2311,#2312);
#1774=AXIS2_PLACEMENT_3D('',#2788,#2313,#2314);
#1775=AXIS2_PLACEMENT_3D('',#2789,#2315,#2316);
#1776=AXIS2_PLACEMENT_3D('',#2790,#2317,#2318);
#1777=AXIS2_PLACEMENT_3D('',#2791,#2319,#2320);
#1778=AXIS2_PLACEMENT_3D('',#2792,#2321,#2322);
#1779=AXIS2_PLACEMENT_3D('',#2793,#2323,#2324);
#1780=AXIS2_PLACEMENT_3D('',#2794,#2325,#2326);
#1781=AXIS2_PLACEMENT_3D('',#2795,#2327,#2328);
#1782=AXIS2_PLACEMENT_3D('',#2796,#2329,#2330);
#1783=AXIS2_PLACEMENT_3D('',#2797,#2331,#2332);
#1784=AXIS2_PLACEMENT_3D('',#2798,#2333,#2334);
#1785=AXIS2_PLACEMENT_3D('',#2799,#2335,#2336);
#1786=AXIS2_PLACEMENT_3D('',#2800,#2337,#2338);
#1787=AXIS2_PLACEMENT_3D('',#2801,#2339,#2340);
#1788=AXIS2_PLACEMENT_3D('',#2802,#2341,#2342);
#1789=AXIS2_PLACEMENT_3D('',#2803,#2343,#2344);
#1790=AXIS2_PLACEMENT_3D('',#2804,#2345,#2346);
#1791=AXIS2_PLACEMENT_3D('',#2805,#2347,#2348);
#1792=AXIS2_PLACEMENT_3D('',#2807,#2349,#2350);
#1793=DIRECTION('',(0.,0.,1.));
#1794=DIRECTION('',(1.,0.,0.));
#1795=DIRECTION('',(1.,0.,0.));
#1796=DIRECTION('',(0.,0.,-1.));
#1797=DIRECTION('',(0.,-1.,0.));
#1798=DIRECTION('',(1.,0.,0.));
#1799=DIRECTION('',(0.,0.,-1.));
#1800=DIRECTION('',(0.,0.,-1.));
#1801=DIRECTION('',(1.,0.,0.));
#1802=DIRECTION('',(0.,0.,-1.));
#1803=DIRECTION('',(0.,-1.,0.));
#1804=DIRECTION('',(1.,0.,0.));
#1805=DIRECTION('',(0.,0.,-1.));
#1806=DIRECTION('',(0.,0.,-1.));
#1807=DIRECTION('',(1.,0.,0.));
#1808=DIRECTION('',(0.,0.,-1.));
#1809=DIRECTION('',(1.,0.,0.));
#1810=DIRECTION('',(0.,0.,-1.));
#1811=DIRECTION('',(0.,0.,-1.));
#1812=DIRECTION('',(1.,0.,0.));
#1813=DIRECTION('',(0.,0.,-1.));
#1814=DIRECTION('',(0.,-1.,0.));
#1815=DIRECTION('',(1.,0.,0.));
#1816=DIRECTION('',(0.,0.,-1.));
#1817=DIRECTION('',(0.,0.,-1.));
#1818=DIRECTION('',(1.,0.,0.));
#1819=DIRECTION('',(0.,0.,-1.));
#1820=DIRECTION('',(0.,-1.,0.));
#1821=DIRECTION('',(0.,1.,0.));
#1822=DIRECTION('',(0.,0.,1.));
#1823=DIRECTION('',(1.,0.,0.));
#1824=DIRECTION('',(0.,0.,-1.));
#1825=DIRECTION('',(1.,0.,0.));
#1826=DIRECTION('',(0.,0.,-1.));
#1827=DIRECTION('',(0.,0.,-1.));
#1828=DIRECTION('',(-1.,0.,0.));
#1829=DIRECTION('',(0.,0.,1.));
#1830=DIRECTION('',(1.,0.,0.));
#1831=DIRECTION('',(0.,0.,-1.));
#1832=DIRECTION('',(0.,0.,1.));
#1833=DIRECTION('',(1.,0.,0.));
#1834=DIRECTION('',(-1.,0.,0.));
#1835=DIRECTION('',(0.,0.,1.));
#1836=DIRECTION('',(0.,1.,0.));
#1837=DIRECTION('',(0.,0.,-1.));
#1838=DIRECTION('',(0.,1.,0.));
#1839=DIRECTION('',(0.,0.,-1.));
#1840=DIRECTION('',(-1.,0.,0.));
#1841=DIRECTION('',(0.,0.,1.));
#1842=DIRECTION('',(1.,0.,0.));
#1843=DIRECTION('',(0.,0.,-1.));
#1844=DIRECTION('',(0.,0.,1.));
#1845=DIRECTION('',(1.,0.,0.));
#1846=DIRECTION('',(0.,1.,0.));
#1847=DIRECTION('',(0.,0.,1.));
#1848=DIRECTION('',(1.,0.,0.));
#1849=DIRECTION('',(0.,0.,-1.));
#1850=DIRECTION('',(1.,0.,0.));
#1851=DIRECTION('',(-1.,0.,0.));
#1852=DIRECTION('',(0.,0.,1.));
#1853=DIRECTION('',(0.,1.,0.));
#1854=DIRECTION('',(-1.,0.,0.));
#1855=DIRECTION('',(0.,0.,1.));
#1856=DIRECTION('',(0.,0.,-1.));
#1857=DIRECTION('',(-1.,0.,0.));
#1858=DIRECTION('',(0.,0.,1.));
#1859=DIRECTION('',(0.,1.,0.));
#1860=DIRECTION('',(-1.,0.,0.));
#1861=DIRECTION('',(0.,0.,1.));
#1862=DIRECTION('',(0.,0.,-1.));
#1863=DIRECTION('',(-1.,0.,0.));
#1864=DIRECTION('',(0.,0.,1.));
#1865=DIRECTION('',(-1.,0.,0.));
#1866=DIRECTION('',(0.,0.,1.));
#1867=DIRECTION('',(0.,1.,0.));
#1868=DIRECTION('',(-1.,0.,0.));
#1869=DIRECTION('',(0.,0.,1.));
#1870=DIRECTION('',(0.,0.,-1.));
#1871=DIRECTION('',(-1.,0.,0.));
#1872=DIRECTION('',(0.,0.,1.));
#1873=DIRECTION('',(0.,1.,0.));
#1874=DIRECTION('',(-1.,0.,0.));
#1875=DIRECTION('',(0.,0.,1.));
#1876=DIRECTION('',(0.,0.,-1.));
#1877=DIRECTION('',(0.,1.,0.));
#1878=DIRECTION('',(0.,0.,1.));
#1879=DIRECTION('',(1.,0.,0.));
#1880=DIRECTION('',(0.,0.,-1.));
#1881=DIRECTION('',(1.,0.,0.));
#1882=DIRECTION('',(0.,0.,-1.));
#1883=DIRECTION('',(0.,0.,-1.));
#1884=DIRECTION('',(-1.,0.,0.));
#1885=DIRECTION('',(0.,0.,1.));
#1886=DIRECTION('',(1.,0.,0.));
#1887=DIRECTION('',(0.,0.,-1.));
#1888=DIRECTION('',(0.,0.,1.));
#1889=DIRECTION('',(1.,0.,0.));
#1890=DIRECTION('',(-1.,0.,0.));
#1891=DIRECTION('',(0.,0.,1.));
#1892=DIRECTION('',(0.,1.,0.));
#1893=DIRECTION('',(0.,0.,-1.));
#1894=DIRECTION('',(0.,1.,0.));
#1895=DIRECTION('',(0.,0.,-1.));
#1896=DIRECTION('',(-1.,0.,0.));
#1897=DIRECTION('',(0.,0.,1.));
#1898=DIRECTION('',(1.,0.,0.));
#1899=DIRECTION('',(0.,0.,-1.));
#1900=DIRECTION('',(0.,0.,1.));
#1901=DIRECTION('',(1.,0.,0.));
#1902=DIRECTION('',(0.,1.,0.));
#1903=DIRECTION('',(0.,0.,1.));
#1904=DIRECTION('',(1.,0.,0.));
#1905=DIRECTION('',(0.,0.,-1.));
#1906=DIRECTION('',(1.,0.,0.));
#1907=DIRECTION('',(0.,0.,1.));
#1908=DIRECTION('',(1.,0.,0.));
#1909=DIRECTION('',(0.,0.,1.));
#1910=DIRECTION('',(1.,0.,0.));
#1911=DIRECTION('',(1.,0.,0.));
#1912=DIRECTION('',(0.,-1.,0.));
#1913=DIRECTION('',(1.,0.,0.));
#1914=DIRECTION('',(0.,0.,1.));
#1915=DIRECTION('',(1.,0.,0.));
#1916=DIRECTION('',(0.,1.,0.));
#1917=DIRECTION('',(0.,0.,1.));
#1918=DIRECTION('',(1.,0.,0.));
#1919=DIRECTION('',(1.,0.,0.));
#1920=DIRECTION('',(0.,1.,0.));
#1921=DIRECTION('',(1.,0.,0.));
#1922=DIRECTION('',(0.,0.,1.));
#1923=DIRECTION('',(1.,0.,0.));
#1924=DIRECTION('',(0.,1.,0.));
#1925=DIRECTION('',(0.,0.,1.));
#1926=DIRECTION('',(1.,0.,0.));
#1927=DIRECTION('',(0.,0.,1.));
#1928=DIRECTION('',(1.,0.,0.));
#1929=DIRECTION('',(1.,0.,0.));
#1930=DIRECTION('',(0.,-1.,0.));
#1931=DIRECTION('',(1.,0.,0.));
#1932=DIRECTION('',(0.,0.,1.));
#1933=DIRECTION('',(1.,0.,0.));
#1934=DIRECTION('',(0.,1.,0.));
#1935=DIRECTION('',(0.,0.,1.));
#1936=DIRECTION('',(1.,0.,0.));
#1937=DIRECTION('',(1.,0.,0.));
#1938=DIRECTION('',(0.,1.,0.));
#1939=DIRECTION('',(1.,0.,0.));
#1940=DIRECTION('',(0.,0.,1.));
#1941=DIRECTION('',(1.,0.,0.));
#1942=DIRECTION('',(0.,1.,0.));
#1943=DIRECTION('',(0.,0.,1.));
#1944=DIRECTION('',(1.,0.,0.));
#1945=DIRECTION('',(0.,1.,0.));
#1946=DIRECTION('',(0.,0.,1.));
#1947=DIRECTION('',(1.,0.,0.));
#1948=DIRECTION('',(0.,0.,-1.));
#1949=DIRECTION('',(1.,0.,0.));
#1950=DIRECTION('',(0.,0.,-1.));
#1951=DIRECTION('',(0.,1.,0.));
#1952=DIRECTION('',(0.,0.,1.));
#1953=DIRECTION('',(1.,0.,0.));
#1954=DIRECTION('',(0.,0.,-1.));
#1955=DIRECTION('',(1.,0.,0.));
#1956=DIRECTION('',(0.,0.,-1.));
#1957=DIRECTION('',(0.,0.,-1.));
#1958=DIRECTION('',(-1.,0.,0.));
#1959=DIRECTION('',(0.,0.,1.));
#1960=DIRECTION('',(1.,0.,0.));
#1961=DIRECTION('',(0.,0.,-1.));
#1962=DIRECTION('',(0.,0.,1.));
#1963=DIRECTION('',(1.,0.,0.));
#1964=DIRECTION('',(-1.,0.,0.));
#1965=DIRECTION('',(0.,0.,1.));
#1966=DIRECTION('',(0.,1.,0.));
#1967=DIRECTION('',(0.,0.,-1.));
#1968=DIRECTION('',(0.,1.,0.));
#1969=DIRECTION('',(0.,0.,-1.));
#1970=DIRECTION('',(-1.,0.,0.));
#1971=DIRECTION('',(0.,0.,1.));
#1972=DIRECTION('',(1.,0.,0.));
#1973=DIRECTION('',(0.,0.,-1.));
#1974=DIRECTION('',(0.,0.,1.));
#1975=DIRECTION('',(1.,0.,0.));
#1976=DIRECTION('',(0.,1.,0.));
#1977=DIRECTION('',(0.,0.,1.));
#1978=DIRECTION('',(1.,0.,0.));
#1979=DIRECTION('',(0.,0.,-1.));
#1980=DIRECTION('',(1.,0.,0.));
#1981=DIRECTION('',(0.,1.,0.));
#1982=DIRECTION('',(0.,0.,1.));
#1983=DIRECTION('',(1.,0.,0.));
#1984=DIRECTION('',(0.,0.,-1.));
#1985=DIRECTION('',(1.,0.,0.));
#1986=DIRECTION('',(0.,0.,-1.));
#1987=DIRECTION('',(0.,0.,-1.));
#1988=DIRECTION('',(-1.,0.,0.));
#1989=DIRECTION('',(0.,0.,1.));
#1990=DIRECTION('',(1.,0.,0.));
#1991=DIRECTION('',(0.,0.,-1.));
#1992=DIRECTION('',(0.,0.,1.));
#1993=DIRECTION('',(1.,0.,0.));
#1994=DIRECTION('',(-1.,0.,0.));
#1995=DIRECTION('',(0.,0.,1.));
#1996=DIRECTION('',(0.,1.,0.));
#1997=DIRECTION('',(0.,0.,-1.));
#1998=DIRECTION('',(0.,1.,0.));
#1999=DIRECTION('',(0.,0.,-1.));
#2000=DIRECTION('',(-1.,0.,0.));
#2001=DIRECTION('',(0.,0.,1.));
#2002=DIRECTION('',(1.,0.,0.));
#2003=DIRECTION('',(0.,0.,1.));
#2004=DIRECTION('',(1.,0.,0.));
#2005=DIRECTION('',(0.,0.,1.));
#2006=DIRECTION('',(1.,0.,0.));
#2007=DIRECTION('',(1.,0.,0.));
#2008=DIRECTION('',(0.,-1.,0.));
#2009=DIRECTION('',(1.,0.,0.));
#2010=DIRECTION('',(0.,0.,1.));
#2011=DIRECTION('',(1.,0.,0.));
#2012=DIRECTION('',(0.,1.,0.));
#2013=DIRECTION('',(0.,0.,1.));
#2014=DIRECTION('',(1.,0.,0.));
#2015=DIRECTION('',(1.,0.,0.));
#2016=DIRECTION('',(0.,1.,0.));
#2017=DIRECTION('',(1.,0.,0.));
#2018=DIRECTION('',(0.,0.,1.));
#2019=DIRECTION('',(1.,0.,0.));
#2020=DIRECTION('',(0.,1.,0.));
#2021=DIRECTION('',(0.,0.,1.));
#2022=DIRECTION('',(1.,0.,0.));
#2023=DIRECTION('',(0.,0.,1.));
#2024=DIRECTION('',(1.,0.,0.));
#2025=DIRECTION('',(1.,0.,0.));
#2026=DIRECTION('',(0.,-1.,0.));
#2027=DIRECTION('',(1.,0.,0.));
#2028=DIRECTION('',(0.,0.,1.));
#2029=DIRECTION('',(1.,0.,0.));
#2030=DIRECTION('',(0.,1.,0.));
#2031=DIRECTION('',(0.,0.,1.));
#2032=DIRECTION('',(1.,0.,0.));
#2033=DIRECTION('',(1.,0.,0.));
#2034=DIRECTION('',(0.,1.,0.));
#2035=DIRECTION('',(1.,0.,0.));
#2036=DIRECTION('',(0.,0.,1.));
#2037=DIRECTION('',(1.,0.,0.));
#2038=DIRECTION('',(0.,1.,0.));
#2039=DIRECTION('',(0.,0.,1.));
#2040=DIRECTION('',(1.,0.,0.));
#2041=DIRECTION('',(-1.,0.,0.));
#2042=DIRECTION('',(0.,0.,1.));
#2043=DIRECTION('',(-1.,0.,0.));
#2044=DIRECTION('',(0.,0.,1.));
#2045=DIRECTION('',(1.,0.,0.));
#2046=DIRECTION('',(0.,0.,-1.));
#2047=DIRECTION('',(0.,0.,1.));
#2048=DIRECTION('',(1.,0.,0.));
#2049=DIRECTION('',(0.,1.,0.));
#2050=DIRECTION('',(0.,0.,1.));
#2051=DIRECTION('',(0.,-1.,0.));
#2052=DIRECTION('',(0.,0.,-1.));
#2053=DIRECTION('',(0.,1.,0.));
#2054=DIRECTION('',(0.,0.,1.));
#2055=DIRECTION('',(0.,0.,1.));
#2056=DIRECTION('',(1.,0.,0.));
#2057=DIRECTION('',(1.,0.,0.));
#2058=DIRECTION('',(0.,0.,-1.));
#2059=DIRECTION('',(-1.,0.,0.));
#2060=DIRECTION('',(0.,0.,1.));
#2061=DIRECTION('',(1.,0.,0.));
#2062=DIRECTION('',(0.,0.,-1.));
#2063=DIRECTION('',(1.,0.,0.));
#2064=DIRECTION('',(0.,0.,-1.));
#2065=DIRECTION('',(-1.,0.,0.));
#2066=DIRECTION('',(0.,0.,1.));
#2067=DIRECTION('',(1.,0.,0.));
#2068=DIRECTION('',(0.,0.,-1.));
#2069=DIRECTION('',(0.,0.,1.));
#2070=DIRECTION('',(1.,0.,0.));
#2071=DIRECTION('',(0.,1.,0.));
#2072=DIRECTION('',(0.,0.,1.));
#2073=DIRECTION('',(0.,1.,0.));
#2074=DIRECTION('',(0.,0.,1.));
#2075=DIRECTION('',(0.,1.,0.));
#2076=DIRECTION('',(0.,0.,1.));
#2077=DIRECTION('',(0.,0.,1.));
#2078=DIRECTION('',(1.,0.,0.));
#2079=DIRECTION('',(1.,0.,0.));
#2080=DIRECTION('',(0.,0.,-1.));
#2081=DIRECTION('',(1.,0.,0.));
#2082=DIRECTION('',(0.,0.,-1.));
#2083=DIRECTION('',(1.,0.,0.));
#2084=DIRECTION('',(0.,0.,-1.));
#2085=DIRECTION('',(1.,0.,0.));
#2086=DIRECTION('',(0.,0.,-1.));
#2087=DIRECTION('',(-1.,0.,0.));
#2088=DIRECTION('',(0.,0.,1.));
#2089=DIRECTION('',(1.,0.,0.));
#2090=DIRECTION('',(0.,0.,-1.));
#2091=DIRECTION('',(0.,0.,1.));
#2092=DIRECTION('',(1.,0.,0.));
#2093=DIRECTION('',(9.54097911787243E-15,1.,-9.54097911787244E-15));
#2094=DIRECTION('',(0.,9.54097911787244E-15,1.));
#2095=DIRECTION('',(0.,1.,0.));
#2096=DIRECTION('',(0.,0.,1.));
#2097=DIRECTION('',(0.,1.,0.));
#2098=DIRECTION('',(0.,0.,1.));
#2099=DIRECTION('',(0.,0.,1.));
#2100=DIRECTION('',(1.,0.,0.));
#2101=DIRECTION('',(1.,0.,0.));
#2102=DIRECTION('',(0.,0.,-1.));
#2103=DIRECTION('',(1.,0.,0.));
#2104=DIRECTION('',(0.,0.,-1.));
#2105=DIRECTION('',(1.,0.,0.));
#2106=DIRECTION('',(0.,0.,-1.));
#2107=DIRECTION('',(-1.,0.,0.));
#2108=DIRECTION('',(0.,0.,1.));
#2109=DIRECTION('',(-1.,0.,0.));
#2110=DIRECTION('',(0.,0.,1.));
#2111=DIRECTION('',(1.,0.,0.));
#2112=DIRECTION('',(0.,0.,-1.));
#2113=DIRECTION('',(0.,0.,1.));
#2114=DIRECTION('',(1.,0.,0.));
#2115=DIRECTION('',(0.,1.,0.));
#2116=DIRECTION('',(0.,0.,1.));
#2117=DIRECTION('',(0.,-1.,0.));
#2118=DIRECTION('',(0.,0.,-1.));
#2119=DIRECTION('',(0.,1.,0.));
#2120=DIRECTION('',(0.,0.,1.));
#2121=DIRECTION('',(0.,0.,1.));
#2122=DIRECTION('',(1.,0.,0.));
#2123=DIRECTION('',(1.,0.,0.));
#2124=DIRECTION('',(0.,0.,-1.));
#2125=DIRECTION('',(-1.,0.,0.));
#2126=DIRECTION('',(0.,0.,1.));
#2127=DIRECTION('',(1.,0.,0.));
#2128=DIRECTION('',(0.,0.,-1.));
#2129=DIRECTION('',(-1.,0.,0.));
#2130=DIRECTION('',(0.,0.,1.));
#2131=DIRECTION('',(-1.,0.,0.));
#2132=DIRECTION('',(0.,0.,1.));
#2133=DIRECTION('',(-1.,0.,0.));
#2134=DIRECTION('',(0.,0.,1.));
#2135=DIRECTION('',(0.,0.,1.));
#2136=DIRECTION('',(1.,0.,0.));
#2137=DIRECTION('',(0.,-1.,0.));
#2138=DIRECTION('',(0.,0.,-1.));
#2139=DIRECTION('',(0.,-1.,0.));
#2140=DIRECTION('',(0.,0.,-1.));
#2141=DIRECTION('',(0.,-1.,0.));
#2142=DIRECTION('',(0.,0.,-1.));
#2143=DIRECTION('',(0.,0.,1.));
#2144=DIRECTION('',(1.,0.,0.));
#2145=DIRECTION('',(-1.,0.,0.));
#2146=DIRECTION('',(0.,0.,1.));
#2147=DIRECTION('',(-1.,0.,0.));
#2148=DIRECTION('',(0.,0.,1.));
#2149=DIRECTION('',(1.,0.,0.));
#2150=DIRECTION('',(0.,0.,-1.));
#2151=DIRECTION('',(1.,0.,0.));
#2152=DIRECTION('',(0.,0.,-1.));
#2153=DIRECTION('',(-1.,0.,0.));
#2154=DIRECTION('',(0.,0.,1.));
#2155=DIRECTION('',(-1.,0.,0.));
#2156=DIRECTION('',(0.,0.,1.));
#2157=DIRECTION('',(0.,0.,1.));
#2158=DIRECTION('',(1.,0.,0.));
#2159=DIRECTION('',(0.,-1.,0.));
#2160=DIRECTION('',(0.,0.,-1.));
#2161=DIRECTION('',(0.,1.,0.));
#2162=DIRECTION('',(0.,0.,1.));
#2163=DIRECTION('',(0.,-1.,0.));
#2164=DIRECTION('',(0.,0.,-1.));
#2165=DIRECTION('',(0.,0.,1.));
#2166=DIRECTION('',(1.,0.,0.));
#2167=DIRECTION('',(-1.,0.,0.));
#2168=DIRECTION('',(0.,0.,1.));
#2169=DIRECTION('',(1.,0.,0.));
#2170=DIRECTION('',(0.,0.,-1.));
#2171=DIRECTION('',(1.,0.,0.));
#2172=DIRECTION('',(0.,0.,-1.));
#2173=DIRECTION('',(-1.,0.,0.));
#2174=DIRECTION('',(0.,0.,1.));
#2175=DIRECTION('',(-1.,0.,0.));
#2176=DIRECTION('',(0.,0.,1.));
#2177=DIRECTION('',(-1.,0.,0.));
#2178=DIRECTION('',(0.,0.,1.));
#2179=DIRECTION('',(0.,0.,1.));
#2180=DIRECTION('',(1.,0.,0.));
#2181=DIRECTION('',(0.,-1.,0.));
#2182=DIRECTION('',(0.,0.,-1.));
#2183=DIRECTION('',(0.,-1.,0.));
#2184=DIRECTION('',(0.,0.,-1.));
#2185=DIRECTION('',(0.,-1.,0.));
#2186=DIRECTION('',(0.,0.,-1.));
#2187=DIRECTION('',(0.,0.,1.));
#2188=DIRECTION('',(1.,0.,0.));
#2189=DIRECTION('',(-1.,0.,0.));
#2190=DIRECTION('',(0.,0.,1.));
#2191=DIRECTION('',(-1.,0.,0.));
#2192=DIRECTION('',(0.,0.,1.));
#2193=DIRECTION('',(1.,0.,0.));
#2194=DIRECTION('',(0.,0.,-1.));
#2195=DIRECTION('',(1.,0.,0.));
#2196=DIRECTION('',(0.,0.,-1.));
#2197=DIRECTION('',(-1.,0.,0.));
#2198=DIRECTION('',(0.,0.,1.));
#2199=DIRECTION('',(-1.,0.,0.));
#2200=DIRECTION('',(0.,0.,1.));
#2201=DIRECTION('',(0.,0.,1.));
#2202=DIRECTION('',(1.,0.,0.));
#2203=DIRECTION('',(0.,-1.,0.));
#2204=DIRECTION('',(0.,0.,-1.));
#2205=DIRECTION('',(0.,1.,0.));
#2206=DIRECTION('',(0.,0.,1.));
#2207=DIRECTION('',(0.,-1.,0.));
#2208=DIRECTION('',(0.,0.,-1.));
#2209=DIRECTION('',(0.,0.,1.));
#2210=DIRECTION('',(1.,0.,0.));
#2211=DIRECTION('',(-1.,0.,0.));
#2212=DIRECTION('',(0.,0.,1.));
#2213=DIRECTION('',(1.,0.,0.));
#2214=DIRECTION('',(0.,0.,-1.));
#2215=DIRECTION('',(1.,0.,0.));
#2216=DIRECTION('',(0.,0.,-1.));
#2217=DIRECTION('',(-1.,0.,0.));
#2218=DIRECTION('',(0.,0.,1.));
#2219=DIRECTION('',(0.,1.,-5.42101086242752E-16));
#2220=DIRECTION('',(0.,5.42101086242752E-16,1.));
#2221=DIRECTION('',(0.,0.,1.));
#2222=DIRECTION('',(1.,0.,0.));
#2223=DIRECTION('',(0.,0.,1.));
#2224=DIRECTION('',(1.,0.,0.));
#2225=DIRECTION('',(0.,0.,1.));
#2226=DIRECTION('',(1.,0.,0.));
#2227=DIRECTION('',(0.,-1.,0.));
#2228=DIRECTION('',(0.,0.,-1.));
#2229=DIRECTION('',(0.,1.,0.));
#2230=DIRECTION('',(0.,0.,1.));
#2231=DIRECTION('',(-1.,0.,0.));
#2232=DIRECTION('',(0.,0.,1.));
#2233=DIRECTION('',(0.,1.,0.));
#2234=DIRECTION('',(0.,0.,1.));
#2235=DIRECTION('',(-1.,0.,0.));
#2236=DIRECTION('',(0.,0.,1.));
#2237=DIRECTION('',(0.,0.,1.));
#2238=DIRECTION('',(1.,0.,0.));
#2239=DIRECTION('',(0.,1.,0.));
#2240=DIRECTION('',(0.,0.,1.));
#2241=DIRECTION('',(0.,1.,8.13151629364128E-16));
#2242=DIRECTION('',(0.,-8.13151629364128E-16,1.));
#2243=DIRECTION('',(0.,0.,-1.));
#2244=DIRECTION('',(-1.,0.,0.));
#2245=DIRECTION('',(0.,0.,1.));
#2246=DIRECTION('',(1.,0.,0.));
#2247=DIRECTION('',(-1.,0.,0.));
#2248=DIRECTION('',(0.,0.,1.));
#2249=DIRECTION('',(0.,-1.,0.));
#2250=DIRECTION('',(0.,0.,-1.));
#2251=DIRECTION('',(0.,1.,0.));
#2252=DIRECTION('',(0.,0.,1.));
#2253=DIRECTION('',(0.,-1.,-6.7762635780344E-16));
#2254=DIRECTION('',(0.,6.7762635780344E-16,-1.));
#2255=DIRECTION('',(-1.,0.,0.));
#2256=DIRECTION('',(0.,0.,1.));
#2257=DIRECTION('',(0.,0.,-1.));
#2258=DIRECTION('',(-1.,0.,0.));
#2259=DIRECTION('',(-1.,0.,0.));
#2260=DIRECTION('',(0.,0.,1.));
#2261=DIRECTION('',(0.,0.,-1.));
#2262=DIRECTION('',(-1.,0.,0.));
#2263=DIRECTION('',(0.,0.,-1.));
#2264=DIRECTION('',(-1.,0.,0.));
#2265=DIRECTION('',(0.,0.,-1.));
#2266=DIRECTION('',(-1.,0.,0.));
#2267=DIRECTION('',(0.,0.,1.));
#2268=DIRECTION('',(1.,0.,0.));
#2269=DIRECTION('',(0.,0.,-1.));
#2270=DIRECTION('',(-1.,0.,0.));
#2271=DIRECTION('',(-1.,0.,0.));
#2272=DIRECTION('',(0.,0.,1.));
#2273=DIRECTION('',(0.,1.,0.));
#2274=DIRECTION('',(0.,0.,1.));
#2275=DIRECTION('',(-1.,0.,0.));
#2276=DIRECTION('',(0.,0.,1.));
#2277=DIRECTION('',(-2.37169225231206E-15,-1.,2.37169225231204E-15));
#2278=DIRECTION('',(1.,-2.37169225231206E-15,0.));
#2279=DIRECTION('',(0.,1.,0.));
#2280=DIRECTION('',(0.,0.,1.));
#2281=DIRECTION('',(1.,0.,0.));
#2282=DIRECTION('',(0.,0.,-1.));
#2283=DIRECTION('',(0.,1.,0.));
#2284=DIRECTION('',(0.,0.,1.));
#2285=DIRECTION('',(0.,0.,-1.));
#2286=DIRECTION('',(-1.,0.,0.));
#2287=DIRECTION('',(0.,0.,1.));
#2288=DIRECTION('',(1.,0.,0.));
#2289=DIRECTION('',(0.,0.,-1.));
#2290=DIRECTION('',(-1.,0.,0.));
#2291=DIRECTION('',(0.,-1.,0.));
#2292=DIRECTION('',(0.,0.,-1.));
#2293=DIRECTION('',(0.,1.,0.));
#2294=DIRECTION('',(0.,0.,1.));
#2295=DIRECTION('',(1.,0.,0.));
#2296=DIRECTION('',(0.,0.,-1.));
#2297=DIRECTION('',(0.,1.,0.));
#2298=DIRECTION('',(0.,0.,1.));
#2299=DIRECTION('',(1.,0.,0.));
#2300=DIRECTION('',(0.,0.,-1.));
#2301=DIRECTION('',(0.,0.,-1.));
#2302=DIRECTION('',(-1.,0.,0.));
#2303=DIRECTION('',(0.,1.,0.));
#2304=DIRECTION('',(0.,0.,1.));
#2305=DIRECTION('',(0.,1.,0.));
#2306=DIRECTION('',(0.,0.,1.));
#2307=DIRECTION('',(0.,0.,-1.));
#2308=DIRECTION('',(-1.,0.,0.));
#2309=DIRECTION('',(0.,0.,-1.));
#2310=DIRECTION('',(-1.,0.,0.));
#2311=DIRECTION('',(1.,0.,0.));
#2312=DIRECTION('',(0.,0.,-1.));
#2313=DIRECTION('',(0.,0.,-1.));
#2314=DIRECTION('',(-1.,0.,0.));
#2315=DIRECTION('',(0.,0.,-1.));
#2316=DIRECTION('',(-1.,0.,0.));
#2317=DIRECTION('',(0.,0.,1.));
#2318=DIRECTION('',(1.,0.,0.));
#2319=DIRECTION('',(1.,0.,0.));
#2320=DIRECTION('',(0.,0.,-1.));
#2321=DIRECTION('',(0.,1.,0.));
#2322=DIRECTION('',(0.,0.,1.));
#2323=DIRECTION('',(1.,0.,0.));
#2324=DIRECTION('',(0.,0.,-1.));
#2325=DIRECTION('',(0.,1.,0.));
#2326=DIRECTION('',(0.,0.,1.));
#2327=DIRECTION('',(0.,1.,0.));
#2328=DIRECTION('',(0.,0.,1.));
#2329=DIRECTION('',(0.,1.,0.));
#2330=DIRECTION('',(0.,0.,1.));
#2331=DIRECTION('',(0.,-1.,0.));
#2332=DIRECTION('',(0.,0.,-1.));
#2333=DIRECTION('',(0.,1.,0.));
#2334=DIRECTION('',(0.,0.,1.));
#2335=DIRECTION('',(1.,0.,0.));
#2336=DIRECTION('',(0.,0.,-1.));
#2337=DIRECTION('',(0.,0.,-1.));
#2338=DIRECTION('',(-1.,0.,0.));
#2339=DIRECTION('',(1.,0.,0.));
#2340=DIRECTION('',(0.,0.,-1.));
#2341=DIRECTION('',(0.,0.,1.));
#2342=DIRECTION('',(1.,0.,0.));
#2343=DIRECTION('',(0.,0.,1.));
#2344=DIRECTION('',(1.,0.,0.));
#2345=DIRECTION('',(0.,0.,1.));
#2346=DIRECTION('',(1.,0.,0.));
#2347=DIRECTION('',(0.,0.,1.));
#2348=DIRECTION('',(1.,0.,0.));
#2349=DIRECTION('',(0.,0.,1.));
#2350=DIRECTION('',(1.,0.,0.));
#2351=CARTESIAN_POINT('',(0.,0.,0.));
#2352=CARTESIAN_POINT('',(0.0710777261807919,0.0381,0.003048));
#2353=CARTESIAN_POINT('',(0.0710777261807919,0.039513,0.0005));
#2354=CARTESIAN_POINT('',(0.0710777261807919,0.036687,0.0005));
#2355=CARTESIAN_POINT('',(0.0710777261807919,0.039513,0.0005));
#2356=CARTESIAN_POINT('',(0.0710777261807919,0.039513,0.001));
#2357=CARTESIAN_POINT('',(0.0710777261807919,0.040013,0.001));
#2358=CARTESIAN_POINT('',(0.0710777261807919,0.040013,0.003048));
#2359=CARTESIAN_POINT('',(0.0710777261807919,0.040013,0.002048));
#2360=CARTESIAN_POINT('',(0.0710777261807919,0.039513,0.002048));
#2361=CARTESIAN_POINT('',(0.0710777261807919,0.039513,0.002548));
#2362=CARTESIAN_POINT('',(0.0710777261807919,0.0381,0.002548));
#2363=CARTESIAN_POINT('',(0.0710777261807919,0.036687,0.002548));
#2364=CARTESIAN_POINT('',(0.0710777261807919,0.036687,0.002048));
#2365=CARTESIAN_POINT('',(0.0710777261807919,0.036187,0.002048));
#2366=CARTESIAN_POINT('',(0.0710777261807919,0.036187,0.001));
#2367=CARTESIAN_POINT('',(0.0710777261807919,0.036187,0.001));
#2368=CARTESIAN_POINT('',(0.0710777261807919,0.036687,0.001));
#2369=CARTESIAN_POINT('',(0.0710777261807919,0.038235,0.001532));
#2370=CARTESIAN_POINT('',(0.0710777261807919,0.038235,0.002532));
#2371=CARTESIAN_POINT('',(0.0710777261807919,0.039235,0.001532));
#2372=CARTESIAN_POINT('',(0.0710777261807919,0.039235,0.001516));
#2373=CARTESIAN_POINT('',(0.0710777261807919,0.039235,0.001516));
#2374=CARTESIAN_POINT('',(0.0710777261807919,0.038235,0.001516));
#2375=CARTESIAN_POINT('',(0.0710777261807919,0.038235,0.000516));
#2376=CARTESIAN_POINT('',(0.0710777261807919,0.0381,0.000516));
#2377=CARTESIAN_POINT('',(0.0710777261807919,0.037965,0.000516));
#2378=CARTESIAN_POINT('',(0.0710777261807919,0.037965,0.001516));
#2379=CARTESIAN_POINT('',(0.0710777261807919,0.036965,0.001516));
#2380=CARTESIAN_POINT('',(0.0710777261807919,0.036965,0.003048));
#2381=CARTESIAN_POINT('',(0.0710777261807919,0.036965,0.001532));
#2382=CARTESIAN_POINT('',(0.0710777261807919,0.037965,0.001532));
#2383=CARTESIAN_POINT('',(0.0710777261807919,0.037965,0.002532));
#2384=CARTESIAN_POINT('',(0.0710777261807919,0.038235,0.002532));
#2385=CARTESIAN_POINT('',(0.0685377261807919,0.040513,0.003048));
#2386=CARTESIAN_POINT('',(0.0685377261807919,0.040513,0.002048));
#2387=CARTESIAN_POINT('',(0.0659977261807919,0.040513,0.002048));
#2388=CARTESIAN_POINT('',(0.0705777261807919,0.040513,0.002048));
#2389=CARTESIAN_POINT('',(0.0705777261807919,0.040513,0.003048));
#2390=CARTESIAN_POINT('',(0.0705777261807919,0.040513,0.001));
#2391=CARTESIAN_POINT('',(0.0659977261807919,0.040513,0.001));
#2392=CARTESIAN_POINT('',(0.0659977261807919,0.040513,0.001));
#2393=CARTESIAN_POINT('',(0.0659977261807919,0.040513,0.003048));
#2394=CARTESIAN_POINT('',(0.0659977261807919,0.03048,0.003048));
#2395=CARTESIAN_POINT('',(0.0659977261807919,0.03048,0.001));
#2396=CARTESIAN_POINT('',(0.0559647261807919,0.03048,0.001));
#2397=CARTESIAN_POINT('',(0.0559647261807919,0.03048,0.003048));
#2398=CARTESIAN_POINT('',(0.0559647261807919,0.03048,0.002048));
#2399=CARTESIAN_POINT('',(0.0659977261807919,0.03048,0.002048));
#2400=CARTESIAN_POINT('',(0.0559647261807919,0.016637,0.003048));
#2401=CARTESIAN_POINT('',(0.0559647261807919,0.002794,0.001));
#2402=CARTESIAN_POINT('',(0.0559647261807918,0.002794,0.001));
#2403=CARTESIAN_POINT('',(0.0559647261807918,0.002794,0.003048));
#2404=CARTESIAN_POINT('',(0.0559647261807918,0.002794,0.002048));
#2405=CARTESIAN_POINT('',(0.0559647261807919,0.016637,0.002048));
#2406=CARTESIAN_POINT('',(0.0546947261807919,0.002794,0.003048));
#2407=CARTESIAN_POINT('',(0.0546947261807919,0.002794,0.001));
#2408=CARTESIAN_POINT('',(0.0546947261807919,0.001524,0.001));
#2409=CARTESIAN_POINT('',(0.0546947261807919,0.001524,0.003048));
#2410=CARTESIAN_POINT('',(0.0546947261807919,0.001524,0.002048));
#2411=CARTESIAN_POINT('',(0.0546947261807919,0.002794,0.002048));
#2412=CARTESIAN_POINT('',(0.0520912261807918,0.001524,0.003048));
#2413=CARTESIAN_POINT('',(0.0494877261807919,0.001524,0.001));
#2414=CARTESIAN_POINT('',(0.0498877261807919,0.001524,0.001));
#2415=CARTESIAN_POINT('',(0.0498877261807919,0.001524,0.003048));
#2416=CARTESIAN_POINT('',(0.0498877261807919,0.001524,0.002048));
#2417=CARTESIAN_POINT('',(0.0520912261807918,0.001524,0.002048));
#2418=CARTESIAN_POINT('',(0.0494877261807919,0.0010795,0.003048));
#2419=CARTESIAN_POINT('',(0.0494877261807919,0.0010795,0.002648));
#2420=CARTESIAN_POINT('',(0.0494877261807919,-0.000524,0.002648));
#2421=CARTESIAN_POINT('',(0.0494877261807919,0.000524,0.002648));
#2422=CARTESIAN_POINT('',(0.0494877261807919,0.000524,0.002048));
#2423=CARTESIAN_POINT('',(0.0494877261807919,0.001124,0.002048));
#2424=CARTESIAN_POINT('',(0.0494877261807919,0.001124,0.003048));
#2425=CARTESIAN_POINT('',(0.0494877261807919,0.001124,0.001));
#2426=CARTESIAN_POINT('',(0.0494877261807919,0.000524,0.001));
#2427=CARTESIAN_POINT('',(0.0494877261807919,0.000524,0.0004));
#2428=CARTESIAN_POINT('',(0.0494877261807919,-0.000524,0.0004));
#2429=CARTESIAN_POINT('',(0.0494877261807919,-0.000524,0.0004));
#2430=CARTESIAN_POINT('',(0.0494877261807919,-0.000524,0.001));
#2431=CARTESIAN_POINT('',(0.0494877261807919,-0.001124,0.001));
#2432=CARTESIAN_POINT('',(0.0494877261807919,-0.001124,0.002048));
#2433=CARTESIAN_POINT('',(0.0494877261807919,-0.001124,0.002048));
#2434=CARTESIAN_POINT('',(0.0494877261807919,-0.000524,0.002048));
#2435=CARTESIAN_POINT('',(0.0494877261807919,-0.000135,0.001516));
#2436=CARTESIAN_POINT('',(0.0494877261807919,-0.001035,0.001516));
#2437=CARTESIAN_POINT('',(0.0494877261807919,-0.000135,0.000616));
#2438=CARTESIAN_POINT('',(0.0494877261807919,0.0010795,0.000616));
#2439=CARTESIAN_POINT('',(0.0494877261807919,0.000135,0.000616));
#2440=CARTESIAN_POINT('',(0.0494877261807919,0.000135,0.001516));
#2441=CARTESIAN_POINT('',(0.0494877261807919,0.001035,0.001516));
#2442=CARTESIAN_POINT('',(0.0494877261807919,0.001035,0.001532));
#2443=CARTESIAN_POINT('',(0.0494877261807919,0.001035,0.001532));
#2444=CARTESIAN_POINT('',(0.0494877261807919,0.000135,0.001532));
#2445=CARTESIAN_POINT('',(0.0494877261807919,0.000135,0.002432));
#2446=CARTESIAN_POINT('',(0.0494877261807919,-0.000135,0.002432));
#2447=CARTESIAN_POINT('',(0.0494877261807919,-0.000135,0.002432));
#2448=CARTESIAN_POINT('',(0.0494877261807919,-0.000135,0.001532));
#2449=CARTESIAN_POINT('',(0.0494877261807919,-0.001035,0.001532));
#2450=CARTESIAN_POINT('',(0.0494877261807919,-0.001035,0.003048));
#2451=CARTESIAN_POINT('',(0.0525992261807919,-0.001524,0.003048));
#2452=CARTESIAN_POINT('',(0.0494877261807919,-0.001524,0.002048));
#2453=CARTESIAN_POINT('',(0.0557107261807919,-0.001524,0.002048));
#2454=CARTESIAN_POINT('',(0.0498877261807919,-0.001524,0.002048));
#2455=CARTESIAN_POINT('',(0.0498877261807919,-0.001524,0.001));
#2456=CARTESIAN_POINT('',(0.0498877261807919,-0.001524,0.001));
#2457=CARTESIAN_POINT('',(0.0525992261807919,-0.001524,0.001));
#2458=CARTESIAN_POINT('',(0.0557107261807919,-0.001524,0.001));
#2459=CARTESIAN_POINT('',(0.0557107261807919,-0.001524,0.003048));
#2460=CARTESIAN_POINT('',(0.0557107261807919,0.003556,0.003048));
#2461=CARTESIAN_POINT('',(0.0557107261807919,0.003556,0.001));
#2462=CARTESIAN_POINT('',(0.0607907261807919,0.003556,0.001));
#2463=CARTESIAN_POINT('',(0.0607907261807919,0.003556,0.003048));
#2464=CARTESIAN_POINT('',(0.0607907261807919,0.003556,0.002048));
#2465=CARTESIAN_POINT('',(0.0557107261807919,0.003556,0.002048));
#2466=CARTESIAN_POINT('',(0.0607907261807919,0.017018,0.003048));
#2467=CARTESIAN_POINT('',(0.0607907261807919,0.017018,0.001));
#2468=CARTESIAN_POINT('',(0.0607907261807919,0.03048,0.001));
#2469=CARTESIAN_POINT('',(0.0607907261807919,0.03048,0.003048));
#2470=CARTESIAN_POINT('',(0.0607907261807919,0.03048,0.002048));
#2471=CARTESIAN_POINT('',(0.0607907261807919,0.003556,0.002048));
#2472=CARTESIAN_POINT('',(0.0659977261807919,0.03048,0.003048));
#2473=CARTESIAN_POINT('',(0.0659977261807919,0.03048,0.001));
#2474=CARTESIAN_POINT('',(0.0659977261807919,0.035687,0.001));
#2475=CARTESIAN_POINT('',(0.0659977261807919,0.035687,0.003048));
#2476=CARTESIAN_POINT('',(0.0659977261807919,0.035687,0.002048));
#2477=CARTESIAN_POINT('',(0.0659977261807919,0.03048,0.002048));
#2478=CARTESIAN_POINT('',(0.0685377261807919,0.035687,0.003048));
#2479=CARTESIAN_POINT('',(0.0685377261807919,0.035687,0.001));
#2480=CARTESIAN_POINT('',(0.0705777261807919,0.035687,0.001));
#2481=CARTESIAN_POINT('',(0.0705777261807919,0.035687,0.002048));
#2482=CARTESIAN_POINT('',(0.0705777261807919,0.035687,0.002048));
#2483=CARTESIAN_POINT('',(0.0659977261807919,0.035687,0.002048));
#2484=CARTESIAN_POINT('',(0.0602827261807919,0.0194945,0.003048));
#2485=CARTESIAN_POINT('',(0.0694146081805229,0.0381,0.003048));
#2486=CARTESIAN_POINT('',(0.0701646081805229,0.0381,0.003048));
#2487=CARTESIAN_POINT('',(0.0710777261807919,0.036687,0.003048));
#2488=CARTESIAN_POINT('',(0.0659977261807919,0.036687,0.003048));
#2489=CARTESIAN_POINT('',(0.0705777261807919,0.036687,0.003048));
#2490=CARTESIAN_POINT('',(0.0705777261807919,0.0194945,0.003048));
#2491=CARTESIAN_POINT('',(0.0705777261807919,0.039513,0.003048));
#2492=CARTESIAN_POINT('',(0.0602827261807919,0.039513,0.003048));
#2493=CARTESIAN_POINT('',(0.0659977261807919,0.039513,0.003048));
#2494=CARTESIAN_POINT('',(0.0659977261807919,0.03048,0.003048));
#2495=CARTESIAN_POINT('',(0.0569647261807919,0.03048,0.003048));
#2496=CARTESIAN_POINT('',(0.0569647261807919,0.0194945,0.003048));
#2497=CARTESIAN_POINT('',(0.0569647261807919,0.002794,0.003048));
#2498=CARTESIAN_POINT('',(0.0546947261807919,0.002794,0.003048));
#2499=CARTESIAN_POINT('',(0.0546947261807919,0.000524,0.003048));
#2500=CARTESIAN_POINT('',(0.0602827261807919,0.000524,0.003048));
#2501=CARTESIAN_POINT('',(0.0498877261807919,0.000524,0.003048));
#2502=CARTESIAN_POINT('',(0.0498877261807919,0.0194945,0.003048));
#2503=CARTESIAN_POINT('',(0.0498877261807919,-0.000524,0.003048));
#2504=CARTESIAN_POINT('',(0.0557107261807919,-0.000524,0.003048));
#2505=CARTESIAN_POINT('',(0.0557107261807919,-0.000524,0.003048));
#2506=CARTESIAN_POINT('',(0.0557107261807919,0.003556,0.003048));
#2507=CARTESIAN_POINT('',(0.0597907261807919,0.003556,0.003048));
#2508=CARTESIAN_POINT('',(0.0597907261807919,0.03048,0.003048));
#2509=CARTESIAN_POINT('',(0.0597907261807919,0.03048,0.003048));
#2510=CARTESIAN_POINT('',(0.0659977261807919,0.03048,0.003048));
#2511=CARTESIAN_POINT('',(0.0602827261807919,0.0194945,0.));
#2512=CARTESIAN_POINT('',(0.0710777261807919,0.039513,0.));
#2513=CARTESIAN_POINT('',(0.0659977261807919,0.039513,0.));
#2514=CARTESIAN_POINT('',(0.0705777261807919,0.039513,0.));
#2515=CARTESIAN_POINT('',(0.0705777261807919,0.036687,0.));
#2516=CARTESIAN_POINT('',(0.0705777261807919,0.036687,0.));
#2517=CARTESIAN_POINT('',(0.0602827261807919,0.036687,0.));
#2518=CARTESIAN_POINT('',(0.0659977261807919,0.036687,0.));
#2519=CARTESIAN_POINT('',(0.0659977261807919,0.03048,0.));
#2520=CARTESIAN_POINT('',(0.0597907261807919,0.03048,0.));
#2521=CARTESIAN_POINT('',(0.0597907261807919,0.0194945,0.));
#2522=CARTESIAN_POINT('',(0.0597907261807919,0.003556,0.));
#2523=CARTESIAN_POINT('',(0.0557107261807919,0.003556,0.));
#2524=CARTESIAN_POINT('',(0.0557107261807919,-0.000524,0.));
#2525=CARTESIAN_POINT('',(0.0602827261807919,-0.000524,0.));
#2526=CARTESIAN_POINT('',(0.0498877261807919,-0.000524,0.));
#2527=CARTESIAN_POINT('',(0.0498877261807919,0.000524,0.));
#2528=CARTESIAN_POINT('',(0.0498877261807919,0.000524,0.));
#2529=CARTESIAN_POINT('',(0.0546947261807919,0.000524,0.));
#2530=CARTESIAN_POINT('',(0.0546947261807919,0.000524,0.));
#2531=CARTESIAN_POINT('',(0.0546947261807919,0.002794,0.));
#2532=CARTESIAN_POINT('',(0.0569647261807919,0.002794,0.));
#2533=CARTESIAN_POINT('',(0.0569647261807919,0.03048,0.));
#2534=CARTESIAN_POINT('',(0.0569647261807919,0.03048,0.));
#2535=CARTESIAN_POINT('',(0.0659977261807919,0.03048,0.));
#2536=CARTESIAN_POINT('',(0.0526627261807919,0.000635,0.002032));
#2537=CARTESIAN_POINT('',(0.0494877261807919,0.000635,0.001532));
#2538=CARTESIAN_POINT('',(0.0558377261807919,0.000635,0.001532));
#2539=CARTESIAN_POINT('',(0.0498877261807919,0.000635,0.001532));
#2540=CARTESIAN_POINT('',(0.0498877261807919,0.000635,0.001516));
#2541=CARTESIAN_POINT('',(0.0498877261807919,0.000635,0.001516));
#2542=CARTESIAN_POINT('',(0.0526627261807919,0.000635,0.001516));
#2543=CARTESIAN_POINT('',(0.0558377261807919,0.000635,0.001516));
#2544=CARTESIAN_POINT('',(0.0558377261807919,0.000635,0.002032));
#2545=CARTESIAN_POINT('',(0.0526627261807919,-0.000635,0.002032));
#2546=CARTESIAN_POINT('',(0.0494877261807919,-0.000635,0.001516));
#2547=CARTESIAN_POINT('',(0.0558377261807919,-0.000635,0.001516));
#2548=CARTESIAN_POINT('',(0.0498877261807919,-0.000635,0.001516));
#2549=CARTESIAN_POINT('',(0.0498877261807919,-0.000635,0.002032));
#2550=CARTESIAN_POINT('',(0.0498877261807919,-0.000635,0.001532));
#2551=CARTESIAN_POINT('',(0.0526627261807919,-0.000635,0.001532));
#2552=CARTESIAN_POINT('',(0.0558377261807919,-0.000635,0.001532));
#2553=CARTESIAN_POINT('',(0.0558377261807919,-0.000635,0.002032));
#2554=CARTESIAN_POINT('',(0.0558377261807919,0.00254,0.002032));
#2555=CARTESIAN_POINT('',(0.0558377261807919,0.00254,0.001532));
#2556=CARTESIAN_POINT('',(0.0590127261807919,0.00254,0.001532));
#2557=CARTESIAN_POINT('',(0.0590127261807919,0.00254,0.002032));
#2558=CARTESIAN_POINT('',(0.0590127261807919,0.00254,0.001516));
#2559=CARTESIAN_POINT('',(0.0558377261807919,0.00254,0.001516));
#2560=CARTESIAN_POINT('',(0.0590127261807919,0.01651,0.002032));
#2561=CARTESIAN_POINT('',(0.0590127261807919,0.01651,0.001532));
#2562=CARTESIAN_POINT('',(0.0590127261807919,0.03048,0.001532));
#2563=CARTESIAN_POINT('',(0.0590127261807919,0.03048,0.002032));
#2564=CARTESIAN_POINT('',(0.0590127261807919,0.03048,0.001516));
#2565=CARTESIAN_POINT('',(0.0590127261807919,0.00254,0.001516));
#2566=CARTESIAN_POINT('',(0.0659977261807919,0.03048,0.002032));
#2567=CARTESIAN_POINT('',(0.0659977261807919,0.03048,0.001532));
#2568=CARTESIAN_POINT('',(0.0659977261807919,0.037465,0.001532));
#2569=CARTESIAN_POINT('',(0.0659977261807919,0.037465,0.002032));
#2570=CARTESIAN_POINT('',(0.0659977261807919,0.037465,0.001516));
#2571=CARTESIAN_POINT('',(0.0659977261807919,0.03048,0.001516));
#2572=CARTESIAN_POINT('',(0.0685377261807919,0.037465,0.002032));
#2573=CARTESIAN_POINT('',(0.0685377261807919,0.037465,0.001532));
#2574=CARTESIAN_POINT('',(0.0705777261807919,0.037465,0.001532));
#2575=CARTESIAN_POINT('',(0.0705777261807919,0.037465,0.002032));
#2576=CARTESIAN_POINT('',(0.0705777261807919,0.037465,0.001516));
#2577=CARTESIAN_POINT('',(0.0659977261807919,0.037465,0.001516));
#2578=CARTESIAN_POINT('',(0.0685377261807919,0.038735,0.002032));
#2579=CARTESIAN_POINT('',(0.0685377261807919,0.038735,0.001516));
#2580=CARTESIAN_POINT('',(0.0659977261807919,0.038735,0.001516));
#2581=CARTESIAN_POINT('',(0.0705777261807919,0.038735,0.001516));
#2582=CARTESIAN_POINT('',(0.0705777261807919,0.038735,0.001532));
#2583=CARTESIAN_POINT('',(0.0705777261807919,0.038735,0.001532));
#2584=CARTESIAN_POINT('',(0.0659977261807919,0.038735,0.001532));
#2585=CARTESIAN_POINT('',(0.0659977261807919,0.038735,0.001532));
#2586=CARTESIAN_POINT('',(0.0659977261807919,0.038735,0.002032));
#2587=CARTESIAN_POINT('',(0.0659977261807919,0.03048,0.002032));
#2588=CARTESIAN_POINT('',(0.0659977261807919,0.03048,0.001532));
#2589=CARTESIAN_POINT('',(0.0577427261807919,0.03048,0.001532));
#2590=CARTESIAN_POINT('',(0.0577427261807919,0.03048,0.002032));
#2591=CARTESIAN_POINT('',(0.0577427261807919,0.03048,0.001516));
#2592=CARTESIAN_POINT('',(0.0659977261807919,0.03048,0.001516));
#2593=CARTESIAN_POINT('',(0.0577427261807919,0.01651,0.002032));
#2594=CARTESIAN_POINT('',(0.0577427261807919,0.00254,0.001532));
#2595=CARTESIAN_POINT('',(0.0577427261807919,0.00254,0.001532));
#2596=CARTESIAN_POINT('',(0.0577427261807919,0.00254,0.002032));
#2597=CARTESIAN_POINT('',(0.0577427261807919,0.00254,0.001516));
#2598=CARTESIAN_POINT('',(0.0577427261807919,0.01651,0.001516));
#2599=CARTESIAN_POINT('',(0.0558377261807919,0.00254,0.002032));
#2600=CARTESIAN_POINT('',(0.0558377261807919,0.00254,0.001532));
#2601=CARTESIAN_POINT('',(0.0558377261807919,0.00254,0.001516));
#2602=CARTESIAN_POINT('',(0.0602827261807919,0.01905,0.002032));
#2603=CARTESIAN_POINT('',(0.0710777261807919,0.038235,0.002032));
#2604=CARTESIAN_POINT('',(0.0659977261807919,0.038235,0.002032));
#2605=CARTESIAN_POINT('',(0.0705777261807919,0.038235,0.002032));
#2606=CARTESIAN_POINT('',(0.0705777261807919,0.037965,0.002032));
#2607=CARTESIAN_POINT('',(0.0705777261807919,0.037965,0.002032));
#2608=CARTESIAN_POINT('',(0.0602827261807919,0.037965,0.002032));
#2609=CARTESIAN_POINT('',(0.0659977261807919,0.037965,0.002032));
#2610=CARTESIAN_POINT('',(0.0659977261807919,0.03048,0.002032));
#2611=CARTESIAN_POINT('',(0.0585127261807919,0.03048,0.002032));
#2612=CARTESIAN_POINT('',(0.0585127261807919,0.01905,0.002032));
#2613=CARTESIAN_POINT('',(0.0585127261807919,0.00254,0.002032));
#2614=CARTESIAN_POINT('',(0.0558377261807919,0.00254,0.002032));
#2615=CARTESIAN_POINT('',(0.0558377261807919,-0.000135,0.002032));
#2616=CARTESIAN_POINT('',(0.0602827261807919,-0.000135,0.002032));
#2617=CARTESIAN_POINT('',(0.0498877261807919,-0.000135,0.002032));
#2618=CARTESIAN_POINT('',(0.0498877261807919,0.000135,0.002032));
#2619=CARTESIAN_POINT('',(0.0498877261807919,0.000135,0.002032));
#2620=CARTESIAN_POINT('',(0.0558377261807919,0.000135,0.002032));
#2621=CARTESIAN_POINT('',(0.0558377261807919,0.000135,0.002032));
#2622=CARTESIAN_POINT('',(0.0558377261807919,0.00254,0.002032));
#2623=CARTESIAN_POINT('',(0.0582427261807919,0.00254,0.002032));
#2624=CARTESIAN_POINT('',(0.0582427261807919,0.03048,0.002032));
#2625=CARTESIAN_POINT('',(0.0582427261807919,0.03048,0.002032));
#2626=CARTESIAN_POINT('',(0.0659977261807919,0.03048,0.002032));
#2627=CARTESIAN_POINT('',(0.0602827261807919,0.01905,0.001016));
#2628=CARTESIAN_POINT('',(0.0710777261807919,0.037965,0.001016));
#2629=CARTESIAN_POINT('',(0.0659977261807919,0.037965,0.001016));
#2630=CARTESIAN_POINT('',(0.0705777261807919,0.037965,0.001016));
#2631=CARTESIAN_POINT('',(0.0705777261807919,0.01905,0.001016));
#2632=CARTESIAN_POINT('',(0.0705777261807919,0.038235,0.001016));
#2633=CARTESIAN_POINT('',(0.0602827261807919,0.038235,0.001016));
#2634=CARTESIAN_POINT('',(0.0659977261807919,0.038235,0.001016));
#2635=CARTESIAN_POINT('',(0.0659977261807919,0.03048,0.001016));
#2636=CARTESIAN_POINT('',(0.0582427261807919,0.03048,0.001016));
#2637=CARTESIAN_POINT('',(0.0582427261807919,0.01905,0.001016));
#2638=CARTESIAN_POINT('',(0.0582427261807919,0.00254,0.001016));
#2639=CARTESIAN_POINT('',(0.0558377261807919,0.00254,0.001016));
#2640=CARTESIAN_POINT('',(0.0558377261807919,0.000135,0.001016));
#2641=CARTESIAN_POINT('',(0.0602827261807919,0.000135,0.001016));
#2642=CARTESIAN_POINT('',(0.0498877261807919,0.000135,0.001016));
#2643=CARTESIAN_POINT('',(0.0498877261807919,0.01905,0.001016));
#2644=CARTESIAN_POINT('',(0.0498877261807919,-0.000135,0.001016));
#2645=CARTESIAN_POINT('',(0.0558377261807919,-0.000135,0.001016));
#2646=CARTESIAN_POINT('',(0.0558377261807919,-0.000135,0.001016));
#2647=CARTESIAN_POINT('',(0.0558377261807919,0.00254,0.001016));
#2648=CARTESIAN_POINT('',(0.0585127261807919,0.00254,0.001016));
#2649=CARTESIAN_POINT('',(0.0585127261807919,0.03048,0.001016));
#2650=CARTESIAN_POINT('',(0.0585127261807919,0.03048,0.001016));
#2651=CARTESIAN_POINT('',(0.0659977261807919,0.03048,0.001016));
#2652=CARTESIAN_POINT('',(0.0602827261807919,0.000524,0.001));
#2653=CARTESIAN_POINT('',(0.0498877261807919,0.000524,0.001));
#2654=CARTESIAN_POINT('',(0.0546947261807919,0.000524,0.001));
#2655=CARTESIAN_POINT('',(0.0546947261807919,0.002794,0.001));
#2656=CARTESIAN_POINT('',(0.0569647261807919,0.002794,0.001));
#2657=CARTESIAN_POINT('',(0.0569647261807919,0.0194945,0.001));
#2658=CARTESIAN_POINT('',(0.0569647261807919,0.03048,0.001));
#2659=CARTESIAN_POINT('',(0.0659977261807919,0.03048,0.001));
#2660=CARTESIAN_POINT('',(0.0659977261807919,0.039513,0.001));
#2661=CARTESIAN_POINT('',(0.0602827261807919,0.039513,0.001));
#2662=CARTESIAN_POINT('',(0.0705777261807919,0.039513,0.001));
#2663=CARTESIAN_POINT('',(0.0525992261807919,-0.000524,0.001));
#2664=CARTESIAN_POINT('',(0.0498877261807919,-0.000524,0.001));
#2665=CARTESIAN_POINT('',(0.0557107261807919,-0.000524,0.001));
#2666=CARTESIAN_POINT('',(0.0557107261807919,0.003556,0.001));
#2667=CARTESIAN_POINT('',(0.0597907261807919,0.003556,0.001));
#2668=CARTESIAN_POINT('',(0.0597907261807919,0.017018,0.001));
#2669=CARTESIAN_POINT('',(0.0597907261807919,0.03048,0.001));
#2670=CARTESIAN_POINT('',(0.0659977261807919,0.03048,0.001));
#2671=CARTESIAN_POINT('',(0.0659977261807919,0.036687,0.001));
#2672=CARTESIAN_POINT('',(0.0685377261807919,0.036687,0.001));
#2673=CARTESIAN_POINT('',(0.0705777261807919,0.036687,0.001));
#2674=CARTESIAN_POINT('',(0.0520912261807918,0.000524,0.002048));
#2675=CARTESIAN_POINT('',(0.0498877261807919,0.000524,0.002048));
#2676=CARTESIAN_POINT('',(0.0546947261807919,0.000524,0.002048));
#2677=CARTESIAN_POINT('',(0.0546947261807919,0.002794,0.002048));
#2678=CARTESIAN_POINT('',(0.0569647261807919,0.002794,0.002048));
#2679=CARTESIAN_POINT('',(0.0569647261807919,0.016637,0.002048));
#2680=CARTESIAN_POINT('',(0.0569647261807919,0.03048,0.002048));
#2681=CARTESIAN_POINT('',(0.0659977261807919,0.03048,0.002048));
#2682=CARTESIAN_POINT('',(0.0659977261807919,0.039513,0.002048));
#2683=CARTESIAN_POINT('',(0.0685377261807919,0.039513,0.002048));
#2684=CARTESIAN_POINT('',(0.0705777261807919,0.039513,0.002048));
#2685=CARTESIAN_POINT('',(0.0602827261807919,-0.000524,0.002048));
#2686=CARTESIAN_POINT('',(0.0498877261807919,-0.000524,0.002048));
#2687=CARTESIAN_POINT('',(0.0557107261807919,-0.000524,0.002048));
#2688=CARTESIAN_POINT('',(0.0557107261807919,0.003556,0.002048));
#2689=CARTESIAN_POINT('',(0.0597907261807919,0.003556,0.002048));
#2690=CARTESIAN_POINT('',(0.0597907261807919,0.0194945,0.002048));
#2691=CARTESIAN_POINT('',(0.0597907261807919,0.03048,0.002048));
#2692=CARTESIAN_POINT('',(0.0659977261807919,0.03048,0.002048));
#2693=CARTESIAN_POINT('',(0.0659977261807919,0.036687,0.002048));
#2694=CARTESIAN_POINT('',(0.0602827261807919,0.036687,0.002048));
#2695=CARTESIAN_POINT('',(0.0705777261807919,0.036687,0.002048));
#2696=CARTESIAN_POINT('',(0.0602827261807919,0.000135,0.001532));
#2697=CARTESIAN_POINT('',(0.0498877261807919,0.000135,0.001532));
#2698=CARTESIAN_POINT('',(0.0558377261807919,0.000135,0.001532));
#2699=CARTESIAN_POINT('',(0.0558377261807919,0.00254,0.001532));
#2700=CARTESIAN_POINT('',(0.0582427261807919,0.00254,0.001532));
#2701=CARTESIAN_POINT('',(0.0582427261807919,0.01905,0.001532));
#2702=CARTESIAN_POINT('',(0.0582427261807919,0.03048,0.001532));
#2703=CARTESIAN_POINT('',(0.0659977261807919,0.03048,0.001532));
#2704=CARTESIAN_POINT('',(0.0659977261807919,0.038235,0.001532));
#2705=CARTESIAN_POINT('',(0.0602827261807919,0.038235,0.001532));
#2706=CARTESIAN_POINT('',(0.0705777261807919,0.038235,0.001532));
#2707=CARTESIAN_POINT('',(0.0526627261807919,-0.000135,0.001532));
#2708=CARTESIAN_POINT('',(0.0498877261807919,-0.000135,0.001532));
#2709=CARTESIAN_POINT('',(0.0558377261807919,-0.000135,0.001532));
#2710=CARTESIAN_POINT('',(0.0558377261807919,0.00254,0.001532));
#2711=CARTESIAN_POINT('',(0.0585127261807919,0.00254,0.001532));
#2712=CARTESIAN_POINT('',(0.0585127261807919,0.01651,0.001532));
#2713=CARTESIAN_POINT('',(0.0585127261807919,0.03048,0.001532));
#2714=CARTESIAN_POINT('',(0.0659977261807919,0.03048,0.001532));
#2715=CARTESIAN_POINT('',(0.0659977261807919,0.037965,0.001532));
#2716=CARTESIAN_POINT('',(0.0685377261807919,0.037965,0.001532));
#2717=CARTESIAN_POINT('',(0.0705777261807919,0.037965,0.001532));
#2718=CARTESIAN_POINT('',(0.0602827261807919,-0.000135,0.001516));
#2719=CARTESIAN_POINT('',(0.0498877261807919,-0.000135,0.001516));
#2720=CARTESIAN_POINT('',(0.0558377261807919,-0.000135,0.001516));
#2721=CARTESIAN_POINT('',(0.0558377261807919,0.00254,0.001516));
#2722=CARTESIAN_POINT('',(0.0585127261807919,0.00254,0.001516));
#2723=CARTESIAN_POINT('',(0.0585127261807919,0.01905,0.001516));
#2724=CARTESIAN_POINT('',(0.0585127261807919,0.03048,0.001516));
#2725=CARTESIAN_POINT('',(0.0659977261807919,0.03048,0.001516));
#2726=CARTESIAN_POINT('',(0.0659977261807919,0.037965,0.001516));
#2727=CARTESIAN_POINT('',(0.0602827261807919,0.037965,0.001516));
#2728=CARTESIAN_POINT('',(0.0705777261807919,0.037965,0.001516));
#2729=CARTESIAN_POINT('',(0.0526627261807919,0.000135,0.001516));
#2730=CARTESIAN_POINT('',(0.0498877261807919,0.000135,0.001516));
#2731=CARTESIAN_POINT('',(0.0558377261807919,0.000135,0.001516));
#2732=CARTESIAN_POINT('',(0.0558377261807919,0.00254,0.001516));
#2733=CARTESIAN_POINT('',(0.0582427261807919,0.00254,0.001516));
#2734=CARTESIAN_POINT('',(0.0582427261807919,0.01651,0.001516));
#2735=CARTESIAN_POINT('',(0.0582427261807919,0.03048,0.001516));
#2736=CARTESIAN_POINT('',(0.0659977261807919,0.03048,0.001516));
#2737=CARTESIAN_POINT('',(0.0659977261807919,0.038235,0.001516));
#2738=CARTESIAN_POINT('',(0.0685377261807919,0.038235,0.001516));
#2739=CARTESIAN_POINT('',(0.0705777261807919,0.038235,0.001516));
#2740=CARTESIAN_POINT('',(0.0498877261807919,-0.000524,0.001));
#2741=CARTESIAN_POINT('',(0.0498877261807919,-0.000524,0.0004));
#2742=CARTESIAN_POINT('',(0.0498877261807919,-0.001124,0.001));
#2743=CARTESIAN_POINT('',(0.0498877261807919,-0.001124,0.003048));
#2744=CARTESIAN_POINT('',(0.0498877261807919,-0.001124,0.002048));
#2745=CARTESIAN_POINT('',(0.0498877261807919,0.0194945,0.0004));
#2746=CARTESIAN_POINT('',(0.0498877261807919,0.000524,0.0004));
#2747=CARTESIAN_POINT('',(0.0498877261807919,-0.000524,0.002048));
#2748=CARTESIAN_POINT('',(0.0498877261807919,-0.000524,0.002648));
#2749=CARTESIAN_POINT('',(0.0498877261807919,0.000524,0.001));
#2750=CARTESIAN_POINT('',(0.0498877261807919,0.001124,0.001));
#2751=CARTESIAN_POINT('',(0.0498877261807919,0.0010795,0.002648));
#2752=CARTESIAN_POINT('',(0.0498877261807919,0.000524,0.002648));
#2753=CARTESIAN_POINT('',(0.0498877261807919,0.001124,0.003048));
#2754=CARTESIAN_POINT('',(0.0498877261807919,0.001124,0.002048));
#2755=CARTESIAN_POINT('',(0.0498877261807919,0.000524,0.002048));
#2756=CARTESIAN_POINT('',(0.0498877261807919,0.01905,0.002432));
#2757=CARTESIAN_POINT('',(0.0498877261807919,0.000135,0.002432));
#2758=CARTESIAN_POINT('',(0.0498877261807919,-0.000135,0.002432));
#2759=CARTESIAN_POINT('',(0.0498877261807919,-0.000135,0.001532));
#2760=CARTESIAN_POINT('',(0.0498877261807919,-0.001035,0.001532));
#2761=CARTESIAN_POINT('',(0.0498877261807919,0.000135,0.001532));
#2762=CARTESIAN_POINT('',(0.0498877261807919,0.001035,0.001532));
#2763=CARTESIAN_POINT('',(0.0498877261807919,-0.001035,0.003048));
#2764=CARTESIAN_POINT('',(0.0498877261807919,-0.001035,0.001516));
#2765=CARTESIAN_POINT('',(0.0498877261807919,0.001035,0.002032));
#2766=CARTESIAN_POINT('',(0.0498877261807919,0.001035,0.001516));
#2767=CARTESIAN_POINT('',(0.0498877261807919,-0.000135,0.001516));
#2768=CARTESIAN_POINT('',(0.0498877261807919,-0.000135,0.000616));
#2769=CARTESIAN_POINT('',(0.0498877261807919,0.000135,0.001516));
#2770=CARTESIAN_POINT('',(0.0498877261807919,0.000134999999999999,0.000616));
#2771=CARTESIAN_POINT('',(0.0498877261807919,0.0010795,0.000616));
#2772=CARTESIAN_POINT('',(0.0705777261807919,0.036687,0.002048));
#2773=CARTESIAN_POINT('',(0.0705777261807919,0.036687,0.002548));
#2774=CARTESIAN_POINT('',(0.0705777261807919,0.036187,0.002048));
#2775=CARTESIAN_POINT('',(0.0705777261807919,0.036187,0.003048));
#2776=CARTESIAN_POINT('',(0.0705777261807919,0.036187,0.001));
#2777=CARTESIAN_POINT('',(0.0705777261807919,0.0381,0.002548));
#2778=CARTESIAN_POINT('',(0.0705777261807919,0.039513,0.002548));
#2779=CARTESIAN_POINT('',(0.0705777261807919,0.036687,0.001));
#2780=CARTESIAN_POINT('',(0.0705777261807919,0.036687,0.0005));
#2781=CARTESIAN_POINT('',(0.0705777261807919,0.039513,0.002048));
#2782=CARTESIAN_POINT('',(0.0705777261807919,0.040013,0.002048));
#2783=CARTESIAN_POINT('',(0.0705777261807919,0.0194945,0.0005));
#2784=CARTESIAN_POINT('',(0.0705777261807919,0.039513,0.0005));
#2785=CARTESIAN_POINT('',(0.0705777261807919,0.040013,0.003048));
#2786=CARTESIAN_POINT('',(0.0705777261807919,0.040013,0.001));
#2787=CARTESIAN_POINT('',(0.0705777261807919,0.039513,0.001));
#2788=CARTESIAN_POINT('',(0.0705777261807919,0.036965,0.002032));
#2789=CARTESIAN_POINT('',(0.0705777261807919,0.036965,0.001516));
#2790=CARTESIAN_POINT('',(0.0705777261807919,0.036965,0.001532));
#2791=CARTESIAN_POINT('',(0.0705777261807919,0.037965,0.001532));
#2792=CARTESIAN_POINT('',(0.0705777261807919,0.037965,0.002532));
#2793=CARTESIAN_POINT('',(0.0705777261807919,0.037965,0.001516));
#2794=CARTESIAN_POINT('',(0.0705777261807919,0.037965,0.000516));
#2795=CARTESIAN_POINT('',(0.0705777261807919,0.01905,0.002532));
#2796=CARTESIAN_POINT('',(0.0705777261807919,0.038235,0.002532));
#2797=CARTESIAN_POINT('',(0.0705777261807919,0.0381,0.000516));
#2798=CARTESIAN_POINT('',(0.0705777261807919,0.038235,0.000516));
#2799=CARTESIAN_POINT('',(0.0705777261807919,0.038235,0.001532));
#2800=CARTESIAN_POINT('',(0.0705777261807919,0.039235,0.001532));
#2801=CARTESIAN_POINT('',(0.0705777261807919,0.038235,0.001516));
#2802=CARTESIAN_POINT('',(0.0705777261807919,0.039235,0.001516));
#2803=CARTESIAN_POINT('',(0.0705777261807919,0.039235,0.003048));
#2804=CARTESIAN_POINT('',(0.0694146081805229,0.0381,0.002548));
#2805=CARTESIAN_POINT('',(0.0694146081805229,0.0381,0.002548));
#2806=CARTESIAN_POINT('',(0.0701646081805229,0.0381,0.002548));
#2807=CARTESIAN_POINT('',(0.0602327261807918,0.0194945,0.002548));
#2808=MECHANICAL_DESIGN_GEOMETRIC_PRESENTATION_REPRESENTATION('',(#1551),
#2809);
#2809=(
GEOMETRIC_REPRESENTATION_CONTEXT(3)
GLOBAL_UNCERTAINTY_ASSIGNED_CONTEXT((#2810))
GLOBAL_UNIT_ASSIGNED_CONTEXT((#2813,#2812,#2811))
REPRESENTATION_CONTEXT('Winder','TOP_LEVEL_ASSEMBLY_PART')
);
#2810=UNCERTAINTY_MEASURE_WITH_UNIT(LENGTH_MEASURE(1.E-8),#2813,
'DISTANCE_ACCURACY_VALUE','Maximum Tolerance applied to model');
#2811=(
NAMED_UNIT(*)
SI_UNIT($,.STERADIAN.)
SOLID_ANGLE_UNIT()
);
#2812=(
NAMED_UNIT(*)
PLANE_ANGLE_UNIT()
SI_UNIT($,.RADIAN.)
);
#2813=(
LENGTH_UNIT()
NAMED_UNIT(*)
SI_UNIT($,.METRE.)
);
#2814=PRODUCT_DEFINITION_SHAPE('','',#2815);
#2815=PRODUCT_DEFINITION('','',#2817,#2816);
#2816=PRODUCT_DEFINITION_CONTEXT('',#2823,'design');
#2817=PRODUCT_DEFINITION_FORMATION_WITH_SPECIFIED_SOURCE('','',#2819,
 .NOT_KNOWN.);
#2818=PRODUCT_RELATED_PRODUCT_CATEGORY('','',(#2819));
#2819=PRODUCT('Winder','Winder','Winder',(#2821));
#2820=PRODUCT_CATEGORY('','');
#2821=PRODUCT_CONTEXT('',#2823,'mechanical');
#2822=APPLICATION_PROTOCOL_DEFINITION('international standard',
'ap242_managed_model_based_3d_engineering',2011,#2823);
#2823=APPLICATION_CONTEXT('managed model based 3d engineering');
ENDSEC;
END-ISO-10303-21;
